cond,kind,alpha,bt_version,ckpt,budget,train_seed,opponent,seed,side,score,win,draw,loss,outcome,duration,damage_dealt,damage_taken,wez_time,surv_time,viol_deck,viol_over_g,viol_sep,mean_es
BT-v1,bt,0.0,1,,-1,-1,BT-v2,10000,0,0.5,0,1,0,timeout,120.19999999999531,0.0,0.0,0.0,120.19999999999531,0.0,0.0,0.0,9690.645663235902
BT-v1,bt,0.0,1,,-1,-1,BT-v2,10000,1,0.5,0,1,0,timeout,120.19999999999531,21.25,0.0,0.8500000000000002,120.19999999999531,0.0,0.0,0.0,
BT-v1,bt,0.0,1,,-1,-1,BT-v2,10001,0,0.0,0,0,1,crash,107.79999999999602,0.0,0.0,0.0,107.79999999999602,0.03671003717472119,0.0,0.0,9405.932138534803
BT-v1,bt,0.0,1,,-1,-1,BT-v2,10001,1,0.5,0,1,0,timeout,120.19999999999531,0.0,0.0,0.0,120.19999999999531,0.0,0.0,0.0,
BT-v1,bt,0.0,1,,-1,-1,BT-v2,10002,0,0.5,0,1,0,timeout,120.19999999999531,0.0,28.75,0.0,120.19999999999531,0.0,0.0,0.0,11170.061031978938
BT-v1,bt,0.0,1,,-1,-1,BT-v2,10002,1,0.5,0,1,0,timeout,120.19999999999531,0.0,95.0,0.0,120.19999999999531,0.0,0.0,0.0,
BT-v1,bt,0.0,1,,-1,-1,BT-v2,10003,0,0.5,0,1,0,timeout,120.19999999999531,0.0,38.75,0.0,120.19999999999531,0.0,0.0,0.0,12553.106108283822
BT-v1,bt,0.0,1,,-1,-1,BT-v2,10003,1,0.5,0,1,0,timeout,120.19999999999531,0.0,0.0,0.0,120.19999999999531,0.0,0.0,0.0,
BT-v1,bt,0.0,1,,-1,-1,BT-v2,10004,0,0.0,0,0,1,gun_kill,13.950000000000063,0.0,100.0,0.0,13.950000000000063,0.0,0.0,0.0,6468.57022165141
BT-v1,bt,0.0,1,,-1,-1,BT-v2,10004,1,0.0,0,0,1,gun_kill,21.35000000000017,0.0,100.0,0.0,21.35000000000017,0.0,0.0,0.0,
BT-v1,bt,0.0,1,,-1,-1,BT-v2,10005,0,0.5,0,1,0,timeout,120.19999999999531,0.0,8.75,0.0,120.19999999999531,0.0,0.0,0.0,12225.352674776967
BT-v1,bt,0.0,1,,-1,-1,BT-v2,10005,1,0.5,0,1,0,timeout,120.19999999999531,0.0,23.75,0.0,120.19999999999531,0.0,0.0,0.004991680532445923,
BT-v1,bt,0.0,1,,-1,-1,BT-v2,10006,0,0.0,0,0,1,gun_kill,13.05000000000005,0.0,100.0,0.0,13.05000000000005,0.0,0.0,0.0,7128.632541266703
BT-v1,bt,0.0,1,,-1,-1,BT-v2,10006,1,0.5,0,1,0,timeout,120.19999999999531,0.0,0.0,0.0,120.19999999999531,0.0,0.0,0.0,
BT-v1,bt,0.0,1,,-1,-1,BT-v2,10007,0,0.5,0,1,0,timeout,120.19999999999531,0.0,0.0,0.0,120.19999999999531,0.0,0.0,0.0,10655.357803487894
BT-v1,bt,0.0,1,,-1,-1,BT-v2,10007,1,0.5,0,1,0,timeout,120.19999999999531,0.0,0.0,0.0,120.19999999999531,0.0,0.0,0.0,
BT-v1,bt,0.0,1,,-1,-1,BT-v2,10008,0,0.5,0,1,0,timeout,120.19999999999531,0.0,12.5,0.0,120.19999999999531,0.0,0.0,0.004991680532445923,9800.746854268697
BT-v1,bt,0.0,1,,-1,-1,BT-v2,10008,1,0.5,0,1,0,timeout,120.19999999999531,0.0,0.0,0.0,120.19999999999531,0.0,0.0,0.0,
BT-v1,bt,0.0,1,,-1,-1,BT-v2,10009,0,0.5,0,1,0,timeout,120.19999999999531,0.0,32.5,0.0,120.19999999999531,0.0,0.0,0.0,11421.554422892594
BT-v1,bt,0.0,1,,-1,-1,BT-v2,10009,1,0.0,0,0,1,gun_kill,28.150000000000265,0.0,100.0,0.0,28.150000000000265,0.0,0.0,0.0,
BT-v1,bt,0.0,1,,-1,-1,BT-v2,10010,0,0.5,0,1,0,timeout,120.19999999999531,0.0,0.0,0.0,120.19999999999531,0.0,0.0,0.0,10035.793336156834
BT-v1,bt,0.0,1,,-1,-1,BT-v2,10010,1,0.5,0,1,0,timeout,120.19999999999531,0.0,48.75,0.0,120.19999999999531,0.0,0.0,0.0,
BT-v1,bt,0.0,1,,-1,-1,BT-v2,10011,0,0.0,0,0,1,gun_kill,25.550000000000228,0.0,100.0,0.0,25.550000000000228,0.0,0.0,0.0,7575.751666238023
BT-v1,bt,0.0,1,,-1,-1,BT-v2,10011,1,0.5,0,1,0,timeout,120.19999999999531,0.0,0.0,0.0,120.19999999999531,0.0,0.0,0.0,
BT-v1,bt,0.0,1,,-1,-1,BT-v2,10012,0,0.5,0,1,0,timeout,120.19999999999531,0.0,0.0,0.0,120.19999999999531,0.0,0.0,0.0,11346.244654577591
BT-v1,bt,0.0,1,,-1,-1,BT-v2,10012,1,0.5,0,1,0,timeout,120.19999999999531,0.0,0.0,0.0,120.19999999999531,0.0,0.0,0.0,
BT-v1,bt,0.0,1,,-1,-1,BT-v2,10013,0,0.5,0,1,0,timeout,120.19999999999531,0.0,0.0,0.0,120.19999999999531,0.0,0.0,0.0,11599.455372864084
BT-v1,bt,0.0,1,,-1,-1,BT-v2,10013,1,0.5,0,1,0,timeout,120.19999999999531,0.0,0.0,0.0,120.19999999999531,0.0,0.0,0.0,
BT-v1,bt,0.0,1,,-1,-1,BT-v2,10014,0,0.5,0,1,0,timeout,120.19999999999531,0.0,58.75,0.0,120.19999999999531,0.0,0.0,0.0,10800.069561684686
BT-v1,bt,0.0,1,,-1,-1,BT-v2,10014,1,0.0,0,0,1,gun_kill,17.85000000000012,0.0,100.0,0.0,17.85000000000012,0.0,0.0,0.0,
BT-v1,bt,0.0,1,,-1,-1,BT-v2,10015,0,0.5,0,1,0,timeout,120.19999999999531,0.0,22.5,0.0,120.19999999999531,0.0,0.0,0.0,8816.467625862653
BT-v1,bt,0.0,1,,-1,-1,BT-v2,10015,1,0.0,0,0,1,gun_kill,26.30000000000024,0.0,100.0,0.0,26.30000000000024,0.0,0.0,0.0,
BT-v1,bt,0.0,1,,-1,-1,BT-v2,10016,0,0.0,0,0,1,gun_kill,22.650000000000187,0.0,100.0,0.0,22.650000000000187,0.0,0.0,0.024336283185840708,6483.117967744854
BT-v1,bt,0.0,1,,-1,-1,BT-v2,10016,1,0.5,0,1,0,collision,4.399999999999992,7.5,3.75,0.3,4.399999999999992,0.0,0.0,0.07142857142857142,
BT-v1,bt,0.0,1,,-1,-1,BT-v2,10017,0,0.0,0,0,1,crash,109.64999999999591,0.0,38.75,0.0,109.64999999999591,0.03604014598540146,0.0,0.0,9381.524200573405
BT-v1,bt,0.0,1,,-1,-1,BT-v2,10017,1,0.5,0,1,0,timeout,120.19999999999531,0.0,0.0,0.0,120.19999999999531,0.0,0.0,0.0,
BT-v1,bt,0.0,1,,-1,-1,BT-v2,10018,0,0.0,0,0,1,gun_kill,17.25000000000011,0.0,100.0,0.0,17.25000000000011,0.0,0.0,0.0,6499.938799678836
BT-v1,bt,0.0,1,,-1,-1,BT-v2,10018,1,0.5,0,1,0,timeout,120.19999999999531,0.0,0.0,0.0,120.19999999999531,0.0,0.0,0.0,
BT-v1,bt,0.0,1,,-1,-1,BT-v2,10019,0,0.5,0,1,0,timeout,120.19999999999531,0.0,58.75,0.0,120.19999999999531,0.0,0.0,0.0,10510.74519753271
BT-v1,bt,0.0,1,,-1,-1,BT-v2,10019,1,0.5,0,1,0,timeout,120.19999999999531,0.0,47.5,0.0,120.19999999999531,0.0,0.0,0.0,
BT-v1,bt,0.0,1,,-1,-1,BT-v2,10020,0,0.5,0,1,0,collision,4.099999999999993,0.0,0.0,0.0,4.099999999999993,0.0,0.0,0.075,7337.72755427457
BT-v1,bt,0.0,1,,-1,-1,BT-v2,10020,1,0.5,0,1,0,timeout,120.19999999999531,11.25,28.75,0.44999999999999996,120.19999999999531,0.0,0.0,0.0,
BT-v1,bt,0.0,1,,-1,-1,BT-v2,10021,0,0.5,0,1,0,timeout,120.19999999999531,0.0,11.25,0.0,120.19999999999531,0.0,0.0,0.0,11355.082119049062
BT-v1,bt,0.0,1,,-1,-1,BT-v2,10021,1,0.5,0,1,0,timeout,120.19999999999531,0.0,0.0,0.0,120.19999999999531,0.0,0.0,0.0,
BT-v1,bt,0.0,1,,-1,-1,BT-v2,10022,0,0.5,0,1,0,timeout,120.19999999999531,0.0,27.5,0.0,120.19999999999531,0.0,0.0,0.0,11138.29343568048
BT-v1,bt,0.0,1,,-1,-1,BT-v2,10022,1,0.5,0,1,0,timeout,120.19999999999531,0.0,0.0,0.0,120.19999999999531,0.0,0.0,0.0,
BT-v1,bt,0.0,1,,-1,-1,BT-v2,10023,0,0.5,0,1,0,timeout,120.19999999999531,0.0,0.0,0.0,120.19999999999531,0.0,0.0,0.0,11896.135890963084
BT-v1,bt,0.0,1,,-1,-1,BT-v2,10023,1,0.5,0,1,0,timeout,120.19999999999531,0.0,0.0,0.0,120.19999999999531,0.0,0.0,0.0,
BT-v1,bt,0.0,1,,-1,-1,BT-v2,10024,0,0.5,0,1,0,timeout,120.19999999999531,0.0,76.25,0.0,120.19999999999531,0.0,0.0,0.004159733777038269,9983.978923484383
BT-v1,bt,0.0,1,,-1,-1,BT-v2,10024,1,0.5,0,1,0,timeout,120.19999999999531,0.0,0.0,0.0,120.19999999999531,0.0,0.0,0.0,
BT-v1,bt,0.0,1,,-1,-1,BT-v2,10025,0,0.5,0,1,0,timeout,120.19999999999531,0.0,32.5,0.0,120.19999999999531,0.0,0.0,0.0,12063.89362666182
BT-v1,bt,0.0,1,,-1,-1,BT-v2,10025,1,0.5,0,1,0,timeout,120.19999999999531,0.0,23.75,0.0,120.19999999999531,0.0,0.0,0.0,
BT-v1,bt,0.0,1,,-1,-1,BT-v2,10026,0,0.5,0,1,0,timeout,120.19999999999531,0.0,0.0,0.0,120.19999999999531,0.0,0.0,0.0,11756.80154138205
BT-v1,bt,0.0,1,,-1,-1,BT-v2,10026,1,0.5,0,1,0,timeout,120.19999999999531,0.0,5.0,0.0,120.19999999999531,0.008735440931780365,0.0,0.0,
BT-v1,bt,0.0,1,,-1,-1,BT-v2,10027,0,0.5,0,1,0,timeout,120.19999999999531,0.0,0.0,0.0,120.19999999999531,0.0,0.0,0.0,11146.69576984343
BT-v1,bt,0.0,1,,-1,-1,BT-v2,10027,1,0.5,0,1,0,timeout,120.19999999999531,0.0,0.0,0.0,120.19999999999531,0.0,0.0,0.0,
BT-v1,bt,0.0,1,,-1,-1,BT-v2,10028,0,0.0,0,0,1,gun_kill,16.050000000000093,0.0,100.0,0.0,16.050000000000093,0.0,0.0,0.0,7020.835826566494
BT-v1,bt,0.0,1,,-1,-1,BT-v2,10028,1,0.5,0,1,0,timeout,120.19999999999531,0.0,0.0,0.0,120.19999999999531,0.0,0.0,0.0,
BT-v1,bt,0.0,1,,-1,-1,BT-v2,10029,0,0.0,0,0,1,gun_kill,21.100000000000165,0.0,100.0,0.0,21.100000000000165,0.0,0.0,0.0,7552.861705372767
BT-v1,bt,0.0,1,,-1,-1,BT-v2,10029,1,0.5,0,1,0,timeout,120.19999999999531,0.0,0.0,0.0,120.19999999999531,0.0,0.0,0.0,
BT-v1,bt,0.0,1,,-1,-1,BT-v2,10030,0,0.5,0,1,0,timeout,120.19999999999531,0.0,0.0,0.0,120.19999999999531,0.0,0.0,0.0,11920.620784662742
BT-v1,bt,0.0,1,,-1,-1,BT-v2,10030,1,0.5,0,1,0,timeout,120.19999999999531,0.0,0.0,0.0,120.19999999999531,0.0,0.0,0.0,
BT-v1,bt,0.0,1,,-1,-1,BT-v2,10031,0,0.5,0,1,0,timeout,120.19999999999531,0.0,0.0,0.0,120.19999999999531,0.0,0.0,0.0,12084.850094940533
BT-v1,bt,0.0,1,,-1,-1,BT-v2,10031,1,0.5,0,1,0,timeout,120.19999999999531,0.0,0.0,0.0,120.19999999999531,0.0,0.0,0.0,
BT-v1,bt,0.0,1,,-1,-1,BT-v2,10032,0,0.5,0,1,0,timeout,120.19999999999531,0.0,0.0,0.0,120.19999999999531,0.0,0.0,0.0,10757.932317845298
BT-v1,bt,0.0,1,,-1,-1,BT-v2,10032,1,0.5,0,1,0,timeout,120.19999999999531,0.0,0.0,0.0,120.19999999999531,0.0,0.0,0.0,
BT-v1,bt,0.0,1,,-1,-1,BT-v2,10033,0,0.0,0,0,1,gun_kill,19.900000000000148,0.0,100.0,0.0,19.900000000000148,0.0,0.0,0.025252525252525252,7563.703749489287
BT-v1,bt,0.0,1,,-1,-1,BT-v2,10033,1,0.5,0,1,0,timeout,120.19999999999531,0.0,55.0,0.0,120.19999999999531,0.0,0.0,0.005823627287853577,
BT-v1,bt,0.0,1,,-1,-1,BT-v2,10034,0,0.5,0,1,0,timeout,120.19999999999531,0.0,0.0,0.0,120.19999999999531,0.0,0.0,0.0,11369.598997926165
BT-v1,bt,0.0,1,,-1,-1,BT-v2,10034,1,0.0,0,0,1,gun_kill,34.900000000000155,0.0,100.0,0.0,34.900000000000155,0.0,0.0,0.0,
BT-v1,bt,0.0,1,,-1,-1,BT-v2,10035,0,0.0,0,0,1,gun_kill,13.05000000000005,0.0,100.0,0.0,13.05000000000005,0.0,0.0,0.0,6810.635971809089
BT-v1,bt,0.0,1,,-1,-1,BT-v2,10035,1,0.5,0,1,0,timeout,120.19999999999531,0.0,0.0,0.0,120.19999999999531,0.0,0.0,0.0037437603993344427,
BT-v1,bt,0.0,1,,-1,-1,BT-v2,10036,0,0.5,0,1,0,timeout,120.19999999999531,0.0,22.5,0.0,120.19999999999531,0.0,0.0,0.0,10648.675295071
BT-v1,bt,0.0,1,,-1,-1,BT-v2,10036,1,0.5,0,1,0,timeout,120.19999999999531,0.0,43.75,0.0,120.19999999999531,0.0,0.0,0.0,
BT-v1,bt,0.0,1,,-1,-1,BT-v2,10037,0,0.0,0,0,1,gun_kill,19.050000000000136,0.0,100.0,0.0,19.050000000000136,0.0,0.0,0.0,7254.469695487
BT-v1,bt,0.0,1,,-1,-1,BT-v2,10037,1,0.5,0,1,0,timeout,120.19999999999531,0.0,0.0,0.0,120.19999999999531,0.0,0.0,0.0,
BT-v1,bt,0.0,1,,-1,-1,BT-v2,10038,0,0.5,0,1,0,timeout,120.19999999999531,0.0,0.0,0.0,120.19999999999531,0.0,0.0,0.0,10185.604920479107
BT-v1,bt,0.0,1,,-1,-1,BT-v2,10038,1,0.5,0,1,0,timeout,120.19999999999531,0.0,65.0,0.0,120.19999999999531,0.0,0.0,0.0,
BT-v1,bt,0.0,1,,-1,-1,BT-v2,10039,0,0.5,0,1,0,timeout,120.19999999999531,0.0,0.0,0.0,120.19999999999531,0.0,0.0,0.0,10631.462028329433
BT-v1,bt,0.0,1,,-1,-1,BT-v2,10039,1,0.5,0,1,0,timeout,120.19999999999531,0.0,0.0,0.0,120.19999999999531,0.0,0.0,0.0,
BT-v1,bt,0.0,1,,-1,-1,BT-v2,10040,0,0.0,0,0,1,gun_kill,18.250000000000124,0.0,100.0,0.0,18.250000000000124,0.0,0.0,0.0,7250.016438642765
BT-v1,bt,0.0,1,,-1,-1,BT-v2,10040,1,0.5,0,1,0,timeout,120.19999999999531,0.0,13.75,0.0,120.19999999999531,0.0,0.0,0.0,
BT-v1,bt,0.0,1,,-1,-1,BT-v2,10041,0,0.0,0,0,1,gun_kill,21.45000000000017,0.0,100.0,0.0,21.45000000000017,0.0,0.0,0.018691588785046728,6144.453638079125
BT-v1,bt,0.0,1,,-1,-1,BT-v2,10041,1,0.5,0,1,0,collision,7.149999999999983,0.0,0.0,0.0,7.149999999999983,0.0,0.0,0.05714285714285714,
BT-v1,bt,0.0,1,,-1,-1,BT-v2,10042,0,0.0,0,0,1,gun_kill,20.900000000000162,0.0,100.0,0.0,20.900000000000162,0.0,0.0,0.02403846153846154,7970.67820824027
BT-v1,bt,0.0,1,,-1,-1,BT-v2,10042,1,0.5,0,1,0,timeout,120.19999999999531,20.0,0.0,0.8000000000000002,120.19999999999531,0.0,0.0,0.0,
BT-v1,bt,0.0,1,,-1,-1,BT-v2,10043,0,0.5,0,1,0,timeout,120.19999999999531,0.0,12.5,0.0,120.19999999999531,0.0,0.0,0.0,10548.140507936661
BT-v1,bt,0.0,1,,-1,-1,BT-v2,10043,1,0.5,0,1,0,timeout,120.19999999999531,0.0,0.0,0.0,120.19999999999531,0.0,0.0,0.0,
BT-v1,bt,0.0,1,,-1,-1,BT-v2,10044,0,0.5,0,1,0,timeout,120.19999999999531,0.0,3.75,0.0,120.19999999999531,0.0,0.0,0.0,9504.703364983729
BT-v1,bt,0.0,1,,-1,-1,BT-v2,10044,1,0.5,0,1,0,timeout,120.19999999999531,0.0,11.25,0.0,120.19999999999531,0.0,0.0,0.0,
BT-v1,bt,0.0,1,,-1,-1,BT-v2,10045,0,0.5,0,1,0,timeout,120.19999999999531,0.0,0.0,0.0,120.19999999999531,0.0,0.0,0.0,10852.978364589326
BT-v1,bt,0.0,1,,-1,-1,BT-v2,10045,1,0.5,0,1,0,timeout,120.19999999999531,0.0,97.5,0.0,120.19999999999531,0.0,0.0,0.0,
BT-v1,bt,0.0,1,,-1,-1,BT-v2,10046,0,0.5,0,1,0,timeout,120.19999999999531,0.0,0.0,0.0,120.19999999999531,0.0,0.0,0.0,12028.382932622375
BT-v1,bt,0.0,1,,-1,-1,BT-v2,10046,1,0.5,0,1,0,timeout,120.19999999999531,0.0,0.0,0.0,120.19999999999531,0.0,0.0,0.0,
BT-v1,bt,0.0,1,,-1,-1,BT-v2,10047,0,0.0,0,0,1,crash,114.94999999999561,0.0,0.0,0.0,114.94999999999561,0.07491289198606271,0.0,0.0,8842.889376946896
BT-v1,bt,0.0,1,,-1,-1,BT-v2,10047,1,0.5,0,1,0,collision,8.199999999999982,0.0,0.0,0.0,8.199999999999982,0.0,0.0,0.0625,
BT-v1,bt,0.0,1,,-1,-1,BT-v2,10048,0,0.0,0,0,1,crash,109.24999999999594,0.0,57.5,0.0,109.24999999999594,0.038461538461538464,0.0,0.0,8680.195877768661
BT-v1,bt,0.0,1,,-1,-1,BT-v2,10048,1,0.5,0,1,0,timeout,120.19999999999531,0.0,0.0,0.0,120.19999999999531,0.0,0.0,0.0,
BT-v1,bt,0.0,1,,-1,-1,BT-v2,10049,0,0.5,0,1,0,timeout,120.19999999999531,0.0,23.75,0.0,120.19999999999531,0.0,0.0,0.0,12109.950239770993
BT-v1,bt,0.0,1,,-1,-1,BT-v2,10049,1,0.5,0,1,0,timeout,120.19999999999531,0.0,0.0,0.0,120.19999999999531,0.0,0.0,0.0,
BT-v1,bt,0.0,1,,-1,-1,BT-v2,10050,0,0.5,0,1,0,timeout,120.19999999999531,0.0,0.0,0.0,120.19999999999531,0.0,0.0,0.0,11178.485163030733
BT-v1,bt,0.0,1,,-1,-1,BT-v2,10050,1,0.5,0,1,0,timeout,120.19999999999531,0.0,0.0,0.0,120.19999999999531,0.0,0.0,0.0,
BT-v1,bt,0.0,1,,-1,-1,BT-v2,10051,0,0.5,0,1,0,timeout,120.19999999999531,0.0,5.0,0.0,120.19999999999531,0.0,0.0,0.0,11642.178364880945
BT-v1,bt,0.0,1,,-1,-1,BT-v2,10051,1,0.5,0,1,0,timeout,120.19999999999531,0.0,0.0,0.0,120.19999999999531,0.0,0.0,0.0,
BT-v1,bt,0.0,1,,-1,-1,BT-v2,10052,0,0.5,0,1,0,timeout,120.19999999999531,0.0,0.0,0.0,120.19999999999531,0.0,0.0,0.0,9604.674657237178
BT-v1,bt,0.0,1,,-1,-1,BT-v2,10052,1,0.0,0,0,1,gun_kill,27.400000000000254,0.0,100.0,0.0,27.400000000000254,0.0,0.0,0.014705882352941176,
BT-v1,bt,0.0,1,,-1,-1,BT-v2,10053,0,0.5,0,1,0,timeout,120.19999999999531,0.0,0.0,0.0,120.19999999999531,0.0,0.0,0.0,10919.87963337554
BT-v1,bt,0.0,1,,-1,-1,BT-v2,10053,1,0.5,0,1,0,timeout,120.19999999999531,0.0,23.75,0.0,120.19999999999531,0.0,0.0,0.0,
BT-v1,bt,0.0,1,,-1,-1,BT-v2,10054,0,0.5,0,1,0,timeout,120.19999999999531,0.0,16.25,0.0,120.19999999999531,0.0,0.0,0.0,10013.33558159274
BT-v1,bt,0.0,1,,-1,-1,BT-v2,10054,1,0.5,0,1,0,timeout,120.19999999999531,0.0,0.0,0.0,120.19999999999531,0.0,0.0,0.0,
BT-v1,bt,0.0,1,,-1,-1,BT-v2,10055,0,0.0,0,0,1,gun_kill,42.299999999999734,0.0,100.0,0.0,42.299999999999734,0.0,0.0,0.0,6746.553782373859
BT-v1,bt,0.0,1,,-1,-1,BT-v2,10055,1,0.5,0,1,0,timeout,120.19999999999531,0.0,22.5,0.0,120.19999999999531,0.0,0.0,0.0,
BT-v1,bt,0.0,1,,-1,-1,BT-v2,10056,0,0.5,0,1,0,timeout,120.19999999999531,0.0,5.0,0.0,120.19999999999531,0.0,0.0,0.0,10277.745317138628
BT-v1,bt,0.0,1,,-1,-1,BT-v2,10056,1,0.5,0,1,0,timeout,120.19999999999531,0.0,45.0,0.0,120.19999999999531,0.0,0.0,0.0,
BT-v1,bt,0.0,1,,-1,-1,BT-v2,10057,0,0.5,0,1,0,timeout,120.19999999999531,0.0,0.0,0.0,120.19999999999531,0.0,0.0,0.0,8660.643404529186
BT-v1,bt,0.0,1,,-1,-1,BT-v2,10057,1,0.5,0,1,0,timeout,120.19999999999531,0.0,0.0,0.0,120.19999999999531,0.0,0.0,0.0,
BT-v1,bt,0.0,1,,-1,-1,BT-v2,10058,0,0.5,0,1,0,timeout,120.19999999999531,0.0,0.0,0.0,120.19999999999531,0.0,0.0,0.0,11248.604899375916
BT-v1,bt,0.0,1,,-1,-1,BT-v2,10058,1,0.5,0,1,0,timeout,120.19999999999531,0.0,0.0,0.0,120.19999999999531,0.0,0.0,0.0,
BT-v1,bt,0.0,1,,-1,-1,BT-v2,10059,0,0.5,0,1,0,timeout,120.19999999999531,0.0,0.0,0.0,120.19999999999531,0.0,0.0,0.0,10916.864634026711
BT-v1,bt,0.0,1,,-1,-1,BT-v2,10059,1,0.5,0,1,0,timeout,120.19999999999531,0.0,0.0,0.0,120.19999999999531,0.0,0.0,0.0,
BT-v1,bt,0.0,1,,-1,-1,BT-v2,10060,0,0.5,0,1,0,timeout,120.19999999999531,0.0,0.0,0.0,120.19999999999531,0.0,0.0,0.0,10383.926212002414
BT-v1,bt,0.0,1,,-1,-1,BT-v2,10060,1,0.5,0,1,0,timeout,120.19999999999531,0.0,0.0,0.0,120.19999999999531,0.0,0.0,0.0,
BT-v1,bt,0.0,1,,-1,-1,BT-v2,10061,0,0.5,0,1,0,timeout,120.19999999999531,0.0,35.0,0.0,120.19999999999531,0.0,0.0,0.0,11637.953233118536
BT-v1,bt,0.0,1,,-1,-1,BT-v2,10061,1,0.5,0,1,0,timeout,120.19999999999531,0.0,81.25,0.0,120.19999999999531,0.0,0.0,0.0,
BT-v1,bt,0.0,1,,-1,-1,BT-v2,10062,0,0.5,0,1,0,timeout,120.19999999999531,0.0,0.0,0.0,120.19999999999531,0.0,0.0,0.0,10861.052029615625
BT-v1,bt,0.0,1,,-1,-1,BT-v2,10062,1,0.5,0,1,0,timeout,120.19999999999531,0.0,32.5,0.0,120.19999999999531,0.0,0.0,0.0,
BT-v1,bt,0.0,1,,-1,-1,BT-v2,10063,0,0.0,0,0,1,gun_kill,20.80000000000016,0.0,100.0,0.0,20.80000000000016,0.0,0.0,0.03398058252427184,6309.256062552578
BT-v1,bt,0.0,1,,-1,-1,BT-v2,10063,1,0.5,0,1,0,timeout,120.19999999999531,0.0,0.0,0.0,120.19999999999531,0.0,0.0,0.0,
BT-v1,bt,0.0,1,,-1,-1,BT-v2,10064,0,0.5,0,1,0,timeout,120.19999999999531,0.0,18.75,0.0,120.19999999999531,0.0,0.0,0.0,9886.395128157717
BT-v1,bt,0.0,1,,-1,-1,BT-v2,10064,1,0.5,0,1,0,timeout,120.19999999999531,0.0,0.0,0.0,120.19999999999531,0.0,0.0,0.0,
BT-v1,bt,0.0,1,,-1,-1,BT-v2,10065,0,0.5,0,1,0,timeout,120.19999999999531,0.0,0.0,0.0,120.19999999999531,0.0,0.0,0.0,10970.551729710827
BT-v1,bt,0.0,1,,-1,-1,BT-v2,10065,1,0.0,0,0,1,gun_kill,28.050000000000264,0.0,100.0,0.0,28.050000000000264,0.0,0.0,0.0,
BT-v1,bt,0.0,1,,-1,-1,BT-v2,10066,0,0.5,0,1,0,timeout,120.19999999999531,0.0,0.0,0.0,120.19999999999531,0.0,0.0,0.0,11811.059533398957
BT-v1,bt,0.0,1,,-1,-1,BT-v2,10066,1,0.5,0,1,0,timeout,120.19999999999531,0.0,0.0,0.0,120.19999999999531,0.0,0.0,0.0,
BT-v1,bt,0.0,1,,-1,-1,BT-v2,10067,0,0.0,0,0,1,crash,103.69999999999625,0.0,0.0,0.0,103.69999999999625,0.05019305019305019,0.0,0.0,9598.863208767716
BT-v1,bt,0.0,1,,-1,-1,BT-v2,10067,1,0.0,0,0,1,gun_kill,21.650000000000173,0.0,100.0,0.0,21.650000000000173,0.0,0.0,0.0,
BT-v1,bt,0.0,1,,-1,-1,BT-v2,10068,0,0.5,0,1,0,timeout,120.19999999999531,0.0,0.0,0.0,120.19999999999531,0.0,0.0,0.0,11541.439287035377
BT-v1,bt,0.0,1,,-1,-1,BT-v2,10068,1,0.5,0,1,0,timeout,120.19999999999531,0.0,0.0,0.0,120.19999999999531,0.0,0.0,0.0,
BT-v1,bt,0.0,1,,-1,-1,BT-v2,10069,0,0.5,0,1,0,timeout,120.19999999999531,0.0,12.5,0.0,120.19999999999531,0.0,0.0,0.0,9245.281320919368
BT-v1,bt,0.0,1,,-1,-1,BT-v2,10069,1,0.0,0,0,1,gun_kill,32.450000000000294,0.0,100.0,0.0,32.450000000000294,0.0,0.0,0.0,
BT-v1,bt,0.0,1,,-1,-1,BT-v2,10070,0,0.5,0,1,0,timeout,120.19999999999531,0.0,0.0,0.0,120.19999999999531,0.0,0.0,0.0,10198.494916528573
BT-v1,bt,0.0,1,,-1,-1,BT-v2,10070,1,0.5,0,1,0,timeout,120.19999999999531,0.0,30.0,0.0,120.19999999999531,0.0,0.0,0.0,
BT-v1,bt,0.0,1,,-1,-1,BT-v2,10071,0,0.5,0,1,0,timeout,120.19999999999531,0.0,53.75,0.0,120.19999999999531,0.0,0.0,0.0,10644.67586569475
BT-v1,bt,0.0,1,,-1,-1,BT-v2,10071,1,0.5,0,1,0,timeout,120.19999999999531,0.0,51.25,0.0,120.19999999999531,0.0,0.0,0.0,
BT-v1,bt,0.0,1,,-1,-1,BT-v2,10072,0,0.0,0,0,1,gun_kill,19.050000000000136,0.0,100.0,0.0,19.050000000000136,0.0,0.0,0.0,6806.919096058934
BT-v1,bt,0.0,1,,-1,-1,BT-v2,10072,1,0.5,0,1,0,timeout,120.19999999999531,0.0,0.0,0.0,120.19999999999531,0.0,0.0,0.0,
BT-v1,bt,0.0,1,,-1,-1,BT-v2,10073,0,0.5,0,1,0,timeout,120.19999999999531,0.0,47.5,0.0,120.19999999999531,0.0,0.0,0.0,11364.883688303207
BT-v1,bt,0.0,1,,-1,-1,BT-v2,10073,1,0.5,0,1,0,timeout,120.19999999999531,0.0,0.0,0.0,120.19999999999531,0.0,0.0,0.0,
BT-v1,bt,0.0,1,,-1,-1,BT-v2,10074,0,0.5,0,1,0,timeout,120.19999999999531,0.0,90.0,0.0,120.19999999999531,0.0,0.0,0.0,12323.03080295515
BT-v1,bt,0.0,1,,-1,-1,BT-v2,10074,1,0.5,0,1,0,timeout,120.19999999999531,0.0,8.75,0.0,120.19999999999531,0.0,0.0,0.004575707154742097,
BT-v1,bt,0.0,1,,-1,-1,BT-v2,10075,0,0.5,0,1,0,timeout,120.19999999999531,0.0,0.0,0.0,120.19999999999531,0.0,0.0,0.0,10143.83778630021
BT-v1,bt,0.0,1,,-1,-1,BT-v2,10075,1,0.5,0,1,0,timeout,120.19999999999531,0.0,98.75,0.0,120.19999999999531,0.0,0.0,0.0,
BT-v1,bt,0.0,1,,-1,-1,BT-v2,10076,0,0.5,0,1,0,timeout,120.19999999999531,0.0,3.75,0.0,120.19999999999531,0.0,0.0,0.0,9641.638544449923
BT-v1,bt,0.0,1,,-1,-1,BT-v2,10076,1,0.5,0,1,0,timeout,120.19999999999531,0.0,0.0,0.0,120.19999999999531,0.0,0.0,0.0,
BT-v1,bt,0.0,1,,-1,-1,BT-v2,10077,0,0.5,0,1,0,timeout,120.19999999999531,0.0,0.0,0.0,120.19999999999531,0.0,0.0,0.0,10610.547275674833
BT-v1,bt,0.0,1,,-1,-1,BT-v2,10077,1,0.5,0,1,0,timeout,120.19999999999531,0.0,0.0,0.0,120.19999999999531,0.0,0.0,0.0,
BT-v1,bt,0.0,1,,-1,-1,BT-v2,10078,0,0.5,0,1,0,timeout,120.19999999999531,0.0,0.0,0.0,120.19999999999531,0.0,0.0,0.0,12011.723175779594
BT-v1,bt,0.0,1,,-1,-1,BT-v2,10078,1,0.5,0,1,0,timeout,120.19999999999531,0.0,0.0,0.0,120.19999999999531,0.0,0.0,0.0,
BT-v1,bt,0.0,1,,-1,-1,BT-v2,10079,0,0.5,0,1,0,timeout,120.19999999999531,0.0,0.0,0.0,120.19999999999531,0.0,0.0,0.0,10666.65433762784
BT-v1,bt,0.0,1,,-1,-1,BT-v2,10079,1,0.0,0,0,1,gun_kill,26.700000000000244,0.0,100.0,0.0,26.700000000000244,0.0,0.0,0.0,
BT-v1,bt,0.0,1,,-1,-1,BT-v2,10080,0,0.0,0,0,1,gun_kill,20.300000000000153,0.0,100.0,0.0,20.300000000000153,0.0,0.0,0.0,6774.968285988168
BT-v1,bt,0.0,1,,-1,-1,BT-v2,10080,1,0.5,0,1,0,timeout,120.19999999999531,0.0,21.25,0.0,120.19999999999531,0.0,0.0,0.0,
BT-v1,bt,0.0,1,,-1,-1,BT-v2,10081,0,0.5,0,1,0,timeout,120.19999999999531,0.0,0.0,0.0,120.19999999999531,0.0,0.0,0.0,10852.895212324373
BT-v1,bt,0.0,1,,-1,-1,BT-v2,10081,1,0.5,0,1,0,timeout,120.19999999999531,0.0,0.0,0.0,120.19999999999531,0.0,0.0,0.0,
BT-v1,bt,0.0,1,,-1,-1,BT-v2,10082,0,0.5,0,1,0,timeout,120.19999999999531,0.0,58.75,0.0,120.19999999999531,0.0,0.0,0.0,11108.814653677862
BT-v1,bt,0.0,1,,-1,-1,BT-v2,10082,1,0.0,0,0,1,gun_kill,20.250000000000153,0.0,100.0,0.0,20.250000000000153,0.0,0.0,0.0,
BT-v1,bt,0.0,1,,-1,-1,BT-v2,10083,0,0.5,0,1,0,timeout,120.19999999999531,0.0,1.25,0.0,120.19999999999531,0.0,0.0,0.0,11541.098837304644
BT-v1,bt,0.0,1,,-1,-1,BT-v2,10083,1,0.5,0,1,0,timeout,120.19999999999531,0.0,6.25,0.0,120.19999999999531,0.0,0.0,0.0,
BT-v1,bt,0.0,1,,-1,-1,BT-v2,10084,0,0.0,0,0,1,gun_kill,21.650000000000173,0.0,100.0,0.0,21.650000000000173,0.0,0.0,0.0,7151.31848985252
BT-v1,bt,0.0,1,,-1,-1,BT-v2,10084,1,0.0,0,0,1,gun_kill,19.900000000000148,0.0,100.0,0.0,19.900000000000148,0.0,0.0,0.0,
BT-v1,bt,0.0,1,,-1,-1,BT-v2,10085,0,0.0,0,0,1,crash,105.29999999999616,0.0,0.0,0.0,105.29999999999616,0.05655893536121673,0.0,0.0,9527.256174506927
BT-v1,bt,0.0,1,,-1,-1,BT-v2,10085,1,0.0,0,0,1,gun_kill,21.900000000000176,0.0,100.0,0.0,21.900000000000176,0.0,0.0,0.0,
BT-v1,bt,0.0,1,,-1,-1,BT-v2,10086,0,0.0,0,0,1,gun_kill,19.150000000000137,0.0,100.0,0.0,19.150000000000137,0.0,0.0,0.0,6878.4004323184
BT-v1,bt,0.0,1,,-1,-1,BT-v2,10086,1,0.5,0,1,0,timeout,120.19999999999531,0.0,0.0,0.0,120.19999999999531,0.005823627287853577,0.0,0.0,
BT-v1,bt,0.0,1,,-1,-1,BT-v2,10087,0,0.5,0,1,0,timeout,120.19999999999531,0.0,0.0,0.0,120.19999999999531,0.0,0.0,0.0,9909.55554853914
BT-v1,bt,0.0,1,,-1,-1,BT-v2,10087,1,0.5,0,1,0,timeout,120.19999999999531,0.0,0.0,0.0,120.19999999999531,0.0,0.0,0.0,
BT-v1,bt,0.0,1,,-1,-1,BT-v2,10088,0,0.5,0,1,0,timeout,120.19999999999531,0.0,56.25,0.0,120.19999999999531,0.0,0.0,0.0,10379.175927106238
BT-v1,bt,0.0,1,,-1,-1,BT-v2,10088,1,0.5,0,1,0,timeout,120.19999999999531,0.0,0.0,0.0,120.19999999999531,0.0,0.0,0.0,
BT-v1,bt,0.0,1,,-1,-1,BT-v2,10089,0,0.0,0,0,1,gun_kill,27.85000000000026,0.0,100.0,0.0,27.85000000000026,0.0,0.0,0.0,7635.474105358064
BT-v1,bt,0.0,1,,-1,-1,BT-v2,10089,1,0.0,0,0,1,gun_kill,73.19999999999798,0.0,100.0,0.0,73.19999999999798,0.0,0.0,0.0,
BT-v1,bt,0.0,1,,-1,-1,BT-v2,10090,0,0.0,0,0,1,gun_kill,16.400000000000098,0.0,100.0,0.0,16.400000000000098,0.0,0.0,0.0,5751.075832953924
BT-v1,bt,0.0,1,,-1,-1,BT-v2,10090,1,0.5,0,1,0,timeout,120.19999999999531,0.0,48.75,0.0,120.19999999999531,0.0,0.0,0.0,
BT-v1,bt,0.0,1,,-1,-1,BT-v2,10091,0,0.5,0,1,0,timeout,120.19999999999531,0.0,0.0,0.0,120.19999999999531,0.0,0.0,0.0,9801.957843407348
BT-v1,bt,0.0,1,,-1,-1,BT-v2,10091,1,0.5,0,1,0,timeout,120.19999999999531,0.0,0.0,0.0,120.19999999999531,0.0,0.0,0.0,
BT-v1,bt,0.0,1,,-1,-1,BT-v2,10092,0,0.5,0,1,0,timeout,120.19999999999531,7.5,56.25,0.3,120.19999999999531,0.0,0.0,0.0,9281.776413434829
BT-v1,bt,0.0,1,,-1,-1,BT-v2,10092,1,0.5,0,1,0,collision,4.199999999999993,0.0,0.0,0.0,4.199999999999993,0.0,0.0,0.075,
BT-v1,bt,0.0,1,,-1,-1,BT-v2,10093,0,0.5,0,1,0,timeout,120.19999999999531,0.0,51.25,0.0,120.19999999999531,0.0,0.0,0.0,10595.208950457543
BT-v1,bt,0.0,1,,-1,-1,BT-v2,10093,1,0.0,0,0,1,gun_kill,13.100000000000051,0.0,100.0,0.0,13.100000000000051,0.0,0.0,0.0,
BT-v1,bt,0.0,1,,-1,-1,BT-v2,10094,0,0.5,0,1,0,timeout,120.19999999999531,0.0,0.0,0.0,120.19999999999531,0.0,0.0,0.0,11556.136048996868
BT-v1,bt,0.0,1,,-1,-1,BT-v2,10094,1,0.5,0,1,0,timeout,120.19999999999531,0.0,0.0,0.0,120.19999999999531,0.0,0.0,0.0,
BT-v1,bt,0.0,1,,-1,-1,BT-v2,10095,0,0.5,0,1,0,timeout,120.19999999999531,0.0,0.0,0.0,120.19999999999531,0.0,0.0,0.0,10603.689856961502
BT-v1,bt,0.0,1,,-1,-1,BT-v2,10095,1,0.5,0,1,0,timeout,120.19999999999531,0.0,60.0,0.0,120.19999999999531,0.0,0.0,0.0,
BT-v1,bt,0.0,1,,-1,-1,BT-v2,10096,0,0.5,0,1,0,timeout,120.19999999999531,0.0,6.25,0.0,120.19999999999531,0.0,0.0,0.0,11341.014103455429
BT-v1,bt,0.0,1,,-1,-1,BT-v2,10096,1,0.5,0,1,0,timeout,120.19999999999531,0.0,0.0,0.0,120.19999999999531,0.0,0.0,0.0,
BT-v1,bt,0.0,1,,-1,-1,BT-v2,10097,0,0.5,0,1,0,timeout,120.19999999999531,0.0,0.0,0.0,120.19999999999531,0.0,0.0,0.0,10678.395008499574
BT-v1,bt,0.0,1,,-1,-1,BT-v2,10097,1,0.5,0,1,0,timeout,120.19999999999531,0.0,0.0,0.0,120.19999999999531,0.0,0.0,0.0,
BT-v1,bt,0.0,1,,-1,-1,BT-v2,10098,0,0.5,0,1,0,timeout,120.19999999999531,0.0,0.0,0.0,120.19999999999531,0.0,0.0,0.0,10624.231875980642
BT-v1,bt,0.0,1,,-1,-1,BT-v2,10098,1,0.5,0,1,0,timeout,120.19999999999531,0.0,0.0,0.0,120.19999999999531,0.0,0.0,0.0,
BT-v1,bt,0.0,1,,-1,-1,BT-v2,10099,0,0.5,0,1,0,timeout,120.19999999999531,0.0,88.75,0.0,120.19999999999531,0.0,0.0,0.0,8076.310872589157
BT-v1,bt,0.0,1,,-1,-1,BT-v2,10099,1,0.0,0,0,1,crash,98.99999999999652,0.0,6.25,0.0,98.99999999999652,0.06376518218623482,0.0,0.0,
BT-v1,bt,0.0,1,,-1,-1,BT-v3,10000,0,0.5,0,1,0,timeout,120.19999999999531,0.0,0.0,0.0,120.19999999999531,0.0,0.0,0.0,9690.645663235902
BT-v1,bt,0.0,1,,-1,-1,BT-v3,10000,1,0.5,0,1,0,timeout,120.19999999999531,18.75,0.0,0.7500000000000001,120.19999999999531,0.0,0.0,0.0,
BT-v1,bt,0.0,1,,-1,-1,BT-v3,10001,0,0.0,0,0,1,crash,107.999999999996,0.0,0.0,0.0,107.999999999996,0.036641929499072357,0.0,0.0,9410.86075493949
BT-v1,bt,0.0,1,,-1,-1,BT-v3,10001,1,0.5,0,1,0,timeout,120.19999999999531,0.0,25.0,0.0,120.19999999999531,0.0,0.0,0.0,
BT-v1,bt,0.0,1,,-1,-1,BT-v3,10002,0,0.5,0,1,0,timeout,120.19999999999531,0.0,18.75,0.0,120.19999999999531,0.0,0.0,0.0,11170.061031978938
BT-v1,bt,0.0,1,,-1,-1,BT-v3,10002,1,0.5,0,1,0,timeout,120.19999999999531,0.0,20.0,0.0,120.19999999999531,0.0,0.0,0.0,
BT-v1,bt,0.0,1,,-1,-1,BT-v3,10003,0,0.5,0,1,0,timeout,120.19999999999531,0.0,11.25,0.0,120.19999999999531,0.0,0.0,0.0,12553.106108283822
BT-v1,bt,0.0,1,,-1,-1,BT-v3,10003,1,0.5,0,1,0,timeout,120.19999999999531,0.0,0.0,0.0,120.19999999999531,0.0,0.0,0.0,
BT-v1,bt,0.0,1,,-1,-1,BT-v3,10004,0,0.0,0,0,1,crash,109.24999999999594,0.0,71.25,0.0,109.24999999999594,0.03708791208791209,0.0,0.0,9130.08442573209
BT-v1,bt,0.0,1,,-1,-1,BT-v3,10004,1,0.0,0,0,1,gun_kill,22.05000000000018,0.0,100.0,0.0,22.05000000000018,0.0,0.0,0.0,
BT-v1,bt,0.0,1,,-1,-1,BT-v3,10005,0,0.5,0,1,0,timeout,120.19999999999531,0.0,3.75,0.0,120.19999999999531,0.0,0.0,0.0,11805.532753976422
BT-v1,bt,0.0,1,,-1,-1,BT-v3,10005,1,0.5,0,1,0,collision,5.14999999999999,0.0,0.0,0.0,5.14999999999999,0.0,0.0,0.06,
BT-v1,bt,0.0,1,,-1,-1,BT-v3,10006,0,0.0,0,0,1,gun_kill,9.349999999999998,0.0,100.0,0.0,9.349999999999998,0.0,0.0,0.0,7018.853149483572
BT-v1,bt,0.0,1,,-1,-1,BT-v3,10006,1,0.5,0,1,0,timeout,120.19999999999531,0.0,0.0,0.0,120.19999999999531,0.0,0.0,0.0,
BT-v1,bt,0.0,1,,-1,-1,BT-v3,10007,0,0.5,0,1,0,timeout,120.19999999999531,0.0,0.0,0.0,120.19999999999531,0.0,0.0,0.0,10655.357803487894
BT-v1,bt,0.0,1,,-1,-1,BT-v3,10007,1,0.5,0,1,0,timeout,120.19999999999531,0.0,0.0,0.0,120.19999999999531,0.0,0.0,0.0,
BT-v1,bt,0.0,1,,-1,-1,BT-v3,10008,0,0.5,0,1,0,timeout,120.19999999999531,0.0,0.0,0.0,120.19999999999531,0.0,0.0,0.0,9869.440715370023
BT-v1,bt,0.0,1,,-1,-1,BT-v3,10008,1,0.5,0,1,0,timeout,120.19999999999531,0.0,26.25,0.0,120.19999999999531,0.0,0.0,0.0,
BT-v1,bt,0.0,1,,-1,-1,BT-v3,10009,0,0.5,0,1,0,timeout,120.19999999999531,0.0,0.0,0.0,120.19999999999531,0.0,0.0,0.0,11421.554422892594
BT-v1,bt,0.0,1,,-1,-1,BT-v3,10009,1,0.0,0,0,1,gun_kill,26.40000000000024,0.0,100.0,0.0,26.40000000000024,0.0,0.0,0.0,
BT-v1,bt,0.0,1,,-1,-1,BT-v3,10010,0,0.5,0,1,0,timeout,120.19999999999531,0.0,0.0,0.0,120.19999999999531,0.0,0.0,0.0,10264.691880487311
BT-v1,bt,0.0,1,,-1,-1,BT-v3,10010,1,0.5,0,1,0,timeout,120.19999999999531,0.0,66.25,0.0,120.19999999999531,0.0,0.0,0.0,
BT-v1,bt,0.0,1,,-1,-1,BT-v3,10011,0,0.0,0,0,1,gun_kill,19.550000000000143,0.0,100.0,0.0,19.550000000000143,0.0,0.0,0.0,7402.864301352214
BT-v1,bt,0.0,1,,-1,-1,BT-v3,10011,1,0.5,0,1,0,timeout,120.19999999999531,0.0,16.25,0.0,120.19999999999531,0.0,0.0,0.0,
BT-v1,bt,0.0,1,,-1,-1,BT-v3,10012,0,0.5,0,1,0,timeout,120.19999999999531,0.0,7.5,0.0,120.19999999999531,0.0,0.0,0.0,11346.244654577591
BT-v1,bt,0.0,1,,-1,-1,BT-v3,10012,1,0.5,0,1,0,timeout,120.19999999999531,0.0,0.0,0.0,120.19999999999531,0.0,0.0,0.0,
BT-v1,bt,0.0,1,,-1,-1,BT-v3,10013,0,0.5,0,1,0,timeout,120.19999999999531,0.0,0.0,0.0,120.19999999999531,0.0,0.0,0.0,11599.455372864084
BT-v1,bt,0.0,1,,-1,-1,BT-v3,10013,1,0.5,0,1,0,timeout,120.19999999999531,0.0,0.0,0.0,120.19999999999531,0.0,0.0,0.0,
BT-v1,bt,0.0,1,,-1,-1,BT-v3,10014,0,0.5,0,1,0,timeout,120.19999999999531,0.0,22.5,0.0,120.19999999999531,0.0,0.0,0.0,10800.069561684686
BT-v1,bt,0.0,1,,-1,-1,BT-v3,10014,1,0.0,0,0,1,gun_kill,25.350000000000225,0.0,100.0,0.0,25.350000000000225,0.0,0.0,0.0,
BT-v1,bt,0.0,1,,-1,-1,BT-v3,10015,0,0.5,0,1,0,timeout,120.19999999999531,0.0,0.0,0.0,120.19999999999531,0.0,0.0,0.0,8821.525170712568
BT-v1,bt,0.0,1,,-1,-1,BT-v3,10015,1,0.5,0,1,0,timeout,120.19999999999531,0.0,22.5,0.0,120.19999999999531,0.0,0.0,0.0,
BT-v1,bt,0.0,1,,-1,-1,BT-v3,10016,0,0.0,0,0,1,gun_kill,27.550000000000257,0.0,100.0,0.0,27.550000000000257,0.0,0.0,0.02737226277372263,6621.181220148016
BT-v1,bt,0.0,1,,-1,-1,BT-v3,10016,1,0.0,0,0,1,gun_kill,76.69999999999779,7.5,100.0,0.3,76.69999999999779,0.0,0.0,0.0,
BT-v1,bt,0.0,1,,-1,-1,BT-v3,10017,0,0.0,0,0,1,crash,109.8999999999959,0.0,0.0,0.0,109.8999999999959,0.03597449908925319,0.0,0.0,9386.481982130108
BT-v1,bt,0.0,1,,-1,-1,BT-v3,10017,1,0.5,0,1,0,timeout,120.19999999999531,0.0,0.0,0.0,120.19999999999531,0.0,0.0,0.0,
BT-v1,bt,0.0,1,,-1,-1,BT-v3,10018,0,0.0,0,0,1,gun_kill,15.500000000000085,0.0,100.0,0.0,15.500000000000085,0.0,0.0,0.0,6432.467036314962
BT-v1,bt,0.0,1,,-1,-1,BT-v3,10018,1,0.0,0,0,1,gun_kill,46.09999999999952,0.0,100.0,0.0,46.09999999999952,0.0,0.0,0.0,
BT-v1,bt,0.0,1,,-1,-1,BT-v3,10019,0,0.5,0,1,0,timeout,120.19999999999531,0.0,52.5,0.0,120.19999999999531,0.0,0.0,0.0,10510.74519753271
BT-v1,bt,0.0,1,,-1,-1,BT-v3,10019,1,0.5,0,1,0,timeout,120.19999999999531,0.0,38.75,0.0,120.19999999999531,0.0,0.0,0.0,
BT-v1,bt,0.0,1,,-1,-1,BT-v3,10020,0,0.5,0,1,0,collision,4.099999999999993,0.0,0.0,0.0,4.099999999999993,0.0,0.0,0.0875,7337.72755427457
BT-v1,bt,0.0,1,,-1,-1,BT-v3,10020,1,0.5,0,1,0,timeout,120.19999999999531,7.5,33.75,0.3,120.19999999999531,0.0,0.0,0.0,
BT-v1,bt,0.0,1,,-1,-1,BT-v3,10021,0,0.5,0,1,0,timeout,120.19999999999531,0.0,3.75,0.0,120.19999999999531,0.0,0.0,0.0,11349.477645551697
BT-v1,bt,0.0,1,,-1,-1,BT-v3,10021,1,0.5,0,1,0,timeout,120.19999999999531,0.0,0.0,0.0,120.19999999999531,0.0,0.0,0.0,
BT-v1,bt,0.0,1,,-1,-1,BT-v3,10022,0,0.5,0,1,0,timeout,120.19999999999531,0.0,16.25,0.0,120.19999999999531,0.0,0.0,0.0,11126.024382407353
BT-v1,bt,0.0,1,,-1,-1,BT-v3,10022,1,0.5,0,1,0,timeout,120.19999999999531,0.0,0.0,0.0,120.19999999999531,0.0,0.0,0.0,
BT-v1,bt,0.0,1,,-1,-1,BT-v3,10023,0,0.5,0,1,0,timeout,120.19999999999531,0.0,0.0,0.0,120.19999999999531,0.0,0.0,0.0,11896.135890963084
BT-v1,bt,0.0,1,,-1,-1,BT-v3,10023,1,0.5,0,1,0,timeout,120.19999999999531,0.0,0.0,0.0,120.19999999999531,0.0,0.0,0.0,
BT-v1,bt,0.0,1,,-1,-1,BT-v3,10024,0,0.5,0,1,0,timeout,120.19999999999531,0.0,0.0,0.0,120.19999999999531,0.0,0.0,0.0,10624.846497019182
BT-v1,bt,0.0,1,,-1,-1,BT-v3,10024,1,0.5,0,1,0,timeout,120.19999999999531,0.0,0.0,0.0,120.19999999999531,0.0,0.0,0.0,
BT-v1,bt,0.0,1,,-1,-1,BT-v3,10025,0,0.5,0,1,0,timeout,120.19999999999531,0.0,26.25,0.0,120.19999999999531,0.0,0.0,0.0,12063.89362666182
BT-v1,bt,0.0,1,,-1,-1,BT-v3,10025,1,0.5,0,1,0,timeout,120.19999999999531,0.0,0.0,0.0,120.19999999999531,0.0,0.0,0.0,
BT-v1,bt,0.0,1,,-1,-1,BT-v3,10026,0,0.5,0,1,0,timeout,120.19999999999531,0.0,0.0,0.0,120.19999999999531,0.0,0.0,0.0,11452.67239672485
BT-v1,bt,0.0,1,,-1,-1,BT-v3,10026,1,0.5,0,1,0,timeout,120.19999999999531,0.0,23.75,0.0,120.19999999999531,0.0,0.0,0.0,
BT-v1,bt,0.0,1,,-1,-1,BT-v3,10027,0,0.5,0,1,0,timeout,120.19999999999531,0.0,0.0,0.0,120.19999999999531,0.0,0.0,0.0,11146.69576984343
BT-v1,bt,0.0,1,,-1,-1,BT-v3,10027,1,0.5,0,1,0,timeout,120.19999999999531,0.0,0.0,0.0,120.19999999999531,0.0,0.0,0.0,
BT-v1,bt,0.0,1,,-1,-1,BT-v3,10028,0,0.0,0,0,1,gun_kill,19.45000000000014,0.0,100.0,0.0,19.45000000000014,0.0,0.0,0.0,7115.630635384729
BT-v1,bt,0.0,1,,-1,-1,BT-v3,10028,1,0.5,0,1,0,timeout,120.19999999999531,0.0,0.0,0.0,120.19999999999531,0.0,0.0,0.0,
BT-v1,bt,0.0,1,,-1,-1,BT-v3,10029,0,0.0,0,0,1,gun_kill,22.90000000000019,0.0,100.0,0.0,22.90000000000019,0.0,0.0,0.0,7601.994026340933
BT-v1,bt,0.0,1,,-1,-1,BT-v3,10029,1,0.5,0,1,0,timeout,120.19999999999531,0.0,0.0,0.0,120.19999999999531,0.0,0.0,0.0,
BT-v1,bt,0.0,1,,-1,-1,BT-v3,10030,0,0.5,0,1,0,timeout,120.19999999999531,0.0,0.0,0.0,120.19999999999531,0.0,0.0,0.0,11920.620784662742
BT-v1,bt,0.0,1,,-1,-1,BT-v3,10030,1,0.5,0,1,0,timeout,120.19999999999531,0.0,0.0,0.0,120.19999999999531,0.0,0.0,0.0,
BT-v1,bt,0.0,1,,-1,-1,BT-v3,10031,0,0.5,0,1,0,timeout,120.19999999999531,0.0,0.0,0.0,120.19999999999531,0.0,0.0,0.0,12084.850094940533
BT-v1,bt,0.0,1,,-1,-1,BT-v3,10031,1,0.5,0,1,0,timeout,120.19999999999531,0.0,0.0,0.0,120.19999999999531,0.0,0.0,0.0,
BT-v1,bt,0.0,1,,-1,-1,BT-v3,10032,0,0.5,0,1,0,timeout,120.19999999999531,0.0,0.0,0.0,120.19999999999531,0.0,0.0,0.0,10757.932317845298
BT-v1,bt,0.0,1,,-1,-1,BT-v3,10032,1,0.5,0,1,0,timeout,120.19999999999531,0.0,0.0,0.0,120.19999999999531,0.0,0.0,0.0,
BT-v1,bt,0.0,1,,-1,-1,BT-v3,10033,0,0.5,0,1,0,timeout,120.19999999999531,0.0,22.5,0.0,120.19999999999531,0.0,0.0,0.0,9718.013223868002
BT-v1,bt,0.0,1,,-1,-1,BT-v3,10033,1,0.5,0,1,0,timeout,120.19999999999531,0.0,43.75,0.0,120.19999999999531,0.0,0.0,0.0,
BT-v1,bt,0.0,1,,-1,-1,BT-v3,10034,0,0.5,0,1,0,timeout,120.19999999999531,0.0,0.0,0.0,120.19999999999531,0.0,0.0,0.0,11369.598997926165
BT-v1,bt,0.0,1,,-1,-1,BT-v3,10034,1,0.0,0,0,1,gun_kill,34.30000000000019,0.0,100.0,0.0,34.30000000000019,0.0,0.0,0.0,
BT-v1,bt,0.0,1,,-1,-1,BT-v3,10035,0,0.0,0,0,1,gun_kill,9.45,0.0,100.0,0.0,9.45,0.0,0.0,0.0,6685.399009664033
BT-v1,bt,0.0,1,,-1,-1,BT-v3,10035,1,0.5,0,1,0,timeout,120.19999999999531,0.0,0.0,0.0,120.19999999999531,0.0,0.0,0.0,
BT-v1,bt,0.0,1,,-1,-1,BT-v3,10036,0,0.5,0,1,0,timeout,120.19999999999531,0.0,42.5,0.0,120.19999999999531,0.0,0.0,0.0,10648.675295071
BT-v1,bt,0.0,1,,-1,-1,BT-v3,10036,1,0.5,0,1,0,timeout,120.19999999999531,0.0,0.0,0.0,120.19999999999531,0.0,0.0,0.0,
BT-v1,bt,0.0,1,,-1,-1,BT-v3,10037,0,0.5,0,1,0,timeout,120.19999999999531,0.0,0.0,0.0,120.19999999999531,0.0,0.0,0.0,11756.121345801843
BT-v1,bt,0.0,1,,-1,-1,BT-v3,10037,1,0.5,0,1,0,timeout,120.19999999999531,0.0,0.0,0.0,120.19999999999531,0.0,0.0,0.0,
BT-v1,bt,0.0,1,,-1,-1,BT-v3,10038,0,0.5,0,1,0,timeout,120.19999999999531,0.0,0.0,0.0,120.19999999999531,0.0,0.0,0.0,10179.185180955636
BT-v1,bt,0.0,1,,-1,-1,BT-v3,10038,1,0.5,0,1,0,timeout,120.19999999999531,0.0,31.25,0.0,120.19999999999531,0.0,0.0,0.0,
BT-v1,bt,0.0,1,,-1,-1,BT-v3,10039,0,0.5,0,1,0,timeout,120.19999999999531,0.0,0.0,0.0,120.19999999999531,0.0,0.0,0.0,10631.462028329433
BT-v1,bt,0.0,1,,-1,-1,BT-v3,10039,1,0.5,0,1,0,timeout,120.19999999999531,0.0,0.0,0.0,120.19999999999531,0.0,0.0,0.0,
BT-v1,bt,0.0,1,,-1,-1,BT-v3,10040,0,0.0,0,0,1,gun_kill,16.950000000000106,0.0,100.0,0.0,16.950000000000106,0.0,0.0,0.0,7212.569517683327
BT-v1,bt,0.0,1,,-1,-1,BT-v3,10040,1,0.5,0,1,0,timeout,120.19999999999531,0.0,18.75,0.0,120.19999999999531,0.0,0.0,0.0,
BT-v1,bt,0.0,1,,-1,-1,BT-v3,10041,0,0.5,0,1,0,timeout,120.19999999999531,0.0,21.25,0.0,120.19999999999531,0.0,0.0,0.0,8818.680165541102
BT-v1,bt,0.0,1,,-1,-1,BT-v3,10041,1,0.5,0,1,0,timeout,120.19999999999531,0.0,72.5,0.0,120.19999999999531,0.0,0.0,0.0066555740432612314,
BT-v1,bt,0.0,1,,-1,-1,BT-v3,10042,0,0.5,0,1,0,collision,5.799999999999987,0.0,0.0,0.0,5.799999999999987,0.0,0.0,0.05357142857142857,7445.033295818095
BT-v1,bt,0.0,1,,-1,-1,BT-v3,10042,1,0.5,0,1,0,collision,5.649999999999988,0.0,0.0,0.0,5.649999999999988,0.0,0.0,0.044642857142857144,
BT-v1,bt,0.0,1,,-1,-1,BT-v3,10043,0,0.5,0,1,0,timeout,120.19999999999531,0.0,0.0,0.0,120.19999999999531,0.0,0.0,0.0,10548.140507936661
BT-v1,bt,0.0,1,,-1,-1,BT-v3,10043,1,0.5,0,1,0,timeout,120.19999999999531,0.0,25.0,0.0,120.19999999999531,0.0,0.0,0.0,
BT-v1,bt,0.0,1,,-1,-1,BT-v3,10044,0,0.5,0,1,0,timeout,120.19999999999531,0.0,0.0,0.0,120.19999999999531,0.0,0.0,0.0,9471.719096516044
BT-v1,bt,0.0,1,,-1,-1,BT-v3,10044,1,0.5,0,1,0,timeout,120.19999999999531,0.0,0.0,0.0,120.19999999999531,0.0,0.0,0.0,
BT-v1,bt,0.0,1,,-1,-1,BT-v3,10045,0,0.5,0,1,0,timeout,120.19999999999531,0.0,0.0,0.0,120.19999999999531,0.0,0.0,0.0,10723.971218108698
BT-v1,bt,0.0,1,,-1,-1,BT-v3,10045,1,0.0,0,0,1,gun_kill,15.15000000000008,0.0,100.0,0.0,15.15000000000008,0.0,0.0,0.0,
BT-v1,bt,0.0,1,,-1,-1,BT-v3,10046,0,0.5,0,1,0,timeout,120.19999999999531,0.0,0.0,0.0,120.19999999999531,0.0,0.0,0.0,12028.382932622375
BT-v1,bt,0.0,1,,-1,-1,BT-v3,10046,1,0.5,0,1,0,timeout,120.19999999999531,0.0,0.0,0.0,120.19999999999531,0.0,0.0,0.0,
BT-v1,bt,0.0,1,,-1,-1,BT-v3,10047,0,0.0,0,0,1,crash,102.29999999999633,0.0,5.0,0.0,102.29999999999633,0.06360078277886497,0.0,0.0,8359.334446415442
BT-v1,bt,0.0,1,,-1,-1,BT-v3,10047,1,0.5,0,1,0,timeout,120.19999999999531,0.0,36.25,0.0,120.19999999999531,0.0,0.0,0.0,
BT-v1,bt,0.0,1,,-1,-1,BT-v3,10048,0,0.0,0,0,1,crash,109.34999999999593,0.0,20.0,0.0,109.34999999999593,0.038461538461538464,0.0,0.0,8679.517222077542
BT-v1,bt,0.0,1,,-1,-1,BT-v3,10048,1,0.5,0,1,0,timeout,120.19999999999531,0.0,0.0,0.0,120.19999999999531,0.0,0.0,0.0,
BT-v1,bt,0.0,1,,-1,-1,BT-v3,10049,0,0.5,0,1,0,timeout,120.19999999999531,0.0,0.0,0.0,120.19999999999531,0.0,0.0,0.0,12109.950239770993
BT-v1,bt,0.0,1,,-1,-1,BT-v3,10049,1,0.0,0,0,1,gun_kill,21.050000000000164,0.0,100.0,0.0,21.050000000000164,0.0,0.0,0.0,
BT-v1,bt,0.0,1,,-1,-1,BT-v3,10050,0,0.5,0,1,0,timeout,120.19999999999531,0.0,0.0,0.0,120.19999999999531,0.0,0.0,0.0,11178.485163030733
BT-v1,bt,0.0,1,,-1,-1,BT-v3,10050,1,0.5,0,1,0,timeout,120.19999999999531,0.0,0.0,0.0,120.19999999999531,0.0,0.0,0.0,
BT-v1,bt,0.0,1,,-1,-1,BT-v3,10051,0,0.5,0,1,0,timeout,120.19999999999531,0.0,5.0,0.0,120.19999999999531,0.0,0.0,0.0,11642.178364880945
BT-v1,bt,0.0,1,,-1,-1,BT-v3,10051,1,0.5,0,1,0,timeout,120.19999999999531,0.0,55.0,0.0,120.19999999999531,0.0,0.0,0.004159733777038269,
BT-v1,bt,0.0,1,,-1,-1,BT-v3,10052,0,0.5,0,1,0,timeout,120.19999999999531,0.0,38.75,0.0,120.19999999999531,0.0,0.0,0.0,9569.4752940553
BT-v1,bt,0.0,1,,-1,-1,BT-v3,10052,1,0.0,0,0,1,gun_kill,22.000000000000178,5.0,100.0,0.2,22.000000000000178,0.0,0.0,0.03211009174311927,
BT-v1,bt,0.0,1,,-1,-1,BT-v3,10053,0,0.5,0,1,0,timeout,120.19999999999531,0.0,16.25,0.0,120.19999999999531,0.0,0.0,0.0,10919.87963337554
BT-v1,bt,0.0,1,,-1,-1,BT-v3,10053,1,0.5,0,1,0,timeout,120.19999999999531,0.0,46.25,0.0,120.19999999999531,0.0,0.0,0.0,
BT-v1,bt,0.0,1,,-1,-1,BT-v3,10054,0,0.5,0,1,0,timeout,120.19999999999531,0.0,66.25,0.0,120.19999999999531,0.0,0.0,0.0,9459.57044013847
BT-v1,bt,0.0,1,,-1,-1,BT-v3,10054,1,0.5,0,1,0,timeout,120.19999999999531,0.0,0.0,0.0,120.19999999999531,0.0,0.0,0.0,
BT-v1,bt,0.0,1,,-1,-1,BT-v3,10055,0,0.0,0,0,1,gun_kill,21.150000000000166,0.0,100.0,0.0,21.150000000000166,0.0,0.0,0.0,6070.190613246408
BT-v1,bt,0.0,1,,-1,-1,BT-v3,10055,1,0.5,0,1,0,timeout,120.19999999999531,0.0,62.5,0.0,120.19999999999531,0.0,0.0,0.0,
BT-v1,bt,0.0,1,,-1,-1,BT-v3,10056,0,0.5,0,1,0,timeout,120.19999999999531,0.0,8.75,0.0,120.19999999999531,0.0,0.0,0.0,10233.83249323161
BT-v1,bt,0.0,1,,-1,-1,BT-v3,10056,1,0.5,0,1,0,timeout,120.19999999999531,0.0,48.75,0.0,120.19999999999531,0.0,0.0,0.0,
BT-v1,bt,0.0,1,,-1,-1,BT-v3,10057,0,0.0,0,0,1,gun_kill,28.350000000000268,0.0,100.0,0.0,28.350000000000268,0.0,0.0,0.0070921985815602835,6538.014869977057
BT-v1,bt,0.0,1,,-1,-1,BT-v3,10057,1,0.5,0,1,0,timeout,120.19999999999531,0.0,13.75,0.0,120.19999999999531,0.0,0.0,0.0,
BT-v1,bt,0.0,1,,-1,-1,BT-v3,10058,0,0.5,0,1,0,timeout,120.19999999999531,0.0,0.0,0.0,120.19999999999531,0.0,0.0,0.0,11248.604899375916
BT-v1,bt,0.0,1,,-1,-1,BT-v3,10058,1,0.5,0,1,0,timeout,120.19999999999531,0.0,0.0,0.0,120.19999999999531,0.0,0.0,0.0,
BT-v1,bt,0.0,1,,-1,-1,BT-v3,10059,0,0.5,0,1,0,timeout,120.19999999999531,0.0,0.0,0.0,120.19999999999531,0.0,0.0,0.0,10916.864634026711
BT-v1,bt,0.0,1,,-1,-1,BT-v3,10059,1,0.5,0,1,0,timeout,120.19999999999531,0.0,0.0,0.0,120.19999999999531,0.0,0.0,0.0,
BT-v1,bt,0.0,1,,-1,-1,BT-v3,10060,0,0.5,0,1,0,timeout,120.19999999999531,0.0,0.0,0.0,120.19999999999531,0.0,0.0,0.0,10363.688925089418
BT-v1,bt,0.0,1,,-1,-1,BT-v3,10060,1,0.5,0,1,0,timeout,120.19999999999531,0.0,1.25,0.0,120.19999999999531,0.0,0.0,0.0,
BT-v1,bt,0.0,1,,-1,-1,BT-v3,10061,0,0.5,0,1,0,timeout,120.19999999999531,0.0,18.75,0.0,120.19999999999531,0.0,0.0,0.0,11637.953233118536
BT-v1,bt,0.0,1,,-1,-1,BT-v3,10061,1,0.0,0,0,1,gun_kill,19.750000000000146,0.0,100.0,0.0,19.750000000000146,0.0,0.0,0.0,
BT-v1,bt,0.0,1,,-1,-1,BT-v3,10062,0,0.5,0,1,0,timeout,120.19999999999531,0.0,10.0,0.0,120.19999999999531,0.0,0.0,0.0,10811.577277790228
BT-v1,bt,0.0,1,,-1,-1,BT-v3,10062,1,0.5,0,1,0,timeout,120.19999999999531,0.0,17.5,0.0,120.19999999999531,0.0,0.0,0.0,
BT-v1,bt,0.0,1,,-1,-1,BT-v3,10063,0,0.5,0,1,0,timeout,120.19999999999531,0.0,0.0,0.0,120.19999999999531,0.0,0.0,0.0,8887.369254535719
BT-v1,bt,0.0,1,,-1,-1,BT-v3,10063,1,0.5,0,1,0,timeout,120.19999999999531,0.0,0.0,0.0,120.19999999999531,0.0,0.0,0.0,
BT-v1,bt,0.0,1,,-1,-1,BT-v3,10064,0,0.5,0,1,0,timeout,120.19999999999531,0.0,0.0,0.0,120.19999999999531,0.0,0.0,0.0,9926.562382270748
BT-v1,bt,0.0,1,,-1,-1,BT-v3,10064,1,0.5,0,1,0,timeout,120.19999999999531,0.0,0.0,0.0,120.19999999999531,0.0,0.0,0.0,
BT-v1,bt,0.0,1,,-1,-1,BT-v3,10065,0,0.5,0,1,0,timeout,120.19999999999531,0.0,0.0,0.0,120.19999999999531,0.0,0.0,0.0,10970.551729710827
BT-v1,bt,0.0,1,,-1,-1,BT-v3,10065,1,0.5,0,1,0,timeout,120.19999999999531,0.0,81.25,0.0,120.19999999999531,0.0,0.0,0.0,
BT-v1,bt,0.0,1,,-1,-1,BT-v3,10066,0,0.5,0,1,0,timeout,120.19999999999531,0.0,0.0,0.0,120.19999999999531,0.0,0.0,0.0,11811.059533398957
BT-v1,bt,0.0,1,,-1,-1,BT-v3,10066,1,0.5,0,1,0,timeout,120.19999999999531,0.0,0.0,0.0,120.19999999999531,0.0,0.0,0.0,
BT-v1,bt,0.0,1,,-1,-1,BT-v3,10067,0,0.0,0,0,1,crash,119.74999999999534,0.0,0.0,0.0,119.74999999999534,0.06229096989966555,0.0,0.0,10144.275177913409
BT-v1,bt,0.0,1,,-1,-1,BT-v3,10067,1,0.0,0,0,1,gun_kill,18.70000000000013,0.0,100.0,0.0,18.70000000000013,0.0,0.0,0.0,
BT-v1,bt,0.0,1,,-1,-1,BT-v3,10068,0,0.5,0,1,0,timeout,120.19999999999531,0.0,0.0,0.0,120.19999999999531,0.0,0.0,0.0,11541.439287035377
BT-v1,bt,0.0,1,,-1,-1,BT-v3,10068,1,0.5,0,1,0,timeout,120.19999999999531,0.0,0.0,0.0,120.19999999999531,0.0,0.0,0.0,
BT-v1,bt,0.0,1,,-1,-1,BT-v3,10069,0,0.0,0,0,1,gun_kill,26.30000000000024,0.0,100.0,0.0,26.30000000000024,0.0,0.0,0.009541984732824428,6964.256053962553
BT-v1,bt,0.0,1,,-1,-1,BT-v3,10069,1,0.5,0,1,0,timeout,120.19999999999531,0.0,6.25,0.0,120.19999999999531,0.0,0.0,0.0,
BT-v1,bt,0.0,1,,-1,-1,BT-v3,10070,0,0.5,0,1,0,timeout,120.19999999999531,0.0,18.75,0.0,120.19999999999531,0.0,0.0,0.0,10187.745804977289
BT-v1,bt,0.0,1,,-1,-1,BT-v3,10070,1,0.0,0,0,1,gun_kill,25.250000000000224,0.0,100.0,0.0,25.250000000000224,0.0,0.0,0.0,
BT-v1,bt,0.0,1,,-1,-1,BT-v3,10071,0,0.5,0,1,0,timeout,120.19999999999531,0.0,50.0,0.0,120.19999999999531,0.0,0.0,0.0,10644.67586569475
BT-v1,bt,0.0,1,,-1,-1,BT-v3,10071,1,0.5,0,1,0,timeout,120.19999999999531,0.0,51.25,0.0,120.19999999999531,0.0,0.0,0.0,
BT-v1,bt,0.0,1,,-1,-1,BT-v3,10072,0,0.0,0,0,1,gun_kill,16.300000000000097,0.0,100.0,0.0,16.300000000000097,0.0,0.0,0.0,6726.483681228081
BT-v1,bt,0.0,1,,-1,-1,BT-v3,10072,1,0.5,0,1,0,timeout,120.19999999999531,0.0,0.0,0.0,120.19999999999531,0.0,0.0,0.0,
BT-v1,bt,0.0,1,,-1,-1,BT-v3,10073,0,0.5,0,1,0,timeout,120.19999999999531,0.0,18.75,0.0,120.19999999999531,0.0,0.0,0.0,11364.883688303207
BT-v1,bt,0.0,1,,-1,-1,BT-v3,10073,1,0.0,0,0,1,gun_kill,27.70000000000026,0.0,100.0,0.0,27.70000000000026,0.0,0.0,0.0,
BT-v1,bt,0.0,1,,-1,-1,BT-v3,10074,0,0.5,0,1,0,timeout,120.19999999999531,0.0,71.25,0.0,120.19999999999531,0.0,0.0,0.0,12323.03080295515
BT-v1,bt,0.0,1,,-1,-1,BT-v3,10074,1,0.5,0,1,0,timeout,120.19999999999531,0.0,0.0,0.0,120.19999999999531,0.0,0.0,0.0,
BT-v1,bt,0.0,1,,-1,-1,BT-v3,10075,0,0.5,0,1,0,timeout,120.19999999999531,0.0,11.25,0.0,120.19999999999531,0.0,0.0,0.0,10141.41339394543
BT-v1,bt,0.0,1,,-1,-1,BT-v3,10075,1,0.0,0,0,1,gun_kill,18.350000000000126,0.0,100.0,0.0,18.350000000000126,0.0,0.0,0.0,
BT-v1,bt,0.0,1,,-1,-1,BT-v3,10076,0,0.0,0,0,1,gun_kill,25.05000000000022,0.0,100.0,0.0,25.05000000000022,0.0,0.0,0.022,7485.804158595997
BT-v1,bt,0.0,1,,-1,-1,BT-v3,10076,1,0.5,0,1,0,timeout,120.19999999999531,0.0,13.75,0.0,120.19999999999531,0.0,0.0,0.0,
BT-v1,bt,0.0,1,,-1,-1,BT-v3,10077,0,0.5,0,1,0,timeout,120.19999999999531,0.0,0.0,0.0,120.19999999999531,0.0,0.0,0.0,10610.547275674833
BT-v1,bt,0.0,1,,-1,-1,BT-v3,10077,1,0.5,0,1,0,timeout,120.19999999999531,0.0,0.0,0.0,120.19999999999531,0.0,0.0,0.0,
BT-v1,bt,0.0,1,,-1,-1,BT-v3,10078,0,0.5,0,1,0,timeout,120.19999999999531,0.0,0.0,0.0,120.19999999999531,0.0,0.0,0.0,12011.723175779594
BT-v1,bt,0.0,1,,-1,-1,BT-v3,10078,1,0.5,0,1,0,timeout,120.19999999999531,0.0,0.0,0.0,120.19999999999531,0.0,0.0,0.0,
BT-v1,bt,0.0,1,,-1,-1,BT-v3,10079,0,0.5,0,1,0,timeout,120.19999999999531,0.0,0.0,0.0,120.19999999999531,0.0,0.0,0.0,10666.65433762784
BT-v1,bt,0.0,1,,-1,-1,BT-v3,10079,1,0.0,0,0,1,gun_kill,28.050000000000264,0.0,100.0,0.0,28.050000000000264,0.0,0.0,0.0,
BT-v1,bt,0.0,1,,-1,-1,BT-v3,10080,0,0.0,0,0,1,gun_kill,22.350000000000183,0.0,100.0,0.0,22.350000000000183,0.0,0.0,0.0,6853.1194718427905
BT-v1,bt,0.0,1,,-1,-1,BT-v3,10080,1,0.5,0,1,0,timeout,120.19999999999531,0.0,0.0,0.0,120.19999999999531,0.0,0.0,0.0,
BT-v1,bt,0.0,1,,-1,-1,BT-v3,10081,0,0.5,0,1,0,timeout,120.19999999999531,0.0,0.0,0.0,120.19999999999531,0.0,0.0,0.0,10852.895212324373
BT-v1,bt,0.0,1,,-1,-1,BT-v3,10081,1,0.5,0,1,0,timeout,120.19999999999531,0.0,7.5,0.0,120.19999999999531,0.0,0.0,0.0,
BT-v1,bt,0.0,1,,-1,-1,BT-v3,10082,0,0.5,0,1,0,timeout,120.19999999999531,0.0,61.25,0.0,120.19999999999531,0.0,0.0,0.0,11108.814653677862
BT-v1,bt,0.0,1,,-1,-1,BT-v3,10082,1,0.0,0,0,1,gun_kill,19.35000000000014,0.0,100.0,0.0,19.35000000000014,0.0,0.0,0.0,
BT-v1,bt,0.0,1,,-1,-1,BT-v3,10083,0,0.5,0,1,0,timeout,120.19999999999531,0.0,23.75,0.0,120.19999999999531,0.0,0.0,0.0,11529.01059170677
BT-v1,bt,0.0,1,,-1,-1,BT-v3,10083,1,0.5,0,1,0,collision,4.849999999999991,0.0,0.0,0.0,4.849999999999991,0.0,0.0,0.052083333333333336,
BT-v1,bt,0.0,1,,-1,-1,BT-v3,10084,0,0.0,0,0,1,gun_kill,22.20000000000018,0.0,100.0,0.0,22.20000000000018,0.0,0.0,0.0,7163.948383860244
BT-v1,bt,0.0,1,,-1,-1,BT-v3,10084,1,0.0,0,0,1,gun_kill,20.70000000000016,0.0,100.0,0.0,20.70000000000016,0.0,0.0,0.0,
BT-v1,bt,0.0,1,,-1,-1,BT-v3,10085,0,0.0,0,0,1,crash,114.94999999999561,0.0,0.0,0.0,114.94999999999561,0.06489547038327526,0.0,0.0,9861.629026683871
BT-v1,bt,0.0,1,,-1,-1,BT-v3,10085,1,0.0,0,0,1,gun_kill,26.850000000000247,0.0,100.0,0.0,26.850000000000247,0.0,0.0,0.0,
BT-v1,bt,0.0,1,,-1,-1,BT-v3,10086,0,0.0,0,0,1,gun_kill,19.30000000000014,0.0,100.0,0.0,19.30000000000014,0.0,0.0,0.0,6884.730620357197
BT-v1,bt,0.0,1,,-1,-1,BT-v3,10086,1,0.5,0,1,0,timeout,120.19999999999531,0.0,0.0,0.0,120.19999999999531,0.0,0.0,0.0,
BT-v1,bt,0.0,1,,-1,-1,BT-v3,10087,0,0.5,0,1,0,collision,3.899999999999994,0.0,0.0,0.0,3.899999999999994,0.0,0.0,0.06578947368421052,6854.588936825218
BT-v1,bt,0.0,1,,-1,-1,BT-v3,10087,1,0.5,0,1,0,collision,3.899999999999994,0.0,1.25,0.0,3.899999999999994,0.0,0.0,0.06578947368421052,
BT-v1,bt,0.0,1,,-1,-1,BT-v3,10088,0,0.5,0,1,0,timeout,120.19999999999531,0.0,81.25,0.0,120.19999999999531,0.0,0.0,0.0,10379.175927106238
BT-v1,bt,0.0,1,,-1,-1,BT-v3,10088,1,0.5,0,1,0,timeout,120.19999999999531,0.0,0.0,0.0,120.19999999999531,0.0,0.0,0.0,
BT-v1,bt,0.0,1,,-1,-1,BT-v3,10089,0,0.5,0,1,0,timeout,120.19999999999531,0.0,22.5,0.0,120.19999999999531,0.0,0.0,0.0,10814.0084363604
BT-v1,bt,0.0,1,,-1,-1,BT-v3,10089,1,0.0,0,0,1,crash,105.94999999999612,0.0,0.0,0.0,105.94999999999612,0.054820415879017016,0.0,0.0,
BT-v1,bt,0.0,1,,-1,-1,BT-v3,10090,0,0.0,0,0,1,gun_kill,14.900000000000077,0.0,100.0,0.0,14.900000000000077,0.0,0.0,0.0,5694.352319796506
BT-v1,bt,0.0,1,,-1,-1,BT-v3,10090,1,0.0,0,0,1,gun_kill,24.30000000000021,0.0,100.0,0.0,24.30000000000021,0.0,0.0,0.0,
BT-v1,bt,0.0,1,,-1,-1,BT-v3,10091,0,0.5,0,1,0,timeout,120.19999999999531,0.0,0.0,0.0,120.19999999999531,0.0,0.0,0.0,9813.51199747586
BT-v1,bt,0.0,1,,-1,-1,BT-v3,10091,1,0.5,0,1,0,timeout,120.19999999999531,0.0,42.5,0.0,120.19999999999531,0.0,0.0,0.0,
BT-v1,bt,0.0,1,,-1,-1,BT-v3,10092,0,0.0,0,0,1,gun_kill,75.39999999999786,7.5,100.0,0.3,75.39999999999786,0.0,0.0,0.0,8450.992139122434
BT-v1,bt,0.0,1,,-1,-1,BT-v3,10092,1,0.5,0,1,0,timeout,120.19999999999531,0.0,50.0,0.0,120.19999999999531,0.0,0.0,0.0,
BT-v1,bt,0.0,1,,-1,-1,BT-v3,10093,0,0.5,0,1,0,timeout,120.19999999999531,0.0,21.25,0.0,120.19999999999531,0.0,0.0,0.0,10595.208950457543
BT-v1,bt,0.0,1,,-1,-1,BT-v3,10093,1,0.0,0,0,1,gun_kill,47.34999999999945,0.0,100.0,0.0,47.34999999999945,0.0,0.0,0.0,
BT-v1,bt,0.0,1,,-1,-1,BT-v3,10094,0,0.5,0,1,0,timeout,120.19999999999531,0.0,0.0,0.0,120.19999999999531,0.0,0.0,0.0,11556.136048996868
BT-v1,bt,0.0,1,,-1,-1,BT-v3,10094,1,0.5,0,1,0,timeout,120.19999999999531,0.0,0.0,0.0,120.19999999999531,0.0,0.0,0.0,
BT-v1,bt,0.0,1,,-1,-1,BT-v3,10095,0,0.5,0,1,0,timeout,120.19999999999531,0.0,0.0,0.0,120.19999999999531,0.0,0.0,0.0,10603.689856961502
BT-v1,bt,0.0,1,,-1,-1,BT-v3,10095,1,0.0,0,0,1,gun_kill,23.850000000000204,0.0,100.0,0.0,23.850000000000204,0.0,0.0,0.0,
BT-v1,bt,0.0,1,,-1,-1,BT-v3,10096,0,0.5,0,1,0,timeout,120.19999999999531,0.0,0.0,0.0,120.19999999999531,0.0,0.0,0.0,11020.584035603682
BT-v1,bt,0.0,1,,-1,-1,BT-v3,10096,1,0.5,0,1,0,timeout,120.19999999999531,0.0,0.0,0.0,120.19999999999531,0.0,0.0,0.0,
BT-v1,bt,0.0,1,,-1,-1,BT-v3,10097,0,0.5,0,1,0,timeout,120.19999999999531,0.0,0.0,0.0,120.19999999999531,0.0,0.0,0.0,10675.504899280873
BT-v1,bt,0.0,1,,-1,-1,BT-v3,10097,1,0.5,0,1,0,timeout,120.19999999999531,0.0,0.0,0.0,120.19999999999531,0.0,0.0,0.0,
BT-v1,bt,0.0,1,,-1,-1,BT-v3,10098,0,0.5,0,1,0,timeout,120.19999999999531,0.0,0.0,0.0,120.19999999999531,0.0,0.0,0.0,10624.231875980642
BT-v1,bt,0.0,1,,-1,-1,BT-v3,10098,1,0.5,0,1,0,timeout,120.19999999999531,0.0,40.0,0.0,120.19999999999531,0.0,0.0,0.0,
BT-v1,bt,0.0,1,,-1,-1,BT-v3,10099,0,0.5,0,1,0,timeout,120.19999999999531,0.0,61.25,0.0,120.19999999999531,0.0,0.0,0.0,8278.666389431492
BT-v1,bt,0.0,1,,-1,-1,BT-v3,10099,1,0.0,0,0,1,crash,97.69999999999659,0.0,15.0,0.0,97.69999999999659,0.0625,0.0,0.0,
BT-v2,bt,0.0,2,,-1,-1,BT-v2,10000,0,0.5,0,1,0,timeout,120.19999999999531,0.0,5.0,0.0,120.19999999999531,0.012063227953410981,0.023710482529118136,0.0,4308.259325446961
BT-v2,bt,0.0,2,,-1,-1,BT-v2,10000,1,0.5,0,1,0,timeout,120.19999999999531,5.0,0.0,0.2,120.19999999999531,0.015806988352745424,0.027038269550748752,0.0,
BT-v2,bt,0.0,2,,-1,-1,BT-v2,10001,0,0.0,0,0,1,gun_kill,17.700000000000117,0.0,100.0,0.0,17.700000000000117,0.0,0.0,0.0,6017.564271378762
BT-v2,bt,0.0,2,,-1,-1,BT-v2,10001,1,1.0,1,0,0,gun_kill,17.700000000000117,100.0,0.0,3.999999999999994,17.700000000000117,0.0,0.0,0.0,
BT-v2,bt,0.0,2,,-1,-1,BT-v2,10002,0,0.5,0,1,0,timeout,120.19999999999531,0.0,0.0,0.0,120.19999999999531,0.14559068219633944,0.033277870216306155,0.0037437603993344427,3702.4924923948215
BT-v2,bt,0.0,2,,-1,-1,BT-v2,10002,1,0.5,0,1,0,timeout,120.19999999999531,0.0,0.0,0.0,120.19999999999531,0.1464226289517471,0.033277870216306155,0.0037437603993344427,
BT-v2,bt,0.0,2,,-1,-1,BT-v2,10003,0,0.5,0,1,0,timeout,120.19999999999531,0.0,0.0,0.0,120.19999999999531,0.0,0.064891846921797,0.0,4659.87433724237
BT-v2,bt,0.0,2,,-1,-1,BT-v2,10003,1,0.5,0,1,0,timeout,120.19999999999531,0.0,0.0,0.0,120.19999999999531,0.0,0.0694675540765391,0.0,
BT-v2,bt,0.0,2,,-1,-1,BT-v2,10004,0,0.0,0,0,1,gun_kill,14.950000000000077,0.0,100.0,0.0,14.950000000000077,0.0,0.16554054054054054,0.0,5396.71493228038
BT-v2,bt,0.0,2,,-1,-1,BT-v2,10004,1,1.0,1,0,0,gun_kill,14.950000000000077,100.0,0.0,3.999999999999994,14.950000000000077,0.0,0.18243243243243243,0.0,
BT-v2,bt,0.0,2,,-1,-1,BT-v2,10005,0,0.5,0,1,0,timeout,120.19999999999531,0.0,6.25,0.0,120.19999999999531,0.23710482529118138,0.0910981697171381,0.0,3490.842741216505
BT-v2,bt,0.0,2,,-1,-1,BT-v2,10005,1,0.5,0,1,0,timeout,120.19999999999531,6.25,0.0,0.25,120.19999999999531,0.2454242928452579,0.09234608985024959,0.0,
BT-v2,bt,0.0,2,,-1,-1,BT-v2,10006,0,0.5,0,1,0,timeout,120.19999999999531,0.0,0.0,0.0,120.19999999999531,0.17346089850249585,0.008319467554076539,0.0,3815.0798184231826
BT-v2,bt,0.0,2,,-1,-1,BT-v2,10006,1,0.5,0,1,0,timeout,120.19999999999531,0.0,0.0,0.0,120.19999999999531,0.17554076539101499,0.008735440931780365,0.0,
BT-v2,bt,0.0,2,,-1,-1,BT-v2,10007,0,0.5,0,1,0,timeout,120.19999999999531,0.0,0.0,0.0,120.19999999999531,0.15806988352745424,0.022462562396006656,0.008735440931780365,3552.4015715308387
BT-v2,bt,0.0,2,,-1,-1,BT-v2,10007,1,0.5,0,1,0,timeout,120.19999999999531,0.0,0.0,0.0,120.19999999999531,0.15307820299500832,0.022462562396006656,0.008735440931780365,
BT-v2,bt,0.0,2,,-1,-1,BT-v2,10008,0,0.5,0,1,0,timeout,120.19999999999531,0.0,1.25,0.0,120.19999999999531,0.03286189683860233,0.03119800332778702,0.019966722129783693,4192.8797618789395
BT-v2,bt,0.0,2,,-1,-1,BT-v2,10008,1,0.5,0,1,0,timeout,120.19999999999531,1.25,0.0,0.05,120.19999999999531,0.03993344425956739,0.032029950083194675,0.019966722129783693,
BT-v2,bt,0.0,2,,-1,-1,BT-v2,10009,0,0.5,0,1,0,timeout,120.19999999999531,0.0,7.5,0.0,120.19999999999531,0.0,0.02870216306156406,0.0,4680.406502819241
BT-v2,bt,0.0,2,,-1,-1,BT-v2,10009,1,0.5,0,1,0,timeout,120.19999999999531,7.5,0.0,0.3,120.19999999999531,0.0,0.028286189683860232,0.0,
BT-v2,bt,0.0,2,,-1,-1,BT-v2,10010,0,0.0,0,0,1,crash,104.5999999999962,46.25,0.0,1.850000000000001,104.5999999999962,0.29454022988505746,0.07567049808429119,0.0210727969348659,3151.6546828324235
BT-v2,bt,0.0,2,,-1,-1,BT-v2,10010,1,1.0,1,0,0,crash,104.5999999999962,0.0,46.25,0.0,104.5999999999962,0.28065134099616856,0.06609195402298851,0.0210727969348659,
BT-v2,bt,0.0,2,,-1,-1,BT-v2,10011,0,0.5,0,1,0,timeout,120.19999999999531,0.0,0.0,0.0,120.19999999999531,0.0,0.0,0.0,5233.207467437243
BT-v2,bt,0.0,2,,-1,-1,BT-v2,10011,1,0.5,0,1,0,timeout,120.19999999999531,0.0,0.0,0.0,120.19999999999531,0.0,0.0,0.0,
BT-v2,bt,0.0,2,,-1,-1,BT-v2,10012,0,1.0,1,0,0,crash,117.74999999999545,0.0,0.0,0.0,117.74999999999545,0.2619047619047619,0.06547619047619048,0.0,3313.352897978012
BT-v2,bt,0.0,2,,-1,-1,BT-v2,10012,1,0.0,0,0,1,crash,117.74999999999545,0.0,0.0,0.0,117.74999999999545,0.266156462585034,0.06760204081632654,0.0,
BT-v2,bt,0.0,2,,-1,-1,BT-v2,10013,0,0.5,0,1,0,timeout,120.19999999999531,0.0,0.0,0.0,120.19999999999531,0.0,0.0324459234608985,0.0,4583.572603126443
BT-v2,bt,0.0,2,,-1,-1,BT-v2,10013,1,0.5,0,1,0,timeout,120.19999999999531,0.0,0.0,0.0,120.19999999999531,0.0,0.03494176372712146,0.0,
BT-v2,bt,0.0,2,,-1,-1,BT-v2,10014,0,0.5,0,1,0,collision,19.500000000000142,0.0,0.0,0.0,19.500000000000142,0.0,0.0,0.06958762886597938,6352.569269146887
BT-v2,bt,0.0,2,,-1,-1,BT-v2,10014,1,0.5,0,1,0,collision,19.500000000000142,0.0,0.0,0.0,19.500000000000142,0.0,0.0,0.06958762886597938,
BT-v2,bt,0.0,2,,-1,-1,BT-v2,10015,0,0.5,0,1,0,timeout,120.19999999999531,0.0,16.25,0.0,120.19999999999531,0.16098169717138103,0.0,0.004575707154742097,3601.078733094176
BT-v2,bt,0.0,2,,-1,-1,BT-v2,10015,1,0.5,0,1,0,timeout,120.19999999999531,16.25,0.0,0.65,120.19999999999531,0.163477537437604,0.0,0.004575707154742097,
BT-v2,bt,0.0,2,,-1,-1,BT-v2,10016,0,0.5,0,1,0,collision,13.05000000000005,5.0,0.0,0.2,13.05000000000005,0.0,0.0,0.1,5571.886564949887
BT-v2,bt,0.0,2,,-1,-1,BT-v2,10016,1,0.5,0,1,0,collision,13.05000000000005,0.0,5.0,0.0,13.05000000000005,0.0,0.0,0.1,
BT-v2,bt,0.0,2,,-1,-1,BT-v2,10017,0,0.0,0,0,1,gun_kill,30.6000000000003,0.0,100.0,0.0,30.6000000000003,0.0,0.11348684210526316,0.0,5783.7803911401015
BT-v2,bt,0.0,2,,-1,-1,BT-v2,10017,1,1.0,1,0,0,gun_kill,30.6000000000003,100.0,0.0,3.999999999999994,30.6000000000003,0.0,0.1611842105263158,0.0,
BT-v2,bt,0.0,2,,-1,-1,BT-v2,10018,0,0.5,0,1,0,timeout,120.19999999999531,0.0,0.0,0.0,120.19999999999531,0.06572379367720466,0.014975041597337771,0.0,4099.23085069073
BT-v2,bt,0.0,2,,-1,-1,BT-v2,10018,1,0.5,0,1,0,timeout,120.19999999999531,0.0,0.0,0.0,120.19999999999531,0.0723793677204659,0.015391014975041598,0.0,
BT-v2,bt,0.0,2,,-1,-1,BT-v2,10019,0,0.5,0,1,0,timeout,120.19999999999531,0.0,0.0,0.0,120.19999999999531,0.07362728785357738,0.0,0.0,4071.5352435134632
BT-v2,bt,0.0,2,,-1,-1,BT-v2,10019,1,0.5,0,1,0,timeout,120.19999999999531,0.0,0.0,0.0,120.19999999999531,0.07362728785357738,0.0,0.0,
BT-v2,bt,0.0,2,,-1,-1,BT-v2,10020,0,0.5,0,1,0,timeout,120.19999999999531,0.0,0.0,0.0,120.19999999999531,0.0,0.0,0.0,4627.8005630908865
BT-v2,bt,0.0,2,,-1,-1,BT-v2,10020,1,0.5,0,1,0,timeout,120.19999999999531,0.0,0.0,0.0,120.19999999999531,0.0,0.0,0.0,
BT-v2,bt,0.0,2,,-1,-1,BT-v2,10021,0,1.0,1,0,0,crash,118.6499999999954,0.0,16.25,0.0,118.6499999999954,0.24957841483979765,0.0657672849915683,0.016441821247892074,3393.9240866031455
BT-v2,bt,0.0,2,,-1,-1,BT-v2,10021,1,0.0,0,0,1,crash,118.6499999999954,16.25,0.0,0.65,118.6499999999954,0.2575885328836425,0.07124789207419899,0.016441821247892074,
BT-v2,bt,0.0,2,,-1,-1,BT-v2,10022,0,0.5,0,1,0,timeout,120.19999999999531,0.0,0.0,0.0,120.19999999999531,0.0016638935108153079,0.035357737104825294,0.0,4543.545428341464
BT-v2,bt,0.0,2,,-1,-1,BT-v2,10022,1,0.5,0,1,0,timeout,120.19999999999531,0.0,0.0,0.0,120.19999999999531,0.0012479201331114808,0.03494176372712146,0.0,
BT-v2,bt,0.0,2,,-1,-1,BT-v2,10023,0,0.5,0,1,0,timeout,120.19999999999531,0.0,0.0,0.0,120.19999999999531,0.0,0.035357737104825294,0.0,4546.802480931676
BT-v2,bt,0.0,2,,-1,-1,BT-v2,10023,1,0.5,0,1,0,timeout,120.19999999999531,0.0,0.0,0.0,120.19999999999531,0.0,0.03826955074875208,0.0,
BT-v2,bt,0.0,2,,-1,-1,BT-v2,10024,0,0.5,0,1,0,timeout,120.19999999999531,6.25,0.0,0.25,120.19999999999531,0.23627287853577372,0.03161397670549085,0.0,3518.5322998295987
BT-v2,bt,0.0,2,,-1,-1,BT-v2,10024,1,0.5,0,1,0,timeout,120.19999999999531,0.0,6.25,0.0,120.19999999999531,0.24417637271214643,0.03286189683860233,0.0,
BT-v2,bt,0.0,2,,-1,-1,BT-v2,10025,0,0.5,0,1,0,timeout,120.19999999999531,0.0,27.5,0.0,120.19999999999531,0.0,0.03369384359400998,0.0,5747.4512791969855
BT-v2,bt,0.0,2,,-1,-1,BT-v2,10025,1,0.5,0,1,0,timeout,120.19999999999531,27.5,0.0,1.1000000000000003,120.19999999999531,0.0,0.03369384359400998,0.0,
BT-v2,bt,0.0,2,,-1,-1,BT-v2,10026,0,0.5,0,1,0,timeout,120.19999999999531,11.25,0.0,0.44999999999999996,120.19999999999531,0.11480865224625623,0.06281198003327787,0.0,4019.3259584772977
BT-v2,bt,0.0,2,,-1,-1,BT-v2,10026,1,0.5,0,1,0,timeout,120.19999999999531,0.0,11.25,0.0,120.19999999999531,0.12728785357737105,0.0524126455906822,0.0,
BT-v2,bt,0.0,2,,-1,-1,BT-v2,10027,0,1.0,1,0,0,crash,101.99999999999635,0.0,0.0,0.0,101.99999999999635,0.2951866404715128,0.10166994106090373,0.0,3113.5291566663896
BT-v2,bt,0.0,2,,-1,-1,BT-v2,10027,1,0.0,0,0,1,crash,101.99999999999635,0.0,0.0,0.0,101.99999999999635,0.3099214145383104,0.1031434184675835,0.0,
BT-v2,bt,0.0,2,,-1,-1,BT-v2,10028,0,0.5,0,1,0,timeout,120.19999999999531,0.0,25.0,0.0,120.19999999999531,0.14683860232945092,0.0,0.005407653910149751,3917.822564626161
BT-v2,bt,0.0,2,,-1,-1,BT-v2,10028,1,0.5,0,1,0,timeout,120.19999999999531,25.0,0.0,1.0000000000000002,120.19999999999531,0.15058236272878536,0.0,0.005407653910149751,
BT-v2,bt,0.0,2,,-1,-1,BT-v2,10029,0,0.5,0,1,0,timeout,120.19999999999531,0.0,0.0,0.0,120.19999999999531,0.12562396006655574,0.0,0.0,4111.710342820347
BT-v2,bt,0.0,2,,-1,-1,BT-v2,10029,1,0.5,0,1,0,timeout,120.19999999999531,0.0,0.0,0.0,120.19999999999531,0.1218801996672213,0.0,0.0,
BT-v2,bt,0.0,2,,-1,-1,BT-v2,10030,0,0.5,0,1,0,timeout,120.19999999999531,0.0,0.0,0.0,120.19999999999531,0.14891846921797006,0.07529118136439268,0.0,3754.967924395741
BT-v2,bt,0.0,2,,-1,-1,BT-v2,10030,1,0.5,0,1,0,timeout,120.19999999999531,0.0,0.0,0.0,120.19999999999531,0.1497504159733777,0.07029950083194675,0.0,
BT-v2,bt,0.0,2,,-1,-1,BT-v2,10031,0,0.0,0,0,1,crash,115.1999999999956,0.0,0.0,0.0,115.1999999999956,0.2647826086956522,0.07869565217391304,0.0,3401.88086625742
BT-v2,bt,0.0,2,,-1,-1,BT-v2,10031,1,1.0,1,0,0,crash,115.1999999999956,0.0,0.0,0.0,115.1999999999956,0.2617391304347826,0.07782608695652174,0.0,
BT-v2,bt,0.0,2,,-1,-1,BT-v2,10032,0,0.5,0,1,0,timeout,120.19999999999531,17.5,0.0,0.7000000000000001,120.19999999999531,0.04118136439267887,0.027038269550748752,0.0,3972.909593947714
BT-v2,bt,0.0,2,,-1,-1,BT-v2,10032,1,0.5,0,1,0,timeout,120.19999999999531,0.0,17.5,0.0,120.19999999999531,0.03618968386023295,0.027038269550748752,0.0,
BT-v2,bt,0.0,2,,-1,-1,BT-v2,10033,0,0.5,0,1,0,timeout,120.19999999999531,1.25,0.0,0.05,120.19999999999531,0.047004991680532446,0.010815307820299502,0.0,4276.555279666709
BT-v2,bt,0.0,2,,-1,-1,BT-v2,10033,1,0.5,0,1,0,timeout,120.19999999999531,0.0,1.25,0.0,120.19999999999531,0.044509151414309486,0.010815307820299502,0.0,
BT-v2,bt,0.0,2,,-1,-1,BT-v2,10034,0,0.5,0,1,0,timeout,120.19999999999531,0.0,17.5,0.0,120.19999999999531,0.0,0.02870216306156406,0.0,4586.782337261715
BT-v2,bt,0.0,2,,-1,-1,BT-v2,10034,1,0.5,0,1,0,timeout,120.19999999999531,17.5,0.0,0.7000000000000001,120.19999999999531,0.0,0.02870216306156406,0.0,
BT-v2,bt,0.0,2,,-1,-1,BT-v2,10035,0,0.0,0,0,1,crash,115.1499999999956,0.0,21.25,0.0,115.1499999999956,0.26521739130434785,0.01956521739130435,0.004347826086956522,3374.204578305065
BT-v2,bt,0.0,2,,-1,-1,BT-v2,10035,1,1.0,1,0,0,crash,115.1499999999956,21.25,0.0,0.8500000000000002,115.1499999999956,0.24869565217391304,0.01956521739130435,0.004347826086956522,
BT-v2,bt,0.0,2,,-1,-1,BT-v2,10036,0,0.5,0,1,0,timeout,120.19999999999531,0.0,0.0,0.0,120.19999999999531,0.2391846921797005,0.009151414309484194,0.010815307820299502,3434.0880326842075
BT-v2,bt,0.0,2,,-1,-1,BT-v2,10036,1,0.5,0,1,0,timeout,120.19999999999531,0.0,0.0,0.0,120.19999999999531,0.24500831946755408,0.007903494176372712,0.010815307820299502,
BT-v2,bt,0.0,2,,-1,-1,BT-v2,10037,0,0.5,0,1,0,timeout,120.19999999999531,0.0,66.25,0.0,120.19999999999531,0.0,0.06613976705490848,0.0,5925.182509155722
BT-v2,bt,0.0,2,,-1,-1,BT-v2,10037,1,0.5,0,1,0,timeout,120.19999999999531,66.25,0.0,2.6499999999999986,120.19999999999531,0.0,0.08402662229617304,0.0,
BT-v2,bt,0.0,2,,-1,-1,BT-v2,10038,0,0.5,0,1,0,timeout,120.19999999999531,0.0,0.0,0.0,120.19999999999531,0.0,0.0262063227953411,0.0016638935108153079,4743.86360381578
BT-v2,bt,0.0,2,,-1,-1,BT-v2,10038,1,0.5,0,1,0,timeout,120.19999999999531,0.0,0.0,0.0,120.19999999999531,0.0,0.0262063227953411,0.0016638935108153079,
BT-v2,bt,0.0,2,,-1,-1,BT-v2,10039,0,1.0,1,0,0,crash,97.29999999999661,36.25,0.0,1.4500000000000006,97.29999999999661,0.29372427983539096,0.023148148148148147,0.007716049382716049,3042.5262162653867
BT-v2,bt,0.0,2,,-1,-1,BT-v2,10039,1,0.0,0,0,1,crash,97.29999999999661,0.0,36.25,0.0,97.29999999999661,0.30401234567901236,0.02263374485596708,0.007716049382716049,
BT-v2,bt,0.0,2,,-1,-1,BT-v2,10040,0,0.5,0,1,0,timeout,120.19999999999531,0.0,23.75,0.0,120.19999999999531,0.09650582362728785,0.0,0.007071547420965058,4235.261184508302
BT-v2,bt,0.0,2,,-1,-1,BT-v2,10040,1,0.5,0,1,0,timeout,120.19999999999531,23.75,0.0,0.9500000000000003,120.19999999999531,0.0802828618968386,0.0,0.007071547420965058,
BT-v2,bt,0.0,2,,-1,-1,BT-v2,10041,0,0.5,0,1,0,collision,7.79999999999998,0.0,0.0,0.0,7.79999999999998,0.0,0.26973684210526316,0.05263157894736842,5002.060872425557
BT-v2,bt,0.0,2,,-1,-1,BT-v2,10041,1,0.5,0,1,0,collision,7.79999999999998,0.0,0.0,0.0,7.79999999999998,0.0,0.2565789473684211,0.05263157894736842,
BT-v2,bt,0.0,2,,-1,-1,BT-v2,10042,0,0.5,0,1,0,timeout,120.19999999999531,0.0,2.5,0.0,120.19999999999531,0.0,0.039101497504159734,0.022462562396006656,4642.073205972053
BT-v2,bt,0.0,2,,-1,-1,BT-v2,10042,1,0.5,0,1,0,timeout,120.19999999999531,2.5,0.0,0.1,120.19999999999531,0.0,0.04284525790349417,0.022462562396006656,
BT-v2,bt,0.0,2,,-1,-1,BT-v2,10043,0,0.5,0,1,0,timeout,120.19999999999531,0.0,0.0,0.0,120.19999999999531,0.015806988352745424,0.0,0.0,4253.85839818158
BT-v2,bt,0.0,2,,-1,-1,BT-v2,10043,1,0.5,0,1,0,timeout,120.19999999999531,0.0,0.0,0.0,120.19999999999531,0.017054908485856904,0.0,0.0,
BT-v2,bt,0.0,2,,-1,-1,BT-v2,10044,0,0.5,0,1,0,timeout,120.19999999999531,0.0,32.5,0.0,120.19999999999531,0.0,0.0,0.0,4700.955829872077
BT-v2,bt,0.0,2,,-1,-1,BT-v2,10044,1,0.5,0,1,0,timeout,120.19999999999531,32.5,0.0,1.3000000000000005,120.19999999999531,0.0,0.0,0.0,
BT-v2,bt,0.0,2,,-1,-1,BT-v2,10045,0,0.5,0,1,0,timeout,120.19999999999531,0.0,0.0,0.0,120.19999999999531,0.0,0.033277870216306155,0.0,5376.147504393098
BT-v2,bt,0.0,2,,-1,-1,BT-v2,10045,1,0.5,0,1,0,timeout,120.19999999999531,0.0,0.0,0.0,120.19999999999531,0.0,0.040349417637271213,0.0,
BT-v2,bt,0.0,2,,-1,-1,BT-v2,10046,0,0.5,0,1,0,timeout,120.19999999999531,0.0,0.0,0.0,120.19999999999531,0.0,0.09359400998336107,0.0,5487.958964471089
BT-v2,bt,0.0,2,,-1,-1,BT-v2,10046,1,0.5,0,1,0,timeout,120.19999999999531,0.0,0.0,0.0,120.19999999999531,0.0,0.11564059900166389,0.0,
BT-v2,bt,0.0,2,,-1,-1,BT-v2,10047,0,0.5,0,1,0,collision,8.599999999999987,0.0,0.0,0.0,8.599999999999987,0.0,0.1130952380952381,0.047619047619047616,4848.172819968375
BT-v2,bt,0.0,2,,-1,-1,BT-v2,10047,1,0.5,0,1,0,collision,8.599999999999987,0.0,0.0,0.0,8.599999999999987,0.0,0.1130952380952381,0.047619047619047616,
BT-v2,bt,0.0,2,,-1,-1,BT-v2,10048,0,0.5,0,1,0,timeout,120.19999999999531,0.0,47.5,0.0,120.19999999999531,0.0,0.02329450915141431,0.0,5612.0487710715115
BT-v2,bt,0.0,2,,-1,-1,BT-v2,10048,1,0.5,0,1,0,timeout,120.19999999999531,47.5,0.0,1.900000000000001,120.19999999999531,0.0,0.029950083194675542,0.0,
BT-v2,bt,0.0,2,,-1,-1,BT-v2,10049,0,0.5,0,1,0,timeout,120.19999999999531,0.0,0.0,0.0,120.19999999999531,0.04076539101497504,0.0524126455906822,0.0,4313.681817413823
BT-v2,bt,0.0,2,,-1,-1,BT-v2,10049,1,0.5,0,1,0,timeout,120.19999999999531,0.0,0.0,0.0,120.19999999999531,0.040349417637271213,0.05574043261231281,0.0,
BT-v2,bt,0.0,2,,-1,-1,BT-v2,10050,0,0.5,0,1,0,timeout,120.19999999999531,0.0,0.0,0.0,120.19999999999531,0.050748752079866885,0.0262063227953411,0.0,4154.605398539136
BT-v2,bt,0.0,2,,-1,-1,BT-v2,10050,1,0.5,0,1,0,timeout,120.19999999999531,0.0,0.0,0.0,120.19999999999531,0.0478369384359401,0.0262063227953411,0.0,
BT-v2,bt,0.0,2,,-1,-1,BT-v2,10051,0,0.5,0,1,0,timeout,120.19999999999531,0.0,7.5,0.0,120.19999999999531,0.21214642262895175,0.07653910149750416,0.0,3632.1988816628295
BT-v2,bt,0.0,2,,-1,-1,BT-v2,10051,1,0.5,0,1,0,timeout,120.19999999999531,7.5,0.0,0.3,120.19999999999531,0.21422628951747089,0.07778702163061564,0.0,
BT-v2,bt,0.0,2,,-1,-1,BT-v2,10052,0,0.5,0,1,0,timeout,120.19999999999531,0.0,0.0,0.0,120.19999999999531,0.1651414309484193,0.027870216306156406,0.0,3750.198567165763
BT-v2,bt,0.0,2,,-1,-1,BT-v2,10052,1,0.5,0,1,0,timeout,120.19999999999531,0.0,0.0,0.0,120.19999999999531,0.1651414309484193,0.027038269550748752,0.0,
BT-v2,bt,0.0,2,,-1,-1,BT-v2,10053,0,0.5,0,1,0,collision,15.300000000000082,0.0,0.0,0.0,15.300000000000082,0.0,0.0,0.02631578947368421,6138.60249768924
BT-v2,bt,0.0,2,,-1,-1,BT-v2,10053,1,0.5,0,1,0,collision,15.300000000000082,0.0,0.0,0.0,15.300000000000082,0.0,0.0,0.02631578947368421,
BT-v2,bt,0.0,2,,-1,-1,BT-v2,10054,0,0.0,0,0,1,crash,114.99999999999561,0.0,0.0,0.0,114.99999999999561,0.27134146341463417,0.0,0.0,3124.1297738738153
BT-v2,bt,0.0,2,,-1,-1,BT-v2,10054,1,1.0,1,0,0,crash,114.99999999999561,0.0,0.0,0.0,114.99999999999561,0.2700348432055749,0.0,0.0,
BT-v2,bt,0.0,2,,-1,-1,BT-v2,10055,0,0.5,0,1,0,collision,6.949999999999983,1.25,0.0,0.05,6.949999999999983,0.0,0.08823529411764706,0.058823529411764705,5133.110073025661
BT-v2,bt,0.0,2,,-1,-1,BT-v2,10055,1,0.5,0,1,0,collision,6.949999999999983,0.0,1.25,0.0,6.949999999999983,0.0,0.08823529411764706,0.058823529411764705,
BT-v2,bt,0.0,2,,-1,-1,BT-v2,10056,0,0.5,0,1,0,timeout,120.19999999999531,0.0,22.5,0.0,120.19999999999531,0.23419301164725456,0.05324459234608985,0.018302828618968387,3471.8869803510415
BT-v2,bt,0.0,2,,-1,-1,BT-v2,10056,1,0.5,0,1,0,timeout,120.19999999999531,22.5,0.0,0.9000000000000002,120.19999999999531,0.24292845257903495,0.0524126455906822,0.018302828618968387,
BT-v2,bt,0.0,2,,-1,-1,BT-v2,10057,0,0.5,0,1,0,timeout,120.19999999999531,0.0,0.0,0.0,120.19999999999531,0.19966722129783693,0.0,0.0,3534.9426818803695
BT-v2,bt,0.0,2,,-1,-1,BT-v2,10057,1,0.5,0,1,0,timeout,120.19999999999531,0.0,0.0,0.0,120.19999999999531,0.20008319467554075,0.0,0.0,
BT-v2,bt,0.0,2,,-1,-1,BT-v2,10058,0,0.0,0,0,1,crash,105.94999999999612,0.0,0.0,0.0,105.94999999999612,0.29631379962192816,0.055293005671077505,0.011814744801512287,3024.299578326383
BT-v2,bt,0.0,2,,-1,-1,BT-v2,10058,1,1.0,1,0,0,crash,105.94999999999612,0.0,0.0,0.0,105.94999999999612,0.305765595463138,0.05907372400756144,0.011814744801512287,
BT-v2,bt,0.0,2,,-1,-1,BT-v2,10059,0,0.5,0,1,0,timeout,120.19999999999531,0.0,0.0,0.0,120.19999999999531,0.03826955074875208,0.0033277870216306157,0.0,4394.366636419045
BT-v2,bt,0.0,2,,-1,-1,BT-v2,10059,1,0.5,0,1,0,timeout,120.19999999999531,0.0,0.0,0.0,120.19999999999531,0.03868552412645591,0.0033277870216306157,0.0,
BT-v2,bt,0.0,2,,-1,-1,BT-v2,10060,0,0.5,0,1,0,timeout,120.19999999999531,0.0,0.0,0.0,120.19999999999531,0.0,0.02745424292845258,0.009151414309484194,4618.076679269229
BT-v2,bt,0.0,2,,-1,-1,BT-v2,10060,1,0.5,0,1,0,timeout,120.19999999999531,0.0,0.0,0.0,120.19999999999531,0.004159733777038269,0.034525790349417634,0.009151414309484194,
BT-v2,bt,0.0,2,,-1,-1,BT-v2,10061,0,0.5,0,1,0,timeout,120.19999999999531,0.0,0.0,0.0,120.19999999999531,0.11938435940099834,0.04908485856905158,0.0,3884.919994691609
BT-v2,bt,0.0,2,,-1,-1,BT-v2,10061,1,0.5,0,1,0,timeout,120.19999999999531,0.0,0.0,0.0,120.19999999999531,0.12104825291181365,0.050748752079866885,0.0,
BT-v2,bt,0.0,2,,-1,-1,BT-v2,10062,0,0.5,0,1,0,timeout,120.19999999999531,0.0,0.0,0.0,120.19999999999531,0.03369384359400998,0.04991680532445923,0.0033277870216306157,4328.932121187477
BT-v2,bt,0.0,2,,-1,-1,BT-v2,10062,1,0.5,0,1,0,timeout,120.19999999999531,0.0,0.0,0.0,120.19999999999531,0.03743760399334443,0.056572379367720464,0.0033277870216306157,
BT-v2,bt,0.0,2,,-1,-1,BT-v2,10063,0,1.0,1,0,0,crash,115.29999999999559,0.0,5.0,0.0,115.29999999999559,0.28515625,0.017795138888888888,0.0,3152.025075962248
BT-v2,bt,0.0,2,,-1,-1,BT-v2,10063,1,0.0,0,0,1,crash,115.29999999999559,5.0,0.0,0.2,115.29999999999559,0.28515625,0.017795138888888888,0.0,
BT-v2,bt,0.0,2,,-1,-1,BT-v2,10064,0,0.0,0,0,1,gun_kill,16.900000000000105,0.0,100.0,0.0,16.900000000000105,0.0,0.15773809523809523,0.0,5996.32091868908
BT-v2,bt,0.0,2,,-1,-1,BT-v2,10064,1,1.0,1,0,0,gun_kill,16.900000000000105,100.0,0.0,3.999999999999994,16.900000000000105,0.0,0.15476190476190477,0.0,
BT-v2,bt,0.0,2,,-1,-1,BT-v2,10065,0,0.5,0,1,0,timeout,120.19999999999531,15.0,0.0,0.6,120.19999999999531,0.25249584026622296,0.03161397670549085,0.004991680532445923,3273.8173037605875
BT-v2,bt,0.0,2,,-1,-1,BT-v2,10065,1,0.5,0,1,0,timeout,120.19999999999531,0.0,15.0,0.0,120.19999999999531,0.2512479201331115,0.03161397670549085,0.004991680532445923,
BT-v2,bt,0.0,2,,-1,-1,BT-v2,10066,0,0.5,0,1,0,timeout,120.19999999999531,0.0,6.25,0.0,120.19999999999531,0.2221297836938436,0.05033277870216306,0.009983361064891847,3593.205129258709
BT-v2,bt,0.0,2,,-1,-1,BT-v2,10066,1,0.5,0,1,0,timeout,120.19999999999531,6.25,0.0,0.25,120.19999999999531,0.21630615640599002,0.04409317803660566,0.009983361064891847,
BT-v2,bt,0.0,2,,-1,-1,BT-v2,10067,0,0.5,0,1,0,timeout,120.19999999999531,0.0,32.5,0.0,120.19999999999531,0.0,0.014975041597337771,0.0,5008.001852199836
BT-v2,bt,0.0,2,,-1,-1,BT-v2,10067,1,0.5,0,1,0,timeout,120.19999999999531,32.5,0.0,1.3000000000000005,120.19999999999531,0.0,0.015806988352745424,0.0,
BT-v2,bt,0.0,2,,-1,-1,BT-v2,10068,0,0.5,0,1,0,collision,19.150000000000137,0.0,0.0,0.0,19.150000000000137,0.0,0.25,0.02368421052631579,5625.145397455993
BT-v2,bt,0.0,2,,-1,-1,BT-v2,10068,1,0.5,0,1,0,collision,19.150000000000137,0.0,0.0,0.0,19.150000000000137,0.0,0.25,0.02368421052631579,
BT-v2,bt,0.0,2,,-1,-1,BT-v2,10069,0,0.5,0,1,0,collision,11.200000000000024,0.0,0.0,0.0,11.200000000000024,0.0,0.09090909090909091,0.03636363636363636,5692.365267750346
BT-v2,bt,0.0,2,,-1,-1,BT-v2,10069,1,0.5,0,1,0,collision,11.200000000000024,0.0,0.0,0.0,11.200000000000024,0.0,0.09090909090909091,0.03636363636363636,
BT-v2,bt,0.0,2,,-1,-1,BT-v2,10070,0,0.5,0,1,0,timeout,120.19999999999531,0.0,0.0,0.0,120.19999999999531,0.0,0.010815307820299502,0.005823627287853577,5009.6503246305165
BT-v2,bt,0.0,2,,-1,-1,BT-v2,10070,1,0.5,0,1,0,timeout,120.19999999999531,0.0,0.0,0.0,120.19999999999531,0.0,0.012063227953410981,0.005823627287853577,
BT-v2,bt,0.0,2,,-1,-1,BT-v2,10071,0,0.5,0,1,0,timeout,120.19999999999531,0.0,0.0,0.0,120.19999999999531,0.048252911813643926,0.0,0.0,4162.02192143304
BT-v2,bt,0.0,2,,-1,-1,BT-v2,10071,1,0.5,0,1,0,timeout,120.19999999999531,0.0,0.0,0.0,120.19999999999531,0.04991680532445923,0.0,0.0,
BT-v2,bt,0.0,2,,-1,-1,BT-v2,10072,0,0.5,0,1,0,timeout,120.19999999999531,0.0,5.0,0.0,120.19999999999531,0.15391014975041598,0.0,0.010399334442595673,3854.27698328977
BT-v2,bt,0.0,2,,-1,-1,BT-v2,10072,1,0.5,0,1,0,timeout,120.19999999999531,5.0,0.0,0.2,120.19999999999531,0.16014975041597337,0.0,0.010399334442595673,
BT-v2,bt,0.0,2,,-1,-1,BT-v2,10073,0,0.5,0,1,0,timeout,120.19999999999531,0.0,6.25,0.0,120.19999999999531,0.0,0.03826955074875208,0.0,4274.843937355902
BT-v2,bt,0.0,2,,-1,-1,BT-v2,10073,1,0.5,0,1,0,timeout,120.19999999999531,6.25,0.0,0.25,120.19999999999531,0.0,0.03826955074875208,0.0,
BT-v2,bt,0.0,2,,-1,-1,BT-v2,10074,0,0.5,0,1,0,timeout,120.19999999999531,11.25,0.0,0.44999999999999996,120.19999999999531,0.0,0.05033277870216306,0.0,5106.8242699976545
BT-v2,bt,0.0,2,,-1,-1,BT-v2,10074,1,0.5,0,1,0,timeout,120.19999999999531,0.0,11.25,0.0,120.19999999999531,0.0,0.04326123128119801,0.0,
BT-v2,bt,0.0,2,,-1,-1,BT-v2,10075,0,0.5,0,1,0,timeout,120.19999999999531,0.0,0.0,0.0,120.19999999999531,0.08153078202995008,0.02204658901830283,0.015391014975041598,4197.839699549111
BT-v2,bt,0.0,2,,-1,-1,BT-v2,10075,1,0.5,0,1,0,timeout,120.19999999999531,0.0,0.0,0.0,120.19999999999531,0.07695507487520799,0.02329450915141431,0.015391014975041598,
BT-v2,bt,0.0,2,,-1,-1,BT-v2,10076,0,0.5,0,1,0,timeout,120.19999999999531,0.0,0.0,0.0,120.19999999999531,0.05033277870216306,0.020798668885191347,0.005823627287853577,4255.683561889006
BT-v2,bt,0.0,2,,-1,-1,BT-v2,10076,1,0.5,0,1,0,timeout,120.19999999999531,0.0,0.0,0.0,120.19999999999531,0.04991680532445923,0.020798668885191347,0.005823627287853577,
BT-v2,bt,0.0,2,,-1,-1,BT-v2,10077,0,0.5,0,1,0,timeout,120.19999999999531,0.0,0.0,0.0,120.19999999999531,0.23419301164725456,0.019966722129783693,0.005823627287853577,3314.4591723866233
BT-v2,bt,0.0,2,,-1,-1,BT-v2,10077,1,0.5,0,1,0,timeout,120.19999999999531,0.0,0.0,0.0,120.19999999999531,0.23668885191347755,0.01747088186356073,0.005823627287853577,
BT-v2,bt,0.0,2,,-1,-1,BT-v2,10078,0,0.5,0,1,0,timeout,120.19999999999531,0.0,0.0,0.0,120.19999999999531,0.0,0.04284525790349417,0.0,4946.96485993842
BT-v2,bt,0.0,2,,-1,-1,BT-v2,10078,1,0.5,0,1,0,timeout,120.19999999999531,0.0,0.0,0.0,120.19999999999531,0.0,0.03618968386023295,0.0,
BT-v2,bt,0.0,2,,-1,-1,BT-v2,10079,0,0.5,0,1,0,timeout,120.19999999999531,0.0,0.0,0.0,120.19999999999531,0.16888519134775373,0.0,0.005823627287853577,3781.230200335596
BT-v2,bt,0.0,2,,-1,-1,BT-v2,10079,1,0.5,0,1,0,timeout,120.19999999999531,0.0,0.0,0.0,120.19999999999531,0.16264559068219633,0.0,0.005823627287853577,
BT-v2,bt,0.0,2,,-1,-1,BT-v2,10080,0,0.0,0,0,1,crash,116.59999999999552,0.0,3.75,0.0,116.59999999999552,0.26245704467353953,0.01761168384879725,0.019759450171821305,3341.248117998527
BT-v2,bt,0.0,2,,-1,-1,BT-v2,10080,1,1.0,1,0,0,crash,116.59999999999552,3.75,0.0,0.15000000000000002,116.59999999999552,0.25644329896907214,0.01761168384879725,0.019759450171821305,
BT-v2,bt,0.0,2,,-1,-1,BT-v2,10081,0,0.5,0,1,0,collision,20.900000000000162,0.0,0.0,0.0,20.900000000000162,0.0,0.0,0.019230769230769232,5936.335150850169
BT-v2,bt,0.0,2,,-1,-1,BT-v2,10081,1,0.5,0,1,0,collision,20.900000000000162,0.0,0.0,0.0,20.900000000000162,0.0,0.0,0.019230769230769232,
BT-v2,bt,0.0,2,,-1,-1,BT-v2,10082,0,0.5,0,1,0,timeout,120.19999999999531,0.0,8.75,0.0,120.19999999999531,0.10732113144758736,0.019550748752079867,0.0,3964.5177374591844
BT-v2,bt,0.0,2,,-1,-1,BT-v2,10082,1,0.5,0,1,0,timeout,120.19999999999531,8.75,0.0,0.35,120.19999999999531,0.10732113144758736,0.019550748752079867,0.0,
BT-v2,bt,0.0,2,,-1,-1,BT-v2,10083,0,0.5,0,1,0,timeout,120.19999999999531,15.0,0.0,0.6,120.19999999999531,0.010399334442595673,0.04409317803660566,0.0016638935108153079,4504.747306515978
BT-v2,bt,0.0,2,,-1,-1,BT-v2,10083,1,0.5,0,1,0,timeout,120.19999999999531,0.0,15.0,0.0,120.19999999999531,0.010815307820299502,0.039101497504159734,0.0016638935108153079,
BT-v2,bt,0.0,2,,-1,-1,BT-v2,10084,0,0.5,0,1,0,timeout,120.19999999999531,0.0,0.0,0.0,120.19999999999531,0.035357737104825294,0.0,0.0066555740432612314,4373.934522608166
BT-v2,bt,0.0,2,,-1,-1,BT-v2,10084,1,0.5,0,1,0,timeout,120.19999999999531,0.0,0.0,0.0,120.19999999999531,0.029118136439267885,0.0,0.0066555740432612314,
BT-v2,bt,0.0,2,,-1,-1,BT-v2,10085,0,0.5,0,1,0,timeout,120.19999999999531,0.0,0.0,0.0,120.19999999999531,0.07570715474209651,0.0,0.0,4150.426463877484
BT-v2,bt,0.0,2,,-1,-1,BT-v2,10085,1,0.5,0,1,0,timeout,120.19999999999531,0.0,0.0,0.0,120.19999999999531,0.08652246256239601,0.0,0.0,
BT-v2,bt,0.0,2,,-1,-1,BT-v2,10086,0,0.5,0,1,0,timeout,120.19999999999531,0.0,0.0,0.0,120.19999999999531,0.04326123128119801,0.0,0.0,4168.70315914727
BT-v2,bt,0.0,2,,-1,-1,BT-v2,10086,1,0.5,0,1,0,timeout,120.19999999999531,0.0,0.0,0.0,120.19999999999531,0.04409317803660566,0.0,0.0,
BT-v2,bt,0.0,2,,-1,-1,BT-v2,10087,0,0.5,0,1,0,timeout,120.19999999999531,0.0,0.0,0.0,120.19999999999531,0.1360232945091514,0.035357737104825294,0.0,3829.4697964765805
BT-v2,bt,0.0,2,,-1,-1,BT-v2,10087,1,0.5,0,1,0,timeout,120.19999999999531,0.0,0.0,0.0,120.19999999999531,0.14392678868552414,0.04284525790349417,0.0,
BT-v2,bt,0.0,2,,-1,-1,BT-v2,10088,0,0.5,0,1,0,timeout,120.19999999999531,7.5,0.0,0.3,120.19999999999531,0.14517470881863562,0.0,0.014559068219633943,3749.446144577861
BT-v2,bt,0.0,2,,-1,-1,BT-v2,10088,1,0.5,0,1,0,timeout,120.19999999999531,0.0,7.5,0.0,120.19999999999531,0.16098169717138103,0.0,0.014559068219633943,
BT-v2,bt,0.0,2,,-1,-1,BT-v2,10089,0,1.0,1,0,0,gun_kill,27.80000000000026,100.0,0.0,3.999999999999994,27.80000000000026,0.0,0.0,0.0,6316.416237161987
BT-v2,bt,0.0,2,,-1,-1,BT-v2,10089,1,0.0,0,0,1,gun_kill,27.80000000000026,0.0,100.0,0.0,27.80000000000026,0.0,0.0,0.0,
BT-v2,bt,0.0,2,,-1,-1,BT-v2,10090,0,1.0,1,0,0,crash,109.14999999999594,0.0,0.0,0.0,109.14999999999594,0.27110091743119263,0.016055045871559634,0.013302752293577982,3092.330850722014
BT-v2,bt,0.0,2,,-1,-1,BT-v2,10090,1,0.0,0,0,1,crash,109.14999999999594,0.0,0.0,0.0,109.14999999999594,0.28394495412844034,0.016055045871559634,0.013302752293577982,
BT-v2,bt,0.0,2,,-1,-1,BT-v2,10091,0,1.0,1,0,0,crash,118.5999999999954,0.0,0.0,0.0,118.5999999999954,0.2635135135135135,0.0625,0.0,3301.1423253674425
BT-v2,bt,0.0,2,,-1,-1,BT-v2,10091,1,0.0,0,0,1,crash,118.5999999999954,0.0,0.0,0.0,118.5999999999954,0.2635135135135135,0.05869932432432432,0.0,
BT-v2,bt,0.0,2,,-1,-1,BT-v2,10092,0,0.5,0,1,0,collision,4.449999999999992,0.0,6.25,0.0,4.449999999999992,0.0,0.0,0.09090909090909091,6568.779962520798
BT-v2,bt,0.0,2,,-1,-1,BT-v2,10092,1,0.5,0,1,0,collision,4.449999999999992,6.25,0.0,0.25,4.449999999999992,0.0,0.0,0.09090909090909091,
BT-v2,bt,0.0,2,,-1,-1,BT-v2,10093,0,0.5,0,1,0,timeout,120.19999999999531,6.25,0.0,0.25,120.19999999999531,0.0,0.0,0.0024958402662229617,4635.080090011391
BT-v2,bt,0.0,2,,-1,-1,BT-v2,10093,1,0.5,0,1,0,timeout,120.19999999999531,0.0,6.25,0.0,120.19999999999531,0.0,0.0,0.0024958402662229617,
BT-v2,bt,0.0,2,,-1,-1,BT-v2,10094,0,1.0,1,0,0,crash,113.54999999999569,0.0,12.5,0.0,113.54999999999569,0.26763668430335097,0.06040564373897707,0.004409171075837742,3265.926716024821
BT-v2,bt,0.0,2,,-1,-1,BT-v2,10094,1,0.0,0,0,1,crash,113.54999999999569,12.5,0.0,0.49999999999999994,113.54999999999569,0.27645502645502645,0.05864197530864197,0.004409171075837742,
BT-v2,bt,0.0,2,,-1,-1,BT-v2,10095,0,0.5,0,1,0,timeout,120.19999999999531,0.0,6.25,0.0,120.19999999999531,0.08277870216306156,0.0,0.0,4052.123178186995
BT-v2,bt,0.0,2,,-1,-1,BT-v2,10095,1,0.5,0,1,0,timeout,120.19999999999531,6.25,0.0,0.25,120.19999999999531,0.08111480865224625,0.0,0.0,
BT-v2,bt,0.0,2,,-1,-1,BT-v2,10096,0,0.5,0,1,0,timeout,120.19999999999531,0.0,12.5,0.0,120.19999999999531,0.16181364392678868,0.05490848585690516,0.0033277870216306157,3561.8468556533617
BT-v2,bt,0.0,2,,-1,-1,BT-v2,10096,1,0.5,0,1,0,timeout,120.19999999999531,12.5,0.0,0.49999999999999994,120.19999999999531,0.16264559068219633,0.06156405990016639,0.0033277870216306157,
BT-v2,bt,0.0,2,,-1,-1,BT-v2,10097,0,0.5,0,1,0,timeout,120.19999999999531,0.0,0.0,0.0,120.19999999999531,0.0,0.04866888519134775,0.0,4600.096765323735
BT-v2,bt,0.0,2,,-1,-1,BT-v2,10097,1,0.5,0,1,0,timeout,120.19999999999531,0.0,0.0,0.0,120.19999999999531,0.0,0.06198003327787022,0.0,
BT-v2,bt,0.0,2,,-1,-1,BT-v2,10098,0,0.5,0,1,0,timeout,120.19999999999531,0.0,0.0,0.0,120.19999999999531,0.20424292845257905,0.021214642262895173,0.004991680532445923,3379.5769599150376
BT-v2,bt,0.0,2,,-1,-1,BT-v2,10098,1,0.5,0,1,0,timeout,120.19999999999531,0.0,0.0,0.0,120.19999999999531,0.2050748752079867,0.021214642262895173,0.004991680532445923,
BT-v2,bt,0.0,2,,-1,-1,BT-v2,10099,0,0.0,0,0,1,crash,116.39999999999553,0.0,0.0,0.0,116.39999999999553,0.26592082616179,0.0,0.0,3196.942747724677
BT-v2,bt,0.0,2,,-1,-1,BT-v2,10099,1,1.0,1,0,0,crash,116.39999999999553,0.0,0.0,0.0,116.39999999999553,0.26592082616179,0.0,0.0,
BT-v2,bt,0.0,2,,-1,-1,BT-v3,10000,0,0.5,0,1,0,timeout,120.19999999999531,92.5,0.0,3.699999999999995,120.19999999999531,0.0,0.023710482529118136,0.004991680532445923,4086.3575682705564
BT-v2,bt,0.0,2,,-1,-1,BT-v3,10000,1,0.5,0,1,0,collision,6.299999999999986,0.0,0.0,0.0,6.299999999999986,0.0,0.49193548387096775,0.056451612903225805,
BT-v2,bt,0.0,2,,-1,-1,BT-v3,10001,0,0.5,0,1,0,timeout,120.19999999999531,0.0,57.5,0.0,120.19999999999531,0.0,0.0,0.0,5050.443024595703
BT-v2,bt,0.0,2,,-1,-1,BT-v3,10001,1,0.5,0,1,0,timeout,120.19999999999531,18.75,0.0,0.7500000000000001,120.19999999999531,0.0,0.0,0.0,
BT-v2,bt,0.0,2,,-1,-1,BT-v3,10002,0,0.5,0,1,0,timeout,120.19999999999531,0.0,5.0,0.0,120.19999999999531,0.0,0.033277870216306155,0.0,4301.434337698626
BT-v2,bt,0.0,2,,-1,-1,BT-v3,10002,1,0.5,0,1,0,timeout,120.19999999999531,98.75,0.0,3.949999999999994,120.19999999999531,0.0,0.033277870216306155,0.0,
BT-v2,bt,0.0,2,,-1,-1,BT-v3,10003,0,0.5,0,1,0,timeout,120.19999999999531,0.0,32.5,0.0,120.19999999999531,0.0,0.06530782029950083,0.0,5055.948652413039
BT-v2,bt,0.0,2,,-1,-1,BT-v3,10003,1,0.5,0,1,0,timeout,120.19999999999531,0.0,0.0,0.0,120.19999999999531,0.0,0.0694675540765391,0.0,
BT-v2,bt,0.0,2,,-1,-1,BT-v3,10004,0,0.5,0,1,0,timeout,120.19999999999531,0.0,62.5,0.0,120.19999999999531,0.0,0.02038269550748752,0.0,4873.163623464431
BT-v2,bt,0.0,2,,-1,-1,BT-v3,10004,1,1.0,1,0,0,gun_kill,113.69999999999568,100.0,0.0,3.999999999999994,113.69999999999568,0.0,0.023767605633802816,0.0,
BT-v2,bt,0.0,2,,-1,-1,BT-v3,10005,0,1.0,1,0,0,gun_kill,104.24999999999622,100.0,7.5,3.999999999999994,104.24999999999622,0.0,0.11036468330134357,0.0033589251439539347,3810.45943207858
BT-v2,bt,0.0,2,,-1,-1,BT-v3,10005,1,1.0,1,0,0,gun_kill,47.94999999999941,100.0,0.0,3.999999999999994,47.94999999999941,0.0,0.2803347280334728,0.0020920502092050207,
BT-v2,bt,0.0,2,,-1,-1,BT-v3,10006,0,1.0,1,0,0,gun_kill,107.74999999999602,100.0,15.0,3.999999999999994,107.74999999999602,0.0,0.00929368029739777,0.0,4032.9434703578413
BT-v2,bt,0.0,2,,-1,-1,BT-v3,10006,1,1.0,1,0,0,gun_kill,93.54999999999683,100.0,0.0,3.999999999999994,93.54999999999683,0.0,0.011241970021413276,0.0,
BT-v2,bt,0.0,2,,-1,-1,BT-v3,10007,0,0.5,0,1,0,timeout,120.19999999999531,96.25,7.5,3.8499999999999943,120.19999999999531,0.0,0.022462562396006656,0.005823627287853577,3795.075512731122
BT-v2,bt,0.0,2,,-1,-1,BT-v3,10007,1,1.0,1,0,0,gun_kill,108.74999999999596,100.0,0.0,3.999999999999994,108.74999999999596,0.0,0.024861878453038673,0.0,
BT-v2,bt,0.0,2,,-1,-1,BT-v3,10008,0,1.0,1,0,0,gun_kill,108.79999999999596,100.0,11.25,3.999999999999994,108.79999999999596,0.0,0.034530386740331494,0.0,4075.1808137738703
BT-v2,bt,0.0,2,,-1,-1,BT-v3,10008,1,1.0,1,0,0,gun_kill,64.79999999999846,100.0,0.0,3.999999999999994,64.79999999999846,0.0,0.05959752321981424,0.020123839009287926,
BT-v2,bt,0.0,2,,-1,-1,BT-v3,10009,0,0.5,0,1,0,timeout,120.19999999999531,52.5,2.5,2.1000000000000005,120.19999999999531,0.0,0.02870216306156406,0.006239600665557404,4246.58232284462
BT-v2,bt,0.0,2,,-1,-1,BT-v3,10009,1,0.5,0,1,0,timeout,120.19999999999531,7.5,0.0,0.3,120.19999999999531,0.0,0.028286189683860232,0.005823627287853577,
BT-v2,bt,0.0,2,,-1,-1,BT-v3,10010,0,1.0,1,0,0,gun_kill,85.3499999999973,100.0,0.0,3.999999999999994,85.3499999999973,0.0,0.09624413145539906,0.013497652582159625,3590.0881764857363
BT-v2,bt,0.0,2,,-1,-1,BT-v3,10010,1,1.0,1,0,0,gun_kill,86.74999999999721,100.0,20.0,3.999999999999994,86.74999999999721,0.0,0.08718244803695151,0.004618937644341801,
BT-v2,bt,0.0,2,,-1,-1,BT-v3,10011,0,0.5,0,1,0,timeout,120.19999999999531,77.5,17.5,3.099999999999997,120.19999999999531,0.0,0.0,0.011647254575707155,4277.664725505894
BT-v2,bt,0.0,2,,-1,-1,BT-v3,10011,1,1.0,1,0,0,gun_kill,116.44999999999553,100.0,0.0,3.999999999999994,116.44999999999553,0.0,0.0,0.00859106529209622,
BT-v2,bt,0.0,2,,-1,-1,BT-v3,10012,0,1.0,1,0,0,gun_kill,102.69999999999631,100.0,0.0,3.999999999999994,102.69999999999631,0.0,0.07504873294346978,0.0,3737.1817813958146
BT-v2,bt,0.0,2,,-1,-1,BT-v3,10012,1,1.0,1,0,0,gun_kill,103.34999999999627,100.0,0.0,3.999999999999994,103.34999999999627,0.0,0.08284883720930232,0.02131782945736434,
BT-v2,bt,0.0,2,,-1,-1,BT-v3,10013,0,1.0,1,0,0,gun_kill,114.09999999999566,100.0,0.0,3.999999999999994,114.09999999999566,0.0,0.034210526315789476,0.013596491228070176,4183.43920419091
BT-v2,bt,0.0,2,,-1,-1,BT-v3,10013,1,0.5,0,1,0,timeout,120.19999999999531,93.75,0.0,3.7499999999999947,120.19999999999531,0.0,0.03494176372712146,0.0,
BT-v2,bt,0.0,2,,-1,-1,BT-v3,10014,0,1.0,1,0,0,gun_kill,115.0999999999956,100.0,0.0,3.999999999999994,115.0999999999956,0.0,0.0,0.011739130434782608,4490.15184111031
BT-v2,bt,0.0,2,,-1,-1,BT-v3,10014,1,1.0,1,0,0,gun_kill,117.19999999999548,100.0,0.0,3.999999999999994,117.19999999999548,0.0,0.0,0.0,
BT-v2,bt,0.0,2,,-1,-1,BT-v3,10015,0,0.5,0,1,0,timeout,120.19999999999531,55.0,33.75,2.2,120.19999999999531,0.0,0.0,0.0,4071.37620642282
BT-v2,bt,0.0,2,,-1,-1,BT-v3,10015,1,1.0,1,0,0,gun_kill,113.4499999999957,100.0,0.0,3.999999999999994,113.4499999999957,0.0,0.0,0.0,
BT-v2,bt,0.0,2,,-1,-1,BT-v3,10016,0,1.0,1,0,0,gun_kill,105.39999999999615,100.0,0.0,3.999999999999994,105.39999999999615,0.0,0.0,0.0,3760.9383169307453
BT-v2,bt,0.0,2,,-1,-1,BT-v3,10016,1,1.0,1,0,0,gun_kill,100.24999999999645,100.0,7.5,3.999999999999994,100.24999999999645,0.0,0.0,0.02694610778443114,
BT-v2,bt,0.0,2,,-1,-1,BT-v3,10017,0,0.5,0,1,0,timeout,120.19999999999531,0.0,58.75,0.0,120.19999999999531,0.0,0.02870216306156406,0.0,5142.619046567081
BT-v2,bt,0.0,2,,-1,-1,BT-v3,10017,1,1.0,1,0,0,gun_kill,28.50000000000027,100.0,0.0,3.999999999999994,28.50000000000027,0.0,0.17077464788732394,0.0,
BT-v2,bt,0.0,2,,-1,-1,BT-v3,10018,0,1.0,1,0,0,gun_kill,113.89999999999567,100.0,0.0,3.999999999999994,113.89999999999567,0.0,0.015817223198594025,0.0,3978.289149703711
BT-v2,bt,0.0,2,,-1,-1,BT-v3,10018,1,1.0,1,0,0,gun_kill,116.34999999999553,100.0,0.0,3.999999999999994,116.34999999999553,0.0,0.015920826161790018,0.0,
BT-v2,bt,0.0,2,,-1,-1,BT-v3,10019,0,1.0,1,0,0,gun_kill,116.24999999999554,100.0,0.0,3.999999999999994,116.24999999999554,0.0,0.0,0.0,4135.3922319283865
BT-v2,bt,0.0,2,,-1,-1,BT-v3,10019,1,0.5,0,1,0,timeout,120.19999999999531,58.75,0.0,2.3499999999999996,120.19999999999531,0.0,0.0,0.0,
BT-v2,bt,0.0,2,,-1,-1,BT-v3,10020,0,0.5,0,1,0,timeout,120.19999999999531,0.0,0.0,0.0,120.19999999999531,0.0,0.0,0.0,4756.325859202493
BT-v2,bt,0.0,2,,-1,-1,BT-v3,10020,1,0.5,0,1,0,collision,4.199999999999993,0.0,1.25,0.0,4.199999999999993,0.0,0.0,0.075,
BT-v2,bt,0.0,2,,-1,-1,BT-v3,10021,0,1.0,1,0,0,gun_kill,119.79999999999534,100.0,0.0,3.999999999999994,119.79999999999534,0.0,0.06312709030100334,0.004180602006688963,3696.304607111428
BT-v2,bt,0.0,2,,-1,-1,BT-v3,10021,1,1.0,1,0,0,gun_kill,89.14999999999708,100.0,0.0,3.999999999999994,89.14999999999708,0.0,0.09101123595505618,0.006741573033707865,
BT-v2,bt,0.0,2,,-1,-1,BT-v3,10022,0,0.5,0,1,0,timeout,120.19999999999531,60.0,0.0,2.3999999999999995,120.19999999999531,0.0,0.035357737104825294,0.0,4513.297433773275
BT-v2,bt,0.0,2,,-1,-1,BT-v3,10022,1,0.5,0,1,0,timeout,120.19999999999531,0.0,0.0,0.0,120.19999999999531,0.0,0.03494176372712146,0.005407653910149751,
BT-v2,bt,0.0,2,,-1,-1,BT-v3,10023,0,0.5,0,1,0,timeout,120.19999999999531,0.0,0.0,0.0,120.19999999999531,0.0,0.03494176372712146,0.0,5103.277184370962
BT-v2,bt,0.0,2,,-1,-1,BT-v3,10023,1,0.5,0,1,0,timeout,120.19999999999531,0.0,0.0,0.0,120.19999999999531,0.0,0.03826955074875208,0.0,
BT-v2,bt,0.0,2,,-1,-1,BT-v3,10024,0,1.0,1,0,0,gun_kill,87.54999999999717,100.0,0.0,3.999999999999994,87.54999999999717,0.0,0.043478260869565216,0.0,4162.537340319311
BT-v2,bt,0.0,2,,-1,-1,BT-v3,10024,1,1.0,1,0,0,gun_kill,108.64999999999597,100.0,18.75,3.999999999999994,108.64999999999597,0.0,0.0363720073664825,0.0,
BT-v2,bt,0.0,2,,-1,-1,BT-v3,10025,0,0.5,0,1,0,timeout,120.19999999999531,0.0,28.75,0.0,120.19999999999531,0.0,0.03369384359400998,0.0,5519.895290448406
BT-v2,bt,0.0,2,,-1,-1,BT-v3,10025,1,0.5,0,1,0,timeout,120.19999999999531,0.0,0.0,0.0,120.19999999999531,0.0,0.03369384359400998,0.0,
BT-v2,bt,0.0,2,,-1,-1,BT-v3,10026,0,1.0,1,0,0,gun_kill,98.49999999999655,100.0,0.0,3.999999999999994,98.49999999999655,0.0,0.07723577235772358,0.0,4240.380934997062
BT-v2,bt,0.0,2,,-1,-1,BT-v3,10026,1,1.0,1,0,0,gun_kill,109.44999999999592,100.0,2.5,3.999999999999994,109.44999999999592,0.0,0.062157221206581355,0.0009140767824497258,
BT-v2,bt,0.0,2,,-1,-1,BT-v3,10027,0,1.0,1,0,0,gun_kill,39.54999999999989,100.0,0.0,3.999999999999994,39.54999999999989,0.0,0.282994923857868,0.0,4436.197860434461
BT-v2,bt,0.0,2,,-1,-1,BT-v3,10027,1,1.0,1,0,0,gun_kill,48.89999999999936,100.0,23.75,3.999999999999994,48.89999999999936,0.0,0.23258196721311475,0.0030737704918032786,
BT-v2,bt,0.0,2,,-1,-1,BT-v3,10028,0,0.5,0,1,0,timeout,120.19999999999531,72.5,17.5,2.8999999999999977,120.19999999999531,0.0,0.0,0.005407653910149751,3956.6766606831943
BT-v2,bt,0.0,2,,-1,-1,BT-v3,10028,1,1.0,1,0,0,gun_kill,94.59999999999677,100.0,0.0,3.999999999999994,94.59999999999677,0.0,0.0,0.0,
BT-v2,bt,0.0,2,,-1,-1,BT-v3,10029,0,1.0,1,0,0,gun_kill,108.84999999999596,100.0,0.0,3.999999999999994,108.84999999999596,0.0,0.0,0.0,4327.129760878637
BT-v2,bt,0.0,2,,-1,-1,BT-v3,10029,1,1.0,1,0,0,gun_kill,103.24999999999628,100.0,0.0,3.999999999999994,103.24999999999628,0.0,0.0,0.0,
BT-v2,bt,0.0,2,,-1,-1,BT-v3,10030,0,1.0,1,0,0,gun_kill,118.5999999999954,100.0,28.75,3.999999999999994,118.5999999999954,0.0,0.0785472972972973,0.01393581081081081,3638.363510485833
BT-v2,bt,0.0,2,,-1,-1,BT-v3,10030,1,1.0,1,0,0,gun_kill,81.54999999999751,100.0,0.0,3.999999999999994,81.54999999999751,0.0,0.1038083538083538,0.0036855036855036856,
BT-v2,bt,0.0,2,,-1,-1,BT-v3,10031,0,1.0,1,0,0,gun_kill,87.79999999999715,100.0,0.0,3.999999999999994,87.79999999999715,0.0,0.10331050228310502,0.0,3974.688727006792
BT-v2,bt,0.0,2,,-1,-1,BT-v3,10031,1,1.0,1,0,0,gun_kill,98.74999999999653,100.0,0.0,3.999999999999994,98.74999999999653,0.0,0.09127789046653144,0.0,
BT-v2,bt,0.0,2,,-1,-1,BT-v3,10032,0,1.0,1,0,0,gun_kill,110.34999999999587,100.0,0.0,3.999999999999994,110.34999999999587,0.0,0.029491833030852996,0.004537205081669692,4048.463146559838
BT-v2,bt,0.0,2,,-1,-1,BT-v3,10032,1,0.5,0,1,0,collision,17.30000000000011,0.0,0.0,0.0,17.30000000000011,0.0,0.18895348837209303,0.029069767441860465,
BT-v2,bt,0.0,2,,-1,-1,BT-v3,10033,0,0.5,0,1,0,timeout,120.19999999999531,48.75,0.0,1.950000000000001,120.19999999999531,0.0,0.010815307820299502,0.0,4352.447909262616
BT-v2,bt,0.0,2,,-1,-1,BT-v3,10033,1,0.5,0,1,0,collision,4.149999999999993,0.0,3.75,0.0,4.149999999999993,0.0,0.325,0.0875,
BT-v2,bt,0.0,2,,-1,-1,BT-v3,10034,0,0.5,0,1,0,timeout,120.19999999999531,0.0,23.75,0.0,120.19999999999531,0.0,0.02870216306156406,0.0,4711.986549979581
BT-v2,bt,0.0,2,,-1,-1,BT-v3,10034,1,0.5,0,1,0,timeout,120.19999999999531,71.25,0.0,2.849999999999998,120.19999999999531,0.0,0.02870216306156406,0.004991680532445923,
BT-v2,bt,0.0,2,,-1,-1,BT-v3,10035,0,1.0,1,0,0,gun_kill,99.1999999999965,100.0,26.25,3.999999999999994,99.1999999999965,0.0,0.022727272727272728,0.00808080808080808,3710.848700516983
BT-v2,bt,0.0,2,,-1,-1,BT-v3,10035,1,1.0,1,0,0,gun_kill,90.09999999999702,100.0,0.0,3.999999999999994,90.09999999999702,0.0,0.025,0.0,
BT-v2,bt,0.0,2,,-1,-1,BT-v3,10036,0,1.0,1,0,0,gun_kill,107.999999999996,100.0,15.0,3.999999999999994,107.999999999996,0.0,0.01020408163265306,0.01855287569573284,3799.5326802320196
BT-v2,bt,0.0,2,,-1,-1,BT-v3,10036,1,1.0,1,0,0,gun_kill,91.19999999999696,100.0,0.0,3.999999999999994,91.19999999999696,0.0,0.010439560439560439,0.007692307692307693,
BT-v2,bt,0.0,2,,-1,-1,BT-v3,10037,0,1.0,1,0,0,gun_kill,101.54999999999637,100.0,0.0,3.999999999999994,101.54999999999637,0.0,0.07692307692307693,0.0,3928.9123640690996
BT-v2,bt,0.0,2,,-1,-1,BT-v3,10037,1,1.0,1,0,0,gun_kill,110.84999999999584,100.0,0.0,3.999999999999994,110.84999999999584,0.0,0.08935018050541517,0.0,
BT-v2,bt,0.0,2,,-1,-1,BT-v3,10038,0,0.5,0,1,0,timeout,120.19999999999531,0.0,11.25,0.0,120.19999999999531,0.0,0.0262063227953411,0.0,5188.67435886572
BT-v2,bt,0.0,2,,-1,-1,BT-v3,10038,1,1.0,1,0,0,gun_kill,119.64999999999534,100.0,0.0,3.999999999999994,119.64999999999534,0.0,0.026337792642140468,0.0,
BT-v2,bt,0.0,2,,-1,-1,BT-v3,10039,0,1.0,1,0,0,gun_kill,41.79999999999976,100.0,0.0,3.999999999999994,41.79999999999976,0.0,0.054086538461538464,0.0,4159.877390550208
BT-v2,bt,0.0,2,,-1,-1,BT-v3,10039,1,1.0,1,0,0,gun_kill,91.29999999999696,100.0,22.5,3.999999999999994,91.29999999999696,0.0,0.02412280701754386,0.006578947368421052,
BT-v2,bt,0.0,2,,-1,-1,BT-v3,10040,0,1.0,1,0,0,gun_kill,117.59999999999546,100.0,21.25,3.999999999999994,117.59999999999546,0.0,0.0,0.005110732538330494,4411.7457929875445
BT-v2,bt,0.0,2,,-1,-1,BT-v3,10040,1,1.0,1,0,0,gun_kill,105.49999999999615,100.0,0.0,3.999999999999994,105.49999999999615,0.0,0.0,0.004269449715370019,
BT-v2,bt,0.0,2,,-1,-1,BT-v3,10041,0,1.0,1,0,0,gun_kill,107.64999999999603,100.0,0.0,3.999999999999994,107.64999999999603,0.0,0.019052044609665426,0.0,3544.9032193410453
BT-v2,bt,0.0,2,,-1,-1,BT-v3,10041,1,1.0,1,0,0,gun_kill,106.54999999999609,100.0,0.0,3.999999999999994,106.54999999999609,0.0,0.01832706766917293,0.0,
BT-v2,bt,0.0,2,,-1,-1,BT-v3,10042,0,0.5,0,1,0,timeout,120.19999999999531,63.75,0.0,2.549999999999999,120.19999999999531,0.0,0.04409317803660566,0.010815307820299502,4330.331397492117
BT-v2,bt,0.0,2,,-1,-1,BT-v3,10042,1,0.5,0,1,0,timeout,120.19999999999531,0.0,0.0,0.0,120.19999999999531,0.0,0.04118136439267887,0.006239600665557404,
BT-v2,bt,0.0,2,,-1,-1,BT-v3,10043,0,0.5,0,1,0,collision,13.950000000000063,0.0,0.0,0.0,13.950000000000063,0.0,0.0,0.03260869565217391,5553.675349385818
BT-v2,bt,0.0,2,,-1,-1,BT-v3,10043,1,1.0,1,0,0,gun_kill,119.04999999999538,100.0,0.0,3.999999999999994,119.04999999999538,0.0,0.0,0.0,
BT-v2,bt,0.0,2,,-1,-1,BT-v3,10044,0,0.5,0,1,0,timeout,120.19999999999531,0.0,0.0,0.0,120.19999999999531,0.0,0.0,0.0,4646.913589546486
BT-v2,bt,0.0,2,,-1,-1,BT-v3,10044,1,0.5,0,1,0,timeout,120.19999999999531,48.75,0.0,1.950000000000001,120.19999999999531,0.0,0.0,0.0,
BT-v2,bt,0.0,2,,-1,-1,BT-v3,10045,0,0.5,0,1,0,timeout,120.19999999999531,0.0,0.0,0.0,120.19999999999531,0.0,0.033277870216306155,0.0,5448.663490390459
BT-v2,bt,0.0,2,,-1,-1,BT-v3,10045,1,0.5,0,1,0,timeout,120.19999999999531,0.0,0.0,0.0,120.19999999999531,0.0,0.040349417637271213,0.0,
BT-v2,bt,0.0,2,,-1,-1,BT-v3,10046,0,1.0,1,0,0,gun_kill,98.44999999999655,100.0,0.0,3.999999999999994,98.44999999999655,0.0,0.11382113821138211,0.0,3867.3172970494775
BT-v2,bt,0.0,2,,-1,-1,BT-v3,10046,1,0.5,0,1,0,timeout,120.19999999999531,0.0,18.75,0.0,120.19999999999531,0.0,0.12895174708818635,0.0,
BT-v2,bt,0.0,2,,-1,-1,BT-v3,10047,0,1.0,1,0,0,gun_kill,95.24999999999673,100.0,0.0,3.999999999999994,95.24999999999673,0.0,0.009978991596638655,0.0,3702.581648837431
BT-v2,bt,0.0,2,,-1,-1,BT-v3,10047,1,1.0,1,0,0,gun_kill,108.59999999999597,100.0,0.0,3.999999999999994,108.59999999999597,0.0,0.008763837638376383,0.0,
BT-v2,bt,0.0,2,,-1,-1,BT-v3,10048,0,0.5,0,1,0,timeout,120.19999999999531,0.0,92.5,0.0,120.19999999999531,0.0,0.02329450915141431,0.0,5838.308008439291
BT-v2,bt,0.0,2,,-1,-1,BT-v3,10048,1,1.0,1,0,0,gun_kill,98.39999999999655,100.0,0.0,3.999999999999994,98.39999999999655,0.0,0.03665987780040733,0.0,
BT-v2,bt,0.0,2,,-1,-1,BT-v3,10049,0,0.5,0,1,0,timeout,120.19999999999531,0.0,0.0,0.0,120.19999999999531,0.0,0.052828618968386025,0.0,4695.198424715337
BT-v2,bt,0.0,2,,-1,-1,BT-v3,10049,1,1.0,1,0,0,gun_kill,117.59999999999546,100.0,0.0,3.999999999999994,117.59999999999546,0.0,0.05706984667802385,0.0,
BT-v2,bt,0.0,2,,-1,-1,BT-v3,10050,0,1.0,1,0,0,gun_kill,114.24999999999565,100.0,0.0,3.999999999999994,114.24999999999565,0.0,0.027583187390542906,0.00394045534150613,3779.432444211403
BT-v2,bt,0.0,2,,-1,-1,BT-v3,10050,1,1.0,1,0,0,gun_kill,116.54999999999552,100.0,0.0,3.999999999999994,116.54999999999552,0.0,0.027061855670103094,0.006013745704467354,
BT-v2,bt,0.0,2,,-1,-1,BT-v3,10051,0,0.5,0,1,0,timeout,120.19999999999531,45.0,0.0,1.800000000000001,120.19999999999531,0.0,0.07653910149750416,0.0037437603993344427,3838.8307761407664
BT-v2,bt,0.0,2,,-1,-1,BT-v3,10051,1,1.0,1,0,0,gun_kill,103.79999999999625,100.0,0.0,3.999999999999994,103.79999999999625,0.0,0.0916988416988417,0.002413127413127413,
BT-v2,bt,0.0,2,,-1,-1,BT-v3,10052,0,1.0,1,0,0,gun_kill,112.54999999999575,100.0,0.0,3.999999999999994,112.54999999999575,0.0,0.029804270462633453,0.006227758007117438,4154.13609727367
BT-v2,bt,0.0,2,,-1,-1,BT-v3,10052,1,0.5,0,1,0,collision,6.499999999999985,0.0,0.0,0.0,6.499999999999985,0.0,0.5,0.046875,
BT-v2,bt,0.0,2,,-1,-1,BT-v3,10053,0,0.5,0,1,0,timeout,120.19999999999531,46.25,0.0,1.850000000000001,120.19999999999531,0.0,0.0,0.0,4611.424065776699
BT-v2,bt,0.0,2,,-1,-1,BT-v3,10053,1,0.5,0,1,0,timeout,120.19999999999531,0.0,10.0,0.0,120.19999999999531,0.0,0.0,0.0016638935108153079,
BT-v2,bt,0.0,2,,-1,-1,BT-v3,10054,0,1.0,1,0,0,gun_kill,103.49999999999626,100.0,0.0,3.999999999999994,103.49999999999626,0.0,0.0,0.0,3350.827216900323
BT-v2,bt,0.0,2,,-1,-1,BT-v3,10054,1,1.0,1,0,0,gun_kill,94.49999999999677,100.0,2.5,3.999999999999994,94.49999999999677,0.0,0.0,0.0,
BT-v2,bt,0.0,2,,-1,-1,BT-v3,10055,0,1.0,1,0,0,gun_kill,75.74999999999784,100.0,0.0,3.999999999999994,75.74999999999784,0.0,0.007936507936507936,0.012566137566137565,3808.622924370672
BT-v2,bt,0.0,2,,-1,-1,BT-v3,10055,1,1.0,1,0,0,gun_kill,89.89999999999704,100.0,5.0,3.999999999999994,89.89999999999704,0.0,0.0066815144766146995,0.0,
BT-v2,bt,0.0,2,,-1,-1,BT-v3,10056,0,1.0,1,0,0,gun_kill,94.39999999999678,100.0,0.0,3.999999999999994,94.39999999999678,0.0,0.06528662420382166,0.004777070063694267,4030.738289968707
BT-v2,bt,0.0,2,,-1,-1,BT-v3,10056,1,1.0,1,0,0,gun_kill,104.34999999999621,100.0,0.0,3.999999999999994,104.34999999999621,0.0,0.06669865642994242,0.0,
BT-v2,bt,0.0,2,,-1,-1,BT-v3,10057,0,1.0,1,0,0,gun_kill,93.89999999999681,100.0,0.0,3.999999999999994,93.89999999999681,0.0,0.0,0.0,3997.442763549131
BT-v2,bt,0.0,2,,-1,-1,BT-v3,10057,1,1.0,1,0,0,gun_kill,109.29999999999593,100.0,3.75,3.999999999999994,109.29999999999593,0.0,0.0,0.0,
BT-v2,bt,0.0,2,,-1,-1,BT-v3,10058,0,1.0,1,0,0,gun_kill,93.34999999999684,100.0,0.0,3.999999999999994,93.34999999999684,0.0,0.06223175965665236,0.0,3432.2847507823226
BT-v2,bt,0.0,2,,-1,-1,BT-v3,10058,1,1.0,1,0,0,gun_kill,95.59999999999671,100.0,13.75,3.999999999999994,95.59999999999671,0.0,0.0660377358490566,0.007861635220125786,
BT-v2,bt,0.0,2,,-1,-1,BT-v3,10059,0,1.0,1,0,0,gun_kill,113.3499999999957,100.0,0.0,3.999999999999994,113.3499999999957,0.0,0.0035335689045936395,0.0,4463.117878084931
BT-v2,bt,0.0,2,,-1,-1,BT-v3,10059,1,0.5,0,1,0,timeout,120.19999999999531,58.75,0.0,2.3499999999999996,120.19999999999531,0.0,0.0033277870216306157,0.0,
BT-v2,bt,0.0,2,,-1,-1,BT-v3,10060,0,0.5,0,1,0,timeout,120.19999999999531,63.75,0.0,2.549999999999999,120.19999999999531,0.0,0.02745424292845258,0.0066555740432612314,4402.132987179286
BT-v2,bt,0.0,2,,-1,-1,BT-v3,10060,1,0.5,0,1,0,collision,5.899999999999987,0.0,0.0,0.0,5.899999999999987,0.0,0.5689655172413793,0.05172413793103448,
BT-v2,bt,0.0,2,,-1,-1,BT-v3,10061,0,0.5,0,1,0,timeout,120.19999999999531,97.5,11.25,3.899999999999994,120.19999999999531,0.0,0.04908485856905158,0.004991680532445923,4099.453513219822
BT-v2,bt,0.0,2,,-1,-1,BT-v3,10061,1,0.5,0,1,0,collision,11.150000000000023,0.0,0.0,0.0,11.150000000000023,0.0,0.5545454545454546,0.03636363636363636,
BT-v2,bt,0.0,2,,-1,-1,BT-v3,10062,0,0.5,0,1,0,timeout,120.19999999999531,81.25,7.5,3.2499999999999964,120.19999999999531,0.0,0.05449251247920133,0.0,4235.726842703892
BT-v2,bt,0.0,2,,-1,-1,BT-v3,10062,1,1.0,1,0,0,gun_kill,114.99999999999561,100.0,0.0,3.999999999999994,114.99999999999561,0.0,0.05879790940766551,0.0,
BT-v2,bt,0.0,2,,-1,-1,BT-v3,10063,0,1.0,1,0,0,gun_kill,111.5999999999958,100.0,8.75,3.999999999999994,111.5999999999958,0.0,0.018402154398563735,0.004488330341113106,3573.560947636083
BT-v2,bt,0.0,2,,-1,-1,BT-v3,10063,1,1.0,1,0,0,gun_kill,88.34999999999712,100.0,0.0,3.999999999999994,88.34999999999712,0.0,0.026077097505668934,0.0,
BT-v2,bt,0.0,2,,-1,-1,BT-v3,10064,0,0.5,0,1,0,timeout,120.19999999999531,0.0,77.5,0.0,120.19999999999531,0.0,0.02204658901830283,0.0,5103.464505749441
BT-v2,bt,0.0,2,,-1,-1,BT-v3,10064,1,0.5,0,1,0,timeout,120.19999999999531,26.25,0.0,1.0500000000000003,120.19999999999531,0.0,0.021630615640599003,0.0,
BT-v2,bt,0.0,2,,-1,-1,BT-v3,10065,0,1.0,1,0,0,gun_kill,99.64999999999648,100.0,0.0,3.999999999999994,99.64999999999648,0.0,0.03815261044176707,0.0,3656.4611728528694
BT-v2,bt,0.0,2,,-1,-1,BT-v3,10065,1,1.0,1,0,0,gun_kill,100.49999999999643,100.0,0.0,3.999999999999994,100.49999999999643,0.0,0.037848605577689244,0.00796812749003984,
BT-v2,bt,0.0,2,,-1,-1,BT-v3,10066,0,1.0,1,0,0,gun_kill,109.09999999999594,100.0,5.0,3.999999999999994,109.09999999999594,0.0,0.055504587155963306,0.016055045871559634,3725.854321766637
BT-v2,bt,0.0,2,,-1,-1,BT-v3,10066,1,1.0,1,0,0,gun_kill,88.7499999999971,100.0,0.0,3.999999999999994,88.7499999999971,0.0,0.05981941309255079,0.005079006772009029,
BT-v2,bt,0.0,2,,-1,-1,BT-v3,10067,0,0.5,0,1,0,timeout,120.19999999999531,0.0,12.5,0.0,120.19999999999531,0.0,0.014975041597337771,0.0,6703.10881851645
BT-v2,bt,0.0,2,,-1,-1,BT-v3,10067,1,0.5,0,1,0,timeout,120.19999999999531,8.75,0.0,0.35,120.19999999999531,0.0,0.015806988352745424,0.0,
BT-v2,bt,0.0,2,,-1,-1,BT-v3,10068,0,0.5,0,1,0,timeout,120.19999999999531,5.0,0.0,0.2,120.19999999999531,0.0,0.03951747088186356,0.0,4342.7519916769525
BT-v2,bt,0.0,2,,-1,-1,BT-v3,10068,1,0.5,0,1,0,collision,19.700000000000145,0.0,0.0,0.0,19.700000000000145,0.0,0.2423469387755102,0.02295918367346939,
BT-v2,bt,0.0,2,,-1,-1,BT-v3,10069,0,0.5,0,1,0,timeout,120.19999999999531,88.75,0.0,3.5499999999999954,120.19999999999531,0.0,0.008319467554076539,0.0,4119.26935947218
BT-v2,bt,0.0,2,,-1,-1,BT-v3,10069,1,0.5,0,1,0,collision,10.95000000000002,0.0,0.0,0.0,10.95000000000002,0.0,0.09259259259259259,0.037037037037037035,
BT-v2,bt,0.0,2,,-1,-1,BT-v3,10070,0,0.5,0,1,0,timeout,120.19999999999531,25.0,0.0,1.0000000000000002,120.19999999999531,0.0,0.010815307820299502,0.0,4696.982443463107
BT-v2,bt,0.0,2,,-1,-1,BT-v3,10070,1,0.5,0,1,0,collision,13.250000000000053,0.0,7.5,0.0,13.250000000000053,0.0,0.10984848484848485,0.08333333333333333,
BT-v2,bt,0.0,2,,-1,-1,BT-v3,10071,0,1.0,1,0,0,gun_kill,114.74999999999562,100.0,0.0,3.999999999999994,114.74999999999562,0.0,0.0,0.0,4279.286799143842
BT-v2,bt,0.0,2,,-1,-1,BT-v3,10071,1,1.0,1,0,0,gun_kill,110.49999999999586,100.0,0.0,3.999999999999994,110.49999999999586,0.0,0.0,0.0,
BT-v2,bt,0.0,2,,-1,-1,BT-v3,10072,0,1.0,1,0,0,gun_kill,112.59999999999575,100.0,26.25,3.999999999999994,112.59999999999575,0.0,0.0,0.0066725978647686835,4015.001378883764
BT-v2,bt,0.0,2,,-1,-1,BT-v3,10072,1,1.0,1,0,0,gun_kill,95.09999999999674,100.0,0.0,3.999999999999994,95.09999999999674,0.0,0.0,0.0,
BT-v2,bt,0.0,2,,-1,-1,BT-v3,10073,0,0.5,0,1,0,timeout,120.19999999999531,0.0,8.75,0.0,120.19999999999531,0.0,0.03826955074875208,0.0,4483.899667454253
BT-v2,bt,0.0,2,,-1,-1,BT-v3,10073,1,1.0,1,0,0,gun_kill,118.49999999999541,100.0,0.0,3.999999999999994,118.49999999999541,0.0,0.03885135135135135,0.0029560810810810812,
BT-v2,bt,0.0,2,,-1,-1,BT-v3,10074,0,0.5,0,1,0,timeout,120.19999999999531,0.0,0.0,0.0,120.19999999999531,0.0,0.05033277870216306,0.0,5139.014211894571
BT-v2,bt,0.0,2,,-1,-1,BT-v3,10074,1,0.5,0,1,0,timeout,120.19999999999531,0.0,0.0,0.0,120.19999999999531,0.0,0.04284525790349417,0.0,
BT-v2,bt,0.0,2,,-1,-1,BT-v3,10075,0,1.0,1,0,0,gun_kill,114.24999999999565,100.0,0.0,3.999999999999994,114.24999999999565,0.0,0.02276707530647986,0.0148861646234676,4555.867407856891
BT-v2,bt,0.0,2,,-1,-1,BT-v3,10075,1,0.5,0,1,0,timeout,120.19999999999531,46.25,0.0,1.850000000000001,120.19999999999531,0.0,0.02329450915141431,0.0,
BT-v2,bt,0.0,2,,-1,-1,BT-v3,10076,0,1.0,1,0,0,gun_kill,115.74999999999557,100.0,0.0,3.999999999999994,115.74999999999557,0.0,0.02162629757785467,0.0,4413.861568720643
BT-v2,bt,0.0,2,,-1,-1,BT-v3,10076,1,0.5,0,1,0,collision,7.649999999999981,0.0,0.0,0.0,7.649999999999981,0.0,0.32894736842105265,0.046052631578947366,
BT-v2,bt,0.0,2,,-1,-1,BT-v3,10077,0,1.0,1,0,0,gun_kill,87.94999999999715,100.0,0.0,3.999999999999994,87.94999999999715,0.0,0.02733485193621868,0.00683371298405467,3607.206918944599
BT-v2,bt,0.0,2,,-1,-1,BT-v3,10077,1,1.0,1,0,0,gun_kill,103.99999999999623,100.0,0.0,3.999999999999994,103.99999999999623,0.0,0.02023121387283237,0.0,
BT-v2,bt,0.0,2,,-1,-1,BT-v3,10078,0,0.5,0,1,0,timeout,120.19999999999531,0.0,0.0,0.0,120.19999999999531,0.0,0.04284525790349417,0.0,4949.5324339560275
BT-v2,bt,0.0,2,,-1,-1,BT-v3,10078,1,1.0,1,0,0,gun_kill,112.69999999999574,100.0,0.0,3.999999999999994,112.69999999999574,0.0,0.038632326820603906,0.0,
BT-v2,bt,0.0,2,,-1,-1,BT-v3,10079,0,1.0,1,0,0,gun_kill,93.29999999999684,100.0,0.0,3.999999999999994,93.29999999999684,0.0,0.0,0.004828326180257511,4292.010524583068
BT-v2,bt,0.0,2,,-1,-1,BT-v3,10079,1,1.0,1,0,0,gun_kill,112.24999999999577,100.0,8.75,3.999999999999994,112.24999999999577,0.0,0.0,0.005793226381461676,
BT-v2,bt,0.0,2,,-1,-1,BT-v3,10080,0,1.0,1,0,0,gun_kill,113.59999999999569,100.0,0.0,3.999999999999994,113.59999999999569,0.0,0.018077601410934743,0.0,3570.4331456391533
BT-v2,bt,0.0,2,,-1,-1,BT-v3,10080,1,1.0,1,0,0,gun_kill,91.09999999999697,100.0,0.0,3.999999999999994,91.09999999999697,0.0,0.022527472527472527,0.012637362637362638,
BT-v2,bt,0.0,2,,-1,-1,BT-v3,10081,0,0.5,0,1,0,collision,20.80000000000016,0.0,0.0,0.0,20.80000000000016,0.0,0.0,0.021844660194174758,5935.115660456581
BT-v2,bt,0.0,2,,-1,-1,BT-v3,10081,1,0.5,0,1,0,timeout,120.19999999999531,0.0,0.0,0.0,120.19999999999531,0.0,0.0,0.0012479201331114808,
BT-v2,bt,0.0,2,,-1,-1,BT-v3,10082,0,1.0,1,0,0,gun_kill,113.04999999999572,100.0,0.0,3.999999999999994,113.04999999999572,0.0,0.02079646017699115,0.0,4078.7017389210278
BT-v2,bt,0.0,2,,-1,-1,BT-v3,10082,1,0.5,0,1,0,collision,11.150000000000023,8.75,0.0,0.35,11.150000000000023,0.0,0.21363636363636362,0.03636363636363636,
BT-v2,bt,0.0,2,,-1,-1,BT-v3,10083,0,1.0,1,0,0,gun_kill,110.24999999999588,100.0,0.0,3.999999999999994,110.24999999999588,0.0,0.053992740471869326,0.0054446460980036296,4462.569826750924
BT-v2,bt,0.0,2,,-1,-1,BT-v3,10083,1,1.0,1,0,0,gun_kill,110.64999999999586,100.0,0.0,3.999999999999994,110.64999999999586,0.0,0.04701627486437613,0.0,
BT-v2,bt,0.0,2,,-1,-1,BT-v3,10084,0,1.0,1,0,0,gun_kill,107.29999999999605,100.0,0.0,3.999999999999994,107.29999999999605,0.0,0.0,0.010261194029850746,4437.318784174857
BT-v2,bt,0.0,2,,-1,-1,BT-v3,10084,1,0.5,0,1,0,collision,4.99999999999999,0.0,0.0,0.0,4.99999999999999,0.0,0.0,0.07291666666666667,
BT-v2,bt,0.0,2,,-1,-1,BT-v3,10085,0,1.0,1,0,0,gun_kill,97.39999999999661,100.0,0.0,3.999999999999994,97.39999999999661,0.0,0.0,0.007716049382716049,4359.653379826174
BT-v2,bt,0.0,2,,-1,-1,BT-v3,10085,1,1.0,1,0,0,gun_kill,113.4499999999957,100.0,13.75,3.999999999999994,113.4499999999957,0.0,0.0,0.0,
BT-v2,bt,0.0,2,,-1,-1,BT-v3,10086,0,0.5,0,1,0,timeout,120.19999999999531,92.5,0.0,3.699999999999995,120.19999999999531,0.0,0.0,0.0,4348.479651328194
BT-v2,bt,0.0,2,,-1,-1,BT-v3,10086,1,0.5,0,1,0,timeout,120.19999999999531,90.0,0.0,3.599999999999995,120.19999999999531,0.0,0.0,0.0,
BT-v2,bt,0.0,2,,-1,-1,BT-v3,10087,0,1.0,1,0,0,gun_kill,104.34999999999621,100.0,0.0,3.999999999999994,104.34999999999621,0.0,0.0446257197696737,0.0,4071.2993812708305
BT-v2,bt,0.0,2,,-1,-1,BT-v3,10087,1,1.0,1,0,0,gun_kill,104.34999999999621,100.0,0.0,3.999999999999994,104.34999999999621,0.0,0.04798464491362764,0.0,
BT-v2,bt,0.0,2,,-1,-1,BT-v3,10088,0,1.0,1,0,0,gun_kill,113.84999999999567,100.0,0.0,3.999999999999994,113.84999999999567,0.0,0.0,0.0,4040.477433749399
BT-v2,bt,0.0,2,,-1,-1,BT-v3,10088,1,0.5,0,1,0,timeout,120.19999999999531,76.25,0.0,3.049999999999997,120.19999999999531,0.0,0.0,0.004991680532445923,
BT-v2,bt,0.0,2,,-1,-1,BT-v3,10089,0,1.0,1,0,0,gun_kill,26.250000000000238,100.0,0.0,3.999999999999994,26.250000000000238,0.0,0.0,0.0,6293.20446833155
BT-v2,bt,0.0,2,,-1,-1,BT-v3,10089,1,0.5,0,1,0,timeout,120.19999999999531,0.0,0.0,0.0,120.19999999999531,0.0,0.0,0.0,
BT-v2,bt,0.0,2,,-1,-1,BT-v3,10090,0,1.0,1,0,0,gun_kill,92.99999999999686,100.0,0.0,3.999999999999994,92.99999999999686,0.0,0.018857758620689655,0.024245689655172414,3397.9185290869896
BT-v2,bt,0.0,2,,-1,-1,BT-v3,10090,1,1.0,1,0,0,gun_kill,88.29999999999713,100.0,0.0,3.999999999999994,88.29999999999713,0.0,0.01984126984126984,0.0,
BT-v2,bt,0.0,2,,-1,-1,BT-v3,10091,0,1.0,1,0,0,gun_kill,105.29999999999616,100.0,0.0,3.999999999999994,105.29999999999616,0.0,0.07366920152091255,0.0,3621.1662476787487
BT-v2,bt,0.0,2,,-1,-1,BT-v3,10091,1,1.0,1,0,0,gun_kill,102.8999999999963,100.0,2.5,3.999999999999994,102.8999999999963,0.0,0.08511673151750973,0.017023346303501944,
BT-v2,bt,0.0,2,,-1,-1,BT-v3,10092,0,0.5,0,1,0,timeout,120.19999999999531,12.5,6.25,0.49999999999999994,120.19999999999531,0.0,0.0,0.0,4539.133848003128
BT-v2,bt,0.0,2,,-1,-1,BT-v3,10092,1,0.5,0,1,0,timeout,120.19999999999531,61.25,0.0,2.4499999999999993,120.19999999999531,0.0,0.0,0.0,
BT-v2,bt,0.0,2,,-1,-1,BT-v3,10093,0,0.5,0,1,0,timeout,120.19999999999531,71.25,0.0,2.849999999999998,120.19999999999531,0.0,0.0,0.0,5082.725991472563
BT-v2,bt,0.0,2,,-1,-1,BT-v3,10093,1,0.5,0,1,0,timeout,120.19999999999531,0.0,58.75,0.0,120.19999999999531,0.0,0.0,0.0,
BT-v2,bt,0.0,2,,-1,-1,BT-v3,10094,0,1.0,1,0,0,gun_kill,87.89999999999715,100.0,0.0,3.999999999999994,87.89999999999715,0.0,0.0785876993166287,0.0,3575.288525003116
BT-v2,bt,0.0,2,,-1,-1,BT-v3,10094,1,1.0,1,0,0,gun_kill,77.04999999999777,100.0,0.0,3.999999999999994,77.04999999999777,0.0,0.08701298701298701,0.0,
BT-v2,bt,0.0,2,,-1,-1,BT-v3,10095,0,0.5,0,1,0,timeout,120.19999999999531,0.0,0.0,0.0,120.19999999999531,0.0,0.0,0.0,4287.875992979236
BT-v2,bt,0.0,2,,-1,-1,BT-v3,10095,1,1.0,1,0,0,gun_kill,115.2499999999956,100.0,0.0,3.999999999999994,115.2499999999956,0.0,0.0,0.0,
BT-v2,bt,0.0,2,,-1,-1,BT-v3,10096,0,1.0,1,0,0,gun_kill,117.99999999999544,100.0,0.0,3.999999999999994,117.99999999999544,0.0,0.05560271646859083,0.0,3737.6331989596383
BT-v2,bt,0.0,2,,-1,-1,BT-v3,10096,1,1.0,1,0,0,gun_kill,115.49999999999558,100.0,0.0,3.999999999999994,115.49999999999558,0.0,0.0645580589254766,0.0,
BT-v2,bt,0.0,2,,-1,-1,BT-v3,10097,0,1.0,1,0,0,gun_kill,113.19999999999571,100.0,0.0,3.999999999999994,113.19999999999571,0.0,0.049557522123893805,0.0,4343.334047776906
BT-v2,bt,0.0,2,,-1,-1,BT-v3,10097,1,0.5,0,1,0,timeout,120.19999999999531,83.75,0.0,3.349999999999996,120.19999999999531,0.0,0.05698835274542429,0.005407653910149751,
BT-v2,bt,0.0,2,,-1,-1,BT-v3,10098,0,1.0,1,0,0,gun_kill,101.79999999999636,100.0,0.0,3.999999999999994,101.79999999999636,0.0,0.025098425196850394,0.003937007874015748,3602.5060322244076
BT-v2,bt,0.0,2,,-1,-1,BT-v3,10098,1,1.0,1,0,0,gun_kill,104.04999999999623,100.0,0.0,3.999999999999994,104.04999999999623,0.0,0.02451923076923077,0.0,
BT-v2,bt,0.0,2,,-1,-1,BT-v3,10099,0,1.0,1,0,0,gun_kill,94.39999999999678,100.0,0.0,3.999999999999994,94.39999999999678,0.0,0.0,0.0,3677.2109515908423
BT-v2,bt,0.0,2,,-1,-1,BT-v3,10099,1,0.5,0,1,0,collision,8.899999999999991,0.0,1.25,0.0,8.899999999999991,0.0,0.0,0.05113636363636364,
BT-v3,bt,0.0,3,,-1,-1,BT-v2,10000,0,0.5,0,1,0,collision,6.299999999999986,0.0,0.0,0.0,6.299999999999986,0.0,0.0,0.056451612903225805,6259.664177190111
BT-v3,bt,0.0,3,,-1,-1,BT-v2,10000,1,0.5,0,1,0,timeout,120.19999999999531,0.0,92.5,0.0,120.19999999999531,0.0,0.0,0.004991680532445923,
BT-v3,bt,0.0,3,,-1,-1,BT-v2,10001,0,0.5,0,1,0,timeout,120.19999999999531,0.0,18.75,0.0,120.19999999999531,0.0,0.0,0.0,5020.9903047259295
BT-v3,bt,0.0,3,,-1,-1,BT-v2,10001,1,0.5,0,1,0,timeout,120.19999999999531,57.5,0.0,2.3,120.19999999999531,0.0,0.0,0.0,
BT-v3,bt,0.0,3,,-1,-1,BT-v2,10002,0,0.5,0,1,0,timeout,120.19999999999531,0.0,98.75,0.0,120.19999999999531,0.0,0.0,0.0,4103.164883824544
BT-v3,bt,0.0,3,,-1,-1,BT-v2,10002,1,0.5,0,1,0,timeout,120.19999999999531,5.0,0.0,0.2,120.19999999999531,0.0,0.0,0.0,
BT-v3,bt,0.0,3,,-1,-1,BT-v2,10003,0,0.5,0,1,0,timeout,120.19999999999531,0.0,0.0,0.0,120.19999999999531,0.0,0.0,0.0,5088.19980479598
BT-v3,bt,0.0,3,,-1,-1,BT-v2,10003,1,0.5,0,1,0,timeout,120.19999999999531,32.5,0.0,1.3000000000000005,120.19999999999531,0.0,0.0,0.0,
BT-v3,bt,0.0,3,,-1,-1,BT-v2,10004,0,0.0,0,0,1,gun_kill,113.69999999999568,0.0,100.0,0.0,113.69999999999568,0.0,0.0,0.0,4723.057593985293
BT-v3,bt,0.0,3,,-1,-1,BT-v2,10004,1,0.5,0,1,0,timeout,120.19999999999531,62.5,0.0,2.499999999999999,120.19999999999531,0.0,0.0,0.0,
BT-v3,bt,0.0,3,,-1,-1,BT-v2,10005,0,0.0,0,0,1,gun_kill,47.94999999999941,0.0,100.0,0.0,47.94999999999941,0.0,0.0,0.0020920502092050207,6477.52509489064
BT-v3,bt,0.0,3,,-1,-1,BT-v2,10005,1,0.0,0,0,1,gun_kill,104.24999999999622,7.5,100.0,0.3,104.24999999999622,0.0,0.0,0.0033589251439539347,
BT-v3,bt,0.0,3,,-1,-1,BT-v2,10006,0,0.0,0,0,1,gun_kill,93.54999999999683,0.0,100.0,0.0,93.54999999999683,0.0,0.0,0.0,4608.930007969161
BT-v3,bt,0.0,3,,-1,-1,BT-v2,10006,1,0.0,0,0,1,gun_kill,107.74999999999602,15.0,100.0,0.6,107.74999999999602,0.0,0.0,0.0,
BT-v3,bt,0.0,3,,-1,-1,BT-v2,10007,0,0.0,0,0,1,gun_kill,108.74999999999596,0.0,100.0,0.0,108.74999999999596,0.0,0.0,0.0,4398.94470204674
BT-v3,bt,0.0,3,,-1,-1,BT-v2,10007,1,0.5,0,1,0,timeout,120.19999999999531,7.5,96.25,0.3,120.19999999999531,0.0,0.0,0.005823627287853577,
BT-v3,bt,0.0,3,,-1,-1,BT-v2,10008,0,0.0,0,0,1,gun_kill,64.79999999999846,0.0,100.0,0.0,64.79999999999846,0.0,0.0,0.020123839009287926,5232.6794813357155
BT-v3,bt,0.0,3,,-1,-1,BT-v2,10008,1,0.0,0,0,1,gun_kill,108.79999999999596,11.25,100.0,0.44999999999999996,108.79999999999596,0.0,0.0,0.0,
BT-v3,bt,0.0,3,,-1,-1,BT-v2,10009,0,0.5,0,1,0,timeout,120.19999999999531,0.0,7.5,0.0,120.19999999999531,0.0,0.0,0.005823627287853577,4566.207032501286
BT-v3,bt,0.0,3,,-1,-1,BT-v2,10009,1,0.5,0,1,0,timeout,120.19999999999531,2.5,52.5,0.1,120.19999999999531,0.0,0.0,0.006239600665557404,
BT-v3,bt,0.0,3,,-1,-1,BT-v2,10010,0,0.0,0,0,1,gun_kill,86.74999999999721,20.0,100.0,0.8000000000000002,86.74999999999721,0.0,0.0,0.004618937644341801,4039.966732859592
BT-v3,bt,0.0,3,,-1,-1,BT-v2,10010,1,0.0,0,0,1,gun_kill,85.3499999999973,0.0,100.0,0.0,85.3499999999973,0.0,0.0,0.013497652582159625,
BT-v3,bt,0.0,3,,-1,-1,BT-v2,10011,0,0.0,0,0,1,gun_kill,116.44999999999553,0.0,100.0,0.0,116.44999999999553,0.0,0.0,0.00859106529209622,4938.871018544977
BT-v3,bt,0.0,3,,-1,-1,BT-v2,10011,1,0.5,0,1,0,timeout,120.19999999999531,17.5,77.5,0.7000000000000001,120.19999999999531,0.0,0.0,0.011647254575707155,
BT-v3,bt,0.0,3,,-1,-1,BT-v2,10012,0,0.0,0,0,1,gun_kill,103.34999999999627,0.0,100.0,0.0,103.34999999999627,0.0,0.0,0.02131782945736434,4130.955027492534
BT-v3,bt,0.0,3,,-1,-1,BT-v2,10012,1,0.0,0,0,1,gun_kill,102.69999999999631,0.0,100.0,0.0,102.69999999999631,0.0,0.0,0.0,
BT-v3,bt,0.0,3,,-1,-1,BT-v2,10013,0,0.5,0,1,0,timeout,120.19999999999531,0.0,93.75,0.0,120.19999999999531,0.0,0.0,0.0,4417.584127968781
BT-v3,bt,0.0,3,,-1,-1,BT-v2,10013,1,0.0,0,0,1,gun_kill,114.09999999999566,0.0,100.0,0.0,114.09999999999566,0.0,0.0,0.013596491228070176,
BT-v3,bt,0.0,3,,-1,-1,BT-v2,10014,0,0.0,0,0,1,gun_kill,117.19999999999548,0.0,100.0,0.0,117.19999999999548,0.0,0.0,0.0,4847.977625501985
BT-v3,bt,0.0,3,,-1,-1,BT-v2,10014,1,0.0,0,0,1,gun_kill,115.0999999999956,0.0,100.0,0.0,115.0999999999956,0.0,0.0,0.011739130434782608,
BT-v3,bt,0.0,3,,-1,-1,BT-v2,10015,0,0.0,0,0,1,gun_kill,113.4499999999957,0.0,100.0,0.0,113.4499999999957,0.0,0.0,0.0,4084.9050859303115
BT-v3,bt,0.0,3,,-1,-1,BT-v2,10015,1,0.5,0,1,0,timeout,120.19999999999531,33.75,55.0,1.3500000000000005,120.19999999999531,0.0,0.0,0.0,
BT-v3,bt,0.0,3,,-1,-1,BT-v2,10016,0,0.0,0,0,1,gun_kill,100.24999999999645,7.5,100.0,0.3,100.24999999999645,0.0,0.0,0.02694610778443114,4526.132515775844
BT-v3,bt,0.0,3,,-1,-1,BT-v2,10016,1,0.0,0,0,1,gun_kill,105.39999999999615,0.0,100.0,0.0,105.39999999999615,0.0,0.0,0.0,
BT-v3,bt,0.0,3,,-1,-1,BT-v2,10017,0,0.0,0,0,1,gun_kill,28.50000000000027,0.0,100.0,0.0,28.50000000000027,0.0,0.0,0.0,6028.034355583331
BT-v3,bt,0.0,3,,-1,-1,BT-v2,10017,1,0.5,0,1,0,timeout,120.19999999999531,58.75,0.0,2.3499999999999996,120.19999999999531,0.0,0.0,0.0,
BT-v3,bt,0.0,3,,-1,-1,BT-v2,10018,0,0.0,0,0,1,gun_kill,116.34999999999553,0.0,100.0,0.0,116.34999999999553,0.0,0.0,0.0,4366.164759320263
BT-v3,bt,0.0,3,,-1,-1,BT-v2,10018,1,0.0,0,0,1,gun_kill,113.89999999999567,0.0,100.0,0.0,113.89999999999567,0.0,0.0,0.0,
BT-v3,bt,0.0,3,,-1,-1,BT-v2,10019,0,0.5,0,1,0,timeout,120.19999999999531,0.0,58.75,0.0,120.19999999999531,0.0,0.0,0.0,4448.791930910958
BT-v3,bt,0.0,3,,-1,-1,BT-v2,10019,1,0.0,0,0,1,gun_kill,116.24999999999554,0.0,100.0,0.0,116.24999999999554,0.0,0.0,0.0,
BT-v3,bt,0.0,3,,-1,-1,BT-v2,10020,0,0.5,0,1,0,collision,4.199999999999993,1.25,0.0,0.05,4.199999999999993,0.0,0.0,0.075,7151.931067151684
BT-v3,bt,0.0,3,,-1,-1,BT-v2,10020,1,0.5,0,1,0,timeout,120.19999999999531,0.0,0.0,0.0,120.19999999999531,0.0,0.0,0.0,
BT-v3,bt,0.0,3,,-1,-1,BT-v2,10021,0,0.0,0,0,1,gun_kill,89.14999999999708,0.0,100.0,0.0,89.14999999999708,0.0,0.0,0.006741573033707865,4476.229992558882
BT-v3,bt,0.0,3,,-1,-1,BT-v2,10021,1,0.0,0,0,1,gun_kill,119.79999999999534,0.0,100.0,0.0,119.79999999999534,0.0,0.0,0.004180602006688963,
BT-v3,bt,0.0,3,,-1,-1,BT-v2,10022,0,0.5,0,1,0,timeout,120.19999999999531,0.0,0.0,0.0,120.19999999999531,0.0,0.0,0.005407653910149751,5035.672779246031
BT-v3,bt,0.0,3,,-1,-1,BT-v2,10022,1,0.5,0,1,0,timeout,120.19999999999531,0.0,60.0,0.0,120.19999999999531,0.0,0.0,0.0,
BT-v3,bt,0.0,3,,-1,-1,BT-v2,10023,0,0.5,0,1,0,timeout,120.19999999999531,0.0,0.0,0.0,120.19999999999531,0.0,0.0,0.0,5194.956545916627
BT-v3,bt,0.0,3,,-1,-1,BT-v2,10023,1,0.5,0,1,0,timeout,120.19999999999531,0.0,0.0,0.0,120.19999999999531,0.0,0.0,0.0,
BT-v3,bt,0.0,3,,-1,-1,BT-v2,10024,0,0.0,0,0,1,gun_kill,108.64999999999597,18.75,100.0,0.7500000000000001,108.64999999999597,0.0,0.0,0.0,4215.115992763249
BT-v3,bt,0.0,3,,-1,-1,BT-v2,10024,1,0.0,0,0,1,gun_kill,87.54999999999717,0.0,100.0,0.0,87.54999999999717,0.0,0.0,0.0,
BT-v3,bt,0.0,3,,-1,-1,BT-v2,10025,0,0.5,0,1,0,timeout,120.19999999999531,0.0,0.0,0.0,120.19999999999531,0.0,0.0,0.0,5360.996513096744
BT-v3,bt,0.0,3,,-1,-1,BT-v2,10025,1,0.5,0,1,0,timeout,120.19999999999531,28.75,0.0,1.1500000000000004,120.19999999999531,0.0,0.0,0.0,
BT-v3,bt,0.0,3,,-1,-1,BT-v2,10026,0,0.0,0,0,1,gun_kill,109.44999999999592,2.5,100.0,0.1,109.44999999999592,0.0,0.0,0.0009140767824497258,4118.517492917861
BT-v3,bt,0.0,3,,-1,-1,BT-v2,10026,1,0.0,0,0,1,gun_kill,98.49999999999655,0.0,100.0,0.0,98.49999999999655,0.0,0.0,0.0,
BT-v3,bt,0.0,3,,-1,-1,BT-v2,10027,0,0.0,0,0,1,gun_kill,48.89999999999936,23.75,100.0,0.9500000000000003,48.89999999999936,0.0,0.0,0.0030737704918032786,6077.681271287935
BT-v3,bt,0.0,3,,-1,-1,BT-v2,10027,1,0.0,0,0,1,gun_kill,39.54999999999989,0.0,100.0,0.0,39.54999999999989,0.0,0.0,0.0,
BT-v3,bt,0.0,3,,-1,-1,BT-v2,10028,0,0.0,0,0,1,gun_kill,94.59999999999677,0.0,100.0,0.0,94.59999999999677,0.0,0.0,0.0,4672.89251214842
BT-v3,bt,0.0,3,,-1,-1,BT-v2,10028,1,0.5,0,1,0,timeout,120.19999999999531,17.5,72.5,0.7000000000000001,120.19999999999531,0.0,0.0,0.005407653910149751,
BT-v3,bt,0.0,3,,-1,-1,BT-v2,10029,0,0.0,0,0,1,gun_kill,103.24999999999628,0.0,100.0,0.0,103.24999999999628,0.0,0.0,0.0,4757.618691677064
BT-v3,bt,0.0,3,,-1,-1,BT-v2,10029,1,0.0,0,0,1,gun_kill,108.84999999999596,0.0,100.0,0.0,108.84999999999596,0.0,0.0,0.0,
BT-v3,bt,0.0,3,,-1,-1,BT-v2,10030,0,0.0,0,0,1,gun_kill,81.54999999999751,0.0,100.0,0.0,81.54999999999751,0.0,0.0,0.0036855036855036856,4451.881891613534
BT-v3,bt,0.0,3,,-1,-1,BT-v2,10030,1,0.0,0,0,1,gun_kill,118.5999999999954,28.75,100.0,1.1500000000000004,118.5999999999954,0.0,0.0,0.01393581081081081,
BT-v3,bt,0.0,3,,-1,-1,BT-v2,10031,0,0.0,0,0,1,gun_kill,98.74999999999653,0.0,100.0,0.0,98.74999999999653,0.0,0.0,0.0,4313.765624799461
BT-v3,bt,0.0,3,,-1,-1,BT-v2,10031,1,0.0,0,0,1,gun_kill,87.79999999999715,0.0,100.0,0.0,87.79999999999715,0.0,0.0,0.0,
BT-v3,bt,0.0,3,,-1,-1,BT-v2,10032,0,0.5,0,1,0,collision,17.30000000000011,0.0,0.0,0.0,17.30000000000011,0.0,0.0,0.029069767441860465,4870.783926706015
BT-v3,bt,0.0,3,,-1,-1,BT-v2,10032,1,0.0,0,0,1,gun_kill,110.34999999999587,0.0,100.0,0.0,110.34999999999587,0.0,0.0,0.004537205081669692,
BT-v3,bt,0.0,3,,-1,-1,BT-v2,10033,0,0.5,0,1,0,collision,4.149999999999993,3.75,0.0,0.15000000000000002,4.149999999999993,0.0,0.0,0.0875,6893.430275021172
BT-v3,bt,0.0,3,,-1,-1,BT-v2,10033,1,0.5,0,1,0,timeout,120.19999999999531,0.0,48.75,0.0,120.19999999999531,0.0,0.0,0.0,
BT-v3,bt,0.0,3,,-1,-1,BT-v2,10034,0,0.5,0,1,0,timeout,120.19999999999531,0.0,71.25,0.0,120.19999999999531,0.0,0.0,0.004991680532445923,4526.663781516088
BT-v3,bt,0.0,3,,-1,-1,BT-v2,10034,1,0.5,0,1,0,timeout,120.19999999999531,23.75,0.0,0.9500000000000003,120.19999999999531,0.0,0.0,0.0,
BT-v3,bt,0.0,3,,-1,-1,BT-v2,10035,0,0.0,0,0,1,gun_kill,90.09999999999702,0.0,100.0,0.0,90.09999999999702,0.0,0.0,0.0,4200.465225241314
BT-v3,bt,0.0,3,,-1,-1,BT-v2,10035,1,0.0,0,0,1,gun_kill,99.1999999999965,26.25,100.0,1.0500000000000003,99.1999999999965,0.0,0.0,0.00808080808080808,
BT-v3,bt,0.0,3,,-1,-1,BT-v2,10036,0,0.0,0,0,1,gun_kill,91.19999999999696,0.0,100.0,0.0,91.19999999999696,0.0,0.0,0.007692307692307693,4266.268832785146
BT-v3,bt,0.0,3,,-1,-1,BT-v2,10036,1,0.0,0,0,1,gun_kill,107.999999999996,15.0,100.0,0.6,107.999999999996,0.0,0.0,0.01855287569573284,
BT-v3,bt,0.0,3,,-1,-1,BT-v2,10037,0,0.0,0,0,1,gun_kill,110.84999999999584,0.0,100.0,0.0,110.84999999999584,0.0,0.0,0.0,4052.9395158828434
BT-v3,bt,0.0,3,,-1,-1,BT-v2,10037,1,0.0,0,0,1,gun_kill,101.54999999999637,0.0,100.0,0.0,101.54999999999637,0.0,0.0,0.0,
BT-v3,bt,0.0,3,,-1,-1,BT-v2,10038,0,0.0,0,0,1,gun_kill,119.64999999999534,0.0,100.0,0.0,119.64999999999534,0.0,0.0,0.0,4939.356400154562
BT-v3,bt,0.0,3,,-1,-1,BT-v2,10038,1,0.5,0,1,0,timeout,120.19999999999531,11.25,0.0,0.44999999999999996,120.19999999999531,0.0,0.0,0.0,
BT-v3,bt,0.0,3,,-1,-1,BT-v2,10039,0,0.0,0,0,1,gun_kill,91.29999999999696,22.5,100.0,0.9000000000000002,91.29999999999696,0.0,0.0,0.006578947368421052,3735.5380722711493
BT-v3,bt,0.0,3,,-1,-1,BT-v2,10039,1,0.0,0,0,1,gun_kill,41.79999999999976,0.0,100.0,0.0,41.79999999999976,0.0,0.0,0.0,
BT-v3,bt,0.0,3,,-1,-1,BT-v2,10040,0,0.0,0,0,1,gun_kill,105.49999999999615,0.0,100.0,0.0,105.49999999999615,0.0,0.0,0.004269449715370019,4794.369994551142
BT-v3,bt,0.0,3,,-1,-1,BT-v2,10040,1,0.0,0,0,1,gun_kill,117.59999999999546,21.25,100.0,0.8500000000000002,117.59999999999546,0.0,0.0,0.005110732538330494,
BT-v3,bt,0.0,3,,-1,-1,BT-v2,10041,0,0.0,0,0,1,gun_kill,106.54999999999609,0.0,100.0,0.0,106.54999999999609,0.0,0.0,0.0,3923.2097724602927
BT-v3,bt,0.0,3,,-1,-1,BT-v2,10041,1,0.0,0,0,1,gun_kill,107.64999999999603,0.0,100.0,0.0,107.64999999999603,0.0,0.0,0.0,
BT-v3,bt,0.0,3,,-1,-1,BT-v2,10042,0,0.5,0,1,0,timeout,120.19999999999531,0.0,0.0,0.0,120.19999999999531,0.0,0.0,0.006239600665557404,4807.782220585157
BT-v3,bt,0.0,3,,-1,-1,BT-v2,10042,1,0.5,0,1,0,timeout,120.19999999999531,0.0,63.75,0.0,120.19999999999531,0.0,0.0,0.010815307820299502,
BT-v3,bt,0.0,3,,-1,-1,BT-v2,10043,0,0.0,0,0,1,gun_kill,119.04999999999538,0.0,100.0,0.0,119.04999999999538,0.0,0.0,0.0,4471.8590696527535
BT-v3,bt,0.0,3,,-1,-1,BT-v2,10043,1,0.5,0,1,0,collision,13.950000000000063,0.0,0.0,0.0,13.950000000000063,0.0,0.0,0.03260869565217391,
BT-v3,bt,0.0,3,,-1,-1,BT-v2,10044,0,0.5,0,1,0,timeout,120.19999999999531,0.0,48.75,0.0,120.19999999999531,0.0,0.0,0.0,4998.977855384244
BT-v3,bt,0.0,3,,-1,-1,BT-v2,10044,1,0.5,0,1,0,timeout,120.19999999999531,0.0,0.0,0.0,120.19999999999531,0.0,0.0,0.0,
BT-v3,bt,0.0,3,,-1,-1,BT-v2,10045,0,0.5,0,1,0,timeout,120.19999999999531,0.0,0.0,0.0,120.19999999999531,0.0,0.0,0.0,5897.9648378749425
BT-v3,bt,0.0,3,,-1,-1,BT-v2,10045,1,0.5,0,1,0,timeout,120.19999999999531,0.0,0.0,0.0,120.19999999999531,0.0,0.0,0.0,
BT-v3,bt,0.0,3,,-1,-1,BT-v2,10046,0,0.5,0,1,0,timeout,120.19999999999531,18.75,0.0,0.7500000000000001,120.19999999999531,0.0,0.0,0.0,9310.8176803152
BT-v3,bt,0.0,3,,-1,-1,BT-v2,10046,1,0.0,0,0,1,gun_kill,98.44999999999655,0.0,100.0,0.0,98.44999999999655,0.0,0.0,0.0,
BT-v3,bt,0.0,3,,-1,-1,BT-v2,10047,0,0.0,0,0,1,gun_kill,108.59999999999597,0.0,100.0,0.0,108.59999999999597,0.0,0.0,0.0,3951.2847516203765
BT-v3,bt,0.0,3,,-1,-1,BT-v2,10047,1,0.0,0,0,1,gun_kill,95.24999999999673,0.0,100.0,0.0,95.24999999999673,0.0,0.0,0.0,
BT-v3,bt,0.0,3,,-1,-1,BT-v2,10048,0,0.0,0,0,1,gun_kill,98.39999999999655,0.0,100.0,0.0,98.39999999999655,0.0,0.0,0.0,4458.943817931065
BT-v3,bt,0.0,3,,-1,-1,BT-v2,10048,1,0.5,0,1,0,timeout,120.19999999999531,92.5,0.0,3.699999999999995,120.19999999999531,0.0,0.0,0.0,
BT-v3,bt,0.0,3,,-1,-1,BT-v2,10049,0,0.0,0,0,1,gun_kill,117.59999999999546,0.0,100.0,0.0,117.59999999999546,0.0,0.0,0.0,4751.1308541193575
BT-v3,bt,0.0,3,,-1,-1,BT-v2,10049,1,0.5,0,1,0,timeout,120.19999999999531,0.0,0.0,0.0,120.19999999999531,0.0,0.0,0.0,
BT-v3,bt,0.0,3,,-1,-1,BT-v2,10050,0,0.0,0,0,1,gun_kill,116.54999999999552,0.0,100.0,0.0,116.54999999999552,0.0,0.0,0.006013745704467354,4133.743797032163
BT-v3,bt,0.0,3,,-1,-1,BT-v2,10050,1,0.0,0,0,1,gun_kill,114.24999999999565,0.0,100.0,0.0,114.24999999999565,0.0,0.0,0.00394045534150613,
BT-v3,bt,0.0,3,,-1,-1,BT-v2,10051,0,0.0,0,0,1,gun_kill,103.79999999999625,0.0,100.0,0.0,103.79999999999625,0.0,0.0,0.002413127413127413,4462.452213478206
BT-v3,bt,0.0,3,,-1,-1,BT-v2,10051,1,0.5,0,1,0,timeout,120.19999999999531,0.0,45.0,0.0,120.19999999999531,0.0,0.0,0.0037437603993344427,
BT-v3,bt,0.0,3,,-1,-1,BT-v2,10052,0,0.5,0,1,0,collision,6.499999999999985,0.0,0.0,0.0,6.499999999999985,0.0,0.0,0.046875,6189.503680294348
BT-v3,bt,0.0,3,,-1,-1,BT-v2,10052,1,0.0,0,0,1,gun_kill,112.54999999999575,0.0,100.0,0.0,112.54999999999575,0.0,0.0,0.006227758007117438,
BT-v3,bt,0.0,3,,-1,-1,BT-v2,10053,0,0.5,0,1,0,timeout,120.19999999999531,10.0,0.0,0.39999999999999997,120.19999999999531,0.0,0.0,0.0016638935108153079,5082.205679791175
BT-v3,bt,0.0,3,,-1,-1,BT-v2,10053,1,0.5,0,1,0,timeout,120.19999999999531,0.0,46.25,0.0,120.19999999999531,0.0,0.0,0.0,
BT-v3,bt,0.0,3,,-1,-1,BT-v2,10054,0,0.0,0,0,1,gun_kill,94.49999999999677,2.5,100.0,0.1,94.49999999999677,0.0,0.0,0.0,3904.0640588461233
BT-v3,bt,0.0,3,,-1,-1,BT-v2,10054,1,0.0,0,0,1,gun_kill,103.49999999999626,0.0,100.0,0.0,103.49999999999626,0.0,0.0,0.0,
BT-v3,bt,0.0,3,,-1,-1,BT-v2,10055,0,0.0,0,0,1,gun_kill,89.89999999999704,5.0,100.0,0.2,89.89999999999704,0.0,0.0,0.0,4017.414306483571
BT-v3,bt,0.0,3,,-1,-1,BT-v2,10055,1,0.0,0,0,1,gun_kill,75.74999999999784,0.0,100.0,0.0,75.74999999999784,0.0,0.0,0.012566137566137565,
BT-v3,bt,0.0,3,,-1,-1,BT-v2,10056,0,0.0,0,0,1,gun_kill,104.34999999999621,0.0,100.0,0.0,104.34999999999621,0.0,0.0,0.0,4261.3749926747
BT-v3,bt,0.0,3,,-1,-1,BT-v2,10056,1,0.0,0,0,1,gun_kill,94.39999999999678,0.0,100.0,0.0,94.39999999999678,0.0,0.0,0.004777070063694267,
BT-v3,bt,0.0,3,,-1,-1,BT-v2,10057,0,0.0,0,0,1,gun_kill,109.29999999999593,3.75,100.0,0.15000000000000002,109.29999999999593,0.0,0.0,0.0,4089.9152624332405
BT-v3,bt,0.0,3,,-1,-1,BT-v2,10057,1,0.0,0,0,1,gun_kill,93.89999999999681,0.0,100.0,0.0,93.89999999999681,0.0,0.0,0.0,
BT-v3,bt,0.0,3,,-1,-1,BT-v2,10058,0,0.0,0,0,1,gun_kill,95.59999999999671,13.75,100.0,0.5499999999999999,95.59999999999671,0.0,0.0,0.007861635220125786,3791.244473591895
BT-v3,bt,0.0,3,,-1,-1,BT-v2,10058,1,0.0,0,0,1,gun_kill,93.34999999999684,0.0,100.0,0.0,93.34999999999684,0.0,0.0,0.0,
BT-v3,bt,0.0,3,,-1,-1,BT-v2,10059,0,0.5,0,1,0,timeout,120.19999999999531,0.0,58.75,0.0,120.19999999999531,0.0,0.0,0.0,4715.538062204452
BT-v3,bt,0.0,3,,-1,-1,BT-v2,10059,1,0.0,0,0,1,gun_kill,113.3499999999957,0.0,100.0,0.0,113.3499999999957,0.0,0.0,0.0,
BT-v3,bt,0.0,3,,-1,-1,BT-v2,10060,0,0.5,0,1,0,collision,5.899999999999987,0.0,0.0,0.0,5.899999999999987,0.0,0.0,0.05172413793103448,7325.2036244674255
BT-v3,bt,0.0,3,,-1,-1,BT-v2,10060,1,0.5,0,1,0,timeout,120.19999999999531,0.0,63.75,0.0,120.19999999999531,0.0,0.0,0.0066555740432612314,
BT-v3,bt,0.0,3,,-1,-1,BT-v2,10061,0,0.5,0,1,0,collision,11.150000000000023,0.0,0.0,0.0,11.150000000000023,0.0,0.0,0.03636363636363636,6183.874551258387
BT-v3,bt,0.0,3,,-1,-1,BT-v2,10061,1,0.5,0,1,0,timeout,120.19999999999531,11.25,97.5,0.44999999999999996,120.19999999999531,0.0,0.0,0.004991680532445923,
BT-v3,bt,0.0,3,,-1,-1,BT-v2,10062,0,0.0,0,0,1,gun_kill,114.99999999999561,0.0,100.0,0.0,114.99999999999561,0.0,0.0,0.0,4822.088617879856
BT-v3,bt,0.0,3,,-1,-1,BT-v2,10062,1,0.5,0,1,0,timeout,120.19999999999531,7.5,81.25,0.3,120.19999999999531,0.0,0.0,0.0,
BT-v3,bt,0.0,3,,-1,-1,BT-v2,10063,0,0.0,0,0,1,gun_kill,88.34999999999712,0.0,100.0,0.0,88.34999999999712,0.0,0.0,0.0,3992.4587179405585
BT-v3,bt,0.0,3,,-1,-1,BT-v2,10063,1,0.0,0,0,1,gun_kill,111.5999999999958,8.75,100.0,0.35,111.5999999999958,0.0,0.0,0.004488330341113106,
BT-v3,bt,0.0,3,,-1,-1,BT-v2,10064,0,0.5,0,1,0,timeout,120.19999999999531,0.0,26.25,0.0,120.19999999999531,0.0,0.0,0.0,5142.567926228665
BT-v3,bt,0.0,3,,-1,-1,BT-v2,10064,1,0.5,0,1,0,timeout,120.19999999999531,77.5,0.0,3.099999999999997,120.19999999999531,0.0,0.0,0.0,
BT-v3,bt,0.0,3,,-1,-1,BT-v2,10065,0,0.0,0,0,1,gun_kill,100.49999999999643,0.0,100.0,0.0,100.49999999999643,0.0,0.0,0.00796812749003984,4087.0274925729404
BT-v3,bt,0.0,3,,-1,-1,BT-v2,10065,1,0.0,0,0,1,gun_kill,99.64999999999648,0.0,100.0,0.0,99.64999999999648,0.0,0.0,0.0,
BT-v3,bt,0.0,3,,-1,-1,BT-v2,10066,0,0.0,0,0,1,gun_kill,88.7499999999971,0.0,100.0,0.0,88.7499999999971,0.0,0.0,0.005079006772009029,4436.12610206789
BT-v3,bt,0.0,3,,-1,-1,BT-v2,10066,1,0.0,0,0,1,gun_kill,109.09999999999594,5.0,100.0,0.2,109.09999999999594,0.0,0.0,0.016055045871559634,
BT-v3,bt,0.0,3,,-1,-1,BT-v2,10067,0,0.5,0,1,0,timeout,120.19999999999531,0.0,8.75,0.0,120.19999999999531,0.0,0.0,0.0,5058.980721605764
BT-v3,bt,0.0,3,,-1,-1,BT-v2,10067,1,0.5,0,1,0,timeout,120.19999999999531,12.5,0.0,0.49999999999999994,120.19999999999531,0.0,0.0,0.0,
BT-v3,bt,0.0,3,,-1,-1,BT-v2,10068,0,0.5,0,1,0,collision,19.700000000000145,0.0,0.0,0.0,19.700000000000145,0.0,0.0,0.02295918367346939,5905.052669682489
BT-v3,bt,0.0,3,,-1,-1,BT-v2,10068,1,0.5,0,1,0,timeout,120.19999999999531,0.0,5.0,0.0,120.19999999999531,0.0,0.0,0.0,
BT-v3,bt,0.0,3,,-1,-1,BT-v2,10069,0,0.5,0,1,0,collision,10.95000000000002,0.0,0.0,0.0,10.95000000000002,0.0,0.0,0.037037037037037035,5866.375743773876
BT-v3,bt,0.0,3,,-1,-1,BT-v2,10069,1,0.5,0,1,0,timeout,120.19999999999531,0.0,88.75,0.0,120.19999999999531,0.0,0.0,0.0,
BT-v3,bt,0.0,3,,-1,-1,BT-v2,10070,0,0.5,0,1,0,collision,13.250000000000053,7.5,0.0,0.3,13.250000000000053,0.0,0.0,0.08333333333333333,7134.338079951698
BT-v3,bt,0.0,3,,-1,-1,BT-v2,10070,1,0.5,0,1,0,timeout,120.19999999999531,0.0,25.0,0.0,120.19999999999531,0.0,0.0,0.0,
BT-v3,bt,0.0,3,,-1,-1,BT-v2,10071,0,0.0,0,0,1,gun_kill,110.49999999999586,0.0,100.0,0.0,110.49999999999586,0.0,0.0,0.0,4510.222441357826
BT-v3,bt,0.0,3,,-1,-1,BT-v2,10071,1,0.0,0,0,1,gun_kill,114.74999999999562,0.0,100.0,0.0,114.74999999999562,0.0,0.0,0.0,
BT-v3,bt,0.0,3,,-1,-1,BT-v2,10072,0,0.0,0,0,1,gun_kill,95.09999999999674,0.0,100.0,0.0,95.09999999999674,0.0,0.0,0.0,4593.7284504150775
BT-v3,bt,0.0,3,,-1,-1,BT-v2,10072,1,0.0,0,0,1,gun_kill,112.59999999999575,26.25,100.0,1.0500000000000003,112.59999999999575,0.0,0.0,0.0066725978647686835,
BT-v3,bt,0.0,3,,-1,-1,BT-v2,10073,0,0.0,0,0,1,gun_kill,118.49999999999541,0.0,100.0,0.0,118.49999999999541,0.0,0.0,0.0029560810810810812,4389.830134291205
BT-v3,bt,0.0,3,,-1,-1,BT-v2,10073,1,0.5,0,1,0,timeout,120.19999999999531,8.75,0.0,0.35,120.19999999999531,0.0,0.0,0.0,
BT-v3,bt,0.0,3,,-1,-1,BT-v2,10074,0,0.5,0,1,0,timeout,120.19999999999531,0.0,0.0,0.0,120.19999999999531,0.0,0.0,0.0,5511.067239899346
BT-v3,bt,0.0,3,,-1,-1,BT-v2,10074,1,0.5,0,1,0,timeout,120.19999999999531,0.0,0.0,0.0,120.19999999999531,0.0,0.0,0.0,
BT-v3,bt,0.0,3,,-1,-1,BT-v2,10075,0,0.5,0,1,0,timeout,120.19999999999531,0.0,46.25,0.0,120.19999999999531,0.0,0.0,0.0,4696.614688376254
BT-v3,bt,0.0,3,,-1,-1,BT-v2,10075,1,0.0,0,0,1,gun_kill,114.24999999999565,0.0,100.0,0.0,114.24999999999565,0.0,0.0,0.0148861646234676,
BT-v3,bt,0.0,3,,-1,-1,BT-v2,10076,0,0.5,0,1,0,collision,7.649999999999981,0.0,0.0,0.0,7.649999999999981,0.0,0.0,0.046052631578947366,6398.297806735385
BT-v3,bt,0.0,3,,-1,-1,BT-v2,10076,1,0.0,0,0,1,gun_kill,115.74999999999557,0.0,100.0,0.0,115.74999999999557,0.0,0.0,0.0,
BT-v3,bt,0.0,3,,-1,-1,BT-v2,10077,0,0.0,0,0,1,gun_kill,103.99999999999623,0.0,100.0,0.0,103.99999999999623,0.0,0.0,0.0,4115.839010557617
BT-v3,bt,0.0,3,,-1,-1,BT-v2,10077,1,0.0,0,0,1,gun_kill,87.94999999999715,0.0,100.0,0.0,87.94999999999715,0.0,0.0,0.00683371298405467,
BT-v3,bt,0.0,3,,-1,-1,BT-v2,10078,0,0.0,0,0,1,gun_kill,112.69999999999574,0.0,100.0,0.0,112.69999999999574,0.0,0.0,0.0,4698.560246379569
BT-v3,bt,0.0,3,,-1,-1,BT-v2,10078,1,0.5,0,1,0,timeout,120.19999999999531,0.0,0.0,0.0,120.19999999999531,0.0,0.0,0.0,
BT-v3,bt,0.0,3,,-1,-1,BT-v2,10079,0,0.0,0,0,1,gun_kill,112.24999999999577,8.75,100.0,0.35,112.24999999999577,0.0,0.0,0.005793226381461676,4324.653264806037
BT-v3,bt,0.0,3,,-1,-1,BT-v2,10079,1,0.0,0,0,1,gun_kill,93.29999999999684,0.0,100.0,0.0,93.29999999999684,0.0,0.0,0.004828326180257511,
BT-v3,bt,0.0,3,,-1,-1,BT-v2,10080,0,0.0,0,0,1,gun_kill,91.09999999999697,0.0,100.0,0.0,91.09999999999697,0.0,0.0,0.012637362637362638,4164.227039887221
BT-v3,bt,0.0,3,,-1,-1,BT-v2,10080,1,0.0,0,0,1,gun_kill,113.59999999999569,0.0,100.0,0.0,113.59999999999569,0.0,0.0,0.0,
BT-v3,bt,0.0,3,,-1,-1,BT-v2,10081,0,0.5,0,1,0,timeout,120.19999999999531,0.0,0.0,0.0,120.19999999999531,0.0,0.0,0.0012479201331114808,5071.834027305353
BT-v3,bt,0.0,3,,-1,-1,BT-v2,10081,1,0.5,0,1,0,collision,20.80000000000016,0.0,0.0,0.0,20.80000000000016,0.0,0.0,0.021844660194174758,
BT-v3,bt,0.0,3,,-1,-1,BT-v2,10082,0,0.5,0,1,0,collision,11.150000000000023,0.0,8.75,0.0,11.150000000000023,0.0,0.0,0.03636363636363636,6127.473975679597
BT-v3,bt,0.0,3,,-1,-1,BT-v2,10082,1,0.0,0,0,1,gun_kill,113.04999999999572,0.0,100.0,0.0,113.04999999999572,0.0,0.0,0.0,
BT-v3,bt,0.0,3,,-1,-1,BT-v2,10083,0,0.0,0,0,1,gun_kill,110.64999999999586,0.0,100.0,0.0,110.64999999999586,0.0,0.0,0.0,4842.458140467442
BT-v3,bt,0.0,3,,-1,-1,BT-v2,10083,1,0.0,0,0,1,gun_kill,110.24999999999588,0.0,100.0,0.0,110.24999999999588,0.0,0.0,0.0054446460980036296,
BT-v3,bt,0.0,3,,-1,-1,BT-v2,10084,0,0.5,0,1,0,collision,4.99999999999999,0.0,0.0,0.0,4.99999999999999,0.0,0.0,0.07291666666666667,6505.220360009126
BT-v3,bt,0.0,3,,-1,-1,BT-v2,10084,1,0.0,0,0,1,gun_kill,107.29999999999605,0.0,100.0,0.0,107.29999999999605,0.0,0.0,0.010261194029850746,
BT-v3,bt,0.0,3,,-1,-1,BT-v2,10085,0,0.0,0,0,1,gun_kill,113.4499999999957,13.75,100.0,0.5499999999999999,113.4499999999957,0.0,0.0,0.0,4461.506406947681
BT-v3,bt,0.0,3,,-1,-1,BT-v2,10085,1,0.0,0,0,1,gun_kill,97.39999999999661,0.0,100.0,0.0,97.39999999999661,0.0,0.0,0.007716049382716049,
BT-v3,bt,0.0,3,,-1,-1,BT-v2,10086,0,0.5,0,1,0,timeout,120.19999999999531,0.0,90.0,0.0,120.19999999999531,0.0,0.0,0.0,4651.881192043426
BT-v3,bt,0.0,3,,-1,-1,BT-v2,10086,1,0.5,0,1,0,timeout,120.19999999999531,0.0,92.5,0.0,120.19999999999531,0.0,0.0,0.0,
BT-v3,bt,0.0,3,,-1,-1,BT-v2,10087,0,0.0,0,0,1,gun_kill,104.34999999999621,0.0,100.0,0.0,104.34999999999621,0.0,0.0,0.0,4433.996634847563
BT-v3,bt,0.0,3,,-1,-1,BT-v2,10087,1,0.0,0,0,1,gun_kill,104.34999999999621,0.0,100.0,0.0,104.34999999999621,0.0,0.0,0.0,
BT-v3,bt,0.0,3,,-1,-1,BT-v2,10088,0,0.5,0,1,0,timeout,120.19999999999531,0.0,76.25,0.0,120.19999999999531,0.0,0.0,0.004991680532445923,4550.305011784017
BT-v3,bt,0.0,3,,-1,-1,BT-v2,10088,1,0.0,0,0,1,gun_kill,113.84999999999567,0.0,100.0,0.0,113.84999999999567,0.0,0.0,0.0,
BT-v3,bt,0.0,3,,-1,-1,BT-v2,10089,0,0.5,0,1,0,timeout,120.19999999999531,0.0,0.0,0.0,120.19999999999531,0.0,0.0,0.0,5689.383893027175
BT-v3,bt,0.0,3,,-1,-1,BT-v2,10089,1,0.0,0,0,1,gun_kill,26.250000000000238,0.0,100.0,0.0,26.250000000000238,0.0,0.0,0.0,
BT-v3,bt,0.0,3,,-1,-1,BT-v2,10090,0,0.0,0,0,1,gun_kill,88.29999999999713,0.0,100.0,0.0,88.29999999999713,0.0,0.0,0.0,3720.5919911040714
BT-v3,bt,0.0,3,,-1,-1,BT-v2,10090,1,0.0,0,0,1,gun_kill,92.99999999999686,0.0,100.0,0.0,92.99999999999686,0.0,0.0,0.024245689655172414,
BT-v3,bt,0.0,3,,-1,-1,BT-v2,10091,0,0.0,0,0,1,gun_kill,102.8999999999963,2.5,100.0,0.1,102.8999999999963,0.0,0.0,0.017023346303501944,4127.728525821572
BT-v3,bt,0.0,3,,-1,-1,BT-v2,10091,1,0.0,0,0,1,gun_kill,105.29999999999616,0.0,100.0,0.0,105.29999999999616,0.0,0.0,0.0,
BT-v3,bt,0.0,3,,-1,-1,BT-v2,10092,0,0.5,0,1,0,timeout,120.19999999999531,0.0,61.25,0.0,120.19999999999531,0.0,0.0,0.0,4797.11351961917
BT-v3,bt,0.0,3,,-1,-1,BT-v2,10092,1,0.5,0,1,0,timeout,120.19999999999531,6.25,12.5,0.25,120.19999999999531,0.0,0.0,0.0,
BT-v3,bt,0.0,3,,-1,-1,BT-v2,10093,0,0.5,0,1,0,timeout,120.19999999999531,58.75,0.0,2.3499999999999996,120.19999999999531,0.0,0.0,0.0,5105.138459074877
BT-v3,bt,0.0,3,,-1,-1,BT-v2,10093,1,0.5,0,1,0,timeout,120.19999999999531,0.0,71.25,0.0,120.19999999999531,0.0,0.0,0.0,
BT-v3,bt,0.0,3,,-1,-1,BT-v2,10094,0,0.0,0,0,1,gun_kill,77.04999999999777,0.0,100.0,0.0,77.04999999999777,0.0,0.0,0.0,4157.391673129852
BT-v3,bt,0.0,3,,-1,-1,BT-v2,10094,1,0.0,0,0,1,gun_kill,87.89999999999715,0.0,100.0,0.0,87.89999999999715,0.0,0.0,0.0,
BT-v3,bt,0.0,3,,-1,-1,BT-v2,10095,0,0.0,0,0,1,gun_kill,115.2499999999956,0.0,100.0,0.0,115.2499999999956,0.0,0.0,0.0,4526.205836719547
BT-v3,bt,0.0,3,,-1,-1,BT-v2,10095,1,0.5,0,1,0,timeout,120.19999999999531,0.0,0.0,0.0,120.19999999999531,0.0,0.0,0.0,
BT-v3,bt,0.0,3,,-1,-1,BT-v2,10096,0,0.0,0,0,1,gun_kill,115.49999999999558,0.0,100.0,0.0,115.49999999999558,0.0,0.0,0.0,4170.0364771309605
BT-v3,bt,0.0,3,,-1,-1,BT-v2,10096,1,0.0,0,0,1,gun_kill,117.99999999999544,0.0,100.0,0.0,117.99999999999544,0.0,0.0,0.0,
BT-v3,bt,0.0,3,,-1,-1,BT-v2,10097,0,0.5,0,1,0,timeout,120.19999999999531,0.0,83.75,0.0,120.19999999999531,0.0,0.0,0.005407653910149751,4614.950961575563
BT-v3,bt,0.0,3,,-1,-1,BT-v2,10097,1,0.0,0,0,1,gun_kill,113.19999999999571,0.0,100.0,0.0,113.19999999999571,0.0,0.0,0.0,
BT-v3,bt,0.0,3,,-1,-1,BT-v2,10098,0,0.0,0,0,1,gun_kill,104.04999999999623,0.0,100.0,0.0,104.04999999999623,0.0,0.0,0.0,4007.875247578265
BT-v3,bt,0.0,3,,-1,-1,BT-v2,10098,1,0.0,0,0,1,gun_kill,101.79999999999636,0.0,100.0,0.0,101.79999999999636,0.0,0.0,0.003937007874015748,
BT-v3,bt,0.0,3,,-1,-1,BT-v2,10099,0,0.5,0,1,0,collision,8.899999999999991,1.25,0.0,0.05,8.899999999999991,0.0,0.0,0.05113636363636364,4775.130635205461
BT-v3,bt,0.0,3,,-1,-1,BT-v2,10099,1,0.0,0,0,1,gun_kill,94.39999999999678,0.0,100.0,0.0,94.39999999999678,0.0,0.0,0.0,
BT-v3,bt,0.0,3,,-1,-1,BT-v3,10000,0,0.5,0,1,0,timeout,120.19999999999531,0.0,0.0,0.0,120.19999999999531,0.0,0.0,0.0,4313.590503508819
BT-v3,bt,0.0,3,,-1,-1,BT-v3,10000,1,0.5,0,1,0,timeout,120.19999999999531,0.0,0.0,0.0,120.19999999999531,0.0,0.0,0.0,
BT-v3,bt,0.0,3,,-1,-1,BT-v3,10001,0,0.5,0,1,0,timeout,120.19999999999531,0.0,0.0,0.0,120.19999999999531,0.0,0.0,0.0,5150.856957488739
BT-v3,bt,0.0,3,,-1,-1,BT-v3,10001,1,0.5,0,1,0,timeout,120.19999999999531,0.0,0.0,0.0,120.19999999999531,0.0,0.0,0.0,
BT-v3,bt,0.0,3,,-1,-1,BT-v3,10002,0,0.5,0,1,0,timeout,120.19999999999531,8.75,11.25,0.35,120.19999999999531,0.0,0.0,0.0,4109.419059580492
BT-v3,bt,0.0,3,,-1,-1,BT-v3,10002,1,0.5,0,1,0,timeout,120.19999999999531,11.25,8.75,0.44999999999999996,120.19999999999531,0.0,0.0,0.0,
BT-v3,bt,0.0,3,,-1,-1,BT-v3,10003,0,0.5,0,1,0,timeout,120.19999999999531,0.0,18.75,0.0,120.19999999999531,0.0,0.0,0.0,5373.764697192676
BT-v3,bt,0.0,3,,-1,-1,BT-v3,10003,1,0.5,0,1,0,timeout,120.19999999999531,18.75,0.0,0.7500000000000001,120.19999999999531,0.0,0.0,0.0,
BT-v3,bt,0.0,3,,-1,-1,BT-v3,10004,0,0.5,0,1,0,timeout,120.19999999999531,0.0,87.5,0.0,120.19999999999531,0.0,0.0,0.0,4520.971953076091
BT-v3,bt,0.0,3,,-1,-1,BT-v3,10004,1,0.5,0,1,0,timeout,120.19999999999531,87.5,0.0,3.4999999999999956,120.19999999999531,0.0,0.0,0.0,
BT-v3,bt,0.0,3,,-1,-1,BT-v3,10005,0,0.5,0,1,0,timeout,120.19999999999531,0.0,5.0,0.0,120.19999999999531,0.0,0.0,0.0,9553.261024854832
BT-v3,bt,0.0,3,,-1,-1,BT-v3,10005,1,0.5,0,1,0,timeout,120.19999999999531,5.0,0.0,0.2,120.19999999999531,0.0,0.0,0.0,
BT-v3,bt,0.0,3,,-1,-1,BT-v3,10006,0,0.5,0,1,0,timeout,120.19999999999531,0.0,58.75,0.0,120.19999999999531,0.0,0.0,0.011231281198003328,4192.130761212395
BT-v3,bt,0.0,3,,-1,-1,BT-v3,10006,1,0.5,0,1,0,timeout,120.19999999999531,58.75,0.0,2.3499999999999996,120.19999999999531,0.0,0.0,0.011231281198003328,
BT-v3,bt,0.0,3,,-1,-1,BT-v3,10007,0,0.5,0,1,0,timeout,120.19999999999531,32.5,22.5,1.3000000000000005,120.19999999999531,0.0,0.0,0.007903494176372712,3974.8295881939957
BT-v3,bt,0.0,3,,-1,-1,BT-v3,10007,1,0.5,0,1,0,timeout,120.19999999999531,22.5,32.5,0.9000000000000002,120.19999999999531,0.0,0.0,0.007903494176372712,
BT-v3,bt,0.0,3,,-1,-1,BT-v3,10008,0,0.5,0,1,0,timeout,120.19999999999531,0.0,11.25,0.0,120.19999999999531,0.0,0.0,0.0,4312.015497949899
BT-v3,bt,0.0,3,,-1,-1,BT-v3,10008,1,0.5,0,1,0,timeout,120.19999999999531,11.25,0.0,0.44999999999999996,120.19999999999531,0.0,0.0,0.0,
BT-v3,bt,0.0,3,,-1,-1,BT-v3,10009,0,0.5,0,1,0,timeout,120.19999999999531,0.0,23.75,0.0,120.19999999999531,0.0,0.0,0.0,5112.319569031804
BT-v3,bt,0.0,3,,-1,-1,BT-v3,10009,1,0.5,0,1,0,timeout,120.19999999999531,23.75,0.0,0.9500000000000003,120.19999999999531,0.0,0.0,0.0,
BT-v3,bt,0.0,3,,-1,-1,BT-v3,10010,0,0.5,0,1,0,timeout,120.19999999999531,23.75,0.0,0.9500000000000003,120.19999999999531,0.0,0.0,0.0,3735.167286596194
BT-v3,bt,0.0,3,,-1,-1,BT-v3,10010,1,0.5,0,1,0,timeout,120.19999999999531,0.0,23.75,0.0,120.19999999999531,0.0,0.0,0.0,
BT-v3,bt,0.0,3,,-1,-1,BT-v3,10011,0,0.5,0,1,0,timeout,120.19999999999531,0.0,0.0,0.0,120.19999999999531,0.0,0.0,0.010815307820299502,4538.083429697409
BT-v3,bt,0.0,3,,-1,-1,BT-v3,10011,1,0.5,0,1,0,timeout,120.19999999999531,0.0,0.0,0.0,120.19999999999531,0.0,0.0,0.010815307820299502,
BT-v3,bt,0.0,3,,-1,-1,BT-v3,10012,0,0.5,0,1,0,timeout,120.19999999999531,0.0,13.75,0.0,120.19999999999531,0.0,0.0,0.0,3996.903269684051
BT-v3,bt,0.0,3,,-1,-1,BT-v3,10012,1,0.5,0,1,0,timeout,120.19999999999531,13.75,0.0,0.5499999999999999,120.19999999999531,0.0,0.0,0.0,
BT-v3,bt,0.0,3,,-1,-1,BT-v3,10013,0,0.5,0,1,0,timeout,120.19999999999531,65.0,21.25,2.5999999999999988,120.19999999999531,0.0,0.0,0.014975041597337771,4175.134020110624
BT-v3,bt,0.0,3,,-1,-1,BT-v3,10013,1,0.5,0,1,0,timeout,120.19999999999531,21.25,65.0,0.8500000000000002,120.19999999999531,0.0,0.0,0.014975041597337771,
BT-v3,bt,0.0,3,,-1,-1,BT-v3,10014,0,0.5,0,1,0,timeout,120.19999999999531,32.5,0.0,1.3000000000000005,120.19999999999531,0.0,0.0,0.0016638935108153079,4732.339441866842
BT-v3,bt,0.0,3,,-1,-1,BT-v3,10014,1,0.5,0,1,0,timeout,120.19999999999531,0.0,32.5,0.0,120.19999999999531,0.0,0.0,0.0016638935108153079,
BT-v3,bt,0.0,3,,-1,-1,BT-v3,10015,0,0.5,0,1,0,timeout,120.19999999999531,0.0,0.0,0.0,120.19999999999531,0.0,0.0,0.0,4162.9283959392715
BT-v3,bt,0.0,3,,-1,-1,BT-v3,10015,1,0.5,0,1,0,timeout,120.19999999999531,0.0,0.0,0.0,120.19999999999531,0.0,0.0,0.0,
BT-v3,bt,0.0,3,,-1,-1,BT-v3,10016,0,0.5,0,1,0,timeout,120.19999999999531,8.75,0.0,0.35,120.19999999999531,0.0,0.0,0.00041597337770382697,3991.0463790515782
BT-v3,bt,0.0,3,,-1,-1,BT-v3,10016,1,0.5,0,1,0,timeout,120.19999999999531,0.0,8.75,0.0,120.19999999999531,0.0,0.0,0.00041597337770382697,
BT-v3,bt,0.0,3,,-1,-1,BT-v3,10017,0,0.0,0,0,1,gun_kill,24.600000000000215,0.0,100.0,0.0,24.600000000000215,0.0,0.0,0.0,5964.5460773066925
BT-v3,bt,0.0,3,,-1,-1,BT-v3,10017,1,1.0,1,0,0,gun_kill,24.600000000000215,100.0,0.0,3.999999999999994,24.600000000000215,0.0,0.0,0.0,
BT-v3,bt,0.0,3,,-1,-1,BT-v3,10018,0,0.5,0,1,0,timeout,120.19999999999531,0.0,10.0,0.0,120.19999999999531,0.0,0.0,0.019966722129783693,3925.61702631335
BT-v3,bt,0.0,3,,-1,-1,BT-v3,10018,1,0.5,0,1,0,timeout,120.19999999999531,10.0,0.0,0.39999999999999997,120.19999999999531,0.0,0.0,0.019966722129783693,
BT-v3,bt,0.0,3,,-1,-1,BT-v3,10019,0,0.5,0,1,0,timeout,120.19999999999531,0.0,0.0,0.0,120.19999999999531,0.0,0.0,0.0,4374.609549069316
BT-v3,bt,0.0,3,,-1,-1,BT-v3,10019,1,0.5,0,1,0,timeout,120.19999999999531,0.0,0.0,0.0,120.19999999999531,0.0,0.0,0.0,
BT-v3,bt,0.0,3,,-1,-1,BT-v3,10020,0,0.5,0,1,0,collision,4.149999999999993,1.25,0.0,0.05,4.149999999999993,0.0,0.0,0.075,7151.915869664124
BT-v3,bt,0.0,3,,-1,-1,BT-v3,10020,1,0.5,0,1,0,collision,4.149999999999993,0.0,1.25,0.0,4.149999999999993,0.0,0.0,0.075,
BT-v3,bt,0.0,3,,-1,-1,BT-v3,10021,0,0.5,0,1,0,timeout,120.19999999999531,0.0,35.0,0.0,120.19999999999531,0.0,0.0,0.01747088186356073,4106.629020246599
BT-v3,bt,0.0,3,,-1,-1,BT-v3,10021,1,0.5,0,1,0,timeout,120.19999999999531,35.0,0.0,1.4000000000000006,120.19999999999531,0.0,0.0,0.01747088186356073,
BT-v3,bt,0.0,3,,-1,-1,BT-v3,10022,0,0.5,0,1,0,timeout,120.19999999999531,0.0,42.5,0.0,120.19999999999531,0.0,0.0,0.025790349417637273,5129.200091091807
BT-v3,bt,0.0,3,,-1,-1,BT-v3,10022,1,0.5,0,1,0,timeout,120.19999999999531,42.5,0.0,1.7000000000000008,120.19999999999531,0.0,0.0,0.025790349417637273,
BT-v3,bt,0.0,3,,-1,-1,BT-v3,10023,0,0.5,0,1,0,timeout,120.19999999999531,0.0,0.0,0.0,120.19999999999531,0.0,0.0,0.0,4795.040962976767
BT-v3,bt,0.0,3,,-1,-1,BT-v3,10023,1,0.5,0,1,0,timeout,120.19999999999531,0.0,0.0,0.0,120.19999999999531,0.0,0.0,0.0,
BT-v3,bt,0.0,3,,-1,-1,BT-v3,10024,0,1.0,1,0,0,gun_kill,113.54999999999569,100.0,0.0,3.999999999999994,113.54999999999569,0.0,0.0,0.007054673721340388,4120.812959755961
BT-v3,bt,0.0,3,,-1,-1,BT-v3,10024,1,0.0,0,0,1,gun_kill,113.54999999999569,0.0,100.0,0.0,113.54999999999569,0.0,0.0,0.007054673721340388,
BT-v3,bt,0.0,3,,-1,-1,BT-v3,10025,0,0.5,0,1,0,timeout,120.19999999999531,0.0,11.25,0.0,120.19999999999531,0.0,0.0,0.0,5953.221707808617
BT-v3,bt,0.0,3,,-1,-1,BT-v3,10025,1,0.5,0,1,0,timeout,120.19999999999531,11.25,0.0,0.44999999999999996,120.19999999999531,0.0,0.0,0.0,
BT-v3,bt,0.0,3,,-1,-1,BT-v3,10026,0,0.5,0,1,0,timeout,120.19999999999531,15.0,0.0,0.6,120.19999999999531,0.0,0.0,0.0,4365.00063052523
BT-v3,bt,0.0,3,,-1,-1,BT-v3,10026,1,0.5,0,1,0,timeout,120.19999999999531,0.0,15.0,0.0,120.19999999999531,0.0,0.0,0.0,
BT-v3,bt,0.0,3,,-1,-1,BT-v3,10027,0,0.5,0,1,0,timeout,120.19999999999531,15.0,0.0,0.6,120.19999999999531,0.0,0.0,0.0,9354.656569018074
BT-v3,bt,0.0,3,,-1,-1,BT-v3,10027,1,0.5,0,1,0,timeout,120.19999999999531,0.0,15.0,0.0,120.19999999999531,0.0,0.0,0.0,
BT-v3,bt,0.0,3,,-1,-1,BT-v3,10028,0,0.5,0,1,0,timeout,120.19999999999531,5.0,61.25,0.2,120.19999999999531,0.0,0.0,0.006239600665557404,4290.848856782509
BT-v3,bt,0.0,3,,-1,-1,BT-v3,10028,1,0.5,0,1,0,timeout,120.19999999999531,61.25,5.0,2.4499999999999993,120.19999999999531,0.0,0.0,0.006239600665557404,
BT-v3,bt,0.0,3,,-1,-1,BT-v3,10029,0,0.5,0,1,0,timeout,120.19999999999531,0.0,0.0,0.0,120.19999999999531,0.0,0.0,0.0,4476.167681978412
BT-v3,bt,0.0,3,,-1,-1,BT-v3,10029,1,0.5,0,1,0,timeout,120.19999999999531,0.0,0.0,0.0,120.19999999999531,0.0,0.0,0.0,
BT-v3,bt,0.0,3,,-1,-1,BT-v3,10030,0,0.5,0,1,0,timeout,120.19999999999531,0.0,60.0,0.0,120.19999999999531,0.0,0.0,0.018718801996672214,3984.603748296516
BT-v3,bt,0.0,3,,-1,-1,BT-v3,10030,1,0.5,0,1,0,timeout,120.19999999999531,60.0,0.0,2.3999999999999995,120.19999999999531,0.0,0.0,0.018718801996672214,
BT-v3,bt,0.0,3,,-1,-1,BT-v3,10031,0,0.5,0,1,0,timeout,120.19999999999531,0.0,30.0,0.0,120.19999999999531,0.0,0.0,0.006239600665557404,4054.420455485251
BT-v3,bt,0.0,3,,-1,-1,BT-v3,10031,1,0.5,0,1,0,timeout,120.19999999999531,30.0,0.0,1.2000000000000004,120.19999999999531,0.0,0.0,0.006239600665557404,
BT-v3,bt,0.0,3,,-1,-1,BT-v3,10032,0,0.5,0,1,0,collision,16.6000000000001,0.0,0.0,0.0,16.6000000000001,0.0,0.0,0.03048780487804878,4880.451908097587
BT-v3,bt,0.0,3,,-1,-1,BT-v3,10032,1,0.5,0,1,0,collision,16.6000000000001,0.0,0.0,0.0,16.6000000000001,0.0,0.0,0.03048780487804878,
BT-v3,bt,0.0,3,,-1,-1,BT-v3,10033,0,0.5,0,1,0,timeout,120.19999999999531,3.75,0.0,0.15000000000000002,120.19999999999531,0.0,0.0,0.024958402662229616,5063.209890567656
BT-v3,bt,0.0,3,,-1,-1,BT-v3,10033,1,0.5,0,1,0,timeout,120.19999999999531,0.0,3.75,0.0,120.19999999999531,0.0,0.0,0.024958402662229616,
BT-v3,bt,0.0,3,,-1,-1,BT-v3,10034,0,0.5,0,1,0,timeout,120.19999999999531,0.0,21.25,0.0,120.19999999999531,0.0,0.0,0.0,4990.075036510963
BT-v3,bt,0.0,3,,-1,-1,BT-v3,10034,1,0.5,0,1,0,timeout,120.19999999999531,21.25,0.0,0.8500000000000002,120.19999999999531,0.0,0.0,0.0,
BT-v3,bt,0.0,3,,-1,-1,BT-v3,10035,0,0.5,0,1,0,timeout,120.19999999999531,0.0,27.5,0.0,120.19999999999531,0.0,0.0,0.0,3900.8126262451397
BT-v3,bt,0.0,3,,-1,-1,BT-v3,10035,1,0.5,0,1,0,timeout,120.19999999999531,27.5,0.0,1.1000000000000003,120.19999999999531,0.0,0.0,0.0,
BT-v3,bt,0.0,3,,-1,-1,BT-v3,10036,0,0.5,0,1,0,collision,94.0999999999968,22.5,22.5,0.9000000000000002,94.0999999999968,0.0,0.0,0.02446808510638298,4169.082850977132
BT-v3,bt,0.0,3,,-1,-1,BT-v3,10036,1,0.5,0,1,0,collision,94.0999999999968,22.5,22.5,0.9000000000000002,94.0999999999968,0.0,0.0,0.02446808510638298,
BT-v3,bt,0.0,3,,-1,-1,BT-v3,10037,0,0.5,0,1,0,timeout,120.19999999999531,20.0,0.0,0.8000000000000002,120.19999999999531,0.0,0.0,0.0,7535.894094358725
BT-v3,bt,0.0,3,,-1,-1,BT-v3,10037,1,0.5,0,1,0,timeout,120.19999999999531,0.0,20.0,0.0,120.19999999999531,0.0,0.0,0.0,
BT-v3,bt,0.0,3,,-1,-1,BT-v3,10038,0,0.5,0,1,0,timeout,120.19999999999531,0.0,6.25,0.0,120.19999999999531,0.0,0.0,0.0,5212.859182943702
BT-v3,bt,0.0,3,,-1,-1,BT-v3,10038,1,0.5,0,1,0,timeout,120.19999999999531,6.25,0.0,0.25,120.19999999999531,0.0,0.0,0.0,
BT-v3,bt,0.0,3,,-1,-1,BT-v3,10039,0,0.5,0,1,0,timeout,120.19999999999531,18.75,0.0,0.7500000000000001,120.19999999999531,0.0,0.0,0.0,3506.1295532545328
BT-v3,bt,0.0,3,,-1,-1,BT-v3,10039,1,0.5,0,1,0,timeout,120.19999999999531,0.0,18.75,0.0,120.19999999999531,0.0,0.0,0.0,
BT-v3,bt,0.0,3,,-1,-1,BT-v3,10040,0,0.5,0,1,0,timeout,120.19999999999531,0.0,20.0,0.0,120.19999999999531,0.0,0.0,0.0,4545.753169403146
BT-v3,bt,0.0,3,,-1,-1,BT-v3,10040,1,0.5,0,1,0,timeout,120.19999999999531,20.0,0.0,0.8000000000000002,120.19999999999531,0.0,0.0,0.0,
BT-v3,bt,0.0,3,,-1,-1,BT-v3,10041,0,0.5,0,1,0,timeout,120.19999999999531,0.0,0.0,0.0,120.19999999999531,0.0,0.0,0.0020798668885191347,3799.685158719082
BT-v3,bt,0.0,3,,-1,-1,BT-v3,10041,1,0.5,0,1,0,timeout,120.19999999999531,0.0,0.0,0.0,120.19999999999531,0.0,0.0,0.0020798668885191347,
BT-v3,bt,0.0,3,,-1,-1,BT-v3,10042,0,0.5,0,1,0,collision,5.999999999999987,0.0,0.0,0.0,5.999999999999987,0.0,0.0,0.05172413793103448,7097.533809740307
BT-v3,bt,0.0,3,,-1,-1,BT-v3,10042,1,0.5,0,1,0,collision,5.999999999999987,0.0,0.0,0.0,5.999999999999987,0.0,0.0,0.05172413793103448,
BT-v3,bt,0.0,3,,-1,-1,BT-v3,10043,0,0.5,0,1,0,collision,13.800000000000061,0.0,0.0,0.0,13.800000000000061,0.0,0.0,0.03676470588235294,5712.842100019074
BT-v3,bt,0.0,3,,-1,-1,BT-v3,10043,1,0.5,0,1,0,collision,13.800000000000061,0.0,0.0,0.0,13.800000000000061,0.0,0.0,0.03676470588235294,
BT-v3,bt,0.0,3,,-1,-1,BT-v3,10044,0,0.5,0,1,0,timeout,120.19999999999531,0.0,0.0,0.0,120.19999999999531,0.0,0.0,0.0,4722.716481913669
BT-v3,bt,0.0,3,,-1,-1,BT-v3,10044,1,0.5,0,1,0,timeout,120.19999999999531,0.0,0.0,0.0,120.19999999999531,0.0,0.0,0.0,
BT-v3,bt,0.0,3,,-1,-1,BT-v3,10045,0,0.5,0,1,0,timeout,120.19999999999531,0.0,0.0,0.0,120.19999999999531,0.0,0.0,0.004159733777038269,5317.005229254552
BT-v3,bt,0.0,3,,-1,-1,BT-v3,10045,1,0.5,0,1,0,timeout,120.19999999999531,0.0,0.0,0.0,120.19999999999531,0.0,0.0,0.004159733777038269,
BT-v3,bt,0.0,3,,-1,-1,BT-v3,10046,0,0.5,0,1,0,timeout,120.19999999999531,0.0,0.0,0.0,120.19999999999531,0.0,0.0,0.0,10195.092822970608
BT-v3,bt,0.0,3,,-1,-1,BT-v3,10046,1,0.5,0,1,0,timeout,120.19999999999531,0.0,0.0,0.0,120.19999999999531,0.0,0.0,0.0,
BT-v3,bt,0.0,3,,-1,-1,BT-v3,10047,0,0.5,0,1,0,timeout,120.19999999999531,0.0,0.0,0.0,120.19999999999531,0.0,0.0,0.0,3815.8226000597356
BT-v3,bt,0.0,3,,-1,-1,BT-v3,10047,1,0.5,0,1,0,timeout,120.19999999999531,0.0,0.0,0.0,120.19999999999531,0.0,0.0,0.0,
BT-v3,bt,0.0,3,,-1,-1,BT-v3,10048,0,0.5,0,1,0,timeout,120.19999999999531,0.0,91.25,0.0,120.19999999999531,0.0,0.0,0.0,4124.88594335092
BT-v3,bt,0.0,3,,-1,-1,BT-v3,10048,1,0.5,0,1,0,timeout,120.19999999999531,91.25,0.0,3.649999999999995,120.19999999999531,0.0,0.0,0.0,
BT-v3,bt,0.0,3,,-1,-1,BT-v3,10049,0,0.5,0,1,0,timeout,120.19999999999531,27.5,32.5,1.1000000000000003,120.19999999999531,0.0,0.0,0.0,4672.5343137923965
BT-v3,bt,0.0,3,,-1,-1,BT-v3,10049,1,0.5,0,1,0,timeout,120.19999999999531,32.5,27.5,1.3000000000000005,120.19999999999531,0.0,0.0,0.0,
BT-v3,bt,0.0,3,,-1,-1,BT-v3,10050,0,0.5,0,1,0,timeout,120.19999999999531,7.5,22.5,0.3,120.19999999999531,0.0,0.0,0.011647254575707155,4050.5100412485267
BT-v3,bt,0.0,3,,-1,-1,BT-v3,10050,1,0.5,0,1,0,timeout,120.19999999999531,22.5,7.5,0.9000000000000002,120.19999999999531,0.0,0.0,0.011647254575707155,
BT-v3,bt,0.0,3,,-1,-1,BT-v3,10051,0,0.5,0,1,0,timeout,120.19999999999531,0.0,13.75,0.0,120.19999999999531,0.0,0.0,0.0,4316.995715117833
BT-v3,bt,0.0,3,,-1,-1,BT-v3,10051,1,0.5,0,1,0,timeout,120.19999999999531,13.75,0.0,0.5499999999999999,120.19999999999531,0.0,0.0,0.0,
BT-v3,bt,0.0,3,,-1,-1,BT-v3,10052,0,0.5,0,1,0,timeout,120.19999999999531,43.75,0.0,1.7500000000000009,120.19999999999531,0.0,0.0,0.026622296173044926,4289.577798070355
BT-v3,bt,0.0,3,,-1,-1,BT-v3,10052,1,0.5,0,1,0,timeout,120.19999999999531,0.0,43.75,0.0,120.19999999999531,0.0,0.0,0.026622296173044926,
BT-v3,bt,0.0,3,,-1,-1,BT-v3,10053,0,0.5,0,1,0,timeout,120.19999999999531,1.25,0.0,0.05,120.19999999999531,0.0,0.0,0.004991680532445923,5058.504094532699
BT-v3,bt,0.0,3,,-1,-1,BT-v3,10053,1,0.5,0,1,0,timeout,120.19999999999531,0.0,1.25,0.0,120.19999999999531,0.0,0.0,0.004991680532445923,
BT-v3,bt,0.0,3,,-1,-1,BT-v3,10054,0,0.5,0,1,0,timeout,120.19999999999531,2.5,0.0,0.1,120.19999999999531,0.0,0.0,0.0,3679.2596754021747
BT-v3,bt,0.0,3,,-1,-1,BT-v3,10054,1,0.5,0,1,0,timeout,120.19999999999531,0.0,2.5,0.0,120.19999999999531,0.0,0.0,0.0,
BT-v3,bt,0.0,3,,-1,-1,BT-v3,10055,0,0.5,0,1,0,timeout,120.19999999999531,1.25,0.0,0.05,120.19999999999531,0.0,0.0,0.021214642262895173,3711.4158852081837
BT-v3,bt,0.0,3,,-1,-1,BT-v3,10055,1,0.5,0,1,0,timeout,120.19999999999531,0.0,1.25,0.0,120.19999999999531,0.0,0.0,0.021214642262895173,
BT-v3,bt,0.0,3,,-1,-1,BT-v3,10056,0,0.5,0,1,0,collision,5.349999999999989,0.0,0.0,0.0,5.349999999999989,0.0,0.0,0.057692307692307696,6428.288395669287
BT-v3,bt,0.0,3,,-1,-1,BT-v3,10056,1,0.5,0,1,0,collision,5.349999999999989,0.0,0.0,0.0,5.349999999999989,0.0,0.0,0.057692307692307696,
BT-v3,bt,0.0,3,,-1,-1,BT-v3,10057,0,0.5,0,1,0,timeout,120.19999999999531,31.25,8.75,1.2500000000000004,120.19999999999531,0.0,0.0,0.0,3994.6284955800443
BT-v3,bt,0.0,3,,-1,-1,BT-v3,10057,1,0.5,0,1,0,timeout,120.19999999999531,8.75,31.25,0.35,120.19999999999531,0.0,0.0,0.0,
BT-v3,bt,0.0,3,,-1,-1,BT-v3,10058,0,0.5,0,1,0,timeout,120.19999999999531,8.75,0.0,0.35,120.19999999999531,0.0,0.0,0.0037437603993344427,3527.601937343
BT-v3,bt,0.0,3,,-1,-1,BT-v3,10058,1,0.5,0,1,0,timeout,120.19999999999531,0.0,8.75,0.0,120.19999999999531,0.0,0.0,0.0037437603993344427,
BT-v3,bt,0.0,3,,-1,-1,BT-v3,10059,0,0.5,0,1,0,timeout,120.19999999999531,12.5,28.75,0.49999999999999994,120.19999999999531,0.0,0.0,0.0,4594.731559194215
BT-v3,bt,0.0,3,,-1,-1,BT-v3,10059,1,0.5,0,1,0,timeout,120.19999999999531,28.75,12.5,1.1500000000000004,120.19999999999531,0.0,0.0,0.0,
BT-v3,bt,0.0,3,,-1,-1,BT-v3,10060,0,0.5,0,1,0,timeout,120.19999999999531,28.75,0.0,1.1500000000000004,120.19999999999531,0.0,0.0,0.0,4594.603104778638
BT-v3,bt,0.0,3,,-1,-1,BT-v3,10060,1,0.5,0,1,0,timeout,120.19999999999531,0.0,28.75,0.0,120.19999999999531,0.0,0.0,0.0,
BT-v3,bt,0.0,3,,-1,-1,BT-v3,10061,0,0.5,0,1,0,timeout,120.19999999999531,0.0,0.0,0.0,120.19999999999531,0.0,0.0,0.004575707154742097,4297.213811466169
BT-v3,bt,0.0,3,,-1,-1,BT-v3,10061,1,0.5,0,1,0,timeout,120.19999999999531,0.0,0.0,0.0,120.19999999999531,0.0,0.0,0.004575707154742097,
BT-v3,bt,0.0,3,,-1,-1,BT-v3,10062,0,0.5,0,1,0,timeout,120.19999999999531,0.0,7.5,0.0,120.19999999999531,0.0,0.0,0.0,4801.162992453372
BT-v3,bt,0.0,3,,-1,-1,BT-v3,10062,1,0.5,0,1,0,timeout,120.19999999999531,7.5,0.0,0.3,120.19999999999531,0.0,0.0,0.0,
BT-v3,bt,0.0,3,,-1,-1,BT-v3,10063,0,0.5,0,1,0,timeout,120.19999999999531,0.0,6.25,0.0,120.19999999999531,0.0,0.0,0.0,3763.4442127667407
BT-v3,bt,0.0,3,,-1,-1,BT-v3,10063,1,0.5,0,1,0,timeout,120.19999999999531,6.25,0.0,0.25,120.19999999999531,0.0,0.0,0.0,
BT-v3,bt,0.0,3,,-1,-1,BT-v3,10064,0,0.5,0,1,0,timeout,120.19999999999531,0.0,63.75,0.0,120.19999999999531,0.0,0.0,0.0,5298.210166096731
BT-v3,bt,0.0,3,,-1,-1,BT-v3,10064,1,0.5,0,1,0,timeout,120.19999999999531,63.75,0.0,2.549999999999999,120.19999999999531,0.0,0.0,0.0,
BT-v3,bt,0.0,3,,-1,-1,BT-v3,10065,0,0.5,0,1,0,timeout,120.19999999999531,11.25,0.0,0.44999999999999996,120.19999999999531,0.0,0.0,0.0,3914.9982862171855
BT-v3,bt,0.0,3,,-1,-1,BT-v3,10065,1,0.5,0,1,0,timeout,120.19999999999531,0.0,11.25,0.0,120.19999999999531,0.0,0.0,0.0,
BT-v3,bt,0.0,3,,-1,-1,BT-v3,10066,0,0.5,0,1,0,timeout,120.19999999999531,0.0,5.0,0.0,120.19999999999531,0.0,0.0,0.0,4031.501071348021
BT-v3,bt,0.0,3,,-1,-1,BT-v3,10066,1,0.5,0,1,0,timeout,120.19999999999531,5.0,0.0,0.2,120.19999999999531,0.0,0.0,0.0,
BT-v3,bt,0.0,3,,-1,-1,BT-v3,10067,0,0.5,0,1,0,timeout,120.19999999999531,0.0,0.0,0.0,120.19999999999531,0.0,0.0,0.0,5117.28587306252
BT-v3,bt,0.0,3,,-1,-1,BT-v3,10067,1,0.5,0,1,0,timeout,120.19999999999531,0.0,0.0,0.0,120.19999999999531,0.0,0.0,0.0,
BT-v3,bt,0.0,3,,-1,-1,BT-v3,10068,0,0.5,0,1,0,timeout,120.19999999999531,0.0,0.0,0.0,120.19999999999531,0.0,0.0,0.007071547420965058,4710.376650230513
BT-v3,bt,0.0,3,,-1,-1,BT-v3,10068,1,0.5,0,1,0,timeout,120.19999999999531,0.0,0.0,0.0,120.19999999999531,0.0,0.0,0.007071547420965058,
BT-v3,bt,0.0,3,,-1,-1,BT-v3,10069,0,0.5,0,1,0,timeout,120.19999999999531,0.0,0.0,0.0,120.19999999999531,0.0,0.0,0.0,4478.90801232871
BT-v3,bt,0.0,3,,-1,-1,BT-v3,10069,1,0.5,0,1,0,timeout,120.19999999999531,0.0,0.0,0.0,120.19999999999531,0.0,0.0,0.0,
BT-v3,bt,0.0,3,,-1,-1,BT-v3,10070,0,0.5,0,1,0,timeout,120.19999999999531,35.0,0.0,1.4000000000000006,120.19999999999531,0.0,0.0,0.017054908485856904,4894.787909092888
BT-v3,bt,0.0,3,,-1,-1,BT-v3,10070,1,0.5,0,1,0,timeout,120.19999999999531,0.0,35.0,0.0,120.19999999999531,0.0,0.0,0.017054908485856904,
BT-v3,bt,0.0,3,,-1,-1,BT-v3,10071,0,0.5,0,1,0,timeout,120.19999999999531,25.0,22.5,1.0000000000000002,120.19999999999531,0.0,0.0,0.005823627287853577,4451.457384915987
BT-v3,bt,0.0,3,,-1,-1,BT-v3,10071,1,0.5,0,1,0,timeout,120.19999999999531,22.5,25.0,0.9000000000000002,120.19999999999531,0.0,0.0,0.005823627287853577,
BT-v3,bt,0.0,3,,-1,-1,BT-v3,10072,0,0.5,0,1,0,timeout,120.19999999999531,0.0,37.5,0.0,120.19999999999531,0.0,0.0,0.0066555740432612314,4231.593451733289
BT-v3,bt,0.0,3,,-1,-1,BT-v3,10072,1,0.5,0,1,0,timeout,120.19999999999531,37.5,0.0,1.5000000000000007,120.19999999999531,0.0,0.0,0.0066555740432612314,
BT-v3,bt,0.0,3,,-1,-1,BT-v3,10073,0,0.5,0,1,0,timeout,120.19999999999531,0.0,0.0,0.0,120.19999999999531,0.0,0.0,0.006239600665557404,4260.7775333744285
BT-v3,bt,0.0,3,,-1,-1,BT-v3,10073,1,0.5,0,1,0,timeout,120.19999999999531,0.0,0.0,0.0,120.19999999999531,0.0,0.0,0.006239600665557404,
BT-v3,bt,0.0,3,,-1,-1,BT-v3,10074,0,0.5,0,1,0,timeout,120.19999999999531,0.0,48.75,0.0,120.19999999999531,0.0,0.0,0.008319467554076539,5017.672359751634
BT-v3,bt,0.0,3,,-1,-1,BT-v3,10074,1,0.5,0,1,0,timeout,120.19999999999531,48.75,0.0,1.950000000000001,120.19999999999531,0.0,0.0,0.008319467554076539,
BT-v3,bt,0.0,3,,-1,-1,BT-v3,10075,0,0.5,0,1,0,timeout,120.19999999999531,28.75,0.0,1.1500000000000004,120.19999999999531,0.0,0.0,0.0029118136439267887,4611.118416753014
BT-v3,bt,0.0,3,,-1,-1,BT-v3,10075,1,0.5,0,1,0,timeout,120.19999999999531,0.0,28.75,0.0,120.19999999999531,0.0,0.0,0.0029118136439267887,
BT-v3,bt,0.0,3,,-1,-1,BT-v3,10076,0,0.5,0,1,0,collision,7.399999999999982,0.0,0.0,0.0,7.399999999999982,0.0,0.0,0.05555555555555555,6404.005738709495
BT-v3,bt,0.0,3,,-1,-1,BT-v3,10076,1,0.5,0,1,0,collision,7.399999999999982,0.0,0.0,0.0,7.399999999999982,0.0,0.0,0.05555555555555555,
BT-v3,bt,0.0,3,,-1,-1,BT-v3,10077,0,0.5,0,1,0,timeout,120.19999999999531,0.0,0.0,0.0,120.19999999999531,0.0,0.0,0.0,4281.028091136386
BT-v3,bt,0.0,3,,-1,-1,BT-v3,10077,1,0.5,0,1,0,timeout,120.19999999999531,0.0,0.0,0.0,120.19999999999531,0.0,0.0,0.0,
BT-v3,bt,0.0,3,,-1,-1,BT-v3,10078,0,0.5,0,1,0,timeout,120.19999999999531,12.5,15.0,0.49999999999999994,120.19999999999531,0.0,0.0,0.01913477537437604,4700.846242325413
BT-v3,bt,0.0,3,,-1,-1,BT-v3,10078,1,0.5,0,1,0,timeout,120.19999999999531,15.0,12.5,0.6,120.19999999999531,0.0,0.0,0.01913477537437604,
BT-v3,bt,0.0,3,,-1,-1,BT-v3,10079,0,0.5,0,1,0,timeout,120.19999999999531,12.5,0.0,0.49999999999999994,120.19999999999531,0.0,0.0,0.0,4200.617319409658
BT-v3,bt,0.0,3,,-1,-1,BT-v3,10079,1,0.5,0,1,0,timeout,120.19999999999531,0.0,12.5,0.0,120.19999999999531,0.0,0.0,0.0,
BT-v3,bt,0.0,3,,-1,-1,BT-v3,10080,0,0.5,0,1,0,timeout,120.19999999999531,0.0,30.0,0.0,120.19999999999531,0.0,0.0,0.005823627287853577,3793.9616685529863
BT-v3,bt,0.0,3,,-1,-1,BT-v3,10080,1,0.5,0,1,0,timeout,120.19999999999531,30.0,0.0,1.2000000000000004,120.19999999999531,0.0,0.0,0.005823627287853577,
BT-v3,bt,0.0,3,,-1,-1,BT-v3,10081,0,0.5,0,1,0,timeout,120.19999999999531,0.0,0.0,0.0,120.19999999999531,0.0,0.0,0.005407653910149751,5092.316338995322
BT-v3,bt,0.0,3,,-1,-1,BT-v3,10081,1,0.5,0,1,0,timeout,120.19999999999531,0.0,0.0,0.0,120.19999999999531,0.0,0.0,0.005407653910149751,
BT-v3,bt,0.0,3,,-1,-1,BT-v3,10082,0,0.5,0,1,0,timeout,120.19999999999531,0.0,32.5,0.0,120.19999999999531,0.0,0.0,0.027038269550748752,4434.86506213875
BT-v3,bt,0.0,3,,-1,-1,BT-v3,10082,1,0.5,0,1,0,timeout,120.19999999999531,32.5,0.0,1.3000000000000005,120.19999999999531,0.0,0.0,0.027038269550748752,
BT-v3,bt,0.0,3,,-1,-1,BT-v3,10083,0,0.5,0,1,0,timeout,120.19999999999531,0.0,0.0,0.0,120.19999999999531,0.0,0.0,0.0,4665.243551217907
BT-v3,bt,0.0,3,,-1,-1,BT-v3,10083,1,0.5,0,1,0,timeout,120.19999999999531,0.0,0.0,0.0,120.19999999999531,0.0,0.0,0.0,
BT-v3,bt,0.0,3,,-1,-1,BT-v3,10084,0,0.5,0,1,0,timeout,120.19999999999531,32.5,0.0,1.3000000000000005,120.19999999999531,0.0,0.0,0.010815307820299502,4661.343488535141
BT-v3,bt,0.0,3,,-1,-1,BT-v3,10084,1,0.5,0,1,0,timeout,120.19999999999531,0.0,32.5,0.0,120.19999999999531,0.0,0.0,0.010815307820299502,
BT-v3,bt,0.0,3,,-1,-1,BT-v3,10085,0,0.5,0,1,0,timeout,120.19999999999531,60.0,0.0,2.3999999999999995,120.19999999999531,0.0,0.0,0.009151414309484194,4281.264476838401
BT-v3,bt,0.0,3,,-1,-1,BT-v3,10085,1,0.5,0,1,0,timeout,120.19999999999531,0.0,60.0,0.0,120.19999999999531,0.0,0.0,0.009151414309484194,
BT-v3,bt,0.0,3,,-1,-1,BT-v3,10086,0,0.5,0,1,0,timeout,120.19999999999531,0.0,60.0,0.0,120.19999999999531,0.0,0.0,0.016638935108153077,4187.77014057565
BT-v3,bt,0.0,3,,-1,-1,BT-v3,10086,1,0.5,0,1,0,timeout,120.19999999999531,60.0,0.0,2.3999999999999995,120.19999999999531,0.0,0.0,0.016638935108153077,
BT-v3,bt,0.0,3,,-1,-1,BT-v3,10087,0,0.5,0,1,0,collision,3.999999999999994,0.0,0.0,0.0,3.999999999999994,0.0,0.0,0.07894736842105263,6660.763752391095
BT-v3,bt,0.0,3,,-1,-1,BT-v3,10087,1,0.5,0,1,0,collision,3.999999999999994,0.0,0.0,0.0,3.999999999999994,0.0,0.0,0.07894736842105263,
BT-v3,bt,0.0,3,,-1,-1,BT-v3,10088,0,0.5,0,1,0,timeout,120.19999999999531,0.0,33.75,0.0,120.19999999999531,0.0,0.0,0.010815307820299502,4330.13222421284
BT-v3,bt,0.0,3,,-1,-1,BT-v3,10088,1,0.5,0,1,0,timeout,120.19999999999531,33.75,0.0,1.3500000000000005,120.19999999999531,0.0,0.0,0.010815307820299502,
BT-v3,bt,0.0,3,,-1,-1,BT-v3,10089,0,0.5,0,1,0,timeout,120.19999999999531,0.0,1.25,0.0,120.19999999999531,0.0,0.0,0.0,4802.1584631934775
BT-v3,bt,0.0,3,,-1,-1,BT-v3,10089,1,0.5,0,1,0,timeout,120.19999999999531,1.25,0.0,0.05,120.19999999999531,0.0,0.0,0.0,
BT-v3,bt,0.0,3,,-1,-1,BT-v3,10090,0,0.5,0,1,0,timeout,120.19999999999531,0.0,40.0,0.0,120.19999999999531,0.0,0.0,0.009151414309484194,3505.163799064683
BT-v3,bt,0.0,3,,-1,-1,BT-v3,10090,1,0.5,0,1,0,timeout,120.19999999999531,40.0,0.0,1.6000000000000008,120.19999999999531,0.0,0.0,0.009151414309484194,
BT-v3,bt,0.0,3,,-1,-1,BT-v3,10091,0,0.5,0,1,0,collision,22.20000000000018,16.25,0.0,0.65,22.20000000000018,0.0,0.0,0.015909090909090907,5825.587276953246
BT-v3,bt,0.0,3,,-1,-1,BT-v3,10091,1,0.5,0,1,0,collision,22.20000000000018,0.0,16.25,0.0,22.20000000000018,0.0,0.0,0.015909090909090907,
BT-v3,bt,0.0,3,,-1,-1,BT-v3,10092,0,0.5,0,1,0,collision,4.299999999999993,0.0,5.0,0.0,4.299999999999993,0.0,0.0,0.09523809523809523,6610.370448298925
BT-v3,bt,0.0,3,,-1,-1,BT-v3,10092,1,0.5,0,1,0,collision,4.299999999999993,5.0,0.0,0.2,4.299999999999993,0.0,0.0,0.09523809523809523,
BT-v3,bt,0.0,3,,-1,-1,BT-v3,10093,0,0.5,0,1,0,timeout,120.19999999999531,53.75,0.0,2.1500000000000004,120.19999999999531,0.0,0.0,0.0,5003.235943962106
BT-v3,bt,0.0,3,,-1,-1,BT-v3,10093,1,0.5,0,1,0,timeout,120.19999999999531,0.0,53.75,0.0,120.19999999999531,0.0,0.0,0.0,
BT-v3,bt,0.0,3,,-1,-1,BT-v3,10094,0,0.5,0,1,0,timeout,120.19999999999531,0.0,70.0,0.0,120.19999999999531,0.0,0.0,0.011647254575707155,3714.870151720869
BT-v3,bt,0.0,3,,-1,-1,BT-v3,10094,1,0.5,0,1,0,timeout,120.19999999999531,70.0,0.0,2.799999999999998,120.19999999999531,0.0,0.0,0.011647254575707155,
BT-v3,bt,0.0,3,,-1,-1,BT-v3,10095,0,0.5,0,1,0,timeout,120.19999999999531,0.0,0.0,0.0,120.19999999999531,0.0,0.0,0.0,4686.269275423181
BT-v3,bt,0.0,3,,-1,-1,BT-v3,10095,1,0.5,0,1,0,timeout,120.19999999999531,0.0,0.0,0.0,120.19999999999531,0.0,0.0,0.0,
BT-v3,bt,0.0,3,,-1,-1,BT-v3,10096,0,0.5,0,1,0,timeout,120.19999999999531,0.0,0.0,0.0,120.19999999999531,0.0,0.0,0.0,3787.8882013523444
BT-v3,bt,0.0,3,,-1,-1,BT-v3,10096,1,0.5,0,1,0,timeout,120.19999999999531,0.0,0.0,0.0,120.19999999999531,0.0,0.0,0.0,
BT-v3,bt,0.0,3,,-1,-1,BT-v3,10097,0,1.0,1,0,0,gun_kill,119.89999999999533,100.0,0.0,3.999999999999994,119.89999999999533,0.0,0.0,0.00667779632721202,4346.13441316323
BT-v3,bt,0.0,3,,-1,-1,BT-v3,10097,1,0.0,0,0,1,gun_kill,119.89999999999533,0.0,100.0,0.0,119.89999999999533,0.0,0.0,0.00667779632721202,
BT-v3,bt,0.0,3,,-1,-1,BT-v3,10098,0,0.5,0,1,0,timeout,120.19999999999531,3.75,0.0,0.15000000000000002,120.19999999999531,0.0,0.0,0.0,4180.762514623177
BT-v3,bt,0.0,3,,-1,-1,BT-v3,10098,1,0.5,0,1,0,timeout,120.19999999999531,0.0,3.75,0.0,120.19999999999531,0.0,0.0,0.0,
BT-v3,bt,0.0,3,,-1,-1,BT-v3,10099,0,0.5,0,1,0,timeout,120.19999999999531,0.0,0.0,0.0,120.19999999999531,0.0,0.0,0.0,3744.5484653925205
BT-v3,bt,0.0,3,,-1,-1,BT-v3,10099,1,0.5,0,1,0,timeout,120.19999999999531,0.0,0.0,0.0,120.19999999999531,0.0,0.0,0.0,
POOL-s0-b100,rl,1.0,2,results/es_pool/ckpt_seed0_gen00100.npz,100,0,BT-v2,10000,0,0.0,0,0,1,crash,83.79999999999738,0.0,0.0,0.0,83.79999999999738,0.23504784688995214,0.037679425837320576,0.014354066985645933,3690.0168159196496
POOL-s0-b100,rl,1.0,2,results/es_pool/ckpt_seed0_gen00100.npz,100,0,BT-v2,10000,1,0.0,0,0,1,crash,100.9999999999964,11.25,0.0,0.44999999999999996,100.9999999999964,0.19543650793650794,0.03819444444444445,0.0,
POOL-s0-b100,rl,1.0,2,results/es_pool/ckpt_seed0_gen00100.npz,100,0,BT-v2,10001,0,0.5,0,1,0,timeout,120.19999999999531,0.0,11.25,0.0,120.19999999999531,0.13643926788685523,0.0033277870216306157,0.04367720465890183,3877.53663412478
POOL-s0-b100,rl,1.0,2,results/es_pool/ckpt_seed0_gen00100.npz,100,0,BT-v2,10001,1,0.5,0,1,0,timeout,120.19999999999531,41.25,0.0,1.6500000000000008,120.19999999999531,0.0,0.0033277870216306157,0.0,
POOL-s0-b100,rl,1.0,2,results/es_pool/ckpt_seed0_gen00100.npz,100,0,BT-v2,10002,0,0.5,0,1,0,timeout,120.19999999999531,13.75,0.0,0.5499999999999999,120.19999999999531,0.12396006655574043,0.0324459234608985,0.0,3811.8907724685514
POOL-s0-b100,rl,1.0,2,results/es_pool/ckpt_seed0_gen00100.npz,100,0,BT-v2,10002,1,0.5,0,1,0,timeout,120.19999999999531,11.25,0.0,0.44999999999999996,120.19999999999531,0.240432612312812,0.05574043261231281,0.05324459234608985,
POOL-s0-b100,rl,1.0,2,results/es_pool/ckpt_seed0_gen00100.npz,100,0,BT-v2,10003,0,0.5,0,1,0,timeout,120.19999999999531,0.0,0.0,0.0,120.19999999999531,0.07487520798668885,0.08652246256239601,0.04492512479201331,4281.176831068896
POOL-s0-b100,rl,1.0,2,results/es_pool/ckpt_seed0_gen00100.npz,100,0,BT-v2,10003,1,0.0,0,0,1,crash,110.84999999999584,17.5,0.0,0.7000000000000001,110.84999999999584,0.1818592057761733,0.07536101083032491,0.0,
POOL-s0-b100,rl,1.0,2,results/es_pool/ckpt_seed0_gen00100.npz,100,0,BT-v2,10004,0,0.5,0,1,0,timeout,120.19999999999531,0.0,0.0,0.0,120.19999999999531,0.2146422628951747,0.021630615640599003,0.04742096505823627,3464.1204498267557
POOL-s0-b100,rl,1.0,2,results/es_pool/ckpt_seed0_gen00100.npz,100,0,BT-v2,10004,1,0.5,0,1,0,timeout,120.19999999999531,41.25,0.0,1.6500000000000008,120.19999999999531,0.04991680532445923,0.04367720465890183,0.0,
POOL-s0-b100,rl,1.0,2,results/es_pool/ckpt_seed0_gen00100.npz,100,0,BT-v2,10005,0,0.0,0,0,1,crash,115.64999999999557,0.0,6.25,0.0,115.64999999999557,0.2694636678200692,0.10250865051903114,0.026816608996539794,3417.394653348831
POOL-s0-b100,rl,1.0,2,results/es_pool/ckpt_seed0_gen00100.npz,100,0,BT-v2,10005,1,1.0,1,0,0,crash,119.29999999999536,11.25,0.0,0.44999999999999996,119.29999999999536,0.28187919463087246,0.10947986577181208,0.04320469798657718,
POOL-s0-b100,rl,1.0,2,results/es_pool/ckpt_seed0_gen00100.npz,100,0,BT-v2,10006,0,0.5,0,1,0,timeout,120.19999999999531,0.0,0.0,0.0,120.19999999999531,0.10773710482529118,0.008735440931780365,0.004991680532445923,4159.8317412372335
POOL-s0-b100,rl,1.0,2,results/es_pool/ckpt_seed0_gen00100.npz,100,0,BT-v2,10006,1,0.5,0,1,0,timeout,120.19999999999531,33.75,0.0,1.3500000000000005,120.19999999999531,0.17387687188019968,0.009151414309484194,0.025374376039933443,
POOL-s0-b100,rl,1.0,2,results/es_pool/ckpt_seed0_gen00100.npz,100,0,BT-v2,10007,0,0.5,0,1,0,timeout,120.19999999999531,13.75,0.0,0.5499999999999999,120.19999999999531,0.08652246256239601,0.02204658901830283,0.01913477537437604,3824.477076443532
POOL-s0-b100,rl,1.0,2,results/es_pool/ckpt_seed0_gen00100.npz,100,0,BT-v2,10007,1,0.0,0,0,1,crash,96.14999999999668,40.0,0.0,1.6000000000000008,96.14999999999668,0.21354166666666666,0.06145833333333333,0.0,
POOL-s0-b100,rl,1.0,2,results/es_pool/ckpt_seed0_gen00100.npz,100,0,BT-v2,10008,0,0.0,0,0,1,crash,82.09999999999748,0.0,0.0,0.0,82.09999999999748,0.24573170731707317,0.05548780487804878,0.014634146341463415,3627.3897451400753
POOL-s0-b100,rl,1.0,2,results/es_pool/ckpt_seed0_gen00100.npz,100,0,BT-v2,10008,1,0.5,0,1,0,timeout,120.19999999999531,0.0,0.0,0.0,120.19999999999531,0.11605657237936771,0.04367720465890183,0.0,
POOL-s0-b100,rl,1.0,2,results/es_pool/ckpt_seed0_gen00100.npz,100,0,BT-v2,10009,0,0.5,0,1,0,timeout,120.19999999999531,18.75,0.0,0.7500000000000001,120.19999999999531,0.1360232945091514,0.04492512479201331,0.022878535773710483,3868.689067093736
POOL-s0-b100,rl,1.0,2,results/es_pool/ckpt_seed0_gen00100.npz,100,0,BT-v2,10009,1,0.5,0,1,0,timeout,120.19999999999531,17.5,0.0,0.7000000000000001,120.19999999999531,0.0016638935108153079,0.028286189683860232,0.005823627287853577,
POOL-s0-b100,rl,1.0,2,results/es_pool/ckpt_seed0_gen00100.npz,100,0,BT-v2,10010,0,1.0,1,0,0,crash,101.49999999999638,13.75,0.0,0.5499999999999999,101.49999999999638,0.32051282051282054,0.07692307692307693,0.04043392504930966,3016.7444111719933
POOL-s0-b100,rl,1.0,2,results/es_pool/ckpt_seed0_gen00100.npz,100,0,BT-v2,10010,1,0.0,0,0,1,crash,80.19999999999759,3.75,11.25,0.15000000000000002,80.19999999999759,0.255,0.105625,0.029375,
POOL-s0-b100,rl,1.0,2,results/es_pool/ckpt_seed0_gen00100.npz,100,0,BT-v2,10011,0,0.0,0,0,1,crash,93.89999999999681,0.0,0.0,0.0,93.89999999999681,0.18603411513859275,0.0,0.0042643923240938165,4201.80146587526
POOL-s0-b100,rl,1.0,2,results/es_pool/ckpt_seed0_gen00100.npz,100,0,BT-v2,10011,1,0.0,0,0,1,crash,95.8499999999967,11.25,0.0,0.44999999999999996,95.8499999999967,0.20041753653444677,0.0,0.013048016701461378,
POOL-s0-b100,rl,1.0,2,results/es_pool/ckpt_seed0_gen00100.npz,100,0,BT-v2,10012,0,0.0,0,0,1,crash,85.1499999999973,26.25,10.0,1.0500000000000003,85.1499999999973,0.24588235294117647,0.20352941176470588,0.036470588235294116,3468.1974717649896
POOL-s0-b100,rl,1.0,2,results/es_pool/ckpt_seed0_gen00100.npz,100,0,BT-v2,10012,1,0.0,0,0,1,crash,72.64999999999802,16.25,0.0,0.65,72.64999999999802,0.26859504132231404,0.174931129476584,0.013774104683195593,
POOL-s0-b100,rl,1.0,2,results/es_pool/ckpt_seed0_gen00100.npz,100,0,BT-v2,10013,0,0.5,0,1,0,timeout,120.19999999999531,20.0,0.0,0.8000000000000002,120.19999999999531,0.17803660565723795,0.034525790349417634,0.034525790349417634,3733.997421984729
POOL-s0-b100,rl,1.0,2,results/es_pool/ckpt_seed0_gen00100.npz,100,0,BT-v2,10013,1,0.5,0,1,0,timeout,120.19999999999531,0.0,0.0,0.0,120.19999999999531,0.07529118136439268,0.03494176372712146,0.0016638935108153079,
POOL-s0-b100,rl,1.0,2,results/es_pool/ckpt_seed0_gen00100.npz,100,0,BT-v2,10014,0,0.5,0,1,0,timeout,120.19999999999531,7.5,0.0,0.3,120.19999999999531,0.12895174708818635,0.0,0.04118136439267887,3992.272407096672
POOL-s0-b100,rl,1.0,2,results/es_pool/ckpt_seed0_gen00100.npz,100,0,BT-v2,10014,1,0.5,0,1,0,timeout,120.19999999999531,0.0,0.0,0.0,120.19999999999531,0.037853577371048254,0.0,0.010815307820299502,
POOL-s0-b100,rl,1.0,2,results/es_pool/ckpt_seed0_gen00100.npz,100,0,BT-v2,10015,0,0.0,0,0,1,crash,81.04999999999754,0.0,12.5,0.0,81.04999999999754,0.22469135802469137,0.0,0.016049382716049384,3521.8604756417953
POOL-s0-b100,rl,1.0,2,results/es_pool/ckpt_seed0_gen00100.npz,100,0,BT-v2,10015,1,0.5,0,1,0,timeout,120.19999999999531,13.75,0.0,0.5499999999999999,120.19999999999531,0.19675540765391014,0.0,0.009151414309484194,
POOL-s0-b100,rl,1.0,2,results/es_pool/ckpt_seed0_gen00100.npz,100,0,BT-v2,10016,0,0.5,0,1,0,timeout,120.19999999999531,26.25,0.0,1.0500000000000003,120.19999999999531,0.2420965058236273,0.0,0.015806988352745424,3405.1834516235053
POOL-s0-b100,rl,1.0,2,results/es_pool/ckpt_seed0_gen00100.npz,100,0,BT-v2,10016,1,0.0,0,0,1,crash,79.14999999999765,0.0,5.0,0.0,79.14999999999765,0.2518987341772152,0.0,0.013924050632911392,
POOL-s0-b100,rl,1.0,2,results/es_pool/ckpt_seed0_gen00100.npz,100,0,BT-v2,10017,0,1.0,1,0,0,crash,120.14999999999532,0.0,0.0,0.0,120.14999999999532,0.26,0.037083333333333336,0.04125,3323.0654994106744
POOL-s0-b100,rl,1.0,2,results/es_pool/ckpt_seed0_gen00100.npz,100,0,BT-v2,10017,1,1.0,1,0,0,gun_kill,17.95000000000012,100.0,0.0,3.999999999999994,17.95000000000012,0.0,0.2556179775280899,0.0,
POOL-s0-b100,rl,1.0,2,results/es_pool/ckpt_seed0_gen00100.npz,100,0,BT-v2,10018,0,0.5,0,1,0,collision,29.25000000000028,0.0,0.0,0.0,29.25000000000028,0.0,0.1404109589041096,0.04452054794520548,4937.922326951486
POOL-s0-b100,rl,1.0,2,results/es_pool/ckpt_seed0_gen00100.npz,100,0,BT-v2,10018,1,0.0,0,0,1,crash,77.39999999999775,5.0,0.0,0.2,77.39999999999775,0.23963730569948186,0.02655440414507772,0.015544041450777202,
POOL-s0-b100,rl,1.0,2,results/es_pool/ckpt_seed0_gen00100.npz,100,0,BT-v2,10019,0,0.5,0,1,0,timeout,120.19999999999531,40.0,0.0,1.6000000000000008,120.19999999999531,0.028286189683860232,0.0,0.005823627287853577,4205.4309224545095
POOL-s0-b100,rl,1.0,2,results/es_pool/ckpt_seed0_gen00100.npz,100,0,BT-v2,10019,1,0.0,0,0,1,crash,90.39999999999701,0.0,0.0,0.0,90.39999999999701,0.2222838137472284,0.0,0.012749445676274944,
POOL-s0-b100,rl,1.0,2,results/es_pool/ckpt_seed0_gen00100.npz,100,0,BT-v2,10020,0,0.0,0,0,1,crash,98.29999999999656,5.0,0.0,0.2,98.29999999999656,0.20672097759674135,0.0,0.015784114052953158,4086.6020066228143
POOL-s0-b100,rl,1.0,2,results/es_pool/ckpt_seed0_gen00100.npz,100,0,BT-v2,10020,1,0.0,0,0,1,crash,98.39999999999655,6.25,0.0,0.25,98.39999999999655,0.20519348268839105,0.0,0.012729124236252547,
POOL-s0-b100,rl,1.0,2,results/es_pool/ckpt_seed0_gen00100.npz,100,0,BT-v2,10021,0,0.0,0,0,1,crash,69.4999999999982,0.0,2.5,0.0,69.4999999999982,0.2557636887608069,0.21974063400576369,0.0,3532.7511518204674
POOL-s0-b100,rl,1.0,2,results/es_pool/ckpt_seed0_gen00100.npz,100,0,BT-v2,10021,1,0.0,0,0,1,crash,76.14999999999782,15.0,0.0,0.6,76.14999999999782,0.26513157894736844,0.1368421052631579,0.020394736842105264,
POOL-s0-b100,rl,1.0,2,results/es_pool/ckpt_seed0_gen00100.npz,100,0,BT-v2,10022,0,0.5,0,1,0,timeout,120.19999999999531,5.0,0.0,0.2,120.19999999999531,0.08652246256239601,0.03868552412645591,0.0008319467554076539,4278.099207106388
POOL-s0-b100,rl,1.0,2,results/es_pool/ckpt_seed0_gen00100.npz,100,0,BT-v2,10022,1,0.5,0,1,0,timeout,120.19999999999531,17.5,0.0,0.7000000000000001,120.19999999999531,0.07570715474209651,0.04409317803660566,0.012895174708818636,
POOL-s0-b100,rl,1.0,2,results/es_pool/ckpt_seed0_gen00100.npz,100,0,BT-v2,10023,0,0.5,0,1,0,timeout,120.19999999999531,0.0,0.0,0.0,120.19999999999531,0.1110648918469218,0.0370216306156406,0.04159733777038269,4091.2668678552127
POOL-s0-b100,rl,1.0,2,results/es_pool/ckpt_seed0_gen00100.npz,100,0,BT-v2,10023,1,0.0,0,0,1,crash,106.19999999999611,0.0,0.0,0.0,106.19999999999611,0.18584905660377357,0.04622641509433962,0.0,
POOL-s0-b100,rl,1.0,2,results/es_pool/ckpt_seed0_gen00100.npz,100,0,BT-v2,10024,0,0.0,0,0,1,crash,84.44999999999735,0.0,0.0,0.0,84.44999999999735,0.24170616113744076,0.04798578199052133,0.00533175355450237,3671.8706728950287
POOL-s0-b100,rl,1.0,2,results/es_pool/ckpt_seed0_gen00100.npz,100,0,BT-v2,10024,1,0.0,0,0,1,crash,65.8999999999984,0.0,20.0,0.0,65.8999999999984,0.2651975683890577,0.10638297872340426,0.0,
POOL-s0-b100,rl,1.0,2,results/es_pool/ckpt_seed0_gen00100.npz,100,0,BT-v2,10025,0,0.5,0,1,0,timeout,120.19999999999531,0.0,0.0,0.0,120.19999999999531,0.0,0.035357737104825294,0.03161397670549085,4820.806958766137
POOL-s0-b100,rl,1.0,2,results/es_pool/ckpt_seed0_gen00100.npz,100,0,BT-v2,10025,1,0.0,0,0,1,crash,111.39999999999581,27.5,0.0,1.1000000000000003,111.39999999999581,0.18615107913669066,0.03866906474820144,0.0,
POOL-s0-b100,rl,1.0,2,results/es_pool/ckpt_seed0_gen00100.npz,100,0,BT-v2,10026,0,0.5,0,1,0,timeout,120.19999999999531,5.0,0.0,0.2,120.19999999999531,0.15515806988352746,0.07113144758735442,0.0,3882.7963619371503
POOL-s0-b100,rl,1.0,2,results/es_pool/ckpt_seed0_gen00100.npz,100,0,BT-v2,10026,1,0.0,0,0,1,crash,77.99999999999771,0.0,0.0,0.0,77.99999999999771,0.2377892030848329,0.09575835475578406,0.008354755784061696,
POOL-s0-b100,rl,1.0,2,results/es_pool/ckpt_seed0_gen00100.npz,100,0,BT-v2,10027,0,1.0,1,0,0,crash,97.4499999999966,15.0,0.0,0.6,97.4499999999966,0.3162217659137577,0.14887063655030802,0.039014373716632446,3068.7063849542583
POOL-s0-b100,rl,1.0,2,results/es_pool/ckpt_seed0_gen00100.npz,100,0,BT-v2,10027,1,0.0,0,0,1,crash,97.74999999999659,0.0,0.0,0.0,97.74999999999659,0.3171106557377049,0.10604508196721311,0.005122950819672131,
POOL-s0-b100,rl,1.0,2,results/es_pool/ckpt_seed0_gen00100.npz,100,0,BT-v2,10028,0,0.5,0,1,0,timeout,120.19999999999531,0.0,22.5,0.0,120.19999999999531,0.19384359400998336,0.0,0.004575707154742097,3746.334284453709
POOL-s0-b100,rl,1.0,2,results/es_pool/ckpt_seed0_gen00100.npz,100,0,BT-v2,10028,1,0.5,0,1,0,timeout,120.19999999999531,43.75,0.0,1.7500000000000009,120.19999999999531,0.08236272878535773,0.0,0.045757071547420966,
POOL-s0-b100,rl,1.0,2,results/es_pool/ckpt_seed0_gen00100.npz,100,0,BT-v2,10029,0,0.0,0,0,1,crash,83.99999999999737,0.0,0.0,0.0,83.99999999999737,0.22374701670644392,0.0,0.0,3932.183970812879
POOL-s0-b100,rl,1.0,2,results/es_pool/ckpt_seed0_gen00100.npz,100,0,BT-v2,10029,1,0.0,0,0,1,crash,89.79999999999704,0.0,0.0,0.0,89.79999999999704,0.21484375,0.0,0.0,
POOL-s0-b100,rl,1.0,2,results/es_pool/ckpt_seed0_gen00100.npz,100,0,BT-v2,10030,0,0.0,0,0,1,crash,78.84999999999766,2.5,0.0,0.1,78.84999999999766,0.22779187817258884,0.12690355329949238,0.005076142131979695,3660.846630126419
POOL-s0-b100,rl,1.0,2,results/es_pool/ckpt_seed0_gen00100.npz,100,0,BT-v2,10030,1,1.0,1,0,0,crash,114.14999999999566,0.0,0.0,0.0,114.14999999999566,0.26973684210526316,0.0780701754385965,0.039473684210526314,
POOL-s0-b100,rl,1.0,2,results/es_pool/ckpt_seed0_gen00100.npz,100,0,BT-v2,10031,0,1.0,1,0,0,crash,104.29999999999622,0.0,0.0,0.0,104.29999999999622,0.2783109404990403,0.10604606525911708,0.0,3378.9236374149746
POOL-s0-b100,rl,1.0,2,results/es_pool/ckpt_seed0_gen00100.npz,100,0,BT-v2,10031,1,1.0,1,0,0,crash,102.99999999999629,0.0,0.0,0.0,102.99999999999629,0.2777237354085603,0.10749027237354086,0.0,
POOL-s0-b100,rl,1.0,2,results/es_pool/ckpt_seed0_gen00100.npz,100,0,BT-v2,10032,0,0.5,0,1,0,timeout,120.19999999999531,26.25,0.0,1.0500000000000003,120.19999999999531,0.17512479201331116,0.05490848585690516,0.0,3463.900863138722
POOL-s0-b100,rl,1.0,2,results/es_pool/ckpt_seed0_gen00100.npz,100,0,BT-v2,10032,1,0.5,0,1,0,timeout,120.19999999999531,26.25,10.0,1.0500000000000003,120.19999999999531,0.18427620632279534,0.0478369384359401,0.0,
POOL-s0-b100,rl,1.0,2,results/es_pool/ckpt_seed0_gen00100.npz,100,0,BT-v2,10033,0,0.5,0,1,0,timeout,120.19999999999531,20.0,0.0,0.8000000000000002,120.19999999999531,0.11938435940099834,0.018718801996672214,0.039101497504159734,4003.1159686969954
POOL-s0-b100,rl,1.0,2,results/es_pool/ckpt_seed0_gen00100.npz,100,0,BT-v2,10033,1,0.5,0,1,0,timeout,120.19999999999531,0.0,0.0,0.0,120.19999999999531,0.14683860232945092,0.018302828618968387,0.04076539101497504,
POOL-s0-b100,rl,1.0,2,results/es_pool/ckpt_seed0_gen00100.npz,100,0,BT-v2,10034,0,0.0,0,0,1,crash,89.19999999999708,6.25,0.0,0.25,89.19999999999708,0.22078651685393258,0.0651685393258427,0.0050561797752808986,3748.3516458840913
POOL-s0-b100,rl,1.0,2,results/es_pool/ckpt_seed0_gen00100.npz,100,0,BT-v2,10034,1,0.5,0,1,0,timeout,120.19999999999531,20.0,0.0,0.8000000000000002,120.19999999999531,0.03618968386023295,0.06447587354409318,0.0,
POOL-s0-b100,rl,1.0,2,results/es_pool/ckpt_seed0_gen00100.npz,100,0,BT-v2,10035,0,0.0,0,0,1,crash,113.79999999999568,0.0,21.25,0.0,113.79999999999568,0.2746478873239437,0.01936619718309859,0.003961267605633803,3316.1391176881516
POOL-s0-b100,rl,1.0,2,results/es_pool/ckpt_seed0_gen00100.npz,100,0,BT-v2,10035,1,1.0,1,0,0,crash,113.2999999999957,12.5,0.0,0.49999999999999994,113.2999999999957,0.26943462897526504,0.02561837455830389,0.022968197879858657,
POOL-s0-b100,rl,1.0,2,results/es_pool/ckpt_seed0_gen00100.npz,100,0,BT-v2,10036,0,0.0,0,0,1,crash,116.8499999999955,0.0,0.0,0.0,116.8499999999955,0.2581335616438356,0.009845890410958904,0.0,3430.9194789320672
POOL-s0-b100,rl,1.0,2,results/es_pool/ckpt_seed0_gen00100.npz,100,0,BT-v2,10036,1,0.5,0,1,0,timeout,120.19999999999531,17.5,0.0,0.7000000000000001,120.19999999999531,0.23128119800332778,0.00956738768718802,0.05366056572379368,
POOL-s0-b100,rl,1.0,2,results/es_pool/ckpt_seed0_gen00100.npz,100,0,BT-v2,10037,0,0.0,0,0,1,crash,109.34999999999593,0.0,0.0,0.0,109.34999999999593,0.3017399267399267,0.08745421245421245,0.04120879120879121,3153.540567148884
POOL-s0-b100,rl,1.0,2,results/es_pool/ckpt_seed0_gen00100.npz,100,0,BT-v2,10037,1,0.5,0,1,0,timeout,120.19999999999531,26.25,0.0,1.0500000000000003,120.19999999999531,0.11896838602329451,0.08069883527454243,0.0,
POOL-s0-b100,rl,1.0,2,results/es_pool/ckpt_seed0_gen00100.npz,100,0,BT-v2,10038,0,0.0,0,0,1,crash,94.59999999999677,0.0,0.0,0.0,94.59999999999677,0.19226694915254236,0.04449152542372881,0.006355932203389831,4028.4901593769196
POOL-s0-b100,rl,1.0,2,results/es_pool/ckpt_seed0_gen00100.npz,100,0,BT-v2,10038,1,0.0,0,0,1,crash,92.79999999999687,21.25,0.0,0.8500000000000002,92.79999999999687,0.19654427645788336,0.03347732181425486,0.012419006479481642,
POOL-s0-b100,rl,1.0,2,results/es_pool/ckpt_seed0_gen00100.npz,100,0,BT-v2,10039,0,0.0,0,0,1,crash,66.69999999999835,0.0,0.0,0.0,66.69999999999835,0.30705705705705705,0.0503003003003003,0.015765765765765764,3141.1408209491437
POOL-s0-b100,rl,1.0,2,results/es_pool/ckpt_seed0_gen00100.npz,100,0,BT-v2,10039,1,1.0,1,0,0,crash,102.04999999999634,0.0,46.25,0.0,102.04999999999634,0.32107843137254904,0.050490196078431374,0.023529411764705882,
POOL-s0-b100,rl,1.0,2,results/es_pool/ckpt_seed0_gen00100.npz,100,0,BT-v2,10040,0,0.5,0,1,0,timeout,120.19999999999531,0.0,22.5,0.0,120.19999999999531,0.1326955074875208,0.0,0.004991680532445923,4102.701693471626
POOL-s0-b100,rl,1.0,2,results/es_pool/ckpt_seed0_gen00100.npz,100,0,BT-v2,10040,1,0.5,0,1,0,timeout,120.19999999999531,30.0,0.0,1.2000000000000004,120.19999999999531,0.04991680532445923,0.0,0.032029950083194675,
POOL-s0-b100,rl,1.0,2,results/es_pool/ckpt_seed0_gen00100.npz,100,0,BT-v2,10041,0,1.0,1,0,0,crash,112.84999999999573,3.75,0.0,0.15000000000000002,112.84999999999573,0.2708333333333333,0.01950354609929078,0.03856382978723404,3195.230396103855
POOL-s0-b100,rl,1.0,2,results/es_pool/ckpt_seed0_gen00100.npz,100,0,BT-v2,10041,1,1.0,1,0,0,crash,110.39999999999587,1.25,0.0,0.05,110.39999999999587,0.2708711433756806,0.02132486388384755,0.012704174228675136,
POOL-s0-b100,rl,1.0,2,results/es_pool/ckpt_seed0_gen00100.npz,100,0,BT-v2,10042,0,0.5,0,1,0,timeout,120.19999999999531,0.0,0.0,0.0,120.19999999999531,0.1959234608985025,0.04908485856905158,0.0262063227953411,3758.4406936069145
POOL-s0-b100,rl,1.0,2,results/es_pool/ckpt_seed0_gen00100.npz,100,0,BT-v2,10042,1,0.5,0,1,0,collision,24.600000000000215,20.0,0.0,0.8000000000000002,24.600000000000215,0.0,0.2581967213114754,0.05737704918032787,
POOL-s0-b100,rl,1.0,2,results/es_pool/ckpt_seed0_gen00100.npz,100,0,BT-v2,10043,0,0.0,0,0,1,crash,85.54999999999728,16.25,0.0,0.65,85.54999999999728,0.2154566744730679,0.0,0.01288056206088993,3790.7808636767877
POOL-s0-b100,rl,1.0,2,results/es_pool/ckpt_seed0_gen00100.npz,100,0,BT-v2,10043,1,0.0,0,0,1,crash,93.84999999999681,8.75,0.0,0.35,93.84999999999681,0.2068230277185501,0.0,0.005863539445628998,
POOL-s0-b100,rl,1.0,2,results/es_pool/ckpt_seed0_gen00100.npz,100,0,BT-v2,10044,0,0.5,0,1,0,timeout,120.19999999999531,0.0,0.0,0.0,120.19999999999531,0.1405990016638935,0.0,0.04118136439267887,3888.6101179111774
POOL-s0-b100,rl,1.0,2,results/es_pool/ckpt_seed0_gen00100.npz,100,0,BT-v2,10044,1,0.0,0,0,1,crash,95.7999999999967,7.5,5.0,0.3,95.7999999999967,0.1903765690376569,0.0,0.005230125523012552,
POOL-s0-b100,rl,1.0,2,results/es_pool/ckpt_seed0_gen00100.npz,100,0,BT-v2,10045,0,0.0,0,0,1,crash,101.0999999999964,1.25,0.0,0.05,101.0999999999964,0.19900990099009902,0.04900990099009901,0.01089108910891089,4218.173799574624
POOL-s0-b100,rl,1.0,2,results/es_pool/ckpt_seed0_gen00100.npz,100,0,BT-v2,10045,1,0.0,0,0,1,crash,114.29999999999565,0.0,0.0,0.0,114.29999999999565,0.15893169877408056,0.06129597197898424,0.0,
POOL-s0-b100,rl,1.0,2,results/es_pool/ckpt_seed0_gen00100.npz,100,0,BT-v2,10046,0,0.0,0,0,1,crash,106.59999999999609,7.5,0.0,0.3,106.59999999999609,0.29793233082706766,0.1475563909774436,0.045582706766917294,3228.5086385264945
POOL-s0-b100,rl,1.0,2,results/es_pool/ckpt_seed0_gen00100.npz,100,0,BT-v2,10046,1,0.5,0,1,0,timeout,120.19999999999531,0.0,0.0,0.0,120.19999999999531,0.1788685524126456,0.1110648918469218,0.0,
POOL-s0-b100,rl,1.0,2,results/es_pool/ckpt_seed0_gen00100.npz,100,0,BT-v2,10047,0,1.0,1,0,0,crash,117.09999999999549,12.5,13.75,0.49999999999999994,117.09999999999549,0.26452991452991453,0.009401709401709401,0.009401709401709401,3206.0911697781485
POOL-s0-b100,rl,1.0,2,results/es_pool/ckpt_seed0_gen00100.npz,100,0,BT-v2,10047,1,0.0,0,0,1,crash,72.04999999999805,18.75,3.75,0.7500000000000001,72.04999999999805,0.2534722222222222,0.013194444444444444,0.019444444444444445,
POOL-s0-b100,rl,1.0,2,results/es_pool/ckpt_seed0_gen00100.npz,100,0,BT-v2,10048,0,0.0,0,0,1,crash,74.94999999999789,0.0,12.5,0.0,74.94999999999789,0.2540106951871658,0.0427807486631016,0.0213903743315508,3266.6808593303044
POOL-s0-b100,rl,1.0,2,results/es_pool/ckpt_seed0_gen00100.npz,100,0,BT-v2,10048,1,0.0,0,0,1,crash,109.8499999999959,88.75,0.0,3.5499999999999954,109.8499999999959,0.1953551912568306,0.06238615664845173,0.0,
POOL-s0-b100,rl,1.0,2,results/es_pool/ckpt_seed0_gen00100.npz,100,0,BT-v2,10049,0,0.0,0,0,1,crash,89.39999999999706,0.0,0.0,0.0,89.39999999999706,0.2163677130044843,0.09360986547085202,0.008968609865470852,3916.5629617746345
POOL-s0-b100,rl,1.0,2,results/es_pool/ckpt_seed0_gen00100.npz,100,0,BT-v2,10049,1,0.0,0,0,1,crash,93.49999999999683,13.75,0.0,0.5499999999999999,93.49999999999683,0.19325481798715202,0.07226980728051392,0.006423982869379015,
POOL-s0-b100,rl,1.0,2,results/es_pool/ckpt_seed0_gen00100.npz,100,0,BT-v2,10050,0,0.5,0,1,0,timeout,120.19999999999531,0.0,0.0,0.0,120.19999999999531,0.23876871880199668,0.027870216306156406,0.029950083194675542,3458.0945237491624
POOL-s0-b100,rl,1.0,2,results/es_pool/ckpt_seed0_gen00100.npz,100,0,BT-v2,10050,1,0.5,0,1,0,timeout,120.19999999999531,0.0,0.0,0.0,120.19999999999531,0.14226289517470883,0.0262063227953411,0.0,
POOL-s0-b100,rl,1.0,2,results/es_pool/ckpt_seed0_gen00100.npz,100,0,BT-v2,10051,0,0.5,0,1,0,timeout,120.19999999999531,21.25,6.25,0.8500000000000002,120.19999999999531,0.23377703826955074,0.08111480865224625,0.04284525790349417,3484.6768429077474
POOL-s0-b100,rl,1.0,2,results/es_pool/ckpt_seed0_gen00100.npz,100,0,BT-v2,10051,1,0.5,0,1,0,timeout,120.19999999999531,11.25,0.0,0.44999999999999996,120.19999999999531,0.25540765391014975,0.08777038269550749,0.03951747088186356,
POOL-s0-b100,rl,1.0,2,results/es_pool/ckpt_seed0_gen00100.npz,100,0,BT-v2,10052,0,0.0,0,0,1,crash,80.09999999999759,13.75,0.0,0.5499999999999999,80.09999999999759,0.249375,0.05,0.00375,3593.6178461661602
POOL-s0-b100,rl,1.0,2,results/es_pool/ckpt_seed0_gen00100.npz,100,0,BT-v2,10052,1,0.5,0,1,0,timeout,120.19999999999531,0.0,0.0,0.0,120.19999999999531,0.23211314475873543,0.029118136439267885,0.04284525790349417,
POOL-s0-b100,rl,1.0,2,results/es_pool/ckpt_seed0_gen00100.npz,100,0,BT-v2,10053,0,0.0,0,0,1,crash,101.44999999999638,32.5,6.25,1.3000000000000005,101.44999999999638,0.1932938856015779,0.0,0.0073964497041420114,4169.016827755806
POOL-s0-b100,rl,1.0,2,results/es_pool/ckpt_seed0_gen00100.npz,100,0,BT-v2,10053,1,0.5,0,1,0,timeout,120.19999999999531,28.75,0.0,1.1500000000000004,120.19999999999531,0.03618968386023295,0.0,0.014143094841930116,
POOL-s0-b100,rl,1.0,2,results/es_pool/ckpt_seed0_gen00100.npz,100,0,BT-v2,10054,0,1.0,1,0,0,crash,113.99999999999567,30.0,0.0,1.2000000000000004,113.99999999999567,0.30799648506151145,0.0,0.048769771528998244,2976.301240060339
POOL-s0-b100,rl,1.0,2,results/es_pool/ckpt_seed0_gen00100.npz,100,0,BT-v2,10054,1,0.0,0,0,1,crash,109.19999999999594,0.0,0.0,0.0,109.19999999999594,0.28807339449541286,0.0,0.0463302752293578,
POOL-s0-b100,rl,1.0,2,results/es_pool/ckpt_seed0_gen00100.npz,100,0,BT-v2,10055,0,1.0,1,0,0,crash,106.49999999999609,0.0,0.0,0.0,106.49999999999609,0.2955827067669173,0.008928571428571428,0.046052631578947366,3077.0566353975023
POOL-s0-b100,rl,1.0,2,results/es_pool/ckpt_seed0_gen00100.npz,100,0,BT-v2,10055,1,0.0,0,0,1,crash,69.94999999999817,5.0,0.0,0.2,69.94999999999817,0.2628939828080229,0.008595988538681949,0.02005730659025788,
POOL-s0-b100,rl,1.0,2,results/es_pool/ckpt_seed0_gen00100.npz,100,0,BT-v2,10056,0,0.0,0,0,1,crash,76.94999999999777,1.25,12.5,0.05,76.94999999999777,0.25,0.080078125,0.006510416666666667,3568.647633122282
POOL-s0-b100,rl,1.0,2,results/es_pool/ckpt_seed0_gen00100.npz,100,0,BT-v2,10056,1,1.0,1,0,0,crash,108.29999999999599,0.0,0.0,0.0,108.29999999999599,0.2689463955637708,0.06931608133086876,0.0,
POOL-s0-b100,rl,1.0,2,results/es_pool/ckpt_seed0_gen00100.npz,100,0,BT-v2,10057,0,0.5,0,1,0,timeout,120.19999999999531,6.25,0.0,0.25,120.19999999999531,0.2454242928452579,0.0,0.029118136439267885,3421.6046760913723
POOL-s0-b100,rl,1.0,2,results/es_pool/ckpt_seed0_gen00100.npz,100,0,BT-v2,10057,1,0.0,0,0,1,crash,119.44999999999536,0.0,0.0,0.0,119.44999999999536,0.2638190954773869,0.0,0.03768844221105527,
POOL-s0-b100,rl,1.0,2,results/es_pool/ckpt_seed0_gen00100.npz,100,0,BT-v2,10058,0,0.0,0,0,1,crash,65.44999999999843,7.5,0.0,0.3,65.44999999999843,0.3058103975535168,0.11926605504587157,0.020642201834862386,3195.0337459433385
POOL-s0-b100,rl,1.0,2,results/es_pool/ckpt_seed0_gen00100.npz,100,0,BT-v2,10058,1,0.0,0,0,1,crash,53.59999999999909,0.0,18.75,0.0,53.59999999999909,0.3267790262172285,0.2640449438202247,0.0046816479400749065,
POOL-s0-b100,rl,1.0,2,results/es_pool/ckpt_seed0_gen00100.npz,100,0,BT-v2,10059,0,0.0,0,0,1,crash,88.6499999999971,0.0,0.0,0.0,88.6499999999971,0.20428893905191872,0.007336343115124154,0.0,4013.4136711475685
POOL-s0-b100,rl,1.0,2,results/es_pool/ckpt_seed0_gen00100.npz,100,0,BT-v2,10059,1,0.0,0,0,1,crash,89.34999999999707,0.0,0.0,0.0,89.34999999999707,0.20515695067264575,0.0072869955156950675,0.0,
POOL-s0-b100,rl,1.0,2,results/es_pool/ckpt_seed0_gen00100.npz,100,0,BT-v2,10060,0,0.0,0,0,1,crash,94.19999999999679,2.5,0.0,0.1,94.19999999999679,0.20797872340425533,0.047872340425531915,0.01276595744680851,4002.022029139335
POOL-s0-b100,rl,1.0,2,results/es_pool/ckpt_seed0_gen00100.npz,100,0,BT-v2,10060,1,0.0,0,0,1,crash,80.44999999999757,0.0,0.0,0.0,80.44999999999757,0.2269900497512438,0.0708955223880597,0.0006218905472636816,
POOL-s0-b100,rl,1.0,2,results/es_pool/ckpt_seed0_gen00100.npz,100,0,BT-v2,10061,0,0.0,0,0,1,crash,82.34999999999746,0.0,0.0,0.0,82.34999999999746,0.23114355231143552,0.072992700729927,0.01338199513381995,3671.633532212858
POOL-s0-b100,rl,1.0,2,results/es_pool/ckpt_seed0_gen00100.npz,100,0,BT-v2,10061,1,0.0,0,0,1,crash,95.29999999999673,23.75,0.0,0.9500000000000003,95.29999999999673,0.20430672268907563,0.09453781512605042,0.0,
POOL-s0-b100,rl,1.0,2,results/es_pool/ckpt_seed0_gen00100.npz,100,0,BT-v2,10062,0,0.0,0,0,1,crash,88.89999999999709,0.0,0.0,0.0,88.89999999999709,0.20326576576576577,0.08614864864864864,0.00731981981981982,3979.5489892258947
POOL-s0-b100,rl,1.0,2,results/es_pool/ckpt_seed0_gen00100.npz,100,0,BT-v2,10062,1,0.5,0,1,0,timeout,120.19999999999531,0.0,0.0,0.0,120.19999999999531,0.16098169717138103,0.07445923460898503,0.02454242928452579,
POOL-s0-b100,rl,1.0,2,results/es_pool/ckpt_seed0_gen00100.npz,100,0,BT-v2,10063,0,0.0,0,0,1,crash,69.4999999999982,0.0,6.25,0.0,69.4999999999982,0.2543227665706052,0.03818443804034582,0.0,3273.416556758614
POOL-s0-b100,rl,1.0,2,results/es_pool/ckpt_seed0_gen00100.npz,100,0,BT-v2,10063,1,0.0,0,0,1,crash,71.1499999999981,20.0,0.0,0.8000000000000002,71.1499999999981,0.2549295774647887,0.04084507042253521,0.006338028169014085,
POOL-s0-b100,rl,1.0,2,results/es_pool/ckpt_seed0_gen00100.npz,100,0,BT-v2,10064,0,0.0,0,0,1,crash,98.34999999999656,0.0,0.0,0.0,98.34999999999656,0.18329938900203666,0.034623217922606926,0.015274949083503055,3964.3451647260135
POOL-s0-b100,rl,1.0,2,results/es_pool/ckpt_seed0_gen00100.npz,100,0,BT-v2,10064,1,1.0,1,0,0,gun_kill,19.30000000000014,100.0,0.0,3.999999999999994,19.30000000000014,0.0,0.3098958333333333,0.0,
POOL-s0-b100,rl,1.0,2,results/es_pool/ckpt_seed0_gen00100.npz,100,0,BT-v2,10065,0,0.0,0,0,1,crash,77.34999999999775,21.25,3.75,0.8500000000000002,77.34999999999775,0.23186528497409326,0.05310880829015544,0.011010362694300517,3482.9130907770386
POOL-s0-b100,rl,1.0,2,results/es_pool/ckpt_seed0_gen00100.npz,100,0,BT-v2,10065,1,1.0,1,0,0,crash,114.74999999999562,0.0,13.75,0.0,114.74999999999562,0.29101221640488656,0.03534031413612566,0.04712041884816754,
POOL-s0-b100,rl,1.0,2,results/es_pool/ckpt_seed0_gen00100.npz,100,0,BT-v2,10066,0,0.0,0,0,1,crash,64.1999999999985,0.0,22.5,0.0,64.1999999999985,0.27421875,0.21015625,0.0,3621.653129076749
POOL-s0-b100,rl,1.0,2,results/es_pool/ckpt_seed0_gen00100.npz,100,0,BT-v2,10066,1,0.0,0,0,1,crash,83.5499999999974,5.0,0.0,0.2,83.5499999999974,0.2446043165467626,0.07973621103117506,0.022781774580335732,
POOL-s0-b100,rl,1.0,2,results/es_pool/ckpt_seed0_gen00100.npz,100,0,BT-v2,10067,0,0.5,0,1,0,timeout,120.19999999999531,0.0,0.0,0.0,120.19999999999531,0.163477537437604,0.019966722129783693,0.03577371048252912,3812.265831728606
POOL-s0-b100,rl,1.0,2,results/es_pool/ckpt_seed0_gen00100.npz,100,0,BT-v2,10067,1,0.5,0,1,0,timeout,120.19999999999531,0.0,0.0,0.0,120.19999999999531,0.0,0.015806988352745424,0.0,
POOL-s0-b100,rl,1.0,2,results/es_pool/ckpt_seed0_gen00100.npz,100,0,BT-v2,10068,0,0.0,0,0,1,crash,113.89999999999567,47.5,0.0,1.900000000000001,113.89999999999567,0.1726713532513181,0.04086115992970123,0.014059753954305799,4024.9453230524955
POOL-s0-b100,rl,1.0,2,results/es_pool/ckpt_seed0_gen00100.npz,100,0,BT-v2,10068,1,0.0,0,0,1,crash,93.44999999999683,7.5,0.0,0.3,93.44999999999683,0.2044967880085653,0.0974304068522484,0.0,
POOL-s0-b100,rl,1.0,2,results/es_pool/ckpt_seed0_gen00100.npz,100,0,BT-v2,10069,0,0.5,0,1,0,timeout,120.19999999999531,16.25,0.0,0.65,120.19999999999531,0.12728785357737105,0.008735440931780365,0.01622296173044925,3896.4974443625742
POOL-s0-b100,rl,1.0,2,results/es_pool/ckpt_seed0_gen00100.npz,100,0,BT-v2,10069,1,0.0,0,0,1,crash,89.59999999999705,11.25,0.0,0.44999999999999996,89.59999999999705,0.21923937360178972,0.015659955257270694,0.006711409395973154,
POOL-s0-b100,rl,1.0,2,results/es_pool/ckpt_seed0_gen00100.npz,100,0,BT-v2,10070,0,0.5,0,1,0,timeout,120.19999999999531,5.0,0.0,0.2,120.19999999999531,0.06031613976705491,0.011647254575707155,0.039101497504159734,4341.394592654001
POOL-s0-b100,rl,1.0,2,results/es_pool/ckpt_seed0_gen00100.npz,100,0,BT-v2,10070,1,0.0,0,0,1,crash,119.54999999999535,25.0,0.0,1.0000000000000002,119.54999999999535,0.17629815745393634,0.01256281407035176,0.02219430485762144,
POOL-s0-b100,rl,1.0,2,results/es_pool/ckpt_seed0_gen00100.npz,100,0,BT-v2,10071,0,0.5,0,1,0,timeout,120.19999999999531,0.0,0.0,0.0,120.19999999999531,0.17928452579034942,0.0,0.0,3800.961744614605
POOL-s0-b100,rl,1.0,2,results/es_pool/ckpt_seed0_gen00100.npz,100,0,BT-v2,10071,1,0.0,0,0,1,crash,90.94999999999698,11.25,0.0,0.44999999999999996,90.94999999999698,0.20319383259911894,0.0,0.019823788546255508,
POOL-s0-b100,rl,1.0,2,results/es_pool/ckpt_seed0_gen00100.npz,100,0,BT-v2,10072,0,0.0,0,0,1,crash,76.5499999999978,0.0,25.0,0.0,76.5499999999978,0.225130890052356,0.0,0.0,3799.6749170226167
POOL-s0-b100,rl,1.0,2,results/es_pool/ckpt_seed0_gen00100.npz,100,0,BT-v2,10072,1,0.0,0,0,1,crash,91.74999999999693,17.5,0.0,0.7000000000000001,91.74999999999693,0.20906113537117904,0.0,0.013646288209606987,
POOL-s0-b100,rl,1.0,2,results/es_pool/ckpt_seed0_gen00100.npz,100,0,BT-v2,10073,0,0.0,0,0,1,crash,87.49999999999717,0.0,0.0,0.0,87.49999999999717,0.2208237986270023,0.05663615560640732,0.016018306636155607,3666.494066455916
POOL-s0-b100,rl,1.0,2,results/es_pool/ckpt_seed0_gen00100.npz,100,0,BT-v2,10073,1,0.5,0,1,0,timeout,120.19999999999531,20.0,0.0,0.8000000000000002,120.19999999999531,0.07986688851913477,0.042429284525790346,0.0029118136439267887,
POOL-s0-b100,rl,1.0,2,results/es_pool/ckpt_seed0_gen00100.npz,100,0,BT-v2,10074,0,0.5,0,1,0,collision,19.100000000000136,0.0,0.0,0.0,19.100000000000136,0.0,0.43157894736842106,0.02368421052631579,6702.553628264026
POOL-s0-b100,rl,1.0,2,results/es_pool/ckpt_seed0_gen00100.npz,100,0,BT-v2,10074,1,0.5,0,1,0,timeout,120.19999999999531,0.0,8.75,0.0,120.19999999999531,0.0632279534109817,0.04492512479201331,0.0033277870216306157,
POOL-s0-b100,rl,1.0,2,results/es_pool/ckpt_seed0_gen00100.npz,100,0,BT-v2,10075,0,0.0,0,0,1,crash,94.0999999999968,7.5,0.0,0.3,94.0999999999968,0.20691489361702128,0.031914893617021274,0.011702127659574468,4018.2971716936436
POOL-s0-b100,rl,1.0,2,results/es_pool/ckpt_seed0_gen00100.npz,100,0,BT-v2,10075,1,0.0,0,0,1,crash,81.44999999999752,0.0,0.0,0.0,81.44999999999752,0.22358722358722358,0.05221130221130221,0.0,
POOL-s0-b100,rl,1.0,2,results/es_pool/ckpt_seed0_gen00100.npz,100,0,BT-v2,10076,0,0.5,0,1,0,timeout,120.19999999999531,0.0,0.0,0.0,120.19999999999531,0.14767054908485858,0.022462562396006656,0.02329450915141431,3931.4983597208866
POOL-s0-b100,rl,1.0,2,results/es_pool/ckpt_seed0_gen00100.npz,100,0,BT-v2,10076,1,0.0,0,0,1,crash,89.39999999999706,15.0,0.0,0.6,89.39999999999706,0.2068385650224215,0.03531390134529148,0.00616591928251121,
POOL-s0-b100,rl,1.0,2,results/es_pool/ckpt_seed0_gen00100.npz,100,0,BT-v2,10077,0,1.0,1,0,0,crash,116.29999999999553,0.0,0.0,0.0,116.29999999999553,0.25860585197934594,0.03141135972461274,0.02323580034423408,3275.745510839538
POOL-s0-b100,rl,1.0,2,results/es_pool/ckpt_seed0_gen00100.npz,100,0,BT-v2,10077,1,1.0,1,0,0,crash,105.59999999999614,0.0,6.25,0.0,105.59999999999614,0.31404174573055027,0.023719165085388995,0.04601518026565465,
POOL-s0-b100,rl,1.0,2,results/es_pool/ckpt_seed0_gen00100.npz,100,0,BT-v2,10078,0,0.0,0,0,1,crash,83.84999999999738,0.0,0.0,0.0,83.84999999999738,0.2249403341288783,0.09486873508353222,0.0,3985.0505906762696
POOL-s0-b100,rl,1.0,2,results/es_pool/ckpt_seed0_gen00100.npz,100,0,BT-v2,10078,1,0.0,0,0,1,crash,94.59999999999677,0.0,0.0,0.0,94.59999999999677,0.194385593220339,0.05455508474576271,0.005296610169491525,
POOL-s0-b100,rl,1.0,2,results/es_pool/ckpt_seed0_gen00100.npz,100,0,BT-v2,10079,0,0.0,0,0,1,crash,90.79999999999698,17.5,0.0,0.7000000000000001,90.79999999999698,0.2229580573951435,0.0,0.017108167770419427,3783.7345450463426
POOL-s0-b100,rl,1.0,2,results/es_pool/ckpt_seed0_gen00100.npz,100,0,BT-v2,10079,1,0.0,0,0,1,crash,75.34999999999786,0.0,21.25,0.0,75.34999999999786,0.22539893617021275,0.0,0.0,
POOL-s0-b100,rl,1.0,2,results/es_pool/ckpt_seed0_gen00100.npz,100,0,BT-v2,10080,0,1.0,1,0,0,crash,110.29999999999588,0.0,7.5,0.0,110.29999999999588,0.26633393829401086,0.02041742286751361,0.0,3295.8297748766777
POOL-s0-b100,rl,1.0,2,results/es_pool/ckpt_seed0_gen00100.npz,100,0,BT-v2,10080,1,1.0,1,0,0,crash,114.94999999999561,18.75,0.0,0.7500000000000001,114.94999999999561,0.27656794425087106,0.0195993031358885,0.04486062717770035,
POOL-s0-b100,rl,1.0,2,results/es_pool/ckpt_seed0_gen00100.npz,100,0,BT-v2,10081,0,0.5,0,1,0,timeout,120.19999999999531,15.0,0.0,0.6,120.19999999999531,0.05948419301164726,0.0,0.0,4223.691131589267
POOL-s0-b100,rl,1.0,2,results/es_pool/ckpt_seed0_gen00100.npz,100,0,BT-v2,10081,1,0.0,0,0,1,gun_kill,78.0999999999977,36.25,100.0,1.4500000000000006,78.0999999999977,0.0,0.0,0.022435897435897436,
POOL-s0-b100,rl,1.0,2,results/es_pool/ckpt_seed0_gen00100.npz,100,0,BT-v2,10082,0,0.0,0,0,1,crash,87.19999999999719,0.0,0.0,0.0,87.19999999999719,0.23103448275862068,0.045402298850574715,0.008045977011494253,3708.2537256075616
POOL-s0-b100,rl,1.0,2,results/es_pool/ckpt_seed0_gen00100.npz,100,0,BT-v2,10082,1,0.5,0,1,0,timeout,120.19999999999531,21.25,0.0,0.8500000000000002,120.19999999999531,0.19051580698835274,0.036605657237936774,0.010815307820299502,
POOL-s0-b100,rl,1.0,2,results/es_pool/ckpt_seed0_gen00100.npz,100,0,BT-v2,10083,0,0.5,0,1,0,timeout,120.19999999999531,16.25,0.0,0.65,120.19999999999531,0.14143094841930118,0.05199667221297837,0.04742096505823627,3946.0153893610413
POOL-s0-b100,rl,1.0,2,results/es_pool/ckpt_seed0_gen00100.npz,100,0,BT-v2,10083,1,0.5,0,1,0,timeout,120.19999999999531,12.5,3.75,0.49999999999999994,120.19999999999531,0.15557404326123128,0.05615640599001664,0.04534109816971714,
POOL-s0-b100,rl,1.0,2,results/es_pool/ckpt_seed0_gen00100.npz,100,0,BT-v2,10084,0,0.0,0,0,1,crash,95.14999999999674,23.75,0.0,0.9500000000000003,95.14999999999674,0.2131578947368421,0.0,0.014210526315789474,3924.528141975584
POOL-s0-b100,rl,1.0,2,results/es_pool/ckpt_seed0_gen00100.npz,100,0,BT-v2,10084,1,0.5,0,1,0,timeout,120.19999999999531,0.0,0.0,0.0,120.19999999999531,0.14434276206322796,0.0,0.00956738768718802,
POOL-s0-b100,rl,1.0,2,results/es_pool/ckpt_seed0_gen00100.npz,100,0,BT-v2,10085,0,0.5,0,1,0,timeout,120.19999999999531,12.5,0.0,0.49999999999999994,120.19999999999531,0.18635607321131448,0.0024958402662229617,0.033277870216306155,3706.8594394903444
POOL-s0-b100,rl,1.0,2,results/es_pool/ckpt_seed0_gen00100.npz,100,0,BT-v2,10085,1,0.5,0,1,0,timeout,120.19999999999531,0.0,0.0,0.0,120.19999999999531,0.004575707154742097,0.0,0.0,
POOL-s0-b100,rl,1.0,2,results/es_pool/ckpt_seed0_gen00100.npz,100,0,BT-v2,10086,0,0.0,0,0,1,crash,88.7999999999971,0.0,7.5,0.0,88.7999999999971,0.2110609480812641,0.0,0.0,3874.018057803305
POOL-s0-b100,rl,1.0,2,results/es_pool/ckpt_seed0_gen00100.npz,100,0,BT-v2,10086,1,0.0,0,0,1,crash,88.54999999999711,16.25,0.0,0.65,88.54999999999711,0.22680995475113122,0.0,0.013574660633484163,
POOL-s0-b100,rl,1.0,2,results/es_pool/ckpt_seed0_gen00100.npz,100,0,BT-v2,10087,0,0.5,0,1,0,timeout,120.19999999999531,0.0,0.0,0.0,120.19999999999531,0.24417637271214643,0.04617304492512479,0.04534109816971714,3478.1649641429462
POOL-s0-b100,rl,1.0,2,results/es_pool/ckpt_seed0_gen00100.npz,100,0,BT-v2,10087,1,0.0,0,0,1,crash,79.74999999999761,1.25,0.0,0.05,79.74999999999761,0.24811557788944724,0.06344221105527638,0.00628140703517588,
POOL-s0-b100,rl,1.0,2,results/es_pool/ckpt_seed0_gen00100.npz,100,0,BT-v2,10088,0,0.0,0,0,1,crash,80.14999999999759,27.5,0.0,1.1000000000000003,80.14999999999759,0.226875,0.0,0.009375,3634.4038757747894
POOL-s0-b100,rl,1.0,2,results/es_pool/ckpt_seed0_gen00100.npz,100,0,BT-v2,10088,1,0.0,0,0,1,crash,86.54999999999723,0.0,12.5,0.0,86.54999999999723,0.234375,0.0,0.02199074074074074,
POOL-s0-b100,rl,1.0,2,results/es_pool/ckpt_seed0_gen00100.npz,100,0,BT-v2,10089,0,0.5,0,1,0,timeout,120.19999999999531,16.25,0.0,0.65,120.19999999999531,0.0,0.0,0.0,5256.370136253537
POOL-s0-b100,rl,1.0,2,results/es_pool/ckpt_seed0_gen00100.npz,100,0,BT-v2,10089,1,0.5,0,1,0,timeout,120.19999999999531,0.0,0.0,0.0,120.19999999999531,0.08569051580698835,0.0,0.03369384359400998,
POOL-s0-b100,rl,1.0,2,results/es_pool/ckpt_seed0_gen00100.npz,100,0,BT-v2,10090,0,0.0,0,0,1,crash,68.89999999999823,2.5,0.0,0.1,68.89999999999823,0.28415697674418605,0.024709302325581394,0.00944767441860465,3182.7458510417923
POOL-s0-b100,rl,1.0,2,results/es_pool/ckpt_seed0_gen00100.npz,100,0,BT-v2,10090,1,1.0,1,0,0,crash,94.44999999999678,0.0,0.0,0.0,94.44999999999678,0.3188559322033898,0.028601694915254237,0.036546610169491525,
POOL-s0-b100,rl,1.0,2,results/es_pool/ckpt_seed0_gen00100.npz,100,0,BT-v2,10091,0,0.0,0,0,1,crash,115.84999999999556,12.5,0.0,0.49999999999999994,115.84999999999556,0.29317789291882557,0.08203799654576857,0.04620034542314335,3175.8057315341393
POOL-s0-b100,rl,1.0,2,results/es_pool/ckpt_seed0_gen00100.npz,100,0,BT-v2,10091,1,1.0,1,0,0,crash,109.44999999999592,0.0,0.0,0.0,109.44999999999592,0.2783363802559415,0.06444241316270567,0.03976234003656307,
POOL-s0-b100,rl,1.0,2,results/es_pool/ckpt_seed0_gen00100.npz,100,0,BT-v2,10092,0,0.0,0,0,1,crash,97.69999999999659,16.25,3.75,0.65,97.69999999999659,0.21004098360655737,0.0,0.014344262295081968,4011.5330787184603
POOL-s0-b100,rl,1.0,2,results/es_pool/ckpt_seed0_gen00100.npz,100,0,BT-v2,10092,1,0.5,0,1,0,timeout,120.19999999999531,0.0,0.0,0.0,120.19999999999531,0.08111480865224625,0.0,0.02870216306156406,
POOL-s0-b100,rl,1.0,2,results/es_pool/ckpt_seed0_gen00100.npz,100,0,BT-v2,10093,0,0.5,0,1,0,timeout,120.19999999999531,6.25,0.0,0.25,120.19999999999531,0.03161397670549085,0.0,0.0012479201331114808,4378.366865370062
POOL-s0-b100,rl,1.0,2,results/es_pool/ckpt_seed0_gen00100.npz,100,0,BT-v2,10093,1,0.0,0,0,1,crash,95.49999999999672,0.0,0.0,0.0,95.49999999999672,0.18972746331236898,0.0,0.014675052410901468,
POOL-s0-b100,rl,1.0,2,results/es_pool/ckpt_seed0_gen00100.npz,100,0,BT-v2,10094,0,1.0,1,0,0,crash,109.74999999999591,0.0,11.25,0.0,109.74999999999591,0.2664233576642336,0.07162408759124088,0.0,3262.3221551138654
POOL-s0-b100,rl,1.0,2,results/es_pool/ckpt_seed0_gen00100.npz,100,0,BT-v2,10094,1,1.0,1,0,0,crash,109.8999999999959,15.0,0.0,0.6,109.8999999999959,0.2982695810564663,0.06602914389799636,0.04599271402550091,
POOL-s0-b100,rl,1.0,2,results/es_pool/ckpt_seed0_gen00100.npz,100,0,BT-v2,10095,0,0.5,0,1,0,timeout,120.19999999999531,0.0,13.75,0.0,120.19999999999531,0.17221297836938437,0.0029118136439267887,0.04409317803660566,3706.8115343946542
POOL-s0-b100,rl,1.0,2,results/es_pool/ckpt_seed0_gen00100.npz,100,0,BT-v2,10095,1,0.5,0,1,0,timeout,120.19999999999531,0.0,0.0,0.0,120.19999999999531,0.06530782029950083,0.0029118136439267887,0.0,
POOL-s0-b100,rl,1.0,2,results/es_pool/ckpt_seed0_gen00100.npz,100,0,BT-v2,10096,0,0.0,0,0,1,crash,78.2499999999977,0.0,7.5,0.0,78.2499999999977,0.22506393861892582,0.08567774936061381,0.015345268542199489,3403.6077800136723
POOL-s0-b100,rl,1.0,2,results/es_pool/ckpt_seed0_gen00100.npz,100,0,BT-v2,10096,1,0.0,0,0,1,crash,86.49999999999723,6.25,0.0,0.25,86.49999999999723,0.24016203703703703,0.13252314814814814,0.0,
POOL-s0-b100,rl,1.0,2,results/es_pool/ckpt_seed0_gen00100.npz,100,0,BT-v2,10097,0,0.5,0,1,0,timeout,120.19999999999531,0.0,0.0,0.0,120.19999999999531,0.163477537437604,0.06156405990016639,0.03618968386023295,3906.4382358436023
POOL-s0-b100,rl,1.0,2,results/es_pool/ckpt_seed0_gen00100.npz,100,0,BT-v2,10097,1,0.5,0,1,0,timeout,120.19999999999531,0.0,0.0,0.0,120.19999999999531,0.06073211314475874,0.06198003327787022,0.0,
POOL-s0-b100,rl,1.0,2,results/es_pool/ckpt_seed0_gen00100.npz,100,0,BT-v2,10098,0,1.0,1,0,0,crash,107.74999999999602,0.0,0.0,0.0,107.74999999999602,0.27648698884758366,0.05947955390334572,0.010687732342007435,3070.86601899743
POOL-s0-b100,rl,1.0,2,results/es_pool/ckpt_seed0_gen00100.npz,100,0,BT-v2,10098,1,0.5,0,1,0,timeout,120.19999999999531,22.5,5.0,0.9000000000000002,120.19999999999531,0.259567387687188,0.04742096505823627,0.02329450915141431,
POOL-s0-b100,rl,1.0,2,results/es_pool/ckpt_seed0_gen00100.npz,100,0,BT-v2,10099,0,1.0,1,0,0,crash,112.44999999999575,6.25,0.0,0.25,112.44999999999575,0.26601423487544484,0.0,0.015124555160142349,3166.9646565725584
POOL-s0-b100,rl,1.0,2,results/es_pool/ckpt_seed0_gen00100.npz,100,0,BT-v2,10099,1,1.0,1,0,0,crash,109.34999999999593,0.0,0.0,0.0,109.34999999999593,0.2916666666666667,0.0,0.050824175824175824,
POOL-s0-b100,rl,1.0,2,results/es_pool/ckpt_seed0_gen00100.npz,100,0,BT-v3,10000,0,1.0,1,0,0,gun_kill,107.94999999999601,100.0,0.0,3.999999999999994,107.94999999999601,0.0,0.029684601113172542,0.011595547309833023,3978.5153348549347
POOL-s0-b100,rl,1.0,2,results/es_pool/ckpt_seed0_gen00100.npz,100,0,BT-v3,10000,1,1.0,1,0,0,gun_kill,106.2499999999961,100.0,0.0,3.999999999999994,106.2499999999961,0.0,0.03672316384180791,0.011770244821092278,
POOL-s0-b100,rl,1.0,2,results/es_pool/ckpt_seed0_gen00100.npz,100,0,BT-v3,10001,0,1.0,1,0,0,gun_kill,97.69999999999659,100.0,0.0,3.999999999999994,97.69999999999659,0.0,0.004098360655737705,0.020491803278688523,3868.91226500778
POOL-s0-b100,rl,1.0,2,results/es_pool/ckpt_seed0_gen00100.npz,100,0,BT-v3,10001,1,0.5,0,1,0,timeout,120.19999999999531,61.25,0.0,2.4499999999999993,120.19999999999531,0.0,0.0033277870216306157,0.0,
POOL-s0-b100,rl,1.0,2,results/es_pool/ckpt_seed0_gen00100.npz,100,0,BT-v3,10002,0,1.0,1,0,0,gun_kill,83.84999999999738,100.0,0.0,3.999999999999994,83.84999999999738,0.0,0.046539379474940336,0.027446300715990454,3692.314917264373
POOL-s0-b100,rl,1.0,2,results/es_pool/ckpt_seed0_gen00100.npz,100,0,BT-v3,10002,1,1.0,1,0,0,gun_kill,105.64999999999614,100.0,0.0,3.999999999999994,105.64999999999614,0.0,0.06297348484848485,0.026988636363636364,
POOL-s0-b100,rl,1.0,2,results/es_pool/ckpt_seed0_gen00100.npz,100,0,BT-v3,10003,0,1.0,1,0,0,gun_kill,85.44999999999729,100.0,12.5,3.999999999999994,85.44999999999729,0.0,0.12177985948477751,0.00234192037470726,4490.600628232147
POOL-s0-b100,rl,1.0,2,results/es_pool/ckpt_seed0_gen00100.npz,100,0,BT-v3,10003,1,0.5,0,1,0,timeout,120.19999999999531,97.5,0.0,3.899999999999994,120.19999999999531,0.0,0.0694675540765391,0.009151414309484194,
POOL-s0-b100,rl,1.0,2,results/es_pool/ckpt_seed0_gen00100.npz,100,0,BT-v3,10004,0,1.0,1,0,0,gun_kill,93.39999999999684,100.0,10.0,3.999999999999994,93.39999999999684,0.0,0.027896995708154508,0.018776824034334765,3667.314723075662
POOL-s0-b100,rl,1.0,2,results/es_pool/ckpt_seed0_gen00100.npz,100,0,BT-v3,10004,1,1.0,1,0,0,gun_kill,118.14999999999543,100.0,0.0,3.999999999999994,118.14999999999543,0.0,0.04533898305084746,0.0,
POOL-s0-b100,rl,1.0,2,results/es_pool/ckpt_seed0_gen00100.npz,100,0,BT-v3,10005,0,1.0,1,0,0,gun_kill,66.39999999999837,100.0,7.5,3.999999999999994,66.39999999999837,0.0,0.18429003021148035,0.0,4483.032311638334
POOL-s0-b100,rl,1.0,2,results/es_pool/ckpt_seed0_gen00100.npz,100,0,BT-v3,10005,1,0.5,0,1,0,timeout,120.19999999999531,65.0,0.0,2.5999999999999988,120.19999999999531,0.0,0.12271214642262895,0.0,
POOL-s0-b100,rl,1.0,2,results/es_pool/ckpt_seed0_gen00100.npz,100,0,BT-v3,10006,0,1.0,1,0,0,gun_kill,107.94999999999601,100.0,16.25,3.999999999999994,107.94999999999601,0.0,0.00974025974025974,0.0,3842.1148350637604
POOL-s0-b100,rl,1.0,2,results/es_pool/ckpt_seed0_gen00100.npz,100,0,BT-v3,10006,1,1.0,1,0,0,gun_kill,93.44999999999683,100.0,0.0,3.999999999999994,93.44999999999683,0.0,0.011777301927194861,0.0,
POOL-s0-b100,rl,1.0,2,results/es_pool/ckpt_seed0_gen00100.npz,100,0,BT-v3,10007,0,1.0,1,0,0,gun_kill,86.39999999999723,100.0,0.0,3.999999999999994,86.39999999999723,0.0,0.03074245939675174,0.023781902552204175,3801.7023858291695
POOL-s0-b100,rl,1.0,2,results/es_pool/ckpt_seed0_gen00100.npz,100,0,BT-v3,10007,1,1.0,1,0,0,gun_kill,100.64999999999642,100.0,2.5,3.999999999999994,100.64999999999642,0.0,0.05815109343936382,0.0,
POOL-s0-b100,rl,1.0,2,results/es_pool/ckpt_seed0_gen00100.npz,100,0,BT-v3,10008,0,1.0,1,0,0,gun_kill,109.34999999999593,100.0,6.25,3.999999999999994,109.34999999999593,0.0,0.04120879120879121,0.0173992673992674,3805.211630762684
POOL-s0-b100,rl,1.0,2,results/es_pool/ckpt_seed0_gen00100.npz,100,0,BT-v3,10008,1,1.0,1,0,0,gun_kill,69.99999999999817,100.0,0.0,3.999999999999994,69.99999999999817,0.0,0.07664756446991404,0.013610315186246419,
POOL-s0-b100,rl,1.0,2,results/es_pool/ckpt_seed0_gen00100.npz,100,0,BT-v3,10009,0,1.0,1,0,0,gun_kill,99.2999999999965,100.0,0.0,3.999999999999994,99.2999999999965,0.0,0.053931451612903226,0.005544354838709678,3784.0215614593335
POOL-s0-b100,rl,1.0,2,results/es_pool/ckpt_seed0_gen00100.npz,100,0,BT-v3,10009,1,1.0,1,0,0,gun_kill,92.49999999999689,100.0,0.0,3.999999999999994,92.49999999999689,0.0,0.0367965367965368,0.032467532467532464,
POOL-s0-b100,rl,1.0,2,results/es_pool/ckpt_seed0_gen00100.npz,100,0,BT-v3,10010,0,1.0,1,0,0,gun_kill,84.94999999999732,100.0,0.0,3.999999999999994,84.94999999999732,0.0,0.08490566037735849,0.02240566037735849,3544.829619071078
POOL-s0-b100,rl,1.0,2,results/es_pool/ckpt_seed0_gen00100.npz,100,0,BT-v3,10010,1,0.5,0,1,0,collision,3.999999999999994,0.0,15.0,0.0,3.999999999999994,0.0,0.9078947368421053,0.07894736842105263,
POOL-s0-b100,rl,1.0,2,results/es_pool/ckpt_seed0_gen00100.npz,100,0,BT-v3,10011,0,1.0,1,0,0,gun_kill,85.49999999999729,100.0,0.0,3.999999999999994,85.49999999999729,0.0,0.0,0.0,4129.032350668073
POOL-s0-b100,rl,1.0,2,results/es_pool/ckpt_seed0_gen00100.npz,100,0,BT-v3,10011,1,1.0,1,0,0,gun_kill,88.44999999999712,100.0,0.0,3.999999999999994,88.44999999999712,0.0,0.0,0.024321266968325792,
POOL-s0-b100,rl,1.0,2,results/es_pool/ckpt_seed0_gen00100.npz,100,0,BT-v3,10012,0,1.0,1,0,0,gun_kill,45.449999999999555,100.0,0.0,3.999999999999994,45.449999999999555,0.0,0.368942731277533,0.0,4278.783727033329
POOL-s0-b100,rl,1.0,2,results/es_pool/ckpt_seed0_gen00100.npz,100,0,BT-v3,10012,1,0.5,0,1,0,timeout,120.19999999999531,57.5,0.0,2.3,120.19999999999531,0.0,0.11189683860232945,0.0,
POOL-s0-b100,rl,1.0,2,results/es_pool/ckpt_seed0_gen00100.npz,100,0,BT-v3,10013,0,1.0,1,0,0,gun_kill,81.54999999999751,100.0,0.0,3.999999999999994,81.54999999999751,0.0,0.051597051597051594,0.033783783783783786,4612.916186955296
POOL-s0-b100,rl,1.0,2,results/es_pool/ckpt_seed0_gen00100.npz,100,0,BT-v3,10013,1,1.0,1,0,0,gun_kill,109.29999999999593,100.0,0.0,3.999999999999994,109.29999999999593,0.0,0.038461538461538464,0.008241758241758242,
POOL-s0-b100,rl,1.0,2,results/es_pool/ckpt_seed0_gen00100.npz,100,0,BT-v3,10014,0,1.0,1,0,0,gun_kill,112.29999999999576,100.0,0.0,3.999999999999994,112.29999999999576,0.0,0.0,0.013814616755793227,4215.9410495373395
POOL-s0-b100,rl,1.0,2,results/es_pool/ckpt_seed0_gen00100.npz,100,0,BT-v3,10014,1,1.0,1,0,0,gun_kill,66.29999999999838,100.0,0.0,3.999999999999994,66.29999999999838,0.0,0.0,0.033987915407854986,
POOL-s0-b100,rl,1.0,2,results/es_pool/ckpt_seed0_gen00100.npz,100,0,BT-v3,10015,0,1.0,1,0,0,gun_kill,96.24999999999667,100.0,8.75,3.999999999999994,96.24999999999667,0.0,0.0,0.03898128898128898,3747.359574547243
POOL-s0-b100,rl,1.0,2,results/es_pool/ckpt_seed0_gen00100.npz,100,0,BT-v3,10015,1,1.0,1,0,0,gun_kill,89.34999999999707,100.0,0.0,3.999999999999994,89.34999999999707,0.0,0.0,0.033632286995515695,
POOL-s0-b100,rl,1.0,2,results/es_pool/ckpt_seed0_gen00100.npz,100,0,BT-v3,10016,0,1.0,1,0,0,gun_kill,80.39999999999758,100.0,0.0,3.999999999999994,80.39999999999758,0.0,0.0,0.01807980049875312,3600.424189741385
POOL-s0-b100,rl,1.0,2,results/es_pool/ckpt_seed0_gen00100.npz,100,0,BT-v3,10016,1,1.0,1,0,0,gun_kill,82.84999999999744,100.0,8.75,3.999999999999994,82.84999999999744,0.0,0.0,0.022946859903381644,
POOL-s0-b100,rl,1.0,2,results/es_pool/ckpt_seed0_gen00100.npz,100,0,BT-v3,10017,0,1.0,1,0,0,gun_kill,92.44999999999689,100.0,0.0,3.999999999999994,92.44999999999689,0.0,0.04816017316017316,0.02002164502164502,3752.569595272188
POOL-s0-b100,rl,1.0,2,results/es_pool/ckpt_seed0_gen00100.npz,100,0,BT-v3,10017,1,1.0,1,0,0,gun_kill,19.150000000000137,100.0,0.0,3.999999999999994,19.150000000000137,0.0,0.23684210526315788,0.0,
POOL-s0-b100,rl,1.0,2,results/es_pool/ckpt_seed0_gen00100.npz,100,0,BT-v3,10018,0,1.0,1,0,0,gun_kill,114.34999999999565,100.0,0.0,3.999999999999994,114.34999999999565,0.0,0.03590192644483362,0.023204903677758317,3660.0923167667797
POOL-s0-b100,rl,1.0,2,results/es_pool/ckpt_seed0_gen00100.npz,100,0,BT-v3,10018,1,1.0,1,0,0,gun_kill,84.99999999999731,100.0,0.0,3.999999999999994,84.99999999999731,0.0,0.024174528301886794,0.014150943396226415,
POOL-s0-b100,rl,1.0,2,results/es_pool/ckpt_seed0_gen00100.npz,100,0,BT-v3,10019,0,1.0,1,0,0,gun_kill,116.54999999999552,100.0,0.0,3.999999999999994,116.54999999999552,0.0,0.0,0.01761168384879725,3970.2877361031083
POOL-s0-b100,rl,1.0,2,results/es_pool/ckpt_seed0_gen00100.npz,100,0,BT-v3,10019,1,1.0,1,0,0,gun_kill,99.2999999999965,100.0,0.0,3.999999999999994,99.2999999999965,0.0,0.0,0.03931451612903226,
POOL-s0-b100,rl,1.0,2,results/es_pool/ckpt_seed0_gen00100.npz,100,0,BT-v3,10020,0,1.0,1,0,0,gun_kill,102.09999999999634,100.0,0.0,3.999999999999994,102.09999999999634,0.0,0.0,0.011764705882352941,4271.668794510521
POOL-s0-b100,rl,1.0,2,results/es_pool/ckpt_seed0_gen00100.npz,100,0,BT-v3,10020,1,1.0,1,0,0,gun_kill,109.14999999999594,100.0,1.25,3.999999999999994,109.14999999999594,0.0,0.0,0.038073394495412846,
POOL-s0-b100,rl,1.0,2,results/es_pool/ckpt_seed0_gen00100.npz,100,0,BT-v3,10021,0,1.0,1,0,0,gun_kill,68.39999999999826,100.0,0.0,3.999999999999994,68.39999999999826,0.0,0.125366568914956,0.0,3990.5531763488248
POOL-s0-b100,rl,1.0,2,results/es_pool/ckpt_seed0_gen00100.npz,100,0,BT-v3,10021,1,0.5,0,1,0,timeout,120.19999999999531,53.75,0.0,2.1500000000000004,120.19999999999531,0.0,0.08901830282861897,0.0,
POOL-s0-b100,rl,1.0,2,results/es_pool/ckpt_seed0_gen00100.npz,100,0,BT-v3,10022,0,1.0,1,0,0,gun_kill,87.14999999999719,100.0,0.0,3.999999999999994,87.14999999999719,0.0,0.052298850574712646,0.0,4329.498843926107
POOL-s0-b100,rl,1.0,2,results/es_pool/ckpt_seed0_gen00100.npz,100,0,BT-v3,10022,1,1.0,1,0,0,gun_kill,88.7499999999971,100.0,0.0,3.999999999999994,88.7499999999971,0.0,0.05925507900677201,0.0039503386004514675,
POOL-s0-b100,rl,1.0,2,results/es_pool/ckpt_seed0_gen00100.npz,100,0,BT-v3,10023,0,1.0,1,0,0,gun_kill,82.34999999999746,100.0,0.0,3.999999999999994,82.34999999999746,0.0,0.05474452554744526,0.030413625304136254,4905.015790245506
POOL-s0-b100,rl,1.0,2,results/es_pool/ckpt_seed0_gen00100.npz,100,0,BT-v3,10023,1,0.5,0,1,0,timeout,120.19999999999531,78.75,0.0,3.149999999999997,120.19999999999531,0.0,0.04076539101497504,0.0066555740432612314,
POOL-s0-b100,rl,1.0,2,results/es_pool/ckpt_seed0_gen00100.npz,100,0,BT-v3,10024,0,1.0,1,0,0,gun_kill,71.59999999999808,100.0,0.0,3.999999999999994,71.59999999999808,0.0,0.056022408963585436,0.0,4124.283726827454
POOL-s0-b100,rl,1.0,2,results/es_pool/ckpt_seed0_gen00100.npz,100,0,BT-v3,10024,1,1.0,1,0,0,gun_kill,61.89999999999862,100.0,18.75,3.999999999999994,61.89999999999862,0.0,0.11326860841423948,0.0,
POOL-s0-b100,rl,1.0,2,results/es_pool/ckpt_seed0_gen00100.npz,100,0,BT-v3,10025,0,1.0,1,0,0,gun_kill,115.2499999999956,100.0,0.0,3.999999999999994,115.2499999999956,0.0,0.036458333333333336,0.014756944444444444,4475.389416085233
POOL-s0-b100,rl,1.0,2,results/es_pool/ckpt_seed0_gen00100.npz,100,0,BT-v3,10025,1,1.0,1,0,0,gun_kill,86.04999999999725,100.0,0.0,3.999999999999994,86.04999999999725,0.0,0.05,0.019767441860465116,
POOL-s0-b100,rl,1.0,2,results/es_pool/ckpt_seed0_gen00100.npz,100,0,BT-v3,10026,0,1.0,1,0,0,gun_kill,90.74999999999699,100.0,0.0,3.999999999999994,90.74999999999699,0.0,0.09381898454746136,0.008278145695364239,3701.9159347898626
POOL-s0-b100,rl,1.0,2,results/es_pool/ckpt_seed0_gen00100.npz,100,0,BT-v3,10026,1,1.0,1,0,0,gun_kill,67.49999999999831,100.0,0.0,3.999999999999994,67.49999999999831,0.0,0.12833827893175073,0.008160237388724036,
POOL-s0-b100,rl,1.0,2,results/es_pool/ckpt_seed0_gen00100.npz,100,0,BT-v3,10027,0,1.0,1,0,0,gun_kill,34.1000000000002,100.0,0.0,3.999999999999994,34.1000000000002,0.0,0.42058823529411765,0.0,4581.132073963576
POOL-s0-b100,rl,1.0,2,results/es_pool/ckpt_seed0_gen00100.npz,100,0,BT-v3,10027,1,0.5,0,1,0,timeout,120.19999999999531,33.75,0.0,1.3500000000000005,120.19999999999531,0.0,0.09151414309484193,0.0033277870216306157,
POOL-s0-b100,rl,1.0,2,results/es_pool/ckpt_seed0_gen00100.npz,100,0,BT-v3,10028,0,1.0,1,0,0,gun_kill,110.19999999999588,100.0,20.0,3.999999999999994,110.19999999999588,0.0,0.0,0.0,4009.01255138
POOL-s0-b100,rl,1.0,2,results/es_pool/ckpt_seed0_gen00100.npz,100,0,BT-v3,10028,1,1.0,1,0,0,gun_kill,107.74999999999602,100.0,0.0,3.999999999999994,107.74999999999602,0.0,0.0,0.0,
POOL-s0-b100,rl,1.0,2,results/es_pool/ckpt_seed0_gen00100.npz,100,0,BT-v3,10029,0,1.0,1,0,0,gun_kill,83.4499999999974,100.0,0.0,3.999999999999994,83.4499999999974,0.0,0.0,0.0,4078.0913723867247
POOL-s0-b100,rl,1.0,2,results/es_pool/ckpt_seed0_gen00100.npz,100,0,BT-v3,10029,1,1.0,1,0,0,gun_kill,86.79999999999721,100.0,0.0,3.999999999999994,86.79999999999721,0.0,0.0,0.0,
POOL-s0-b100,rl,1.0,2,results/es_pool/ckpt_seed0_gen00100.npz,100,0,BT-v3,10030,0,1.0,1,0,0,gun_kill,67.29999999999832,100.0,10.0,3.999999999999994,67.29999999999832,0.0,0.15476190476190477,0.015625,4018.2392914064494
POOL-s0-b100,rl,1.0,2,results/es_pool/ckpt_seed0_gen00100.npz,100,0,BT-v3,10030,1,1.0,1,0,0,gun_kill,94.49999999999677,100.0,0.0,3.999999999999994,94.49999999999677,0.0,0.09427966101694915,0.02754237288135593,
POOL-s0-b100,rl,1.0,2,results/es_pool/ckpt_seed0_gen00100.npz,100,0,BT-v3,10031,0,1.0,1,0,0,gun_kill,63.199999999998546,100.0,0.0,3.999999999999994,63.199999999998546,0.0,0.173015873015873,0.0,4389.224914285625
POOL-s0-b100,rl,1.0,2,results/es_pool/ckpt_seed0_gen00100.npz,100,0,BT-v3,10031,1,1.0,1,0,0,gun_kill,52.999999999999126,100.0,0.0,3.999999999999994,52.999999999999126,0.0,0.20075757575757575,0.0,
POOL-s0-b100,rl,1.0,2,results/es_pool/ckpt_seed0_gen00100.npz,100,0,BT-v3,10032,0,1.0,1,0,0,gun_kill,104.29999999999622,100.0,0.0,3.999999999999994,104.29999999999622,0.0,0.06333973128598848,0.00527831094049904,3689.859194449134
POOL-s0-b100,rl,1.0,2,results/es_pool/ckpt_seed0_gen00100.npz,100,0,BT-v3,10032,1,1.0,1,0,0,gun_kill,101.34999999999638,100.0,0.0,3.999999999999994,101.34999999999638,0.0,0.05632411067193676,0.017292490118577076,
POOL-s0-b100,rl,1.0,2,results/es_pool/ckpt_seed0_gen00100.npz,100,0,BT-v3,10033,0,1.0,1,0,0,gun_kill,92.04999999999691,100.0,0.0,3.999999999999994,92.04999999999691,0.0,0.024456521739130436,0.035869565217391305,4666.072755602123
POOL-s0-b100,rl,1.0,2,results/es_pool/ckpt_seed0_gen00100.npz,100,0,BT-v3,10033,1,1.0,1,0,0,gun_kill,90.79999999999698,100.0,3.75,3.999999999999994,90.79999999999698,0.0,0.024282560706401765,0.01545253863134658,
POOL-s0-b100,rl,1.0,2,results/es_pool/ckpt_seed0_gen00100.npz,100,0,BT-v3,10034,0,1.0,1,0,0,gun_kill,93.19999999999685,100.0,0.0,3.999999999999994,93.19999999999685,0.0,0.06182795698924731,0.017204301075268817,3845.2189081566507
POOL-s0-b100,rl,1.0,2,results/es_pool/ckpt_seed0_gen00100.npz,100,0,BT-v3,10034,1,1.0,1,0,0,gun_kill,73.94999999999794,100.0,0.0,3.999999999999994,73.94999999999794,0.0,0.10501355013550136,0.0,
POOL-s0-b100,rl,1.0,2,results/es_pool/ckpt_seed0_gen00100.npz,100,0,BT-v3,10035,0,1.0,1,0,0,gun_kill,88.8499999999971,100.0,25.0,3.999999999999994,88.8499999999971,0.0,0.024774774774774775,0.00731981981981982,3769.92339180651
POOL-s0-b100,rl,1.0,2,results/es_pool/ckpt_seed0_gen00100.npz,100,0,BT-v3,10035,1,1.0,1,0,0,gun_kill,90.34999999999701,100.0,0.0,3.999999999999994,90.34999999999701,0.0,0.03215077605321508,0.0,
POOL-s0-b100,rl,1.0,2,results/es_pool/ckpt_seed0_gen00100.npz,100,0,BT-v3,10036,0,0.5,0,1,0,collision,5.1999999999999895,0.0,18.75,0.0,5.1999999999999895,0.0,0.23,0.07,5889.061140009002
POOL-s0-b100,rl,1.0,2,results/es_pool/ckpt_seed0_gen00100.npz,100,0,BT-v3,10036,1,1.0,1,0,0,gun_kill,105.74999999999613,100.0,0.0,3.999999999999994,105.74999999999613,0.0,0.010890151515151516,0.026041666666666668,
POOL-s0-b100,rl,1.0,2,results/es_pool/ckpt_seed0_gen00100.npz,100,0,BT-v3,10037,0,1.0,1,0,0,gun_kill,96.59999999999665,100.0,0.0,3.999999999999994,96.59999999999665,0.0,0.08817427385892117,0.0,3570.692919898267
POOL-s0-b100,rl,1.0,2,results/es_pool/ckpt_seed0_gen00100.npz,100,0,BT-v3,10037,1,1.0,1,0,0,gun_kill,112.99999999999572,100.0,0.0,3.999999999999994,112.99999999999572,0.0,0.08909574468085106,0.008421985815602837,
POOL-s0-b100,rl,1.0,2,results/es_pool/ckpt_seed0_gen00100.npz,100,0,BT-v3,10038,0,1.0,1,0,0,gun_kill,114.14999999999566,100.0,0.0,3.999999999999994,114.14999999999566,0.0,0.03684210526315789,0.03859649122807018,4338.543313457827
POOL-s0-b100,rl,1.0,2,results/es_pool/ckpt_seed0_gen00100.npz,100,0,BT-v3,10038,1,1.0,1,0,0,gun_kill,91.84999999999692,100.0,0.0,3.999999999999994,91.84999999999692,0.0,0.03376906318082789,0.0,
POOL-s0-b100,rl,1.0,2,results/es_pool/ckpt_seed0_gen00100.npz,100,0,BT-v3,10039,0,1.0,1,0,0,gun_kill,67.7499999999983,100.0,0.0,3.999999999999994,67.7499999999983,0.0,0.04881656804733728,0.0,3321.863925505889
POOL-s0-b100,rl,1.0,2,results/es_pool/ckpt_seed0_gen00100.npz,100,0,BT-v3,10039,1,1.0,1,0,0,gun_kill,56.44999999999893,100.0,12.5,3.999999999999994,56.44999999999893,0.06205673758865248,0.09219858156028368,0.0,
POOL-s0-b100,rl,1.0,2,results/es_pool/ckpt_seed0_gen00100.npz,100,0,BT-v3,10040,0,1.0,1,0,0,gun_kill,111.79999999999579,100.0,17.5,3.999999999999994,111.79999999999579,0.0,0.0,0.006720430107526882,4237.10168937178
POOL-s0-b100,rl,1.0,2,results/es_pool/ckpt_seed0_gen00100.npz,100,0,BT-v3,10040,1,1.0,1,0,0,gun_kill,81.99999999999748,100.0,0.0,3.999999999999994,81.99999999999748,0.0,0.0,0.003056234718826406,
POOL-s0-b100,rl,1.0,2,results/es_pool/ckpt_seed0_gen00100.npz,100,0,BT-v3,10041,0,1.0,1,0,0,gun_kill,70.89999999999812,100.0,0.0,3.999999999999994,70.89999999999812,0.0,0.031073446327683617,0.007768361581920904,3439.471517043996
POOL-s0-b100,rl,1.0,2,results/es_pool/ckpt_seed0_gen00100.npz,100,0,BT-v3,10041,1,1.0,1,0,0,gun_kill,77.09999999999776,100.0,0.0,3.999999999999994,77.09999999999776,0.0,0.03051948051948052,0.04025974025974026,
POOL-s0-b100,rl,1.0,2,results/es_pool/ckpt_seed0_gen00100.npz,100,0,BT-v3,10042,0,1.0,1,0,0,gun_kill,86.14999999999725,100.0,0.0,3.999999999999994,86.14999999999725,0.0,0.06744186046511629,0.011627906976744186,4166.051744050431
POOL-s0-b100,rl,1.0,2,results/es_pool/ckpt_seed0_gen00100.npz,100,0,BT-v3,10042,1,1.0,1,0,0,gun_kill,108.59999999999597,100.0,0.0,3.999999999999994,108.59999999999597,0.0,0.061808118081180814,0.014760147601476014,
POOL-s0-b100,rl,1.0,2,results/es_pool/ckpt_seed0_gen00100.npz,100,0,BT-v3,10043,0,1.0,1,0,0,gun_kill,97.4999999999966,100.0,0.0,3.999999999999994,97.4999999999966,0.0,0.0,0.022587268993839837,3684.742814956521
POOL-s0-b100,rl,1.0,2,results/es_pool/ckpt_seed0_gen00100.npz,100,0,BT-v3,10043,1,1.0,1,0,0,gun_kill,93.19999999999685,100.0,0.0,3.999999999999994,93.19999999999685,0.0,0.0,0.015591397849462365,
POOL-s0-b100,rl,1.0,2,results/es_pool/ckpt_seed0_gen00100.npz,100,0,BT-v3,10044,0,1.0,1,0,0,gun_kill,79.34999999999764,100.0,0.0,3.999999999999994,79.34999999999764,0.0,0.0,0.03282828282828283,4671.45838498574
POOL-s0-b100,rl,1.0,2,results/es_pool/ckpt_seed0_gen00100.npz,100,0,BT-v3,10044,1,1.0,1,0,0,gun_kill,93.14999999999685,100.0,0.0,3.999999999999994,93.14999999999685,0.0,0.0,0.031720430107526884,
POOL-s0-b100,rl,1.0,2,results/es_pool/ckpt_seed0_gen00100.npz,100,0,BT-v3,10045,0,1.0,1,0,0,gun_kill,101.44999999999638,100.0,0.0,3.999999999999994,101.44999999999638,0.0,0.04684418145956608,0.005424063116370809,4375.038788768352
POOL-s0-b100,rl,1.0,2,results/es_pool/ckpt_seed0_gen00100.npz,100,0,BT-v3,10045,1,1.0,1,0,0,gun_kill,104.24999999999622,100.0,0.0,3.999999999999994,104.24999999999622,0.0,0.06765834932821498,0.0,
POOL-s0-b100,rl,1.0,2,results/es_pool/ckpt_seed0_gen00100.npz,100,0,BT-v3,10046,0,1.0,1,0,0,gun_kill,40.09999999999986,100.0,0.0,3.999999999999994,40.09999999999986,0.0,0.44875,0.0,4683.351196350442
POOL-s0-b100,rl,1.0,2,results/es_pool/ckpt_seed0_gen00100.npz,100,0,BT-v3,10046,1,0.5,0,1,0,timeout,120.19999999999531,86.25,16.25,3.4499999999999957,120.19999999999531,0.0,0.120216306156406,0.004575707154742097,
POOL-s0-b100,rl,1.0,2,results/es_pool/ckpt_seed0_gen00100.npz,100,0,BT-v3,10047,0,1.0,1,0,0,gun_kill,77.94999999999771,100.0,0.0,3.999999999999994,77.94999999999771,0.0,0.014138817480719794,0.010925449871465296,3785.9629651361483
POOL-s0-b100,rl,1.0,2,results/es_pool/ckpt_seed0_gen00100.npz,100,0,BT-v3,10047,1,1.0,1,0,0,gun_kill,72.949999999998,100.0,0.0,3.999999999999994,72.949999999998,0.0,0.01304945054945055,0.029532967032967032,
POOL-s0-b100,rl,1.0,2,results/es_pool/ckpt_seed0_gen00100.npz,100,0,BT-v3,10048,0,1.0,1,0,0,gun_kill,78.79999999999767,100.0,0.0,3.999999999999994,78.79999999999767,0.0,0.039440203562340966,0.022900763358778626,3332.7413708308927
POOL-s0-b100,rl,1.0,2,results/es_pool/ckpt_seed0_gen00100.npz,100,0,BT-v3,10048,1,1.0,1,0,0,gun_kill,99.44999999999649,100.0,0.0,3.999999999999994,99.44999999999649,0.0,0.07293762575452717,0.0,
POOL-s0-b100,rl,1.0,2,results/es_pool/ckpt_seed0_gen00100.npz,100,0,BT-v3,10049,0,1.0,1,0,0,gun_kill,112.14999999999577,100.0,10.0,3.999999999999994,112.14999999999577,0.0,0.075,0.02544642857142857,4071.5806088274767
POOL-s0-b100,rl,1.0,2,results/es_pool/ckpt_seed0_gen00100.npz,100,0,BT-v3,10049,1,1.0,1,0,0,gun_kill,116.04999999999555,100.0,0.0,3.999999999999994,116.04999999999555,0.0,0.05775862068965517,0.015948275862068966,
POOL-s0-b100,rl,1.0,2,results/es_pool/ckpt_seed0_gen00100.npz,100,0,BT-v3,10050,0,1.0,1,0,0,gun_kill,94.89999999999675,100.0,0.0,3.999999999999994,94.89999999999675,0.0,0.03533755274261603,0.026371308016877638,3858.115673126506
POOL-s0-b100,rl,1.0,2,results/es_pool/ckpt_seed0_gen00100.npz,100,0,BT-v3,10050,1,1.0,1,0,0,gun_kill,112.84999999999573,100.0,0.0,3.999999999999994,112.84999999999573,0.0,0.027925531914893616,0.003989361702127659,
POOL-s0-b100,rl,1.0,2,results/es_pool/ckpt_seed0_gen00100.npz,100,0,BT-v3,10051,0,0.5,0,1,0,timeout,120.19999999999531,11.25,0.0,0.44999999999999996,120.19999999999531,0.0,0.10316139767054909,0.004575707154742097,3415.7319998312996
POOL-s0-b100,rl,1.0,2,results/es_pool/ckpt_seed0_gen00100.npz,100,0,BT-v3,10051,1,1.0,1,0,0,gun_kill,87.99999999999714,100.0,0.0,3.999999999999994,87.99999999999714,0.0,0.11902050113895217,0.0,
POOL-s0-b100,rl,1.0,2,results/es_pool/ckpt_seed0_gen00100.npz,100,0,BT-v3,10052,0,1.0,1,0,0,gun_kill,107.59999999999603,100.0,0.0,3.999999999999994,107.59999999999603,0.0,0.03770949720670391,0.009776536312849162,3873.864664561834
POOL-s0-b100,rl,1.0,2,results/es_pool/ckpt_seed0_gen00100.npz,100,0,BT-v3,10052,1,1.0,1,0,0,gun_kill,93.9499999999968,100.0,0.0,3.999999999999994,93.9499999999968,0.0,0.03731343283582089,0.03411513859275053,
POOL-s0-b100,rl,1.0,2,results/es_pool/ckpt_seed0_gen00100.npz,100,0,BT-v3,10053,0,1.0,1,0,0,gun_kill,94.69999999999676,100.0,0.0,3.999999999999994,94.69999999999676,0.0,0.0,0.0,4445.626247906033
POOL-s0-b100,rl,1.0,2,results/es_pool/ckpt_seed0_gen00100.npz,100,0,BT-v3,10053,1,1.0,1,0,0,gun_kill,94.29999999999679,100.0,0.0,3.999999999999994,94.29999999999679,0.0,0.0,0.019639065817409766,
POOL-s0-b100,rl,1.0,2,results/es_pool/ckpt_seed0_gen00100.npz,100,0,BT-v3,10054,0,1.0,1,0,0,gun_kill,94.84999999999675,100.0,0.0,3.999999999999994,94.84999999999675,0.0,0.0,0.03059071729957806,3404.1565638870466
POOL-s0-b100,rl,1.0,2,results/es_pool/ckpt_seed0_gen00100.npz,100,0,BT-v3,10054,1,1.0,1,0,0,gun_kill,75.04999999999788,100.0,0.0,3.999999999999994,75.04999999999788,0.0,0.0,0.028666666666666667,
POOL-s0-b100,rl,1.0,2,results/es_pool/ckpt_seed0_gen00100.npz,100,0,BT-v3,10055,0,1.0,1,0,0,gun_kill,90.599999999997,100.0,0.0,3.999999999999994,90.599999999997,0.0,0.010508849557522125,0.0293141592920354,3424.5773681574033
POOL-s0-b100,rl,1.0,2,results/es_pool/ckpt_seed0_gen00100.npz,100,0,BT-v3,10055,1,1.0,1,0,0,gun_kill,89.49999999999706,100.0,3.75,3.999999999999994,89.49999999999706,0.0,0.006711409395973154,0.02796420581655481,
POOL-s0-b100,rl,1.0,2,results/es_pool/ckpt_seed0_gen00100.npz,100,0,BT-v3,10056,0,1.0,1,0,0,gun_kill,74.39999999999792,100.0,0.0,3.999999999999994,74.39999999999792,0.0,0.11994609164420485,0.018867924528301886,3683.927541917724
POOL-s0-b100,rl,1.0,2,results/es_pool/ckpt_seed0_gen00100.npz,100,0,BT-v3,10056,1,0.5,0,1,0,timeout,120.19999999999531,43.75,0.0,1.7500000000000009,120.19999999999531,0.0,0.08652246256239601,0.004991680532445923,
POOL-s0-b100,rl,1.0,2,results/es_pool/ckpt_seed0_gen00100.npz,100,0,BT-v3,10057,0,1.0,1,0,0,gun_kill,92.69999999999688,100.0,0.0,3.999999999999994,92.69999999999688,0.0,0.0,0.032937365010799136,4014.7908631976516
POOL-s0-b100,rl,1.0,2,results/es_pool/ckpt_seed0_gen00100.npz,100,0,BT-v3,10057,1,1.0,1,0,0,gun_kill,92.54999999999688,100.0,1.25,3.999999999999994,92.54999999999688,0.0,0.0,0.040584415584415584,
POOL-s0-b100,rl,1.0,2,results/es_pool/ckpt_seed0_gen00100.npz,100,0,BT-v3,10058,0,1.0,1,0,0,gun_kill,63.34999999999854,100.0,0.0,3.999999999999994,63.34999999999854,0.0,0.12579113924050633,0.00870253164556962,3378.391082450433
POOL-s0-b100,rl,1.0,2,results/es_pool/ckpt_seed0_gen00100.npz,100,0,BT-v3,10058,1,0.5,0,1,0,timeout,120.19999999999531,5.0,15.0,0.2,120.19999999999531,0.0,0.1497504159733777,0.0,
POOL-s0-b100,rl,1.0,2,results/es_pool/ckpt_seed0_gen00100.npz,100,0,BT-v3,10059,0,1.0,1,0,0,gun_kill,86.8999999999972,100.0,0.0,3.999999999999994,86.8999999999972,0.0,0.007488479262672811,0.0,4141.566772572268
POOL-s0-b100,rl,1.0,2,results/es_pool/ckpt_seed0_gen00100.npz,100,0,BT-v3,10059,1,1.0,1,0,0,gun_kill,84.09999999999737,100.0,0.0,3.999999999999994,84.09999999999737,0.0,0.007738095238095238,0.0,
POOL-s0-b100,rl,1.0,2,results/es_pool/ckpt_seed0_gen00100.npz,100,0,BT-v3,10060,0,1.0,1,0,0,gun_kill,89.69999999999705,100.0,0.0,3.999999999999994,89.69999999999705,0.0,0.05022321428571429,0.015066964285714286,4171.299197853888
POOL-s0-b100,rl,1.0,2,results/es_pool/ckpt_seed0_gen00100.npz,100,0,BT-v3,10060,1,1.0,1,0,0,gun_kill,97.04999999999663,100.0,0.0,3.999999999999994,97.04999999999663,0.0,0.05979381443298969,0.00979381443298969,
POOL-s0-b100,rl,1.0,2,results/es_pool/ckpt_seed0_gen00100.npz,100,0,BT-v3,10061,0,1.0,1,0,0,gun_kill,88.89999999999709,100.0,3.75,3.999999999999994,88.89999999999709,0.0,0.06756756756756757,0.015202702702702704,3790.510197604301
POOL-s0-b100,rl,1.0,2,results/es_pool/ckpt_seed0_gen00100.npz,100,0,BT-v3,10061,1,1.0,1,0,0,gun_kill,72.39999999999803,100.0,0.0,3.999999999999994,72.39999999999803,0.0,0.12326869806094183,0.009695290858725761,
POOL-s0-b100,rl,1.0,2,results/es_pool/ckpt_seed0_gen00100.npz,100,0,BT-v3,10062,0,1.0,1,0,0,gun_kill,108.49999999999598,100.0,6.25,3.999999999999994,108.49999999999598,0.0,0.06780442804428044,0.009686346863468635,4207.043893159477
POOL-s0-b100,rl,1.0,2,results/es_pool/ckpt_seed0_gen00100.npz,100,0,BT-v3,10062,1,1.0,1,0,0,gun_kill,93.69999999999682,100.0,0.0,3.999999999999994,93.69999999999682,0.0,0.09829059829059829,0.03311965811965812,
POOL-s0-b100,rl,1.0,2,results/es_pool/ckpt_seed0_gen00100.npz,100,0,BT-v3,10063,0,1.0,1,0,0,gun_kill,85.39999999999729,100.0,8.75,3.999999999999994,85.39999999999729,0.0,0.03051643192488263,0.02992957746478873,3575.2266135941054
POOL-s0-b100,rl,1.0,2,results/es_pool/ckpt_seed0_gen00100.npz,100,0,BT-v3,10063,1,1.0,1,0,0,gun_kill,65.04999999999845,100.0,0.0,3.999999999999994,65.04999999999845,0.0,0.045384615384615384,0.018461538461538463,
POOL-s0-b100,rl,1.0,2,results/es_pool/ckpt_seed0_gen00100.npz,100,0,BT-v3,10064,0,1.0,1,0,0,gun_kill,83.99999999999737,100.0,0.0,3.999999999999994,83.99999999999737,0.0,0.0405727923627685,0.029236276849642005,4337.025776626214
POOL-s0-b100,rl,1.0,2,results/es_pool/ckpt_seed0_gen00100.npz,100,0,BT-v3,10064,1,1.0,1,0,0,gun_kill,112.14999999999577,100.0,0.0,3.999999999999994,112.14999999999577,0.0,0.05357142857142857,0.0,
POOL-s0-b100,rl,1.0,2,results/es_pool/ckpt_seed0_gen00100.npz,100,0,BT-v3,10065,0,1.0,1,0,0,gun_kill,83.74999999999739,100.0,0.0,3.999999999999994,83.74999999999739,0.0,0.04904306220095694,0.014952153110047847,3699.366074906788
POOL-s0-b100,rl,1.0,2,results/es_pool/ckpt_seed0_gen00100.npz,100,0,BT-v3,10065,1,1.0,1,0,0,gun_kill,83.34999999999741,100.0,8.75,3.999999999999994,83.34999999999741,0.0,0.04807692307692308,0.013221153846153846,
POOL-s0-b100,rl,1.0,2,results/es_pool/ckpt_seed0_gen00100.npz,100,0,BT-v3,10066,0,0.5,0,1,0,timeout,120.19999999999531,7.5,12.5,0.3,120.19999999999531,0.0,0.1405990016638935,0.0,3009.952880369982
POOL-s0-b100,rl,1.0,2,results/es_pool/ckpt_seed0_gen00100.npz,100,0,BT-v3,10066,1,1.0,1,0,0,gun_kill,75.59999999999785,100.0,0.0,3.999999999999994,75.59999999999785,0.0,0.08952254641909814,0.005305039787798408,
POOL-s0-b100,rl,1.0,2,results/es_pool/ckpt_seed0_gen00100.npz,100,0,BT-v3,10067,0,1.0,1,0,0,gun_kill,97.99999999999658,100.0,0.0,3.999999999999994,97.99999999999658,0.0,0.024539877300613498,0.023517382413087935,4212.334572093085
POOL-s0-b100,rl,1.0,2,results/es_pool/ckpt_seed0_gen00100.npz,100,0,BT-v3,10067,1,0.5,0,1,0,timeout,120.19999999999531,85.0,0.0,3.399999999999996,120.19999999999531,0.0,0.015806988352745424,0.013311148086522463,
POOL-s0-b100,rl,1.0,2,results/es_pool/ckpt_seed0_gen00100.npz,100,0,BT-v3,10068,0,0.5,0,1,0,timeout,120.19999999999531,75.0,0.0,2.9999999999999973,120.19999999999531,0.0,0.03868552412645591,0.014559068219633943,4148.578338795047
POOL-s0-b100,rl,1.0,2,results/es_pool/ckpt_seed0_gen00100.npz,100,0,BT-v3,10068,1,1.0,1,0,0,gun_kill,97.5499999999966,100.0,0.0,3.999999999999994,97.5499999999966,0.0,0.09240246406570841,0.028747433264887063,
POOL-s0-b100,rl,1.0,2,results/es_pool/ckpt_seed0_gen00100.npz,100,0,BT-v3,10069,0,0.5,0,1,0,timeout,120.19999999999531,98.75,0.0,3.949999999999994,120.19999999999531,0.0,0.008735440931780365,0.017054908485856904,3930.0973693971728
POOL-s0-b100,rl,1.0,2,results/es_pool/ckpt_seed0_gen00100.npz,100,0,BT-v3,10069,1,1.0,1,0,0,gun_kill,93.79999999999681,100.0,0.0,3.999999999999994,93.79999999999681,0.0,0.014957264957264958,0.015491452991452992,
POOL-s0-b100,rl,1.0,2,results/es_pool/ckpt_seed0_gen00100.npz,100,0,BT-v3,10070,0,1.0,1,0,0,gun_kill,76.64999999999779,100.0,0.0,3.999999999999994,76.64999999999779,0.0,0.018276762402088774,0.028067885117493474,5308.202902426339
POOL-s0-b100,rl,1.0,2,results/es_pool/ckpt_seed0_gen00100.npz,100,0,BT-v3,10070,1,1.0,1,0,0,gun_kill,99.2999999999965,100.0,7.5,3.999999999999994,99.2999999999965,0.0,0.015120967741935484,0.024193548387096774,
POOL-s0-b100,rl,1.0,2,results/es_pool/ckpt_seed0_gen00100.npz,100,0,BT-v3,10071,0,1.0,1,0,0,gun_kill,111.14999999999583,100.0,0.0,3.999999999999994,111.14999999999583,0.0,0.0,0.01036036036036036,4030.6252439730256
POOL-s0-b100,rl,1.0,2,results/es_pool/ckpt_seed0_gen00100.npz,100,0,BT-v3,10071,1,1.0,1,0,0,gun_kill,88.14999999999714,100.0,0.0,3.999999999999994,88.14999999999714,0.0,0.0,0.02159090909090909,
POOL-s0-b100,rl,1.0,2,results/es_pool/ckpt_seed0_gen00100.npz,100,0,BT-v3,10072,0,1.0,1,0,0,gun_kill,69.84999999999818,100.0,23.75,3.999999999999994,69.84999999999818,0.0,0.0,0.007879656160458453,3952.6469920418435
POOL-s0-b100,rl,1.0,2,results/es_pool/ckpt_seed0_gen00100.npz,100,0,BT-v3,10072,1,1.0,1,0,0,gun_kill,88.6999999999971,100.0,0.0,3.999999999999994,88.6999999999971,0.0,0.0,0.0,
POOL-s0-b100,rl,1.0,2,results/es_pool/ckpt_seed0_gen00100.npz,100,0,BT-v3,10073,0,1.0,1,0,0,gun_kill,77.09999999999776,100.0,0.0,3.999999999999994,77.09999999999776,0.0,0.06298701298701298,0.0,3997.0695761421143
POOL-s0-b100,rl,1.0,2,results/es_pool/ckpt_seed0_gen00100.npz,100,0,BT-v3,10073,1,1.0,1,0,0,gun_kill,109.49999999999592,100.0,0.0,3.999999999999994,109.49999999999592,0.0,0.04616087751371115,0.031992687385740404,
POOL-s0-b100,rl,1.0,2,results/es_pool/ckpt_seed0_gen00100.npz,100,0,BT-v3,10074,0,1.0,1,0,0,gun_kill,102.29999999999633,100.0,0.0,3.999999999999994,102.29999999999633,0.0,0.08072407045009784,0.0,4552.789871101488
POOL-s0-b100,rl,1.0,2,results/es_pool/ckpt_seed0_gen00100.npz,100,0,BT-v3,10074,1,1.0,1,0,0,gun_kill,102.19999999999634,100.0,0.0,3.999999999999994,102.19999999999634,0.0,0.054411764705882354,0.013725490196078431,
POOL-s0-b100,rl,1.0,2,results/es_pool/ckpt_seed0_gen00100.npz,100,0,BT-v3,10075,0,1.0,1,0,0,gun_kill,88.54999999999711,100.0,0.0,3.999999999999994,88.54999999999711,0.0,0.033936651583710405,0.022058823529411766,4249.497250426205
POOL-s0-b100,rl,1.0,2,results/es_pool/ckpt_seed0_gen00100.npz,100,0,BT-v3,10075,1,1.0,1,0,0,gun_kill,82.69999999999744,100.0,0.0,3.999999999999994,82.69999999999744,0.0,0.051452784503631964,0.0012106537530266344,
POOL-s0-b100,rl,1.0,2,results/es_pool/ckpt_seed0_gen00100.npz,100,0,BT-v3,10076,0,1.0,1,0,0,gun_kill,86.09999999999725,100.0,0.0,3.999999999999994,86.09999999999725,0.0,0.031395348837209305,0.005232558139534884,4059.94598878959
POOL-s0-b100,rl,1.0,2,results/es_pool/ckpt_seed0_gen00100.npz,100,0,BT-v3,10076,1,1.0,1,0,0,gun_kill,89.84999999999704,100.0,0.0,3.999999999999994,89.84999999999704,0.0,0.03507795100222717,0.005567928730512249,
POOL-s0-b100,rl,1.0,2,results/es_pool/ckpt_seed0_gen00100.npz,100,0,BT-v3,10077,0,1.0,1,0,0,gun_kill,80.54999999999757,100.0,0.0,3.999999999999994,80.54999999999757,0.0,0.04539800995024876,0.006218905472636816,3553.3765637012107
POOL-s0-b100,rl,1.0,2,results/es_pool/ckpt_seed0_gen00100.npz,100,0,BT-v3,10077,1,1.0,1,0,0,gun_kill,71.39999999999809,100.0,0.0,3.999999999999994,71.39999999999809,0.0,0.0351123595505618,0.026685393258426966,
POOL-s0-b100,rl,1.0,2,results/es_pool/ckpt_seed0_gen00100.npz,100,0,BT-v3,10078,0,1.0,1,0,0,gun_kill,86.59999999999722,100.0,0.0,3.999999999999994,86.59999999999722,0.0,0.09259259259259259,0.0,3978.121864756532
POOL-s0-b100,rl,1.0,2,results/es_pool/ckpt_seed0_gen00100.npz,100,0,BT-v3,10078,1,1.0,1,0,0,gun_kill,87.14999999999719,100.0,0.0,3.999999999999994,87.14999999999719,0.0,0.05919540229885058,0.028735632183908046,
POOL-s0-b100,rl,1.0,2,results/es_pool/ckpt_seed0_gen00100.npz,100,0,BT-v3,10079,0,1.0,1,0,0,gun_kill,92.69999999999688,100.0,0.0,3.999999999999994,92.69999999999688,0.0,0.0,0.026997840172786176,3865.1478873626234
POOL-s0-b100,rl,1.0,2,results/es_pool/ckpt_seed0_gen00100.npz,100,0,BT-v3,10079,1,1.0,1,0,0,gun_kill,68.84999999999823,100.0,22.5,3.999999999999994,68.84999999999823,0.0,0.0,0.010174418604651164,
POOL-s0-b100,rl,1.0,2,results/es_pool/ckpt_seed0_gen00100.npz,100,0,BT-v3,10080,0,1.0,1,0,0,gun_kill,89.84999999999704,100.0,0.0,3.999999999999994,89.84999999999704,0.0,0.02505567928730512,0.007238307349665924,3656.612472131623
POOL-s0-b100,rl,1.0,2,results/es_pool/ckpt_seed0_gen00100.npz,100,0,BT-v3,10080,1,1.0,1,0,0,gun_kill,101.0499999999964,100.0,0.0,3.999999999999994,101.0499999999964,0.0,0.022277227722772276,0.02178217821782178,
POOL-s0-b100,rl,1.0,2,results/es_pool/ckpt_seed0_gen00100.npz,100,0,BT-v3,10081,0,0.5,0,1,0,timeout,120.19999999999531,98.75,0.0,3.949999999999994,120.19999999999531,0.0,0.0,0.007903494176372712,4305.436771250417
POOL-s0-b100,rl,1.0,2,results/es_pool/ckpt_seed0_gen00100.npz,100,0,BT-v3,10081,1,1.0,1,0,0,gun_kill,97.29999999999661,100.0,0.0,3.999999999999994,97.29999999999661,0.0,0.0,0.00411522633744856,
POOL-s0-b100,rl,1.0,2,results/es_pool/ckpt_seed0_gen00100.npz,100,0,BT-v3,10082,0,1.0,1,0,0,gun_kill,97.34999999999661,100.0,10.0,3.999999999999994,97.34999999999661,0.0,0.040123456790123455,0.030864197530864196,4096.568734360859
POOL-s0-b100,rl,1.0,2,results/es_pool/ckpt_seed0_gen00100.npz,100,0,BT-v3,10082,1,1.0,1,0,0,gun_kill,96.74999999999665,100.0,0.0,3.999999999999994,96.74999999999665,0.0,0.045548654244306416,0.03674948240165631,
POOL-s0-b100,rl,1.0,2,results/es_pool/ckpt_seed0_gen00100.npz,100,0,BT-v3,10083,0,1.0,1,0,0,gun_kill,109.09999999999594,100.0,0.0,3.999999999999994,109.09999999999594,0.0,0.056422018348623856,0.030733944954128442,4327.4648010399505
POOL-s0-b100,rl,1.0,2,results/es_pool/ckpt_seed0_gen00100.npz,100,0,BT-v3,10083,1,1.0,1,0,0,gun_kill,107.29999999999605,100.0,0.0,3.999999999999994,107.29999999999605,0.0,0.061567164179104475,0.033582089552238806,
POOL-s0-b100,rl,1.0,2,results/es_pool/ckpt_seed0_gen00100.npz,100,0,BT-v3,10084,0,1.0,1,0,0,gun_kill,91.89999999999692,100.0,0.0,3.999999999999994,91.89999999999692,0.0,0.0,0.016339869281045753,4096.410850714116
POOL-s0-b100,rl,1.0,2,results/es_pool/ckpt_seed0_gen00100.npz,100,0,BT-v3,10084,1,1.0,1,0,0,gun_kill,111.19999999999582,100.0,0.0,3.999999999999994,111.19999999999582,0.0,0.0,0.024774774774774775,
POOL-s0-b100,rl,1.0,2,results/es_pool/ckpt_seed0_gen00100.npz,100,0,BT-v3,10085,0,1.0,1,0,0,gun_kill,97.04999999999663,100.0,0.0,3.999999999999994,97.04999999999663,0.0,0.003092783505154639,0.031958762886597936,4169.921228612774
POOL-s0-b100,rl,1.0,2,results/es_pool/ckpt_seed0_gen00100.npz,100,0,BT-v3,10085,1,1.0,1,0,0,gun_kill,110.24999999999588,100.0,12.5,3.999999999999994,110.24999999999588,0.0,0.0,0.009981851179673321,
POOL-s0-b100,rl,1.0,2,results/es_pool/ckpt_seed0_gen00100.npz,100,0,BT-v3,10086,0,1.0,1,0,0,gun_kill,78.04999999999771,100.0,1.25,3.999999999999994,78.04999999999771,0.0,0.0,0.005128205128205128,3864.3820195008793
POOL-s0-b100,rl,1.0,2,results/es_pool/ckpt_seed0_gen00100.npz,100,0,BT-v3,10086,1,1.0,1,0,0,gun_kill,91.39999999999695,100.0,0.0,3.999999999999994,91.39999999999695,0.0,0.0,0.023026315789473683,
POOL-s0-b100,rl,1.0,2,results/es_pool/ckpt_seed0_gen00100.npz,100,0,BT-v3,10087,0,0.5,0,1,0,collision,4.049999999999994,0.0,0.0,0.0,4.049999999999994,0.0,0.8375,0.075,6509.474573289074
POOL-s0-b100,rl,1.0,2,results/es_pool/ckpt_seed0_gen00100.npz,100,0,BT-v3,10087,1,1.0,1,0,0,gun_kill,86.19999999999725,100.0,0.0,3.999999999999994,86.19999999999725,0.0,0.09302325581395349,0.011627906976744186,
POOL-s0-b100,rl,1.0,2,results/es_pool/ckpt_seed0_gen00100.npz,100,0,BT-v3,10088,0,1.0,1,0,0,gun_kill,114.49999999999564,100.0,0.0,3.999999999999994,114.49999999999564,0.0,0.0,0.0118006993006993,3858.9807099654163
POOL-s0-b100,rl,1.0,2,results/es_pool/ckpt_seed0_gen00100.npz,100,0,BT-v3,10088,1,1.0,1,0,0,gun_kill,112.44999999999575,100.0,0.0,3.999999999999994,112.44999999999575,0.0,0.0,0.032473309608540925,
POOL-s0-b100,rl,1.0,2,results/es_pool/ckpt_seed0_gen00100.npz,100,0,BT-v3,10089,0,0.5,0,1,0,timeout,120.19999999999531,1.25,0.0,0.05,120.19999999999531,0.0,0.0,0.0,5317.792899262131
POOL-s0-b100,rl,1.0,2,results/es_pool/ckpt_seed0_gen00100.npz,100,0,BT-v3,10089,1,0.5,0,1,0,timeout,120.19999999999531,52.5,0.0,2.1000000000000005,120.19999999999531,0.0,0.0,0.004159733777038269,
POOL-s0-b100,rl,1.0,2,results/es_pool/ckpt_seed0_gen00100.npz,100,0,BT-v3,10090,0,1.0,1,0,0,gun_kill,76.94999999999777,100.0,0.0,3.999999999999994,76.94999999999777,0.0,0.022135416666666668,0.0234375,3175.4332637514003
POOL-s0-b100,rl,1.0,2,results/es_pool/ckpt_seed0_gen00100.npz,100,0,BT-v3,10090,1,1.0,1,0,0,gun_kill,85.1999999999973,100.0,0.0,3.999999999999994,85.1999999999973,0.0,0.03176470588235294,0.023529411764705882,
POOL-s0-b100,rl,1.0,2,results/es_pool/ckpt_seed0_gen00100.npz,100,0,BT-v3,10091,0,1.0,1,0,0,gun_kill,86.74999999999721,100.0,0.0,3.999999999999994,86.74999999999721,0.0,0.11431870669745958,0.005773672055427252,3634.8752480516923
POOL-s0-b100,rl,1.0,2,results/es_pool/ckpt_seed0_gen00100.npz,100,0,BT-v3,10091,1,1.0,1,0,0,gun_kill,57.49999999999887,100.0,2.5,3.999999999999994,57.49999999999887,0.0,0.156794425087108,0.009581881533101045,
POOL-s0-b100,rl,1.0,2,results/es_pool/ckpt_seed0_gen00100.npz,100,0,BT-v3,10092,0,1.0,1,0,0,gun_kill,94.74999999999676,100.0,5.0,3.999999999999994,94.74999999999676,0.0,0.0,0.0354122621564482,4837.087951482622
POOL-s0-b100,rl,1.0,2,results/es_pool/ckpt_seed0_gen00100.npz,100,0,BT-v3,10092,1,1.0,1,0,0,gun_kill,82.84999999999744,100.0,0.0,3.999999999999994,82.84999999999744,0.0,0.0,0.030797101449275364,
POOL-s0-b100,rl,1.0,2,results/es_pool/ckpt_seed0_gen00100.npz,100,0,BT-v3,10093,0,1.0,1,0,0,gun_kill,119.54999999999535,100.0,0.0,3.999999999999994,119.54999999999535,0.0,0.0,0.0,4608.266538490433
POOL-s0-b100,rl,1.0,2,results/es_pool/ckpt_seed0_gen00100.npz,100,0,BT-v3,10093,1,1.0,1,0,0,gun_kill,84.39999999999735,100.0,16.25,3.999999999999994,84.39999999999735,0.0,0.0,0.03681710213776722,
POOL-s0-b100,rl,1.0,2,results/es_pool/ckpt_seed0_gen00100.npz,100,0,BT-v3,10094,0,1.0,1,0,0,gun_kill,92.3499999999969,100.0,0.0,3.999999999999994,92.3499999999969,0.0,0.08676789587852494,0.0,3395.9508580939114
POOL-s0-b100,rl,1.0,2,results/es_pool/ckpt_seed0_gen00100.npz,100,0,BT-v3,10094,1,1.0,1,0,0,gun_kill,91.59999999999694,100.0,0.0,3.999999999999994,91.59999999999694,0.0,0.0787746170678337,0.0,
POOL-s0-b100,rl,1.0,2,results/es_pool/ckpt_seed0_gen00100.npz,100,0,BT-v3,10095,0,1.0,1,0,0,gun_kill,99.2499999999965,100.0,0.0,3.999999999999994,99.2499999999965,0.0,0.003528225806451613,0.018145161290322582,3715.987890636562
POOL-s0-b100,rl,1.0,2,results/es_pool/ckpt_seed0_gen00100.npz,100,0,BT-v3,10095,1,1.0,1,0,0,gun_kill,111.99999999999578,100.0,0.0,3.999999999999994,111.99999999999578,0.0,0.0031305903398926656,0.0022361359570661895,
POOL-s0-b100,rl,1.0,2,results/es_pool/ckpt_seed0_gen00100.npz,100,0,BT-v3,10096,0,1.0,1,0,0,gun_kill,80.0499999999976,100.0,0.0,3.999999999999994,80.0499999999976,0.0,0.085,0.018125,3344.03551826824
POOL-s0-b100,rl,1.0,2,results/es_pool/ckpt_seed0_gen00100.npz,100,0,BT-v3,10096,1,1.0,1,0,0,gun_kill,90.549999999997,100.0,0.0,3.999999999999994,90.549999999997,0.0,0.12721238938053098,0.0027654867256637168,
POOL-s0-b100,rl,1.0,2,results/es_pool/ckpt_seed0_gen00100.npz,100,0,BT-v3,10097,0,1.0,1,0,0,gun_kill,105.99999999999612,100.0,0.0,3.999999999999994,105.99999999999612,0.0,0.07136105860113422,0.0,4081.969480815244
POOL-s0-b100,rl,1.0,2,results/es_pool/ckpt_seed0_gen00100.npz,100,0,BT-v3,10097,1,1.0,1,0,0,gun_kill,104.6999999999962,100.0,0.0,3.999999999999994,104.6999999999962,0.0,0.07217973231357552,0.029636711281070746,
POOL-s0-b100,rl,1.0,2,results/es_pool/ckpt_seed0_gen00100.npz,100,0,BT-v3,10098,0,1.0,1,0,0,gun_kill,102.14999999999634,100.0,0.0,3.999999999999994,102.14999999999634,0.0,0.061764705882352944,0.01911764705882353,3370.3733537289972
POOL-s0-b100,rl,1.0,2,results/es_pool/ckpt_seed0_gen00100.npz,100,0,BT-v3,10098,1,1.0,1,0,0,gun_kill,93.49999999999683,100.0,0.0,3.999999999999994,93.49999999999683,0.0,0.059957173447537475,0.011241970021413276,
POOL-s0-b100,rl,1.0,2,results/es_pool/ckpt_seed0_gen00100.npz,100,0,BT-v3,10099,0,1.0,1,0,0,gun_kill,104.19999999999622,100.0,0.0,3.999999999999994,104.19999999999622,0.0,0.0,0.025,3431.546547399477
POOL-s0-b100,rl,1.0,2,results/es_pool/ckpt_seed0_gen00100.npz,100,0,BT-v3,10099,1,1.0,1,0,0,gun_kill,91.59999999999694,100.0,0.0,3.999999999999994,91.59999999999694,0.0,0.0,0.021334792122538294,
POOL-s1-b100,rl,1.0,2,results/es_pool/ckpt_seed1_gen00100.npz,100,1,BT-v2,10000,0,0.0,0,0,1,crash,77.54999999999774,0.0,2.5,0.0,77.54999999999774,0.18992248062015504,0.1731266149870801,0.005813953488372093,4118.332645366051
POOL-s1-b100,rl,1.0,2,results/es_pool/ckpt_seed1_gen00100.npz,100,1,BT-v2,10000,1,0.5,0,1,0,collision,35.050000000000146,5.0,0.0,0.2,35.050000000000146,0.0,0.09714285714285714,0.06857142857142857,
POOL-s1-b100,rl,1.0,2,results/es_pool/ckpt_seed1_gen00100.npz,100,1,BT-v2,10001,0,0.0,0,0,1,crash,103.14999999999628,0.0,56.25,0.0,103.14999999999628,0.16601941747572815,0.004368932038834952,0.0,4308.002926868214
POOL-s1-b100,rl,1.0,2,results/es_pool/ckpt_seed1_gen00100.npz,100,1,BT-v2,10001,1,0.0,0,0,1,crash,108.44999999999598,83.75,0.0,3.349999999999996,108.44999999999598,0.1738929889298893,0.0018450184501845018,0.0,
POOL-s1-b100,rl,1.0,2,results/es_pool/ckpt_seed1_gen00100.npz,100,1,BT-v2,10002,0,0.0,0,0,1,crash,67.5999999999983,2.5,0.0,0.1,67.5999999999983,0.2195845697329377,0.22551928783382788,0.018545994065281898,3671.9988977555495
POOL-s1-b100,rl,1.0,2,results/es_pool/ckpt_seed1_gen00100.npz,100,1,BT-v2,10002,1,0.5,0,1,0,collision,13.00000000000005,0.0,0.0,0.0,13.00000000000005,0.0,0.50390625,0.03125,
POOL-s1-b100,rl,1.0,2,results/es_pool/ckpt_seed1_gen00100.npz,100,1,BT-v2,10003,0,0.0,0,0,1,crash,94.99999999999675,0.0,0.0,0.0,94.99999999999675,0.17616033755274263,0.1060126582278481,0.0,4283.1532816028985
POOL-s1-b100,rl,1.0,2,results/es_pool/ckpt_seed1_gen00100.npz,100,1,BT-v2,10003,1,0.0,0,0,1,crash,109.44999999999592,17.5,0.0,0.7000000000000001,109.44999999999592,0.16270566727605118,0.10054844606946983,0.006855575868372943,
POOL-s1-b100,rl,1.0,2,results/es_pool/ckpt_seed1_gen00100.npz,100,1,BT-v2,10004,0,0.0,0,0,1,crash,95.19999999999673,0.0,48.75,0.0,95.19999999999673,0.1868421052631579,0.027894736842105264,0.0,3988.2997423777247
POOL-s1-b100,rl,1.0,2,results/es_pool/ckpt_seed1_gen00100.npz,100,1,BT-v2,10004,1,0.0,0,0,1,crash,98.09999999999657,46.25,0.0,1.850000000000001,98.09999999999657,0.1520408163265306,0.053061224489795916,0.0,
POOL-s1-b100,rl,1.0,2,results/es_pool/ckpt_seed1_gen00100.npz,100,1,BT-v2,10005,0,0.0,0,0,1,crash,81.6499999999975,0.0,18.75,0.0,81.6499999999975,0.23835784313725492,0.24693627450980393,0.02389705882352941,3711.2062301224682
POOL-s1-b100,rl,1.0,2,results/es_pool/ckpt_seed1_gen00100.npz,100,1,BT-v2,10005,1,0.0,0,0,1,crash,66.99999999999834,0.0,0.0,0.0,66.99999999999834,0.25,0.3278443113772455,0.0,
POOL-s1-b100,rl,1.0,2,results/es_pool/ckpt_seed1_gen00100.npz,100,1,BT-v2,10006,0,0.0,0,0,1,crash,74.7999999999979,0.0,0.0,0.0,74.7999999999979,0.2386058981233244,0.015415549597855228,0.0,3788.1269412938786
POOL-s1-b100,rl,1.0,2,results/es_pool/ckpt_seed1_gen00100.npz,100,1,BT-v2,10006,1,0.0,0,0,1,crash,80.89999999999755,0.0,0.0,0.0,80.89999999999755,0.21287128712871287,0.014232673267326733,0.005569306930693069,
POOL-s1-b100,rl,1.0,2,results/es_pool/ckpt_seed1_gen00100.npz,100,1,BT-v2,10007,0,0.0,0,0,1,crash,103.89999999999624,0.0,42.5,0.0,103.89999999999624,0.15703275529865124,0.04576107899807322,0.0,3966.042466896264
POOL-s1-b100,rl,1.0,2,results/es_pool/ckpt_seed1_gen00100.npz,100,1,BT-v2,10007,1,0.5,0,1,0,collision,18.500000000000128,0.0,0.0,0.0,18.500000000000128,0.0,0.33695652173913043,0.04891304347826087,
POOL-s1-b100,rl,1.0,2,results/es_pool/ckpt_seed1_gen00100.npz,100,1,BT-v2,10008,0,0.0,0,0,1,crash,66.89999999999834,0.0,1.25,0.0,66.89999999999834,0.19161676646706588,0.20209580838323354,0.0,3943.796467156637
POOL-s1-b100,rl,1.0,2,results/es_pool/ckpt_seed1_gen00100.npz,100,1,BT-v2,10008,1,0.0,0,0,1,crash,78.54999999999768,0.0,0.0,0.0,78.54999999999768,0.18877551020408162,0.20535714285714285,0.003826530612244898,
POOL-s1-b100,rl,1.0,2,results/es_pool/ckpt_seed1_gen00100.npz,100,1,BT-v2,10009,0,0.0,0,0,1,crash,92.04999999999691,0.0,0.0,0.0,92.04999999999691,0.1842391304347826,0.057065217391304345,0.00923913043478261,3947.851854605956
POOL-s1-b100,rl,1.0,2,results/es_pool/ckpt_seed1_gen00100.npz,100,1,BT-v2,10009,1,0.0,0,0,1,crash,87.44999999999717,48.75,0.0,1.950000000000001,87.44999999999717,0.17219679633867277,0.16247139588100687,0.0,
POOL-s1-b100,rl,1.0,2,results/es_pool/ckpt_seed1_gen00100.npz,100,1,BT-v2,10010,0,0.0,0,0,1,crash,63.9999999999985,30.0,0.0,1.2000000000000004,63.9999999999985,0.25391849529780564,0.19670846394984326,0.016457680250783698,3286.97187781459
POOL-s1-b100,rl,1.0,2,results/es_pool/ckpt_seed1_gen00100.npz,100,1,BT-v2,10010,1,0.0,0,0,1,crash,50.64999999999926,0.0,12.5,0.0,50.64999999999926,0.23023715415019763,0.49703557312252966,0.012845849802371542,
POOL-s1-b100,rl,1.0,2,results/es_pool/ckpt_seed1_gen00100.npz,100,1,BT-v2,10011,0,0.0,0,0,1,crash,78.34999999999769,0.0,0.0,0.0,78.34999999999769,0.17263427109974425,0.19245524296675193,0.0,4404.206530908338
POOL-s1-b100,rl,1.0,2,results/es_pool/ckpt_seed1_gen00100.npz,100,1,BT-v2,10011,1,0.0,0,0,1,crash,77.79999999999772,0.0,0.0,0.0,77.79999999999772,0.18234536082474226,0.13466494845360824,0.0,
POOL-s1-b100,rl,1.0,2,results/es_pool/ckpt_seed1_gen00100.npz,100,1,BT-v2,10012,0,0.0,0,0,1,gun_kill,33.25000000000025,0.0,100.0,0.0,33.25000000000025,0.11596385542168675,0.983433734939759,0.0,5213.312676727243
POOL-s1-b100,rl,1.0,2,results/es_pool/ckpt_seed1_gen00100.npz,100,1,BT-v2,10012,1,0.0,0,0,1,crash,55.89999999999896,6.25,0.0,0.25,55.89999999999896,0.2867383512544803,0.5385304659498208,0.005376344086021506,
POOL-s1-b100,rl,1.0,2,results/es_pool/ckpt_seed1_gen00100.npz,100,1,BT-v2,10013,0,0.0,0,0,1,crash,95.7999999999967,0.0,0.0,0.0,95.7999999999967,0.17468619246861924,0.04811715481171548,0.0,4144.462365041652
POOL-s1-b100,rl,1.0,2,results/es_pool/ckpt_seed1_gen00100.npz,100,1,BT-v2,10013,1,0.0,0,0,1,crash,101.1499999999964,0.0,0.0,0.0,101.1499999999964,0.18316831683168316,0.06485148514851485,0.0,
POOL-s1-b100,rl,1.0,2,results/es_pool/ckpt_seed1_gen00100.npz,100,1,BT-v2,10014,0,0.0,0,0,1,crash,90.74999999999699,3.75,0.0,0.15000000000000002,90.74999999999699,0.18211920529801323,0.0,0.008278145695364239,4084.5568496274686
POOL-s1-b100,rl,1.0,2,results/es_pool/ckpt_seed1_gen00100.npz,100,1,BT-v2,10014,1,0.0,0,0,1,crash,95.14999999999674,0.0,0.0,0.0,95.14999999999674,0.1863157894736842,0.0,0.005263157894736842,
POOL-s1-b100,rl,1.0,2,results/es_pool/ckpt_seed1_gen00100.npz,100,1,BT-v2,10015,0,0.0,0,0,1,crash,66.79999999999835,0.0,16.25,0.0,66.79999999999835,0.2057057057057057,0.18618618618618618,0.012762762762762763,3728.9166233338906
POOL-s1-b100,rl,1.0,2,results/es_pool/ckpt_seed1_gen00100.npz,100,1,BT-v2,10015,1,0.0,0,0,1,crash,94.39999999999678,27.5,0.0,1.1000000000000003,94.39999999999678,0.17887473460721867,0.0,0.004777070063694267,
POOL-s1-b100,rl,1.0,2,results/es_pool/ckpt_seed1_gen00100.npz,100,1,BT-v2,10016,0,0.0,0,0,1,crash,80.64999999999756,15.0,0.0,0.6,80.64999999999756,0.22952853598014888,0.0,0.016749379652605458,3610.6992135305586
POOL-s1-b100,rl,1.0,2,results/es_pool/ckpt_seed1_gen00100.npz,100,1,BT-v2,10016,1,0.0,0,0,1,crash,80.44999999999757,2.5,3.75,0.1,80.44999999999757,0.2269900497512438,0.0,0.01616915422885572,
POOL-s1-b100,rl,1.0,2,results/es_pool/ckpt_seed1_gen00100.npz,100,1,BT-v2,10017,0,0.0,0,0,1,crash,68.29999999999826,0.0,36.25,0.0,68.29999999999826,0.16715542521994134,0.3313782991202346,0.0,4074.398021937343
POOL-s1-b100,rl,1.0,2,results/es_pool/ckpt_seed1_gen00100.npz,100,1,BT-v2,10017,1,1.0,1,0,0,gun_kill,34.1000000000002,100.0,0.0,3.999999999999994,34.1000000000002,0.0,0.20588235294117646,0.0,
POOL-s1-b100,rl,1.0,2,results/es_pool/ckpt_seed1_gen00100.npz,100,1,BT-v2,10018,0,0.0,0,0,1,crash,71.74999999999807,0.0,0.0,0.0,71.74999999999807,0.17597765363128492,0.16829608938547486,0.0,3829.6990323103546
POOL-s1-b100,rl,1.0,2,results/es_pool/ckpt_seed1_gen00100.npz,100,1,BT-v2,10018,1,0.0,0,0,1,crash,65.49999999999842,0.0,0.0,0.0,65.49999999999842,0.19954128440366972,0.20489296636085627,0.0,
POOL-s1-b100,rl,1.0,2,results/es_pool/ckpt_seed1_gen00100.npz,100,1,BT-v2,10019,0,0.0,0,0,1,crash,72.24999999999804,0.0,0.0,0.0,72.24999999999804,0.1772853185595568,0.12188365650969529,0.01731301939058172,3908.450792859157
POOL-s1-b100,rl,1.0,2,results/es_pool/ckpt_seed1_gen00100.npz,100,1,BT-v2,10019,1,0.0,0,0,1,crash,72.39999999999803,0.0,0.0,0.0,72.39999999999803,0.17520775623268697,0.1371191135734072,0.0,
POOL-s1-b100,rl,1.0,2,results/es_pool/ckpt_seed1_gen00100.npz,100,1,BT-v2,10020,0,0.0,0,0,1,crash,79.9999999999976,27.5,0.0,1.1000000000000003,79.9999999999976,0.16791979949874686,0.07393483709273183,0.02443609022556391,4353.200542294486
POOL-s1-b100,rl,1.0,2,results/es_pool/ckpt_seed1_gen00100.npz,100,1,BT-v2,10020,1,0.0,0,0,1,crash,95.39999999999672,6.25,0.0,0.25,95.39999999999672,0.19747899159663865,0.0,0.014705882352941176,
POOL-s1-b100,rl,1.0,2,results/es_pool/ckpt_seed1_gen00100.npz,100,1,BT-v2,10021,0,0.0,0,0,1,crash,63.44999999999853,0.0,3.75,0.0,63.44999999999853,0.2752365930599369,0.2137223974763407,0.002365930599369085,3564.5567216555564
POOL-s1-b100,rl,1.0,2,results/es_pool/ckpt_seed1_gen00100.npz,100,1,BT-v2,10021,1,0.0,0,0,1,crash,61.89999999999862,13.75,0.0,0.5499999999999999,61.89999999999862,0.2087378640776699,0.3220064724919094,0.0186084142394822,
POOL-s1-b100,rl,1.0,2,results/es_pool/ckpt_seed1_gen00100.npz,100,1,BT-v2,10022,0,0.0,0,0,1,crash,95.94999999999669,0.0,0.0,0.0,95.94999999999669,0.20250521920668058,0.049582463465553235,0.015657620041753653,4135.745732069606
POOL-s1-b100,rl,1.0,2,results/es_pool/ckpt_seed1_gen00100.npz,100,1,BT-v2,10022,1,0.0,0,0,1,crash,77.64999999999773,8.75,0.0,0.35,77.64999999999773,0.19007731958762886,0.16301546391752578,0.017396907216494846,
POOL-s1-b100,rl,1.0,2,results/es_pool/ckpt_seed1_gen00100.npz,100,1,BT-v2,10023,0,0.0,0,0,1,crash,106.84999999999607,0.0,0.0,0.0,106.84999999999607,0.1601123595505618,0.046348314606741575,0.0,4565.712785291369
POOL-s1-b100,rl,1.0,2,results/es_pool/ckpt_seed1_gen00100.npz,100,1,BT-v2,10023,1,0.0,0,0,1,crash,109.7999999999959,72.5,0.0,2.8999999999999977,109.7999999999959,0.13777372262773724,0.10903284671532847,0.0,
POOL-s1-b100,rl,1.0,2,results/es_pool/ckpt_seed1_gen00100.npz,100,1,BT-v2,10024,0,0.0,0,0,1,crash,67.04999999999833,0.0,0.0,0.0,67.04999999999833,0.20746268656716418,0.11865671641791045,0.0,3901.951518461146
POOL-s1-b100,rl,1.0,2,results/es_pool/ckpt_seed1_gen00100.npz,100,1,BT-v2,10024,1,0.0,0,0,1,crash,49.34999999999933,0.0,0.0,0.0,49.34999999999933,0.23170731707317074,0.5762195121951219,0.0,
POOL-s1-b100,rl,1.0,2,results/es_pool/ckpt_seed1_gen00100.npz,100,1,BT-v2,10025,0,0.5,0,1,0,timeout,120.19999999999531,0.0,18.75,0.0,120.19999999999531,0.09608985024958402,0.05740432612312812,0.0,5090.362756272843
POOL-s1-b100,rl,1.0,2,results/es_pool/ckpt_seed1_gen00100.npz,100,1,BT-v2,10025,1,0.0,0,0,1,crash,106.79999999999607,16.25,0.0,0.65,106.79999999999607,0.1805816135084428,0.07270168855534709,0.006566604127579738,
POOL-s1-b100,rl,1.0,2,results/es_pool/ckpt_seed1_gen00100.npz,100,1,BT-v2,10026,0,0.0,0,0,1,crash,92.74999999999687,0.0,0.0,0.0,92.74999999999687,0.18412526997840173,0.09449244060475162,0.0,4016.2546168988038
POOL-s1-b100,rl,1.0,2,results/es_pool/ckpt_seed1_gen00100.npz,100,1,BT-v2,10026,1,0.0,0,0,1,crash,81.39999999999752,0.0,0.0,0.0,81.39999999999752,0.22167487684729065,0.0812807881773399,0.003078817733990148,
POOL-s1-b100,rl,1.0,2,results/es_pool/ckpt_seed1_gen00100.npz,100,1,BT-v2,10027,0,0.0,0,0,1,crash,63.69999999999852,8.75,0.0,0.35,63.69999999999852,0.31839622641509435,0.2783018867924528,0.018081761006289308,3338.8203717941415
POOL-s1-b100,rl,1.0,2,results/es_pool/ckpt_seed1_gen00100.npz,100,1,BT-v2,10027,1,0.0,0,0,1,gun_kill,28.800000000000274,0.0,100.0,0.0,28.800000000000274,0.0,0.9877622377622378,0.0,
POOL-s1-b100,rl,1.0,2,results/es_pool/ckpt_seed1_gen00100.npz,100,1,BT-v2,10028,0,0.0,0,0,1,crash,77.39999999999775,0.0,0.0,0.0,77.39999999999775,0.22927461139896374,0.0,0.0045336787564766836,3853.824489942755
POOL-s1-b100,rl,1.0,2,results/es_pool/ckpt_seed1_gen00100.npz,100,1,BT-v2,10028,1,0.0,0,0,1,crash,84.44999999999735,3.75,0.0,0.15000000000000002,84.44999999999735,0.2037914691943128,0.0,0.008886255924170616,
POOL-s1-b100,rl,1.0,2,results/es_pool/ckpt_seed1_gen00100.npz,100,1,BT-v2,10029,0,0.0,0,0,1,crash,58.299999999998825,0.0,0.0,0.0,58.299999999998825,0.2036082474226804,0.30412371134020616,0.0,4204.036379647861
POOL-s1-b100,rl,1.0,2,results/es_pool/ckpt_seed1_gen00100.npz,100,1,BT-v2,10029,1,0.0,0,0,1,crash,65.69999999999841,0.0,0.0,0.0,65.69999999999841,0.20045731707317074,0.13109756097560976,0.0,
POOL-s1-b100,rl,1.0,2,results/es_pool/ckpt_seed1_gen00100.npz,100,1,BT-v2,10030,0,0.0,0,0,1,crash,69.4999999999982,0.0,0.0,0.0,69.4999999999982,0.2737752161383285,0.18948126801152737,0.0,3652.8846767617547
POOL-s1-b100,rl,1.0,2,results/es_pool/ckpt_seed1_gen00100.npz,100,1,BT-v2,10030,1,0.0,0,0,1,crash,72.39999999999803,0.0,0.0,0.0,72.39999999999803,0.22645429362880887,0.1592797783933518,0.0,
POOL-s1-b100,rl,1.0,2,results/es_pool/ckpt_seed1_gen00100.npz,100,1,BT-v2,10031,0,0.0,0,0,1,crash,63.14999999999855,0.0,0.0,0.0,63.14999999999855,0.2706349206349206,0.3761904761904762,0.0,3724.183111226412
POOL-s1-b100,rl,1.0,2,results/es_pool/ckpt_seed1_gen00100.npz,100,1,BT-v2,10031,1,0.0,0,0,1,crash,63.69999999999852,0.0,0.0,0.0,63.69999999999852,0.2610062893081761,0.30974842767295596,0.0,
POOL-s1-b100,rl,1.0,2,results/es_pool/ckpt_seed1_gen00100.npz,100,1,BT-v2,10032,0,0.0,0,0,1,crash,80.89999999999755,0.0,0.0,0.0,80.89999999999755,0.2004950495049505,0.08601485148514851,0.012995049504950494,3408.91073649844
POOL-s1-b100,rl,1.0,2,results/es_pool/ckpt_seed1_gen00100.npz,100,1,BT-v2,10032,1,0.0,0,0,1,crash,90.24999999999702,0.0,5.0,0.0,90.24999999999702,0.19567627494456763,0.06651884700665188,0.0,
POOL-s1-b100,rl,1.0,2,results/es_pool/ckpt_seed1_gen00100.npz,100,1,BT-v2,10033,0,0.0,0,0,1,crash,74.19999999999793,0.0,0.0,0.0,74.19999999999793,0.1966216216216216,0.1581081081081081,0.01891891891891892,4124.338659269023
POOL-s1-b100,rl,1.0,2,results/es_pool/ckpt_seed1_gen00100.npz,100,1,BT-v2,10033,1,0.0,0,0,1,crash,89.64999999999705,17.5,0.0,0.7000000000000001,89.64999999999705,0.20982142857142858,0.0234375,0.015066964285714286,
POOL-s1-b100,rl,1.0,2,results/es_pool/ckpt_seed1_gen00100.npz,100,1,BT-v2,10034,0,0.0,0,0,1,crash,92.74999999999687,0.0,0.0,0.0,92.74999999999687,0.2019438444924406,0.06803455723542116,0.008099352051835854,3897.5697675044953
POOL-s1-b100,rl,1.0,2,results/es_pool/ckpt_seed1_gen00100.npz,100,1,BT-v2,10034,1,0.0,0,0,1,crash,100.9999999999964,16.25,0.0,0.65,100.9999999999964,0.1636904761904762,0.0818452380952381,0.0,
POOL-s1-b100,rl,1.0,2,results/es_pool/ckpt_seed1_gen00100.npz,100,1,BT-v2,10035,0,0.0,0,0,1,crash,66.79999999999835,0.0,18.75,0.0,66.79999999999835,0.25225225225225223,0.04504504504504504,0.0,3533.296366976642
POOL-s1-b100,rl,1.0,2,results/es_pool/ckpt_seed1_gen00100.npz,100,1,BT-v2,10035,1,0.0,0,0,1,crash,72.949999999998,15.0,0.0,0.6,72.949999999998,0.2534340659340659,0.038461538461538464,0.0,
POOL-s1-b100,rl,1.0,2,results/es_pool/ckpt_seed1_gen00100.npz,100,1,BT-v2,10036,0,0.0,0,0,1,crash,67.39999999999831,0.0,0.0,0.0,67.39999999999831,0.24627976190476192,0.019345238095238096,0.011160714285714286,3559.969624471812
POOL-s1-b100,rl,1.0,2,results/es_pool/ckpt_seed1_gen00100.npz,100,1,BT-v2,10036,1,0.0,0,0,1,crash,77.19999999999776,10.0,0.0,0.39999999999999997,77.19999999999776,0.2545454545454545,0.013636363636363636,0.016883116883116882,
POOL-s1-b100,rl,1.0,2,results/es_pool/ckpt_seed1_gen00100.npz,100,1,BT-v2,10037,0,0.0,0,0,1,crash,70.79999999999812,0.0,0.0,0.0,70.79999999999812,0.25708215297450426,0.1529745042492918,0.0,3480.647196740387
POOL-s1-b100,rl,1.0,2,results/es_pool/ckpt_seed1_gen00100.npz,100,1,BT-v2,10037,1,0.0,0,0,1,crash,74.04999999999794,0.0,0.0,0.0,74.04999999999794,0.21891891891891893,0.1783783783783784,0.0,
POOL-s1-b100,rl,1.0,2,results/es_pool/ckpt_seed1_gen00100.npz,100,1,BT-v2,10038,0,0.0,0,0,1,crash,77.14999999999776,0.0,0.0,0.0,77.14999999999776,0.17922077922077922,0.19415584415584416,0.0,4354.475560764953
POOL-s1-b100,rl,1.0,2,results/es_pool/ckpt_seed1_gen00100.npz,100,1,BT-v2,10038,1,0.0,0,0,1,crash,90.09999999999702,26.25,0.0,1.0500000000000003,90.09999999999702,0.16944444444444445,0.13833333333333334,0.02722222222222222,
POOL-s1-b100,rl,1.0,2,results/es_pool/ckpt_seed1_gen00100.npz,100,1,BT-v2,10039,0,0.0,0,0,1,crash,54.34999999999905,15.0,0.0,0.6,54.34999999999905,0.24907749077490776,0.17712177121771217,0.0,3392.8306197804313
POOL-s1-b100,rl,1.0,2,results/es_pool/ckpt_seed1_gen00100.npz,100,1,BT-v2,10039,1,0.0,0,0,1,crash,39.799999999999876,0.0,8.75,0.0,39.799999999999876,0.2916666666666667,0.7575757575757576,0.0,
POOL-s1-b100,rl,1.0,2,results/es_pool/ckpt_seed1_gen00100.npz,100,1,BT-v2,10040,0,0.0,0,0,1,crash,84.84999999999732,0.0,0.0,0.0,84.84999999999732,0.20872641509433962,0.0,0.0,4052.570739643748
POOL-s1-b100,rl,1.0,2,results/es_pool/ckpt_seed1_gen00100.npz,100,1,BT-v2,10040,1,0.0,0,0,1,crash,92.3499999999969,11.25,0.0,0.44999999999999996,92.3499999999969,0.19522776572668113,0.0,0.009219088937093275,
POOL-s1-b100,rl,1.0,2,results/es_pool/ckpt_seed1_gen00100.npz,100,1,BT-v2,10041,0,0.0,0,0,1,crash,75.04999999999788,11.25,0.0,0.44999999999999996,75.04999999999788,0.22733333333333333,0.03,0.011333333333333334,3441.754348317505
POOL-s1-b100,rl,1.0,2,results/es_pool/ckpt_seed1_gen00100.npz,100,1,BT-v2,10041,1,0.0,0,0,1,crash,59.49999999999876,0.0,0.0,0.0,59.49999999999876,0.22727272727272727,0.2297979797979798,0.003367003367003367,
POOL-s1-b100,rl,1.0,2,results/es_pool/ckpt_seed1_gen00100.npz,100,1,BT-v2,10042,0,0.0,0,0,1,crash,74.6999999999979,0.0,0.0,0.0,74.6999999999979,0.20241286863270777,0.225201072386059,0.01943699731903485,4086.2253669904926
POOL-s1-b100,rl,1.0,2,results/es_pool/ckpt_seed1_gen00100.npz,100,1,BT-v2,10042,1,0.5,0,1,0,collision,30.900000000000304,3.75,0.0,0.15000000000000002,30.900000000000304,0.0,0.20616883116883117,0.06168831168831169,
POOL-s1-b100,rl,1.0,2,results/es_pool/ckpt_seed1_gen00100.npz,100,1,BT-v2,10043,0,0.0,0,0,1,crash,94.84999999999675,0.0,0.0,0.0,94.84999999999675,0.17457805907172996,0.0,0.008438818565400843,3954.3030411199516
POOL-s1-b100,rl,1.0,2,results/es_pool/ckpt_seed1_gen00100.npz,100,1,BT-v2,10043,1,0.0,0,0,1,crash,77.04999999999777,0.0,0.0,0.0,77.04999999999777,0.17467532467532468,0.1012987012987013,0.01753246753246753,
POOL-s1-b100,rl,1.0,2,results/es_pool/ckpt_seed1_gen00100.npz,100,1,BT-v2,10044,0,0.0,0,0,1,crash,77.09999999999776,0.0,32.5,0.0,77.09999999999776,0.1564935064935065,0.20714285714285716,0.0,4456.252039721867
POOL-s1-b100,rl,1.0,2,results/es_pool/ckpt_seed1_gen00100.npz,100,1,BT-v2,10044,1,0.0,0,0,1,crash,104.34999999999621,0.0,0.0,0.0,104.34999999999621,0.18570057581573896,0.0,0.0,
POOL-s1-b100,rl,1.0,2,results/es_pool/ckpt_seed1_gen00100.npz,100,1,BT-v2,10045,0,0.0,0,0,1,crash,108.099999999996,0.0,0.0,0.0,108.099999999996,0.1648148148148148,0.038425925925925926,0.0,4635.064776546117
POOL-s1-b100,rl,1.0,2,results/es_pool/ckpt_seed1_gen00100.npz,100,1,BT-v2,10045,1,0.0,0,0,1,crash,82.29999999999747,0.0,0.0,0.0,82.29999999999747,0.15815085158150852,0.20012165450121655,0.0,
POOL-s1-b100,rl,1.0,2,results/es_pool/ckpt_seed1_gen00100.npz,100,1,BT-v2,10046,0,0.0,0,0,1,crash,72.24999999999804,0.0,0.0,0.0,72.24999999999804,0.2451523545706371,0.314404432132964,0.007617728531855956,3629.6348549702675
POOL-s1-b100,rl,1.0,2,results/es_pool/ckpt_seed1_gen00100.npz,100,1,BT-v2,10046,1,0.0,0,0,1,gun_kill,35.050000000000146,0.0,100.0,0.0,35.050000000000146,0.09,0.9857142857142858,0.0,
POOL-s1-b100,rl,1.0,2,results/es_pool/ckpt_seed1_gen00100.npz,100,1,BT-v2,10047,0,0.0,0,0,1,crash,83.4999999999974,0.0,0.0,0.0,83.4999999999974,0.23441247002398083,0.011390887290167866,0.013189448441247002,3508.051256086416
POOL-s1-b100,rl,1.0,2,results/es_pool/ckpt_seed1_gen00100.npz,100,1,BT-v2,10047,1,0.0,0,0,1,crash,72.09999999999805,0.0,2.5,0.0,72.09999999999805,0.1798611111111111,0.13125,0.029861111111111113,
POOL-s1-b100,rl,1.0,2,results/es_pool/ckpt_seed1_gen00100.npz,100,1,BT-v2,10048,0,0.0,0,0,1,crash,87.59999999999717,0.0,92.5,0.0,87.59999999999717,0.18993135011441648,0.03718535469107551,0.0,3785.7945553161217
POOL-s1-b100,rl,1.0,2,results/es_pool/ckpt_seed1_gen00100.npz,100,1,BT-v2,10048,1,1.0,1,0,0,gun_kill,37.74999999999999,100.0,0.0,3.999999999999994,37.74999999999999,0.0,0.18085106382978725,0.0,
POOL-s1-b100,rl,1.0,2,results/es_pool/ckpt_seed1_gen00100.npz,100,1,BT-v2,10049,0,0.0,0,0,1,crash,74.54999999999791,0.0,0.0,0.0,74.54999999999791,0.17540322580645162,0.2560483870967742,0.0,4312.291458819834
POOL-s1-b100,rl,1.0,2,results/es_pool/ckpt_seed1_gen00100.npz,100,1,BT-v2,10049,1,0.0,0,0,1,crash,84.99999999999731,11.25,0.0,0.44999999999999996,84.99999999999731,0.16745283018867924,0.18632075471698112,0.004127358490566038,
POOL-s1-b100,rl,1.0,2,results/es_pool/ckpt_seed1_gen00100.npz,100,1,BT-v2,10050,0,0.0,0,0,1,crash,80.69999999999756,0.0,0.0,0.0,80.69999999999756,0.2227047146401985,0.05459057071960298,0.0,3682.3317864271626
POOL-s1-b100,rl,1.0,2,results/es_pool/ckpt_seed1_gen00100.npz,100,1,BT-v2,10050,1,0.0,0,0,1,crash,93.64999999999682,0.0,0.0,0.0,93.64999999999682,0.17735042735042736,0.060897435897435896,0.0,
POOL-s1-b100,rl,1.0,2,results/es_pool/ckpt_seed1_gen00100.npz,100,1,BT-v2,10051,0,0.0,0,0,1,crash,76.19999999999781,13.75,6.25,0.5499999999999999,76.19999999999781,0.2625,0.225,0.004605263157894736,3698.5483202665364
POOL-s1-b100,rl,1.0,2,results/es_pool/ckpt_seed1_gen00100.npz,100,1,BT-v2,10051,1,0.0,0,0,1,crash,75.54999999999785,17.5,0.0,0.7000000000000001,75.54999999999785,0.26657824933687,0.21883289124668434,0.007294429708222812,
POOL-s1-b100,rl,1.0,2,results/es_pool/ckpt_seed1_gen00100.npz,100,1,BT-v2,10052,0,0.0,0,0,1,crash,64.69999999999847,10.0,0.0,0.39999999999999997,64.69999999999847,0.1996904024767802,0.18575851393188855,0.006191950464396285,3802.438860641572
POOL-s1-b100,rl,1.0,2,results/es_pool/ckpt_seed1_gen00100.npz,100,1,BT-v2,10052,1,0.0,0,0,1,crash,81.89999999999749,3.75,0.0,0.15000000000000002,81.89999999999749,0.22555012224938875,0.04156479217603912,0.015281173594132029,
POOL-s1-b100,rl,1.0,2,results/es_pool/ckpt_seed1_gen00100.npz,100,1,BT-v2,10053,0,0.0,0,0,1,crash,82.44999999999746,0.0,0.0,0.0,82.44999999999746,0.17900485436893204,0.12317961165048544,0.01516990291262136,4268.783312045674
POOL-s1-b100,rl,1.0,2,results/es_pool/ckpt_seed1_gen00100.npz,100,1,BT-v2,10053,1,0.0,0,0,1,crash,100.14999999999645,0.0,0.0,0.0,100.14999999999645,0.178,0.0,0.0135,
POOL-s1-b100,rl,1.0,2,results/es_pool/ckpt_seed1_gen00100.npz,100,1,BT-v2,10054,0,0.0,0,0,1,crash,74.19999999999793,0.0,0.0,0.0,74.19999999999793,0.21756756756756757,0.0,0.021621621621621623,3317.997706139178
POOL-s1-b100,rl,1.0,2,results/es_pool/ckpt_seed1_gen00100.npz,100,1,BT-v2,10054,1,0.0,0,0,1,crash,72.44999999999803,0.0,0.0,0.0,72.44999999999803,0.22513812154696133,0.0,0.022099447513812154,
POOL-s1-b100,rl,1.0,2,results/es_pool/ckpt_seed1_gen00100.npz,100,1,BT-v2,10055,0,0.0,0,0,1,crash,69.04999999999822,7.5,0.0,0.3,69.04999999999822,0.23550724637681159,0.010869565217391304,0.017391304347826087,3327.0215018824033
POOL-s1-b100,rl,1.0,2,results/es_pool/ckpt_seed1_gen00100.npz,100,1,BT-v2,10055,1,0.0,0,0,1,crash,56.699999999998916,6.25,0.0,0.25,56.699999999998916,0.2623674911660777,0.16519434628975266,0.02561837455830389,
POOL-s1-b100,rl,1.0,2,results/es_pool/ckpt_seed1_gen00100.npz,100,1,BT-v2,10056,0,0.0,0,0,1,crash,63.14999999999855,6.25,10.0,0.25,63.14999999999855,0.20238095238095238,0.2571428571428571,0.022222222222222223,3771.832985611909
POOL-s1-b100,rl,1.0,2,results/es_pool/ckpt_seed1_gen00100.npz,100,1,BT-v2,10056,1,0.0,0,0,1,crash,67.29999999999832,0.0,0.0,0.0,67.29999999999832,0.24032738095238096,0.15252976190476192,0.0,
POOL-s1-b100,rl,1.0,2,results/es_pool/ckpt_seed1_gen00100.npz,100,1,BT-v2,10057,0,0.0,0,0,1,crash,64.69999999999847,16.25,0.0,0.65,64.69999999999847,0.20278637770897834,0.0913312693498452,0.016253869969040248,3673.1532895832934
POOL-s1-b100,rl,1.0,2,results/es_pool/ckpt_seed1_gen00100.npz,100,1,BT-v2,10057,1,0.0,0,0,1,crash,64.29999999999849,0.0,0.0,0.0,64.29999999999849,0.19314641744548286,0.1822429906542056,0.010903426791277258,
POOL-s1-b100,rl,1.0,2,results/es_pool/ckpt_seed1_gen00100.npz,100,1,BT-v2,10058,0,0.0,0,0,1,crash,52.69999999999914,1.25,0.0,0.05,52.69999999999914,0.24429657794676807,0.2633079847908745,0.019011406844106463,3421.741696505383
POOL-s1-b100,rl,1.0,2,results/es_pool/ckpt_seed1_gen00100.npz,100,1,BT-v2,10058,1,0.0,0,0,1,crash,40.04999999999986,0.0,0.0,0.0,40.04999999999986,0.3025,0.8375,0.0,
POOL-s1-b100,rl,1.0,2,results/es_pool/ckpt_seed1_gen00100.npz,100,1,BT-v2,10059,0,0.0,0,0,1,crash,60.64999999999869,0.0,0.0,0.0,60.64999999999869,0.19966996699669967,0.2632013201320132,0.0,4225.590989085191
POOL-s1-b100,rl,1.0,2,results/es_pool/ckpt_seed1_gen00100.npz,100,1,BT-v2,10059,1,0.0,0,0,1,crash,61.299999999998654,0.0,0.0,0.0,61.299999999998654,0.19934640522875818,0.25735294117647056,0.0,
POOL-s1-b100,rl,1.0,2,results/es_pool/ckpt_seed1_gen00100.npz,100,1,BT-v2,10060,0,0.0,0,0,1,crash,74.54999999999791,0.0,0.0,0.0,74.54999999999791,0.19623655913978494,0.1922043010752688,0.016801075268817203,4219.331776182671
POOL-s1-b100,rl,1.0,2,results/es_pool/ckpt_seed1_gen00100.npz,100,1,BT-v2,10060,1,0.0,0,0,1,crash,61.24999999999866,0.0,0.0,0.0,61.24999999999866,0.190359477124183,0.4125816993464052,0.0,
POOL-s1-b100,rl,1.0,2,results/es_pool/ckpt_seed1_gen00100.npz,100,1,BT-v2,10061,0,0.0,0,0,1,crash,82.69999999999744,0.0,0.0,0.0,82.69999999999744,0.22820823244552058,0.08898305084745763,0.005447941888619854,3705.321184028786
POOL-s1-b100,rl,1.0,2,results/es_pool/ckpt_seed1_gen00100.npz,100,1,BT-v2,10061,1,0.0,0,0,1,crash,93.74999999999682,22.5,0.0,0.9000000000000002,93.74999999999682,0.17467948717948717,0.09508547008547008,0.006944444444444444,
POOL-s1-b100,rl,1.0,2,results/es_pool/ckpt_seed1_gen00100.npz,100,1,BT-v2,10062,0,0.0,0,0,1,crash,74.89999999999789,7.5,0.0,0.3,74.89999999999789,0.196524064171123,0.24598930481283424,0.022727272727272728,4178.532967140553
POOL-s1-b100,rl,1.0,2,results/es_pool/ckpt_seed1_gen00100.npz,100,1,BT-v2,10062,1,0.0,0,0,1,crash,75.39999999999786,0.0,0.0,0.0,75.39999999999786,0.20545212765957446,0.23670212765957446,0.016622340425531915,
POOL-s1-b100,rl,1.0,2,results/es_pool/ckpt_seed1_gen00100.npz,100,1,BT-v2,10063,0,0.0,0,0,1,crash,53.04999999999912,1.25,7.5,0.05,53.04999999999912,0.25943396226415094,0.21415094339622642,0.02169811320754717,3417.0468674321696
POOL-s1-b100,rl,1.0,2,results/es_pool/ckpt_seed1_gen00100.npz,100,1,BT-v2,10063,1,0.0,0,0,1,crash,59.29999999999877,5.0,0.0,0.2,59.29999999999877,0.2635135135135135,0.2170608108108108,0.02787162162162162,
POOL-s1-b100,rl,1.0,2,results/es_pool/ckpt_seed1_gen00100.npz,100,1,BT-v2,10064,0,0.0,0,0,1,crash,102.09999999999634,0.0,0.0,0.0,102.09999999999634,0.17009803921568628,0.029901960784313727,0.005392156862745098,4169.042755876541
POOL-s1-b100,rl,1.0,2,results/es_pool/ckpt_seed1_gen00100.npz,100,1,BT-v2,10064,1,0.0,0,0,1,crash,118.14999999999543,23.75,0.0,0.9500000000000003,118.14999999999543,0.15550847457627118,0.050423728813559325,0.0,
POOL-s1-b100,rl,1.0,2,results/es_pool/ckpt_seed1_gen00100.npz,100,1,BT-v2,10065,0,0.0,0,0,1,crash,71.99999999999805,6.25,0.0,0.25,71.99999999999805,0.20473537604456823,0.21030640668523676,0.018105849582172703,3549.3178528782078
POOL-s1-b100,rl,1.0,2,results/es_pool/ckpt_seed1_gen00100.npz,100,1,BT-v2,10065,1,0.0,0,0,1,crash,74.5999999999979,0.0,16.25,0.0,74.5999999999979,0.24865591397849462,0.08938172043010753,0.008736559139784945,
POOL-s1-b100,rl,1.0,2,results/es_pool/ckpt_seed1_gen00100.npz,100,1,BT-v2,10066,0,0.0,0,0,1,crash,50.549999999999265,0.0,0.0,0.0,50.549999999999265,0.2251984126984127,0.5833333333333334,0.0,3994.4236357377545
POOL-s1-b100,rl,1.0,2,results/es_pool/ckpt_seed1_gen00100.npz,100,1,BT-v2,10066,1,0.0,0,0,1,crash,68.09999999999827,0.0,0.0,0.0,68.09999999999827,0.19338235294117648,0.1875,0.006617647058823529,
POOL-s1-b100,rl,1.0,2,results/es_pool/ckpt_seed1_gen00100.npz,100,1,BT-v2,10067,0,0.0,0,0,1,crash,95.29999999999673,0.0,0.0,0.0,95.29999999999673,0.17436974789915966,0.023634453781512604,0.004201680672268907,4077.870590461236
POOL-s1-b100,rl,1.0,2,results/es_pool/ckpt_seed1_gen00100.npz,100,1,BT-v2,10067,1,0.0,0,0,1,crash,96.29999999999667,0.0,0.0,0.0,96.29999999999667,0.15592515592515593,0.036382536382536385,0.0,
POOL-s1-b100,rl,1.0,2,results/es_pool/ckpt_seed1_gen00100.npz,100,1,BT-v2,10068,0,0.0,0,0,1,crash,114.34999999999565,0.0,95.0,0.0,114.34999999999565,0.13966725043782838,0.07136602451838879,0.0,4473.553065917718
POOL-s1-b100,rl,1.0,2,results/es_pool/ckpt_seed1_gen00100.npz,100,1,BT-v2,10068,1,0.0,0,0,1,crash,95.54999999999671,0.0,10.0,0.0,95.54999999999671,0.13364779874213836,0.2531446540880503,0.0,
POOL-s1-b100,rl,1.0,2,results/es_pool/ckpt_seed1_gen00100.npz,100,1,BT-v2,10069,0,0.0,0,0,1,crash,90.84999999999698,0.0,0.0,0.0,90.84999999999698,0.1800660792951542,0.012665198237885462,0.01817180616740088,3898.8864319045783
POOL-s1-b100,rl,1.0,2,results/es_pool/ckpt_seed1_gen00100.npz,100,1,BT-v2,10069,1,0.0,0,0,1,crash,88.7999999999971,0.0,0.0,0.0,88.7999999999971,0.1873589164785553,0.012979683972911963,0.015237020316027089,
POOL-s1-b100,rl,1.0,2,results/es_pool/ckpt_seed1_gen00100.npz,100,1,BT-v2,10070,0,0.0,0,0,1,crash,94.19999999999679,0.0,0.0,0.0,94.19999999999679,0.2026595744680851,0.01276595744680851,0.007446808510638298,4199.704641991488
POOL-s1-b100,rl,1.0,2,results/es_pool/ckpt_seed1_gen00100.npz,100,1,BT-v2,10070,1,0.0,0,0,1,crash,95.7999999999967,0.0,0.0,0.0,95.7999999999967,0.1950836820083682,0.015690376569037656,0.0,
POOL-s1-b100,rl,1.0,2,results/es_pool/ckpt_seed1_gen00100.npz,100,1,BT-v2,10071,0,0.0,0,0,1,crash,67.34999999999832,0.0,0.0,0.0,67.34999999999832,0.18898809523809523,0.1488095238095238,0.0,4012.9113384060342
POOL-s1-b100,rl,1.0,2,results/es_pool/ckpt_seed1_gen00100.npz,100,1,BT-v2,10071,1,0.0,0,0,1,crash,70.34999999999815,0.0,0.0,0.0,70.34999999999815,0.18803418803418803,0.11752136752136752,0.007834757834757835,
POOL-s1-b100,rl,1.0,2,results/es_pool/ckpt_seed1_gen00100.npz,100,1,BT-v2,10072,0,0.0,0,0,1,crash,58.14999999999883,0.0,0.0,0.0,58.14999999999883,0.2025862068965517,0.3568965517241379,0.0,4079.8245523875385
POOL-s1-b100,rl,1.0,2,results/es_pool/ckpt_seed1_gen00100.npz,100,1,BT-v2,10072,1,0.0,0,0,1,crash,72.34999999999803,15.0,0.0,0.6,72.34999999999803,0.19598337950138503,0.07409972299168975,0.007617728531855956,
POOL-s1-b100,rl,1.0,2,results/es_pool/ckpt_seed1_gen00100.npz,100,1,BT-v2,10073,0,0.0,0,0,1,crash,72.849999999998,0.0,0.0,0.0,72.849999999998,0.17651098901098902,0.21703296703296704,0.013736263736263736,3846.1235728228344
POOL-s1-b100,rl,1.0,2,results/es_pool/ckpt_seed1_gen00100.npz,100,1,BT-v2,10073,1,0.5,0,1,0,collision,15.550000000000086,0.0,0.0,0.0,15.550000000000086,0.0,0.487012987012987,0.025974025974025976,
POOL-s1-b100,rl,1.0,2,results/es_pool/ckpt_seed1_gen00100.npz,100,1,BT-v2,10074,0,0.0,0,0,1,crash,85.74999999999727,0.0,0.0,0.0,85.74999999999727,0.15245327102803738,0.19100467289719625,0.0,4546.017048631573
POOL-s1-b100,rl,1.0,2,results/es_pool/ckpt_seed1_gen00100.npz,100,1,BT-v2,10074,1,0.0,0,0,1,crash,96.24999999999667,0.0,8.75,0.0,96.24999999999667,0.19802494802494802,0.060291060291060294,0.008316008316008316,
POOL-s1-b100,rl,1.0,2,results/es_pool/ckpt_seed1_gen00100.npz,100,1,BT-v2,10075,0,0.0,0,0,1,crash,74.19999999999793,8.75,0.0,0.35,74.19999999999793,0.20202702702702702,0.15135135135135136,0.01756756756756757,4202.077762767903
POOL-s1-b100,rl,1.0,2,results/es_pool/ckpt_seed1_gen00100.npz,100,1,BT-v2,10075,1,0.0,0,0,1,crash,58.84999999999879,0.0,0.0,0.0,58.84999999999879,0.19387755102040816,0.46683673469387754,0.0,
POOL-s1-b100,rl,1.0,2,results/es_pool/ckpt_seed1_gen00100.npz,100,1,BT-v2,10076,0,0.0,0,0,1,crash,90.74999999999699,5.0,0.0,0.2,90.74999999999699,0.18929359823399558,0.030353200883002206,0.01545253863134658,3963.3263876110964
POOL-s1-b100,rl,1.0,2,results/es_pool/ckpt_seed1_gen00100.npz,100,1,BT-v2,10076,1,0.0,0,0,1,crash,77.19999999999776,0.0,0.0,0.0,77.19999999999776,0.19805194805194806,0.16493506493506493,0.02857142857142857,
POOL-s1-b100,rl,1.0,2,results/es_pool/ckpt_seed1_gen00100.npz,100,1,BT-v2,10077,0,0.0,0,0,1,crash,68.34999999999826,0.0,0.0,0.0,68.34999999999826,0.18914956011730205,0.17961876832844575,0.0,3606.7208763385106
POOL-s1-b100,rl,1.0,2,results/es_pool/ckpt_seed1_gen00100.npz,100,1,BT-v2,10077,1,0.0,0,0,1,crash,70.89999999999812,0.0,0.0,0.0,70.89999999999812,0.2266949152542373,0.031073446327683617,0.009180790960451978,
POOL-s1-b100,rl,1.0,2,results/es_pool/ckpt_seed1_gen00100.npz,100,1,BT-v2,10078,0,0.0,0,0,1,crash,84.54999999999734,0.0,0.0,0.0,84.54999999999734,0.15699052132701422,0.20556872037914692,0.0,4429.245159744469
POOL-s1-b100,rl,1.0,2,results/es_pool/ckpt_seed1_gen00100.npz,100,1,BT-v2,10078,1,0.0,0,0,1,crash,74.94999999999789,0.0,0.0,0.0,74.94999999999789,0.18783422459893048,0.196524064171123,0.008021390374331552,
POOL-s1-b100,rl,1.0,2,results/es_pool/ckpt_seed1_gen00100.npz,100,1,BT-v2,10079,0,0.0,0,0,1,crash,71.2999999999981,16.25,0.0,0.65,71.2999999999981,0.19452247191011235,0.05828651685393258,0.011235955056179775,3983.2542962917196
POOL-s1-b100,rl,1.0,2,results/es_pool/ckpt_seed1_gen00100.npz,100,1,BT-v2,10079,1,0.0,0,0,1,crash,57.29999999999888,0.0,0.0,0.0,57.29999999999888,0.2089160839160839,0.34003496503496505,0.0,
POOL-s1-b100,rl,1.0,2,results/es_pool/ckpt_seed1_gen00100.npz,100,1,BT-v2,10080,0,0.5,0,1,0,collision,8.549999999999986,0.0,12.5,0.0,8.549999999999986,0.0,0.34523809523809523,0.047619047619047616,5475.4651462983675
POOL-s1-b100,rl,1.0,2,results/es_pool/ckpt_seed1_gen00100.npz,100,1,BT-v2,10080,1,0.0,0,0,1,crash,75.64999999999785,22.5,0.0,0.9000000000000002,75.64999999999785,0.24074074074074073,0.037698412698412696,0.01917989417989418,
POOL-s1-b100,rl,1.0,2,results/es_pool/ckpt_seed1_gen00100.npz,100,1,BT-v2,10081,0,0.0,0,0,1,crash,97.5999999999966,0.0,26.25,0.0,97.5999999999966,0.12525667351129363,0.1601642710472279,0.0,4726.866159492192
POOL-s1-b100,rl,1.0,2,results/es_pool/ckpt_seed1_gen00100.npz,100,1,BT-v2,10081,1,0.0,0,0,1,crash,86.79999999999721,0.0,0.0,0.0,86.79999999999721,0.16454965357967669,0.11893764434180139,0.01212471131639723,
POOL-s1-b100,rl,1.0,2,results/es_pool/ckpt_seed1_gen00100.npz,100,1,BT-v2,10082,0,0.0,0,0,1,crash,72.14999999999804,0.0,0.0,0.0,72.14999999999804,0.18333333333333332,0.16041666666666668,0.017361111111111112,3973.794293141486
POOL-s1-b100,rl,1.0,2,results/es_pool/ckpt_seed1_gen00100.npz,100,1,BT-v2,10082,1,0.0,0,0,1,crash,87.84999999999715,23.75,0.0,0.9500000000000003,87.84999999999715,0.20444191343963553,0.058656036446469245,0.00683371298405467,
POOL-s1-b100,rl,1.0,2,results/es_pool/ckpt_seed1_gen00100.npz,100,1,BT-v2,10083,0,0.0,0,0,1,crash,88.49999999999712,0.0,0.0,0.0,88.49999999999712,0.2002262443438914,0.06843891402714933,0.0,4081.900081763971
POOL-s1-b100,rl,1.0,2,results/es_pool/ckpt_seed1_gen00100.npz,100,1,BT-v2,10083,1,0.0,0,0,1,crash,71.64999999999807,8.75,8.75,0.35,71.64999999999807,0.20810055865921787,0.29608938547486036,0.01675977653631285,
POOL-s1-b100,rl,1.0,2,results/es_pool/ckpt_seed1_gen00100.npz,100,1,BT-v2,10084,0,0.0,0,0,1,crash,72.74999999999801,0.0,0.0,0.0,72.74999999999801,0.2059228650137741,0.08264462809917356,0.010330578512396695,4088.550703655528
POOL-s1-b100,rl,1.0,2,results/es_pool/ckpt_seed1_gen00100.npz,100,1,BT-v2,10084,1,0.0,0,0,1,crash,85.49999999999729,0.0,0.0,0.0,85.49999999999729,0.19437939110070257,0.0,0.0,
POOL-s1-b100,rl,1.0,2,results/es_pool/ckpt_seed1_gen00100.npz,100,1,BT-v2,10085,0,0.0,0,0,1,crash,101.24999999999639,0.0,0.0,0.0,101.24999999999639,0.183300395256917,0.0,0.004446640316205534,4165.580172177026
POOL-s1-b100,rl,1.0,2,results/es_pool/ckpt_seed1_gen00100.npz,100,1,BT-v2,10085,1,0.0,0,0,1,crash,91.09999999999697,0.0,0.0,0.0,91.09999999999697,0.14945054945054945,0.05879120879120879,0.0,
POOL-s1-b100,rl,1.0,2,results/es_pool/ckpt_seed1_gen00100.npz,100,1,BT-v2,10086,0,0.0,0,0,1,crash,76.5499999999978,0.0,0.0,0.0,76.5499999999978,0.17801047120418848,0.1256544502617801,0.0,4136.919705790274
POOL-s1-b100,rl,1.0,2,results/es_pool/ckpt_seed1_gen00100.npz,100,1,BT-v2,10086,1,0.0,0,0,1,crash,97.39999999999661,0.0,0.0,0.0,97.39999999999661,0.1748971193415638,0.0,0.0,
POOL-s1-b100,rl,1.0,2,results/es_pool/ckpt_seed1_gen00100.npz,100,1,BT-v2,10087,0,0.0,0,0,1,crash,75.44999999999786,0.0,0.0,0.0,75.44999999999786,0.259946949602122,0.13859416445623343,0.007957559681697613,3597.6567970082874
POOL-s1-b100,rl,1.0,2,results/es_pool/ckpt_seed1_gen00100.npz,100,1,BT-v2,10087,1,0.0,0,0,1,gun_kill,29.500000000000284,0.0,100.0,0.0,29.500000000000284,0.0,0.8656462585034014,0.01020408163265306,
POOL-s1-b100,rl,1.0,2,results/es_pool/ckpt_seed1_gen00100.npz,100,1,BT-v2,10088,0,0.0,0,0,1,crash,92.2499999999969,16.25,0.0,0.65,92.2499999999969,0.18058568329718006,0.0,0.0,3811.116945550855
POOL-s1-b100,rl,1.0,2,results/es_pool/ckpt_seed1_gen00100.npz,100,1,BT-v2,10088,1,0.0,0,0,1,crash,68.44999999999825,0.0,12.5,0.0,68.44999999999825,0.1878654970760234,0.14692982456140352,0.007309941520467836,
POOL-s1-b100,rl,1.0,2,results/es_pool/ckpt_seed1_gen00100.npz,100,1,BT-v2,10089,0,0.0,0,0,1,crash,103.29999999999627,0.0,0.0,0.0,103.29999999999627,0.15213178294573643,0.0,0.0,4648.2409095164585
POOL-s1-b100,rl,1.0,2,results/es_pool/ckpt_seed1_gen00100.npz,100,1,BT-v2,10089,1,0.0,0,0,1,crash,94.0999999999968,0.0,0.0,0.0,94.0999999999968,0.1851063829787234,0.0,0.0,
POOL-s1-b100,rl,1.0,2,results/es_pool/ckpt_seed1_gen00100.npz,100,1,BT-v2,10090,0,0.0,0,0,1,crash,68.79999999999824,0.0,0.0,0.0,68.79999999999824,0.2521865889212828,0.03206997084548105,0.006559766763848397,3227.599246704536
POOL-s1-b100,rl,1.0,2,results/es_pool/ckpt_seed1_gen00100.npz,100,1,BT-v2,10090,1,0.0,0,0,1,crash,65.49999999999842,0.0,0.0,0.0,65.49999999999842,0.30504587155963303,0.035168195718654434,0.006880733944954129,
POOL-s1-b100,rl,1.0,2,results/es_pool/ckpt_seed1_gen00100.npz,100,1,BT-v2,10091,0,0.0,0,0,1,crash,71.54999999999808,0.0,0.0,0.0,71.54999999999808,0.24649859943977592,0.1638655462184874,0.007703081232492998,3507.479351748432
POOL-s1-b100,rl,1.0,2,results/es_pool/ckpt_seed1_gen00100.npz,100,1,BT-v2,10091,1,0.0,0,0,1,crash,78.2999999999977,0.0,0.0,0.0,78.2999999999977,0.2538363171355499,0.08823529411764706,0.005754475703324808,
POOL-s1-b100,rl,1.0,2,results/es_pool/ckpt_seed1_gen00100.npz,100,1,BT-v2,10092,0,0.0,0,0,1,crash,92.54999999999688,0.0,3.75,0.0,92.54999999999688,0.20887445887445888,0.0,0.010281385281385282,4065.5403635557864
POOL-s1-b100,rl,1.0,2,results/es_pool/ckpt_seed1_gen00100.npz,100,1,BT-v2,10092,1,0.0,0,0,1,crash,91.84999999999692,3.75,0.0,0.15000000000000002,91.84999999999692,0.210239651416122,0.0,0.013616557734204794,
POOL-s1-b100,rl,1.0,2,results/es_pool/ckpt_seed1_gen00100.npz,100,1,BT-v2,10093,0,0.0,0,0,1,crash,96.89999999999664,27.5,0.0,1.1000000000000003,96.89999999999664,0.1518595041322314,0.00878099173553719,0.0,4367.263141674687
POOL-s1-b100,rl,1.0,2,results/es_pool/ckpt_seed1_gen00100.npz,100,1,BT-v2,10093,1,0.0,0,0,1,crash,77.84999999999772,0.0,1.25,0.0,77.84999999999772,0.17223650385604114,0.12596401028277635,0.008997429305912597,
POOL-s1-b100,rl,1.0,2,results/es_pool/ckpt_seed1_gen00100.npz,100,1,BT-v2,10094,0,0.0,0,0,1,crash,58.59999999999881,0.0,12.5,0.0,58.59999999999881,0.288527397260274,0.20976027397260275,0.005136986301369863,3427.775970231748
POOL-s1-b100,rl,1.0,2,results/es_pool/ckpt_seed1_gen00100.npz,100,1,BT-v2,10094,1,0.0,0,0,1,crash,69.19999999999821,15.0,0.0,0.6,69.19999999999821,0.2427536231884058,0.12753623188405797,0.014492753623188406,
POOL-s1-b100,rl,1.0,2,results/es_pool/ckpt_seed1_gen00100.npz,100,1,BT-v2,10095,0,0.0,0,0,1,crash,89.54999999999706,0.0,12.5,0.0,89.54999999999706,0.18624161073825504,0.0016778523489932886,0.007829977628635347,3871.910443356821
POOL-s1-b100,rl,1.0,2,results/es_pool/ckpt_seed1_gen00100.npz,100,1,BT-v2,10095,1,0.0,0,0,1,crash,90.599999999997,0.0,0.0,0.0,90.599999999997,0.18196902654867256,0.00165929203539823,0.007190265486725664,
POOL-s1-b100,rl,1.0,2,results/es_pool/ckpt_seed1_gen00100.npz,100,1,BT-v2,10096,0,0.0,0,0,1,crash,65.64999999999841,0.0,10.0,0.0,65.64999999999841,0.20884146341463414,0.3010670731707317,0.003048780487804878,3676.9526155999442
POOL-s1-b100,rl,1.0,2,results/es_pool/ckpt_seed1_gen00100.npz,100,1,BT-v2,10096,1,1.0,1,0,0,gun_kill,23.050000000000193,100.0,0.0,3.999999999999994,23.050000000000193,0.0,0.49130434782608695,0.0,
POOL-s1-b100,rl,1.0,2,results/es_pool/ckpt_seed1_gen00100.npz,100,1,BT-v2,10097,0,0.0,0,0,1,crash,92.2499999999969,0.0,0.0,0.0,92.2499999999969,0.17950108459869848,0.07049891540130152,0.0027114967462039045,4167.457866287424
POOL-s1-b100,rl,1.0,2,results/es_pool/ckpt_seed1_gen00100.npz,100,1,BT-v2,10097,1,0.0,0,0,1,crash,81.49999999999751,0.0,0.0,0.0,81.49999999999751,0.2278869778869779,0.11916461916461916,0.0,
POOL-s1-b100,rl,1.0,2,results/es_pool/ckpt_seed1_gen00100.npz,100,1,BT-v2,10098,0,0.0,0,0,1,crash,77.29999999999775,0.0,11.25,0.0,77.29999999999775,0.15155440414507773,0.3549222797927461,0.0,3779.4638579137
POOL-s1-b100,rl,1.0,2,results/es_pool/ckpt_seed1_gen00100.npz,100,1,BT-v2,10098,1,0.0,0,0,1,crash,102.19999999999634,0.0,20.0,0.0,102.19999999999634,0.16372549019607843,0.06911764705882353,0.0,
POOL-s1-b100,rl,1.0,2,results/es_pool/ckpt_seed1_gen00100.npz,100,1,BT-v2,10099,0,0.0,0,0,1,crash,63.899999999998506,0.0,0.0,0.0,63.899999999998506,0.23824451410658307,0.14733542319749215,0.018808777429467086,3429.7180656771034
POOL-s1-b100,rl,1.0,2,results/es_pool/ckpt_seed1_gen00100.npz,100,1,BT-v2,10099,1,0.0,0,0,1,crash,74.7499999999979,0.0,0.0,0.0,74.7499999999979,0.21715817694369974,0.0,0.00804289544235925,
POOL-s1-b100,rl,1.0,2,results/es_pool/ckpt_seed1_gen00100.npz,100,1,BT-v3,10000,0,1.0,1,0,0,gun_kill,74.84999999999789,100.0,0.0,3.999999999999994,74.84999999999789,0.0,0.042112299465240643,0.016042780748663103,4087.2083560826154
POOL-s1-b100,rl,1.0,2,results/es_pool/ckpt_seed1_gen00100.npz,100,1,BT-v3,10000,1,1.0,1,0,0,gun_kill,93.09999999999685,100.0,0.0,3.999999999999994,93.09999999999685,0.0,0.03655913978494624,0.016666666666666666,
POOL-s1-b100,rl,1.0,2,results/es_pool/ckpt_seed1_gen00100.npz,100,1,BT-v3,10001,0,1.0,1,0,0,gun_kill,77.94999999999771,100.0,0.0,3.999999999999994,77.94999999999771,0.0,0.005784061696658098,0.008354755784061696,4281.656359649456
POOL-s1-b100,rl,1.0,2,results/es_pool/ckpt_seed1_gen00100.npz,100,1,BT-v3,10001,1,1.0,1,0,0,gun_kill,88.8499999999971,100.0,0.0,3.999999999999994,88.8499999999971,0.0,0.0022522522522522522,0.0,
POOL-s1-b100,rl,1.0,2,results/es_pool/ckpt_seed1_gen00100.npz,100,1,BT-v3,10002,0,0.5,0,1,0,collision,13.00000000000005,0.0,0.0,0.0,13.00000000000005,0.0,0.453125,0.03125,5221.4353883044805
POOL-s1-b100,rl,1.0,2,results/es_pool/ckpt_seed1_gen00100.npz,100,1,BT-v3,10002,1,1.0,1,0,0,gun_kill,70.34999999999815,100.0,0.0,3.999999999999994,70.34999999999815,0.0,0.09045584045584046,0.02849002849002849,
POOL-s1-b100,rl,1.0,2,results/es_pool/ckpt_seed1_gen00100.npz,100,1,BT-v3,10003,0,1.0,1,0,0,gun_kill,90.499999999997,100.0,17.5,3.999999999999994,90.499999999997,0.0,0.1084070796460177,0.00331858407079646,4640.677557400508
POOL-s1-b100,rl,1.0,2,results/es_pool/ckpt_seed1_gen00100.npz,100,1,BT-v3,10003,1,1.0,1,0,0,gun_kill,91.34999999999695,100.0,0.0,3.999999999999994,91.34999999999695,0.08388157894736842,0.12116228070175439,0.010416666666666666,
POOL-s1-b100,rl,1.0,2,results/es_pool/ckpt_seed1_gen00100.npz,100,1,BT-v3,10004,0,1.0,1,0,0,gun_kill,84.14999999999736,100.0,26.25,3.999999999999994,84.14999999999736,0.0,0.03154761904761905,0.0,4235.644327473764
POOL-s1-b100,rl,1.0,2,results/es_pool/ckpt_seed1_gen00100.npz,100,1,BT-v3,10004,1,1.0,1,0,0,gun_kill,81.54999999999751,100.0,0.0,3.999999999999994,81.54999999999751,0.0,0.06695331695331695,0.0,
POOL-s1-b100,rl,1.0,2,results/es_pool/ckpt_seed1_gen00100.npz,100,1,BT-v3,10005,0,0.5,0,1,0,timeout,120.19999999999531,38.75,6.25,1.5500000000000007,120.19999999999531,0.0,0.348585690515807,0.0,4776.792157927356
POOL-s1-b100,rl,1.0,2,results/es_pool/ckpt_seed1_gen00100.npz,100,1,BT-v3,10005,1,0.5,0,1,0,timeout,120.19999999999531,15.0,0.0,0.6,120.19999999999531,0.0,0.41222961730449253,0.0,
POOL-s1-b100,rl,1.0,2,results/es_pool/ckpt_seed1_gen00100.npz,100,1,BT-v3,10006,0,1.0,1,0,0,gun_kill,68.14999999999827,100.0,22.5,3.999999999999994,68.14999999999827,0.061764705882352944,0.016911764705882352,0.0,3945.566238852681
POOL-s1-b100,rl,1.0,2,results/es_pool/ckpt_seed1_gen00100.npz,100,1,BT-v3,10006,1,1.0,1,0,0,gun_kill,64.79999999999846,100.0,0.0,3.999999999999994,64.79999999999846,0.0,0.01780185758513932,0.0,
POOL-s1-b100,rl,1.0,2,results/es_pool/ckpt_seed1_gen00100.npz,100,1,BT-v3,10007,0,0.0,0,0,1,gun_kill,20.250000000000153,0.0,100.0,0.0,20.250000000000153,0.0,0.2376237623762376,0.0,4534.946267597842
POOL-s1-b100,rl,1.0,2,results/es_pool/ckpt_seed1_gen00100.npz,100,1,BT-v3,10007,1,0.5,0,1,0,collision,15.950000000000092,0.0,0.0,0.0,15.950000000000092,0.0,0.3860759493670886,0.03164556962025317,
POOL-s1-b100,rl,1.0,2,results/es_pool/ckpt_seed1_gen00100.npz,100,1,BT-v3,10008,0,1.0,1,0,0,gun_kill,72.49999999999802,100.0,3.75,3.999999999999994,72.49999999999802,0.0,0.05939226519337017,0.008287292817679558,4139.018325609928
POOL-s1-b100,rl,1.0,2,results/es_pool/ckpt_seed1_gen00100.npz,100,1,BT-v3,10008,1,1.0,1,0,0,gun_kill,73.44999999999797,100.0,0.0,3.999999999999994,73.44999999999797,0.0,0.07629427792915532,0.0,
POOL-s1-b100,rl,1.0,2,results/es_pool/ckpt_seed1_gen00100.npz,100,1,BT-v3,10009,0,1.0,1,0,0,gun_kill,73.09999999999799,100.0,3.75,3.999999999999994,73.09999999999799,0.0,0.07191780821917808,0.00684931506849315,4213.8992715324675
POOL-s1-b100,rl,1.0,2,results/es_pool/ckpt_seed1_gen00100.npz,100,1,BT-v3,10009,1,0.5,0,1,0,timeout,120.19999999999531,92.5,0.0,3.699999999999995,120.19999999999531,0.295757071547421,0.09775374376039933,0.010399334442595673,
POOL-s1-b100,rl,1.0,2,results/es_pool/ckpt_seed1_gen00100.npz,100,1,BT-v3,10010,0,1.0,1,0,0,gun_kill,37.05000000000003,100.0,0.0,3.999999999999994,37.05000000000003,0.0,0.33918918918918917,0.0,4120.060946030703
POOL-s1-b100,rl,1.0,2,results/es_pool/ckpt_seed1_gen00100.npz,100,1,BT-v3,10010,1,0.5,0,1,0,timeout,120.19999999999531,33.75,13.75,1.3500000000000005,120.19999999999531,0.0,0.08652246256239601,0.004159733777038269,
POOL-s1-b100,rl,1.0,2,results/es_pool/ckpt_seed1_gen00100.npz,100,1,BT-v3,10011,0,1.0,1,0,0,gun_kill,62.2499999999986,100.0,0.0,3.999999999999994,62.2499999999986,0.0,0.03778135048231511,0.0,4392.838607850442
POOL-s1-b100,rl,1.0,2,results/es_pool/ckpt_seed1_gen00100.npz,100,1,BT-v3,10011,1,1.0,1,0,0,gun_kill,71.94999999999806,100.0,0.0,3.999999999999994,71.94999999999806,0.0,0.0,0.008356545961002786,
POOL-s1-b100,rl,1.0,2,results/es_pool/ckpt_seed1_gen00100.npz,100,1,BT-v3,10012,0,0.5,0,1,0,timeout,120.19999999999531,0.0,0.0,0.0,120.19999999999531,0.19800332778702162,0.9950083194675541,0.0,7185.90900774716
POOL-s1-b100,rl,1.0,2,results/es_pool/ckpt_seed1_gen00100.npz,100,1,BT-v3,10012,1,1.0,1,0,0,gun_kill,42.69999999999971,100.0,0.0,3.999999999999994,42.69999999999971,0.0,0.4014084507042254,0.0,
POOL-s1-b100,rl,1.0,2,results/es_pool/ckpt_seed1_gen00100.npz,100,1,BT-v3,10013,0,1.0,1,0,0,gun_kill,77.74999999999773,100.0,0.0,3.999999999999994,77.74999999999773,0.0,0.059278350515463915,0.0,4281.579576815008
POOL-s1-b100,rl,1.0,2,results/es_pool/ckpt_seed1_gen00100.npz,100,1,BT-v3,10013,1,1.0,1,0,0,gun_kill,76.04999999999782,100.0,0.0,3.999999999999994,76.04999999999782,0.0,0.0875,0.0,
POOL-s1-b100,rl,1.0,2,results/es_pool/ckpt_seed1_gen00100.npz,100,1,BT-v3,10014,0,1.0,1,0,0,gun_kill,84.59999999999734,100.0,0.0,3.999999999999994,84.59999999999734,0.0,0.0,0.0,4201.051501733777
POOL-s1-b100,rl,1.0,2,results/es_pool/ckpt_seed1_gen00100.npz,100,1,BT-v3,10014,1,1.0,1,0,0,gun_kill,83.5499999999974,100.0,0.0,3.999999999999994,83.5499999999974,0.0,0.0,0.01618705035971223,
POOL-s1-b100,rl,1.0,2,results/es_pool/ckpt_seed1_gen00100.npz,100,1,BT-v3,10015,0,1.0,1,0,0,gun_kill,83.5499999999974,100.0,0.0,3.999999999999994,83.5499999999974,0.011390887290167866,0.0,0.0,3960.543077252531
POOL-s1-b100,rl,1.0,2,results/es_pool/ckpt_seed1_gen00100.npz,100,1,BT-v3,10015,1,1.0,1,0,0,gun_kill,69.89999999999817,100.0,0.0,3.999999999999994,69.89999999999817,0.0,0.0,0.0,
POOL-s1-b100,rl,1.0,2,results/es_pool/ckpt_seed1_gen00100.npz,100,1,BT-v3,10016,0,1.0,1,0,0,gun_kill,62.499999999998586,100.0,0.0,3.999999999999994,62.499999999998586,0.03685897435897436,0.0,0.032852564102564104,3893.0553102800272
POOL-s1-b100,rl,1.0,2,results/es_pool/ckpt_seed1_gen00100.npz,100,1,BT-v3,10016,1,1.0,1,0,0,gun_kill,62.99999999999856,100.0,8.75,3.999999999999994,62.99999999999856,0.0,0.0,0.01910828025477707,
POOL-s1-b100,rl,1.0,2,results/es_pool/ckpt_seed1_gen00100.npz,100,1,BT-v3,10017,0,1.0,1,0,0,gun_kill,85.59999999999728,100.0,0.0,3.999999999999994,85.59999999999728,0.07084309133489461,0.04449648711943794,0.0,4131.053391226037
POOL-s1-b100,rl,1.0,2,results/es_pool/ckpt_seed1_gen00100.npz,100,1,BT-v3,10017,1,1.0,1,0,0,gun_kill,43.349999999999675,100.0,0.0,3.999999999999994,43.349999999999675,0.0,0.1574074074074074,0.0,
POOL-s1-b100,rl,1.0,2,results/es_pool/ckpt_seed1_gen00100.npz,100,1,BT-v3,10018,0,1.0,1,0,0,gun_kill,65.24999999999844,100.0,0.0,3.999999999999994,65.24999999999844,0.0,0.03680981595092025,0.0023006134969325155,3896.314743193371
POOL-s1-b100,rl,1.0,2,results/es_pool/ckpt_seed1_gen00100.npz,100,1,BT-v3,10018,1,1.0,1,0,0,gun_kill,68.19999999999827,100.0,0.0,3.999999999999994,68.19999999999827,0.0,0.03308823529411765,0.003676470588235294,
POOL-s1-b100,rl,1.0,2,results/es_pool/ckpt_seed1_gen00100.npz,100,1,BT-v3,10019,0,1.0,1,0,0,gun_kill,72.04999999999805,100.0,0.0,3.999999999999994,72.04999999999805,0.0,0.0,0.022916666666666665,4161.6517185896655
POOL-s1-b100,rl,1.0,2,results/es_pool/ckpt_seed1_gen00100.npz,100,1,BT-v3,10019,1,1.0,1,0,0,gun_kill,94.99999999999675,100.0,0.0,3.999999999999994,94.99999999999675,0.0,0.0,0.014767932489451477,
POOL-s1-b100,rl,1.0,2,results/es_pool/ckpt_seed1_gen00100.npz,100,1,BT-v3,10020,0,1.0,1,0,0,gun_kill,71.44999999999808,100.0,0.0,3.999999999999994,71.44999999999808,0.0,0.0,0.008403361344537815,4601.379467147876
POOL-s1-b100,rl,1.0,2,results/es_pool/ckpt_seed1_gen00100.npz,100,1,BT-v3,10020,1,1.0,1,0,0,gun_kill,76.4999999999978,100.0,0.0,3.999999999999994,76.4999999999978,0.0,0.0,0.01963350785340314,
POOL-s1-b100,rl,1.0,2,results/es_pool/ckpt_seed1_gen00100.npz,100,1,BT-v3,10021,0,0.5,0,1,0,timeout,120.19999999999531,48.75,0.0,1.950000000000001,120.19999999999531,0.0,0.10524126455906822,0.0,3377.839181769748
POOL-s1-b100,rl,1.0,2,results/es_pool/ckpt_seed1_gen00100.npz,100,1,BT-v3,10021,1,1.0,1,0,0,gun_kill,38.09999999999997,100.0,0.0,3.999999999999994,38.09999999999997,0.0,0.37236842105263157,0.0,
POOL-s1-b100,rl,1.0,2,results/es_pool/ckpt_seed1_gen00100.npz,100,1,BT-v3,10022,0,1.0,1,0,0,gun_kill,74.94999999999789,100.0,0.0,3.999999999999994,74.94999999999789,0.0,0.06283422459893048,0.02072192513368984,4494.556638645251
POOL-s1-b100,rl,1.0,2,results/es_pool/ckpt_seed1_gen00100.npz,100,1,BT-v3,10022,1,1.0,1,0,0,gun_kill,70.44999999999814,100.0,0.0,3.999999999999994,70.44999999999814,0.0,0.07102272727272728,0.017045454545454544,
POOL-s1-b100,rl,1.0,2,results/es_pool/ckpt_seed1_gen00100.npz,100,1,BT-v3,10023,0,1.0,1,0,0,gun_kill,101.1499999999964,100.0,0.0,3.999999999999994,101.1499999999964,0.020297029702970298,0.04900990099009901,0.0,4452.044584385158
POOL-s1-b100,rl,1.0,2,results/es_pool/ckpt_seed1_gen00100.npz,100,1,BT-v3,10023,1,1.0,1,0,0,gun_kill,91.04999999999697,100.0,0.0,3.999999999999994,91.04999999999697,0.0,0.07527472527472527,0.0,
POOL-s1-b100,rl,1.0,2,results/es_pool/ckpt_seed1_gen00100.npz,100,1,BT-v3,10024,0,1.0,1,0,0,gun_kill,65.74999999999841,100.0,0.0,3.999999999999994,65.74999999999841,0.0,0.06859756097560976,0.0,4132.191618000912
POOL-s1-b100,rl,1.0,2,results/es_pool/ckpt_seed1_gen00100.npz,100,1,BT-v3,10024,1,0.5,0,1,0,timeout,120.19999999999531,60.0,0.0,2.3999999999999995,120.19999999999531,0.0,0.10524126455906822,0.0,
POOL-s1-b100,rl,1.0,2,results/es_pool/ckpt_seed1_gen00100.npz,100,1,BT-v3,10025,0,1.0,1,0,0,gun_kill,87.59999999999717,100.0,0.0,3.999999999999994,87.59999999999717,0.0,0.07894736842105263,0.018306636155606407,4820.883293071022
POOL-s1-b100,rl,1.0,2,results/es_pool/ckpt_seed1_gen00100.npz,100,1,BT-v3,10025,1,1.0,1,0,0,gun_kill,105.49999999999615,100.0,0.0,3.999999999999994,105.49999999999615,0.0,0.07447817836812144,0.0,
POOL-s1-b100,rl,1.0,2,results/es_pool/ckpt_seed1_gen00100.npz,100,1,BT-v3,10026,0,1.0,1,0,0,gun_kill,75.19999999999787,100.0,0.0,3.999999999999994,75.19999999999787,0.0,0.11733333333333333,0.008666666666666666,3998.4213159531732
POOL-s1-b100,rl,1.0,2,results/es_pool/ckpt_seed1_gen00100.npz,100,1,BT-v3,10026,1,0.5,0,1,0,timeout,120.19999999999531,76.25,22.5,3.049999999999997,120.19999999999531,0.12936772046589018,0.2034109816971714,0.0,
POOL-s1-b100,rl,1.0,2,results/es_pool/ckpt_seed1_gen00100.npz,100,1,BT-v3,10027,0,1.0,1,0,0,gun_kill,27.450000000000255,100.0,0.0,3.999999999999994,27.450000000000255,0.0,0.6094890510948905,0.0,4722.996525391794
POOL-s1-b100,rl,1.0,2,results/es_pool/ckpt_seed1_gen00100.npz,100,1,BT-v3,10027,1,0.5,0,1,0,timeout,120.19999999999531,0.0,8.75,0.0,120.19999999999531,0.07071547420965059,0.6464226289517471,0.0,
POOL-s1-b100,rl,1.0,2,results/es_pool/ckpt_seed1_gen00100.npz,100,1,BT-v3,10028,0,1.0,1,0,0,gun_kill,69.09999999999822,100.0,8.75,3.999999999999994,69.09999999999822,0.06086956521739131,0.0,0.007971014492753623,4084.6180948941665
POOL-s1-b100,rl,1.0,2,results/es_pool/ckpt_seed1_gen00100.npz,100,1,BT-v3,10028,1,1.0,1,0,0,gun_kill,70.69999999999813,100.0,0.0,3.999999999999994,70.69999999999813,0.0,0.0,0.006373937677053824,
POOL-s1-b100,rl,1.0,2,results/es_pool/ckpt_seed1_gen00100.npz,100,1,BT-v3,10029,0,0.5,0,1,0,timeout,120.19999999999531,45.0,0.0,1.800000000000001,120.19999999999531,0.10232945091514144,0.027038269550748752,0.0,3272.314148233266
POOL-s1-b100,rl,1.0,2,results/es_pool/ckpt_seed1_gen00100.npz,100,1,BT-v3,10029,1,1.0,1,0,0,gun_kill,63.24999999999854,100.0,0.0,3.999999999999994,63.24999999999854,0.0,0.0,0.0,
POOL-s1-b100,rl,1.0,2,results/es_pool/ckpt_seed1_gen00100.npz,100,1,BT-v3,10030,0,0.5,0,1,0,timeout,120.19999999999531,5.0,35.0,0.2,120.19999999999531,0.0,0.18635607321131448,0.004991680532445923,3317.5177729050806
POOL-s1-b100,rl,1.0,2,results/es_pool/ckpt_seed1_gen00100.npz,100,1,BT-v3,10030,1,1.0,1,0,0,gun_kill,49.299999999999336,100.0,0.0,3.999999999999994,49.299999999999336,0.0,0.23373983739837398,0.0,
POOL-s1-b100,rl,1.0,2,results/es_pool/ckpt_seed1_gen00100.npz,100,1,BT-v3,10031,0,0.5,0,1,0,timeout,120.19999999999531,12.5,0.0,0.49999999999999994,120.19999999999531,0.0,0.2084026622296173,0.0,3323.508069587871
POOL-s1-b100,rl,1.0,2,results/es_pool/ckpt_seed1_gen00100.npz,100,1,BT-v3,10031,1,1.0,1,0,0,gun_kill,33.25000000000025,100.0,0.0,3.999999999999994,33.25000000000025,0.0,0.5903614457831325,0.0,
POOL-s1-b100,rl,1.0,2,results/es_pool/ckpt_seed1_gen00100.npz,100,1,BT-v3,10032,0,1.0,1,0,0,gun_kill,76.94999999999777,100.0,5.0,3.999999999999994,76.94999999999777,0.0,0.099609375,0.009114583333333334,3969.92488616341
POOL-s1-b100,rl,1.0,2,results/es_pool/ckpt_seed1_gen00100.npz,100,1,BT-v3,10032,1,1.0,1,0,0,gun_kill,80.09999999999759,100.0,6.25,3.999999999999994,80.09999999999759,0.0125,0.075,0.003125,
POOL-s1-b100,rl,1.0,2,results/es_pool/ckpt_seed1_gen00100.npz,100,1,BT-v3,10033,0,1.0,1,0,0,gun_kill,75.54999999999785,100.0,0.0,3.999999999999994,75.54999999999785,0.0,0.03713527851458886,0.011936339522546418,4379.556218325605
POOL-s1-b100,rl,1.0,2,results/es_pool/ckpt_seed1_gen00100.npz,100,1,BT-v3,10033,1,1.0,1,0,0,gun_kill,76.79999999999778,100.0,5.0,3.999999999999994,76.79999999999778,0.0926892950391645,0.054177545691906005,0.011096605744125326,
POOL-s1-b100,rl,1.0,2,results/es_pool/ckpt_seed1_gen00100.npz,100,1,BT-v3,10034,0,1.0,1,0,0,gun_kill,87.49999999999717,100.0,8.75,3.999999999999994,87.49999999999717,0.0,0.07036613272311212,0.005720823798627002,4319.227737130424
POOL-s1-b100,rl,1.0,2,results/es_pool/ckpt_seed1_gen00100.npz,100,1,BT-v3,10034,1,1.0,1,0,0,gun_kill,73.64999999999796,100.0,0.0,3.999999999999994,73.64999999999796,0.0,0.11345108695652174,0.017663043478260868,
POOL-s1-b100,rl,1.0,2,results/es_pool/ckpt_seed1_gen00100.npz,100,1,BT-v3,10035,0,1.0,1,0,0,gun_kill,57.399999999998876,100.0,25.0,3.999999999999994,57.399999999998876,0.0,0.05244755244755245,0.0,3833.3110731063302
POOL-s1-b100,rl,1.0,2,results/es_pool/ckpt_seed1_gen00100.npz,100,1,BT-v3,10035,1,1.0,1,0,0,gun_kill,60.84999999999868,100.0,0.0,3.999999999999994,60.84999999999868,0.0,0.046052631578947366,0.0,
POOL-s1-b100,rl,1.0,2,results/es_pool/ckpt_seed1_gen00100.npz,100,1,BT-v3,10036,0,1.0,1,0,0,gun_kill,63.749999999998515,100.0,21.25,3.999999999999994,63.749999999998515,0.02279874213836478,0.020440251572327043,0.0,3877.8827444027315
POOL-s1-b100,rl,1.0,2,results/es_pool/ckpt_seed1_gen00100.npz,100,1,BT-v3,10036,1,1.0,1,0,0,gun_kill,61.39999999999865,100.0,0.0,3.999999999999994,61.39999999999865,0.0,0.01715686274509804,0.012254901960784314,
POOL-s1-b100,rl,1.0,2,results/es_pool/ckpt_seed1_gen00100.npz,100,1,BT-v3,10037,0,1.0,1,0,0,gun_kill,42.8499999999997,100.0,0.0,3.999999999999994,42.8499999999997,0.0,0.26869158878504673,0.0,4252.578865810075
POOL-s1-b100,rl,1.0,2,results/es_pool/ckpt_seed1_gen00100.npz,100,1,BT-v3,10037,1,0.5,0,1,0,timeout,120.19999999999531,32.5,8.75,1.3000000000000005,120.19999999999531,0.0,0.17970049916805325,0.0,
POOL-s1-b100,rl,1.0,2,results/es_pool/ckpt_seed1_gen00100.npz,100,1,BT-v3,10038,0,0.5,0,1,0,timeout,120.19999999999531,87.5,0.0,3.4999999999999956,120.19999999999531,0.1264559068219634,0.09026622296173045,0.004575707154742097,3707.5868510907676
POOL-s1-b100,rl,1.0,2,results/es_pool/ckpt_seed1_gen00100.npz,100,1,BT-v3,10038,1,1.0,1,0,0,gun_kill,86.49999999999723,100.0,0.0,3.999999999999994,86.49999999999723,0.0,0.04976851851851852,0.015625,
POOL-s1-b100,rl,1.0,2,results/es_pool/ckpt_seed1_gen00100.npz,100,1,BT-v3,10039,0,1.0,1,0,0,gun_kill,54.14999999999906,100.0,0.0,3.999999999999994,54.14999999999906,0.0,0.06111111111111111,0.008333333333333333,3505.8779025878966
POOL-s1-b100,rl,1.0,2,results/es_pool/ckpt_seed1_gen00100.npz,100,1,BT-v3,10039,1,0.5,0,1,0,timeout,120.19999999999531,0.0,11.25,0.0,120.19999999999531,0.0,0.12271214642262895,0.0,
POOL-s1-b100,rl,1.0,2,results/es_pool/ckpt_seed1_gen00100.npz,100,1,BT-v3,10040,0,1.0,1,0,0,gun_kill,74.34999999999792,100.0,0.0,3.999999999999994,74.34999999999792,0.03840970350404313,0.0,0.0,4348.804047120836
POOL-s1-b100,rl,1.0,2,results/es_pool/ckpt_seed1_gen00100.npz,100,1,BT-v3,10040,1,1.0,1,0,0,gun_kill,77.04999999999777,100.0,0.0,3.999999999999994,77.04999999999777,0.0,0.0,0.0,
POOL-s1-b100,rl,1.0,2,results/es_pool/ckpt_seed1_gen00100.npz,100,1,BT-v3,10041,0,1.0,1,0,0,gun_kill,60.749999999998685,100.0,0.0,3.999999999999994,60.749999999998685,0.0,0.03712871287128713,0.03547854785478548,3749.401110489838
POOL-s1-b100,rl,1.0,2,results/es_pool/ckpt_seed1_gen00100.npz,100,1,BT-v3,10041,1,1.0,1,0,0,gun_kill,63.14999999999855,100.0,0.0,3.999999999999994,63.14999999999855,0.0,0.03492063492063492,0.01746031746031746,
POOL-s1-b100,rl,1.0,2,results/es_pool/ckpt_seed1_gen00100.npz,100,1,BT-v3,10042,0,1.0,1,0,0,gun_kill,69.3499999999982,100.0,0.0,3.999999999999994,69.3499999999982,0.0,0.0888728323699422,0.024566473988439308,4370.070717933405
POOL-s1-b100,rl,1.0,2,results/es_pool/ckpt_seed1_gen00100.npz,100,1,BT-v3,10042,1,1.0,1,0,0,gun_kill,72.04999999999805,100.0,0.0,3.999999999999994,72.04999999999805,0.0,0.10138888888888889,0.014583333333333334,
POOL-s1-b100,rl,1.0,2,results/es_pool/ckpt_seed1_gen00100.npz,100,1,BT-v3,10043,0,1.0,1,0,0,gun_kill,76.84999999999778,100.0,0.0,3.999999999999994,76.84999999999778,0.0,0.0,0.025390625,4114.945607342747
POOL-s1-b100,rl,1.0,2,results/es_pool/ckpt_seed1_gen00100.npz,100,1,BT-v3,10043,1,1.0,1,0,0,gun_kill,75.09999999999788,100.0,0.0,3.999999999999994,75.09999999999788,0.0,0.0,0.014,
POOL-s1-b100,rl,1.0,2,results/es_pool/ckpt_seed1_gen00100.npz,100,1,BT-v3,10044,0,1.0,1,0,0,gun_kill,91.49999999999694,100.0,0.0,3.999999999999994,91.49999999999694,0.0,0.0,0.0,4477.759395155042
POOL-s1-b100,rl,1.0,2,results/es_pool/ckpt_seed1_gen00100.npz,100,1,BT-v3,10044,1,1.0,1,0,0,gun_kill,91.94999999999692,100.0,0.0,3.999999999999994,91.94999999999692,0.0,0.0,0.005991285403050109,
POOL-s1-b100,rl,1.0,2,results/es_pool/ckpt_seed1_gen00100.npz,100,1,BT-v3,10045,0,1.0,1,0,0,gun_kill,80.69999999999756,100.0,0.0,3.999999999999994,80.69999999999756,0.0,0.05148883374689826,0.00620347394540943,4825.047717250324
POOL-s1-b100,rl,1.0,2,results/es_pool/ckpt_seed1_gen00100.npz,100,1,BT-v3,10045,1,1.0,1,0,0,gun_kill,80.99999999999754,100.0,0.0,3.999999999999994,80.99999999999754,0.0,0.08849009900990099,0.004331683168316832,
POOL-s1-b100,rl,1.0,2,results/es_pool/ckpt_seed1_gen00100.npz,100,1,BT-v3,10046,0,0.5,0,1,0,timeout,120.19999999999531,77.5,0.0,3.099999999999997,120.19999999999531,0.0,0.23960066555740434,0.0,3392.885351827394
POOL-s1-b100,rl,1.0,2,results/es_pool/ckpt_seed1_gen00100.npz,100,1,BT-v3,10046,1,0.5,0,1,0,timeout,120.19999999999531,0.0,0.0,0.0,120.19999999999531,0.14933444259567388,0.9954242928452579,0.0,
POOL-s1-b100,rl,1.0,2,results/es_pool/ckpt_seed1_gen00100.npz,100,1,BT-v3,10047,0,1.0,1,0,0,gun_kill,66.04999999999839,100.0,0.0,3.999999999999994,66.04999999999839,0.0,0.014393939393939395,0.024242424242424242,3754.38336596709
POOL-s1-b100,rl,1.0,2,results/es_pool/ckpt_seed1_gen00100.npz,100,1,BT-v3,10047,1,1.0,1,0,0,gun_kill,73.44999999999797,100.0,0.0,3.999999999999994,73.44999999999797,0.07493188010899182,0.0388283378746594,0.02861035422343324,
POOL-s1-b100,rl,1.0,2,results/es_pool/ckpt_seed1_gen00100.npz,100,1,BT-v3,10048,0,0.5,0,1,0,timeout,120.19999999999531,51.25,87.5,2.0500000000000007,120.19999999999531,0.0324459234608985,0.027038269550748752,0.0,4750.302997192386
POOL-s1-b100,rl,1.0,2,results/es_pool/ckpt_seed1_gen00100.npz,100,1,BT-v3,10048,1,1.0,1,0,0,gun_kill,74.54999999999791,100.0,0.0,3.999999999999994,74.54999999999791,0.0,0.09744623655913978,0.0,
POOL-s1-b100,rl,1.0,2,results/es_pool/ckpt_seed1_gen00100.npz,100,1,BT-v3,10049,0,1.0,1,0,0,gun_kill,81.09999999999754,100.0,0.0,3.999999999999994,81.09999999999754,0.0,0.09876543209876543,0.0,4399.426119577036
POOL-s1-b100,rl,1.0,2,results/es_pool/ckpt_seed1_gen00100.npz,100,1,BT-v3,10049,1,1.0,1,0,0,gun_kill,73.49999999999797,100.0,0.0,3.999999999999994,73.49999999999797,0.0,0.11989100817438691,0.025204359673024524,
POOL-s1-b100,rl,1.0,2,results/es_pool/ckpt_seed1_gen00100.npz,100,1,BT-v3,10050,0,1.0,1,0,0,gun_kill,72.849999999998,100.0,0.0,3.999999999999994,72.849999999998,0.0,0.06043956043956044,0.0,4037.487418173526
POOL-s1-b100,rl,1.0,2,results/es_pool/ckpt_seed1_gen00100.npz,100,1,BT-v3,10050,1,1.0,1,0,0,gun_kill,78.34999999999769,100.0,0.0,3.999999999999994,78.34999999999769,0.0,0.07289002557544758,0.0,
POOL-s1-b100,rl,1.0,2,results/es_pool/ckpt_seed1_gen00100.npz,100,1,BT-v3,10051,0,1.0,1,0,0,gun_kill,48.249999999999396,100.0,0.0,3.999999999999994,48.249999999999396,0.0,0.4107883817427386,0.008298755186721992,4569.703077315815
POOL-s1-b100,rl,1.0,2,results/es_pool/ckpt_seed1_gen00100.npz,100,1,BT-v3,10051,1,0.5,0,1,0,timeout,120.19999999999531,98.75,0.0,3.949999999999994,120.19999999999531,0.0,0.14143094841930118,0.0,
POOL-s1-b100,rl,1.0,2,results/es_pool/ckpt_seed1_gen00100.npz,100,1,BT-v3,10052,0,1.0,1,0,0,gun_kill,64.69999999999847,100.0,0.0,3.999999999999994,64.69999999999847,0.01238390092879257,0.06191950464396285,0.025541795665634675,4050.558070833099
POOL-s1-b100,rl,1.0,2,results/es_pool/ckpt_seed1_gen00100.npz,100,1,BT-v3,10052,1,1.0,1,0,0,gun_kill,72.64999999999802,100.0,0.0,3.999999999999994,72.64999999999802,0.0,0.046831955922865015,0.01584022038567493,
POOL-s1-b100,rl,1.0,2,results/es_pool/ckpt_seed1_gen00100.npz,100,1,BT-v3,10053,0,1.0,1,0,0,gun_kill,88.6499999999971,100.0,0.0,3.999999999999994,88.6499999999971,0.0,0.0,0.0056433408577878106,4535.188887769051
POOL-s1-b100,rl,1.0,2,results/es_pool/ckpt_seed1_gen00100.npz,100,1,BT-v3,10053,1,1.0,1,0,0,gun_kill,78.39999999999769,100.0,7.5,3.999999999999994,78.39999999999769,0.0,0.0,0.01278772378516624,
POOL-s1-b100,rl,1.0,2,results/es_pool/ckpt_seed1_gen00100.npz,100,1,BT-v3,10054,0,1.0,1,0,0,gun_kill,58.59999999999881,100.0,0.0,3.999999999999994,58.59999999999881,0.0,0.0,0.028253424657534245,3568.0531499958342
POOL-s1-b100,rl,1.0,2,results/es_pool/ckpt_seed1_gen00100.npz,100,1,BT-v3,10054,1,1.0,1,0,0,gun_kill,60.599999999998694,100.0,0.0,3.999999999999994,60.599999999998694,0.0,0.0,0.014072847682119206,
POOL-s1-b100,rl,1.0,2,results/es_pool/ckpt_seed1_gen00100.npz,100,1,BT-v3,10055,0,1.0,1,0,0,gun_kill,57.19999999999889,100.0,0.0,3.999999999999994,57.19999999999889,0.0,0.013157894736842105,0.010526315789473684,3621.8499686352156
POOL-s1-b100,rl,1.0,2,results/es_pool/ckpt_seed1_gen00100.npz,100,1,BT-v3,10055,1,1.0,1,0,0,gun_kill,60.949999999998674,100.0,3.75,3.999999999999994,60.949999999998674,0.0,0.012335526315789474,0.032072368421052634,
POOL-s1-b100,rl,1.0,2,results/es_pool/ckpt_seed1_gen00100.npz,100,1,BT-v3,10056,0,1.0,1,0,0,gun_kill,61.39999999999865,100.0,0.0,3.999999999999994,61.39999999999865,0.12908496732026145,0.23039215686274508,0.007352941176470588,3777.951749565397
POOL-s1-b100,rl,1.0,2,results/es_pool/ckpt_seed1_gen00100.npz,100,1,BT-v3,10056,1,0.5,0,1,0,timeout,120.19999999999531,87.5,0.0,3.4999999999999956,120.19999999999531,0.0,0.11855241264559069,0.004159733777038269,
POOL-s1-b100,rl,1.0,2,results/es_pool/ckpt_seed1_gen00100.npz,100,1,BT-v3,10057,0,1.0,1,0,0,gun_kill,69.59999999999819,100.0,0.0,3.999999999999994,69.59999999999819,0.0,0.0,0.026657060518731988,3988.481162394711
POOL-s1-b100,rl,1.0,2,results/es_pool/ckpt_seed1_gen00100.npz,100,1,BT-v3,10057,1,1.0,1,0,0,gun_kill,77.29999999999775,100.0,10.0,3.999999999999994,77.29999999999775,0.0,0.0,0.0,
POOL-s1-b100,rl,1.0,2,results/es_pool/ckpt_seed1_gen00100.npz,100,1,BT-v3,10058,0,1.0,1,0,0,gun_kill,52.59999999999915,100.0,0.0,3.999999999999994,52.59999999999915,0.0,0.14217557251908397,0.0,3588.8926954254816
POOL-s1-b100,rl,1.0,2,results/es_pool/ckpt_seed1_gen00100.npz,100,1,BT-v3,10058,1,0.5,0,1,0,timeout,120.19999999999531,57.5,12.5,2.3,120.19999999999531,0.0,0.1805324459234609,0.0,
POOL-s1-b100,rl,1.0,2,results/es_pool/ckpt_seed1_gen00100.npz,100,1,BT-v3,10059,0,1.0,1,0,0,gun_kill,59.699999999998745,100.0,0.0,3.999999999999994,59.699999999998745,0.0,0.009228187919463088,0.0,4384.5174319048
POOL-s1-b100,rl,1.0,2,results/es_pool/ckpt_seed1_gen00100.npz,100,1,BT-v3,10059,1,1.0,1,0,0,gun_kill,59.699999999998745,100.0,0.0,3.999999999999994,59.699999999998745,0.0,0.009228187919463088,0.0,
POOL-s1-b100,rl,1.0,2,results/es_pool/ckpt_seed1_gen00100.npz,100,1,BT-v3,10060,0,1.0,1,0,0,gun_kill,70.84999999999812,100.0,0.0,3.999999999999994,70.84999999999812,0.0,0.0635593220338983,0.007768361581920904,4446.5584563890625
POOL-s1-b100,rl,1.0,2,results/es_pool/ckpt_seed1_gen00100.npz,100,1,BT-v3,10060,1,0.5,0,1,0,timeout,120.19999999999531,52.5,0.0,2.1000000000000005,120.19999999999531,0.021214642262895173,0.06364392678868552,0.0,
POOL-s1-b100,rl,1.0,2,results/es_pool/ckpt_seed1_gen00100.npz,100,1,BT-v3,10061,0,1.0,1,0,0,gun_kill,60.949999999998674,100.0,3.75,3.999999999999994,60.949999999998674,0.0,0.15789473684210525,0.008223684210526315,4099.047964517858
POOL-s1-b100,rl,1.0,2,results/es_pool/ckpt_seed1_gen00100.npz,100,1,BT-v3,10061,1,1.0,1,0,0,gun_kill,77.39999999999775,100.0,0.0,3.999999999999994,77.39999999999775,0.014248704663212436,0.1133419689119171,0.011010362694300517,
POOL-s1-b100,rl,1.0,2,results/es_pool/ckpt_seed1_gen00100.npz,100,1,BT-v3,10062,0,1.0,1,0,0,gun_kill,87.59999999999717,100.0,2.5,3.999999999999994,87.59999999999717,0.0,0.08466819221967964,0.0,4279.171669421157
POOL-s1-b100,rl,1.0,2,results/es_pool/ckpt_seed1_gen00100.npz,100,1,BT-v3,10062,1,1.0,1,0,0,gun_kill,75.14999999999787,100.0,0.0,3.999999999999994,75.14999999999787,0.0,0.12266666666666666,0.004666666666666667,
POOL-s1-b100,rl,1.0,2,results/es_pool/ckpt_seed1_gen00100.npz,100,1,BT-v3,10063,0,1.0,1,0,0,gun_kill,58.59999999999881,100.0,8.75,3.999999999999994,58.59999999999881,0.0,0.04280821917808219,0.023972602739726026,3606.5390479599573
POOL-s1-b100,rl,1.0,2,results/es_pool/ckpt_seed1_gen00100.npz,100,1,BT-v3,10063,1,1.0,1,0,0,gun_kill,112.89999999999573,100.0,0.0,3.999999999999994,112.89999999999573,0.12322695035460993,0.07668439716312057,0.018173758865248225,
POOL-s1-b100,rl,1.0,2,results/es_pool/ckpt_seed1_gen00100.npz,100,1,BT-v3,10064,0,1.0,1,0,0,gun_kill,82.94999999999743,100.0,17.5,3.999999999999994,82.94999999999743,0.0,0.03683574879227053,0.009057971014492754,4599.997676526122
POOL-s1-b100,rl,1.0,2,results/es_pool/ckpt_seed1_gen00100.npz,100,1,BT-v3,10064,1,1.0,1,0,0,gun_kill,103.29999999999627,100.0,0.0,3.999999999999994,103.29999999999627,0.0809108527131783,0.08575581395348837,0.0,
POOL-s1-b100,rl,1.0,2,results/es_pool/ckpt_seed1_gen00100.npz,100,1,BT-v3,10065,0,1.0,1,0,0,gun_kill,58.24999999999883,100.0,0.0,3.999999999999994,58.24999999999883,0.0506872852233677,0.12972508591065293,0.02577319587628866,3582.3357187683523
POOL-s1-b100,rl,1.0,2,results/es_pool/ckpt_seed1_gen00100.npz,100,1,BT-v3,10065,1,0.5,0,1,0,timeout,120.19999999999531,0.0,3.75,0.0,120.19999999999531,0.0,0.09359400998336107,0.0037437603993344427,
POOL-s1-b100,rl,1.0,2,results/es_pool/ckpt_seed1_gen00100.npz,100,1,BT-v3,10066,0,0.5,0,1,0,timeout,120.19999999999531,0.0,10.0,0.0,120.19999999999531,0.0,0.14434276206322796,0.0,3291.390579958248
POOL-s1-b100,rl,1.0,2,results/es_pool/ckpt_seed1_gen00100.npz,100,1,BT-v3,10066,1,1.0,1,0,0,gun_kill,61.94999999999862,100.0,0.0,3.999999999999994,61.94999999999862,0.0,0.09870550161812297,0.0,
POOL-s1-b100,rl,1.0,2,results/es_pool/ckpt_seed1_gen00100.npz,100,1,BT-v3,10067,0,1.0,1,0,0,gun_kill,94.1499999999968,100.0,0.0,3.999999999999994,94.1499999999968,0.0,0.023936170212765957,0.0,4390.5687572447305
POOL-s1-b100,rl,1.0,2,results/es_pool/ckpt_seed1_gen00100.npz,100,1,BT-v3,10067,1,1.0,1,0,0,gun_kill,83.79999999999738,100.0,0.0,3.999999999999994,83.79999999999738,0.0,0.02930622009569378,0.0023923444976076554,
POOL-s1-b100,rl,1.0,2,results/es_pool/ckpt_seed1_gen00100.npz,100,1,BT-v3,10068,0,1.0,1,0,0,gun_kill,111.44999999999581,100.0,23.75,3.999999999999994,111.44999999999581,0.047127468581687613,0.07360861759425494,0.0,4567.411597982827
POOL-s1-b100,rl,1.0,2,results/es_pool/ckpt_seed1_gen00100.npz,100,1,BT-v3,10068,1,1.0,1,0,0,gun_kill,112.14999999999577,100.0,17.5,3.999999999999994,112.14999999999577,0.0375,0.07678571428571429,0.0,
POOL-s1-b100,rl,1.0,2,results/es_pool/ckpt_seed1_gen00100.npz,100,1,BT-v3,10069,0,1.0,1,0,0,gun_kill,81.54999999999751,100.0,0.0,3.999999999999994,81.54999999999751,0.0,0.014127764127764128,0.02027027027027027,4270.121523343843
POOL-s1-b100,rl,1.0,2,results/es_pool/ckpt_seed1_gen00100.npz,100,1,BT-v3,10069,1,1.0,1,0,0,gun_kill,75.99999999999783,100.0,0.0,3.999999999999994,75.99999999999783,0.0,0.015171503957783642,0.030343007915567283,
POOL-s1-b100,rl,1.0,2,results/es_pool/ckpt_seed1_gen00100.npz,100,1,BT-v3,10070,0,1.0,1,0,0,gun_kill,86.04999999999725,100.0,0.0,3.999999999999994,86.04999999999725,0.0,0.014534883720930232,0.005232558139534884,4588.041747740062
POOL-s1-b100,rl,1.0,2,results/es_pool/ckpt_seed1_gen00100.npz,100,1,BT-v3,10070,1,1.0,1,0,0,gun_kill,73.89999999999795,100.0,8.75,3.999999999999994,73.89999999999795,0.0,0.018292682926829267,0.01964769647696477,
POOL-s1-b100,rl,1.0,2,results/es_pool/ckpt_seed1_gen00100.npz,100,1,BT-v3,10071,0,1.0,1,0,0,gun_kill,74.7499999999979,100.0,0.0,3.999999999999994,74.7499999999979,0.0,0.0,0.0013404825737265416,4140.9867252185395
POOL-s1-b100,rl,1.0,2,results/es_pool/ckpt_seed1_gen00100.npz,100,1,BT-v3,10071,1,1.0,1,0,0,gun_kill,69.89999999999817,100.0,0.0,3.999999999999994,69.89999999999817,0.0,0.0,0.004297994269340974,
POOL-s1-b100,rl,1.0,2,results/es_pool/ckpt_seed1_gen00100.npz,100,1,BT-v3,10072,0,0.5,0,1,0,timeout,120.19999999999531,12.5,0.0,0.49999999999999994,120.19999999999531,0.12603993344425957,0.057820299500831944,0.0,3088.170468611687
POOL-s1-b100,rl,1.0,2,results/es_pool/ckpt_seed1_gen00100.npz,100,1,BT-v3,10072,1,1.0,1,0,0,gun_kill,68.89999999999823,100.0,0.0,3.999999999999994,68.89999999999823,0.0,0.0,0.007267441860465116,
POOL-s1-b100,rl,1.0,2,results/es_pool/ckpt_seed1_gen00100.npz,100,1,BT-v3,10073,0,0.5,0,1,0,timeout,120.19999999999531,91.25,7.5,3.649999999999995,120.19999999999531,0.14018302828618967,0.08111480865224625,0.0,3774.554137252647
POOL-s1-b100,rl,1.0,2,results/es_pool/ckpt_seed1_gen00100.npz,100,1,BT-v3,10073,1,1.0,1,0,0,gun_kill,78.99999999999766,100.0,0.0,3.999999999999994,78.99999999999766,0.0,0.09581218274111675,0.021573604060913704,
POOL-s1-b100,rl,1.0,2,results/es_pool/ckpt_seed1_gen00100.npz,100,1,BT-v3,10074,0,0.5,0,1,0,timeout,120.19999999999531,46.25,0.0,1.850000000000001,120.19999999999531,0.14517470881863562,0.08652246256239601,0.004575707154742097,3698.064908449387
POOL-s1-b100,rl,1.0,2,results/es_pool/ckpt_seed1_gen00100.npz,100,1,BT-v3,10074,1,1.0,1,0,0,gun_kill,83.14999999999742,100.0,0.0,3.999999999999994,83.14999999999742,0.12289156626506025,0.11385542168674699,0.0,
POOL-s1-b100,rl,1.0,2,results/es_pool/ckpt_seed1_gen00100.npz,100,1,BT-v3,10075,0,1.0,1,0,0,gun_kill,70.24999999999815,100.0,0.0,3.999999999999994,70.24999999999815,0.0,0.04131054131054131,0.007834757834757835,4514.139957868486
POOL-s1-b100,rl,1.0,2,results/es_pool/ckpt_seed1_gen00100.npz,100,1,BT-v3,10075,1,0.5,0,1,0,timeout,120.19999999999531,38.75,0.0,1.5500000000000007,120.19999999999531,0.0,0.0632279534109817,0.0,
POOL-s1-b100,rl,1.0,2,results/es_pool/ckpt_seed1_gen00100.npz,100,1,BT-v3,10076,0,1.0,1,0,0,gun_kill,72.44999999999803,100.0,0.0,3.999999999999994,72.44999999999803,0.0,0.03798342541436464,0.027624309392265192,4441.870711765233
POOL-s1-b100,rl,1.0,2,results/es_pool/ckpt_seed1_gen00100.npz,100,1,BT-v3,10076,1,1.0,1,0,0,gun_kill,79.59999999999762,100.0,0.0,3.999999999999994,79.59999999999762,0.0,0.036523929471032744,0.01322418136020151,
POOL-s1-b100,rl,1.0,2,results/es_pool/ckpt_seed1_gen00100.npz,100,1,BT-v3,10077,0,1.0,1,0,0,gun_kill,57.49999999999887,100.0,0.0,3.999999999999994,57.49999999999887,0.0,0.06358885017421603,0.008710801393728223,3709.200551089696
POOL-s1-b100,rl,1.0,2,results/es_pool/ckpt_seed1_gen00100.npz,100,1,BT-v3,10077,1,0.5,0,1,0,timeout,120.19999999999531,52.5,0.0,2.1000000000000005,120.19999999999531,0.11980033277870217,0.048252911813643926,0.0,
POOL-s1-b100,rl,1.0,2,results/es_pool/ckpt_seed1_gen00100.npz,100,1,BT-v3,10078,0,1.0,1,0,0,gun_kill,61.449999999998646,100.0,0.0,3.999999999999994,61.449999999998646,0.0,0.20846905537459284,0.0,4447.634539593001
POOL-s1-b100,rl,1.0,2,results/es_pool/ckpt_seed1_gen00100.npz,100,1,BT-v3,10078,1,1.0,1,0,0,gun_kill,84.14999999999736,100.0,0.0,3.999999999999994,84.14999999999736,0.0,0.060714285714285714,0.005357142857142857,
POOL-s1-b100,rl,1.0,2,results/es_pool/ckpt_seed1_gen00100.npz,100,1,BT-v3,10079,0,1.0,1,0,0,gun_kill,67.94999999999828,100.0,0.0,3.999999999999994,67.94999999999828,0.0,0.0,0.005162241887905605,4275.58266490465
POOL-s1-b100,rl,1.0,2,results/es_pool/ckpt_seed1_gen00100.npz,100,1,BT-v3,10079,1,1.0,1,0,0,gun_kill,68.64999999999824,100.0,15.0,3.999999999999994,68.64999999999824,0.02478134110787172,0.08746355685131195,0.0036443148688046646,
POOL-s1-b100,rl,1.0,2,results/es_pool/ckpt_seed1_gen00100.npz,100,1,BT-v3,10080,0,1.0,1,0,0,gun_kill,58.7499999999988,100.0,0.0,3.999999999999994,58.7499999999988,0.0,0.04948805460750853,0.0,3812.218851106001
POOL-s1-b100,rl,1.0,2,results/es_pool/ckpt_seed1_gen00100.npz,100,1,BT-v3,10080,1,1.0,1,0,0,gun_kill,59.84999999999874,100.0,0.0,3.999999999999994,59.84999999999874,0.0,0.047658862876254184,0.004180602006688963,
POOL-s1-b100,rl,1.0,2,results/es_pool/ckpt_seed1_gen00100.npz,100,1,BT-v3,10081,0,1.0,1,0,0,gun_kill,106.84999999999607,100.0,11.25,3.999999999999994,106.84999999999607,0.0,0.0,0.0,4685.357570766609
POOL-s1-b100,rl,1.0,2,results/es_pool/ckpt_seed1_gen00100.npz,100,1,BT-v3,10081,1,0.5,0,1,0,timeout,120.19999999999531,80.0,23.75,3.1999999999999966,120.19999999999531,0.03993344425956739,0.022878535773710483,0.020798668885191347,
POOL-s1-b100,rl,1.0,2,results/es_pool/ckpt_seed1_gen00100.npz,100,1,BT-v3,10082,0,1.0,1,0,0,gun_kill,74.89999999999789,100.0,12.5,3.999999999999994,74.89999999999789,0.0,0.05949197860962567,0.01804812834224599,4084.3931780529388
POOL-s1-b100,rl,1.0,2,results/es_pool/ckpt_seed1_gen00100.npz,100,1,BT-v3,10082,1,1.0,1,0,0,gun_kill,74.24999999999793,100.0,0.0,3.999999999999994,74.24999999999793,0.0,0.07075471698113207,0.014824797843665768,
POOL-s1-b100,rl,1.0,2,results/es_pool/ckpt_seed1_gen00100.npz,100,1,BT-v3,10083,0,1.0,1,0,0,gun_kill,79.39999999999763,100.0,0.0,3.999999999999994,79.39999999999763,0.0,0.08585858585858586,0.015151515151515152,4308.830837554369
POOL-s1-b100,rl,1.0,2,results/es_pool/ckpt_seed1_gen00100.npz,100,1,BT-v3,10083,1,1.0,1,0,0,gun_kill,70.94999999999811,100.0,0.0,3.999999999999994,70.94999999999811,0.0,0.1518361581920904,0.014124293785310734,
POOL-s1-b100,rl,1.0,2,results/es_pool/ckpt_seed1_gen00100.npz,100,1,BT-v3,10084,0,1.0,1,0,0,gun_kill,74.6499999999979,100.0,0.0,3.999999999999994,74.6499999999979,0.0,0.0,0.0,4189.1355407869605
POOL-s1-b100,rl,1.0,2,results/es_pool/ckpt_seed1_gen00100.npz,100,1,BT-v3,10084,1,1.0,1,0,0,gun_kill,80.34999999999758,100.0,0.0,3.999999999999994,80.34999999999758,0.0,0.0,0.00685785536159601,
POOL-s1-b100,rl,1.0,2,results/es_pool/ckpt_seed1_gen00100.npz,100,1,BT-v3,10085,0,1.0,1,0,0,gun_kill,72.999999999998,100.0,0.0,3.999999999999994,72.999999999998,0.0,0.0,0.003434065934065934,4366.059284908259
POOL-s1-b100,rl,1.0,2,results/es_pool/ckpt_seed1_gen00100.npz,100,1,BT-v3,10085,1,1.0,1,0,0,gun_kill,73.44999999999797,100.0,17.5,3.999999999999994,73.44999999999797,0.0,0.0,0.030653950953678476,
POOL-s1-b100,rl,1.0,2,results/es_pool/ckpt_seed1_gen00100.npz,100,1,BT-v3,10086,0,1.0,1,0,0,gun_kill,66.99999999999834,100.0,0.0,3.999999999999994,66.99999999999834,0.0,0.0,0.0,4127.876277640066
POOL-s1-b100,rl,1.0,2,results/es_pool/ckpt_seed1_gen00100.npz,100,1,BT-v3,10086,1,1.0,1,0,0,gun_kill,85.09999999999731,100.0,0.0,3.999999999999994,85.09999999999731,0.0,0.0,0.005294117647058823,
POOL-s1-b100,rl,1.0,2,results/es_pool/ckpt_seed1_gen00100.npz,100,1,BT-v3,10087,0,1.0,1,0,0,gun_kill,66.59999999999836,100.0,0.0,3.999999999999994,66.59999999999836,0.0,0.08283132530120482,0.009789156626506024,4088.143339614336
POOL-s1-b100,rl,1.0,2,results/es_pool/ckpt_seed1_gen00100.npz,100,1,BT-v3,10087,1,0.0,0,0,1,crash,37.05000000000003,0.0,2.5,0.0,37.05000000000003,0.15135135135135136,0.8851351351351351,0.013513513513513514,
POOL-s1-b100,rl,1.0,2,results/es_pool/ckpt_seed1_gen00100.npz,100,1,BT-v3,10088,0,1.0,1,0,0,gun_kill,71.49999999999808,100.0,0.0,3.999999999999994,71.49999999999808,0.0,0.0,0.015406162464985995,3907.624920559882
POOL-s1-b100,rl,1.0,2,results/es_pool/ckpt_seed1_gen00100.npz,100,1,BT-v3,10088,1,1.0,1,0,0,gun_kill,72.59999999999802,100.0,0.0,3.999999999999994,72.59999999999802,0.0,0.0,0.0,
POOL-s1-b100,rl,1.0,2,results/es_pool/ckpt_seed1_gen00100.npz,100,1,BT-v3,10089,0,1.0,1,0,0,gun_kill,94.84999999999675,100.0,0.0,3.999999999999994,94.84999999999675,0.0,0.0,0.0,4906.271420449683
POOL-s1-b100,rl,1.0,2,results/es_pool/ckpt_seed1_gen00100.npz,100,1,BT-v3,10089,1,1.0,1,0,0,gun_kill,80.79999999999755,100.0,0.0,3.999999999999994,80.79999999999755,0.0,0.0,0.0,
POOL-s1-b100,rl,1.0,2,results/es_pool/ckpt_seed1_gen00100.npz,100,1,BT-v3,10090,0,1.0,1,0,0,gun_kill,52.849999999999135,100.0,0.0,3.999999999999994,52.849999999999135,0.011363636363636364,0.041666666666666664,0.02462121212121212,3417.897472266477
POOL-s1-b100,rl,1.0,2,results/es_pool/ckpt_seed1_gen00100.npz,100,1,BT-v3,10090,1,1.0,1,0,0,gun_kill,67.14999999999833,100.0,0.0,3.999999999999994,67.14999999999833,0.11119402985074626,0.07164179104477612,0.008955223880597015,
POOL-s1-b100,rl,1.0,2,results/es_pool/ckpt_seed1_gen00100.npz,100,1,BT-v3,10091,0,0.5,0,1,0,timeout,120.19999999999531,91.25,0.0,3.649999999999995,120.19999999999531,0.1480865224625624,0.1360232945091514,0.004159733777038269,2969.794857767167
POOL-s1-b100,rl,1.0,2,results/es_pool/ckpt_seed1_gen00100.npz,100,1,BT-v3,10091,1,1.0,1,0,0,gun_kill,56.44999999999893,100.0,2.5,3.999999999999994,56.44999999999893,0.0,0.23049645390070922,0.0017730496453900709,
POOL-s1-b100,rl,1.0,2,results/es_pool/ckpt_seed1_gen00100.npz,100,1,BT-v3,10092,0,1.0,1,0,0,gun_kill,81.29999999999752,100.0,6.25,3.999999999999994,81.29999999999752,0.0,0.0,0.007389162561576354,4503.966322864762
POOL-s1-b100,rl,1.0,2,results/es_pool/ckpt_seed1_gen00100.npz,100,1,BT-v3,10092,1,1.0,1,0,0,gun_kill,70.49999999999814,100.0,0.0,3.999999999999994,70.49999999999814,0.0,0.0,0.01065340909090909,
POOL-s1-b100,rl,1.0,2,results/es_pool/ckpt_seed1_gen00100.npz,100,1,BT-v3,10093,0,1.0,1,0,0,gun_kill,87.64999999999716,100.0,0.0,3.999999999999994,87.64999999999716,0.0,0.0,0.0,4648.136582020446
POOL-s1-b100,rl,1.0,2,results/es_pool/ckpt_seed1_gen00100.npz,100,1,BT-v3,10093,1,1.0,1,0,0,gun_kill,81.89999999999749,100.0,18.75,3.999999999999994,81.89999999999749,0.0,0.0,0.006112469437652812,
POOL-s1-b100,rl,1.0,2,results/es_pool/ckpt_seed1_gen00100.npz,100,1,BT-v3,10094,0,0.5,0,1,0,timeout,120.19999999999531,16.25,0.0,0.65,120.19999999999531,0.0,0.10024958402662229,0.0,3071.808628857983
POOL-s1-b100,rl,1.0,2,results/es_pool/ckpt_seed1_gen00100.npz,100,1,BT-v3,10094,1,1.0,1,0,0,gun_kill,38.749999999999936,100.0,0.0,3.999999999999994,38.749999999999936,0.0,0.23186528497409326,0.0,
POOL-s1-b100,rl,1.0,2,results/es_pool/ckpt_seed1_gen00100.npz,100,1,BT-v3,10095,0,1.0,1,0,0,gun_kill,70.49999999999814,100.0,0.0,3.999999999999994,70.49999999999814,0.0,0.002130681818181818,0.009943181818181818,4157.731436535002
POOL-s1-b100,rl,1.0,2,results/es_pool/ckpt_seed1_gen00100.npz,100,1,BT-v3,10095,1,1.0,1,0,0,gun_kill,82.74999999999744,100.0,0.0,3.999999999999994,82.74999999999744,0.0,0.0018159806295399517,0.0,
POOL-s1-b100,rl,1.0,2,results/es_pool/ckpt_seed1_gen00100.npz,100,1,BT-v3,10096,0,0.5,0,1,0,timeout,120.19999999999531,0.0,25.0,0.0,120.19999999999531,0.0,0.06655574043261231,0.0,5755.230565703361
POOL-s1-b100,rl,1.0,2,results/es_pool/ckpt_seed1_gen00100.npz,100,1,BT-v3,10096,1,1.0,1,0,0,gun_kill,60.14999999999872,100.0,0.0,3.999999999999994,60.14999999999872,0.0,0.19083333333333333,0.020833333333333332,
POOL-s1-b100,rl,1.0,2,results/es_pool/ckpt_seed1_gen00100.npz,100,1,BT-v3,10097,0,1.0,1,0,0,gun_kill,73.64999999999796,100.0,0.0,3.999999999999994,73.64999999999796,0.0,0.08899456521739131,0.0,4369.943907919392
POOL-s1-b100,rl,1.0,2,results/es_pool/ckpt_seed1_gen00100.npz,100,1,BT-v3,10097,1,1.0,1,0,0,gun_kill,53.94999999999907,100.0,22.5,3.999999999999994,53.94999999999907,0.0,0.18773234200743494,0.0,
POOL-s1-b100,rl,1.0,2,results/es_pool/ckpt_seed1_gen00100.npz,100,1,BT-v3,10098,0,1.0,1,0,0,gun_kill,75.89999999999783,100.0,0.0,3.999999999999994,75.89999999999783,0.05474934036939314,0.10290237467018469,0.005277044854881266,3294.0440095397976
POOL-s1-b100,rl,1.0,2,results/es_pool/ckpt_seed1_gen00100.npz,100,1,BT-v3,10098,1,0.5,0,1,0,timeout,120.19999999999531,38.75,7.5,1.5500000000000007,120.19999999999531,0.1264559068219634,0.1572379367720466,0.0,
POOL-s1-b100,rl,1.0,2,results/es_pool/ckpt_seed1_gen00100.npz,100,1,BT-v3,10099,0,1.0,1,0,0,gun_kill,68.34999999999826,100.0,0.0,3.999999999999994,68.34999999999826,0.0,0.0,0.017595307917888565,3625.280989522489
POOL-s1-b100,rl,1.0,2,results/es_pool/ckpt_seed1_gen00100.npz,100,1,BT-v3,10099,1,1.0,1,0,0,gun_kill,60.14999999999872,100.0,0.0,3.999999999999994,60.14999999999872,0.0,0.0,0.029166666666666667,
POOL-s2-b100,rl,1.0,2,results/es_pool/ckpt_seed2_gen00100.npz,100,2,BT-v2,10000,0,0.0,0,0,1,crash,96.14999999999668,0.0,0.0,0.0,96.14999999999668,0.22604166666666667,0.033854166666666664,0.015625,3636.190860996851
POOL-s2-b100,rl,1.0,2,results/es_pool/ckpt_seed2_gen00100.npz,100,2,BT-v2,10000,1,0.0,0,0,1,crash,94.89999999999675,0.0,0.0,0.0,94.89999999999675,0.22468354430379747,0.041666666666666664,0.0015822784810126582,
POOL-s2-b100,rl,1.0,2,results/es_pool/ckpt_seed2_gen00100.npz,100,2,BT-v2,10001,0,0.0,0,0,1,crash,114.24999999999565,0.0,38.75,0.0,114.24999999999565,0.18476357267950963,0.003064798598949212,0.0,4175.816415852261
POOL-s2-b100,rl,1.0,2,results/es_pool/ckpt_seed2_gen00100.npz,100,2,BT-v2,10001,1,0.5,0,1,0,timeout,120.19999999999531,75.0,0.0,2.9999999999999973,120.19999999999531,0.019550748752079867,0.0020798668885191347,0.0,
POOL-s2-b100,rl,1.0,2,results/es_pool/ckpt_seed2_gen00100.npz,100,2,BT-v2,10002,0,0.0,0,0,1,crash,96.99999999999663,6.25,0.0,0.25,96.99999999999663,0.22830578512396693,0.047520661157024795,0.009297520661157025,3562.4108499950903
POOL-s2-b100,rl,1.0,2,results/es_pool/ckpt_seed2_gen00100.npz,100,2,BT-v2,10002,1,0.0,0,0,1,crash,93.9999999999968,0.0,0.0,0.0,93.9999999999968,0.23880597014925373,0.06929637526652452,0.008528784648187633,
POOL-s2-b100,rl,1.0,2,results/es_pool/ckpt_seed2_gen00100.npz,100,2,BT-v2,10003,0,0.0,0,0,1,crash,89.64999999999705,0.0,0.0,0.0,89.64999999999705,0.17410714285714285,0.11607142857142858,0.016741071428571428,4323.156080782979
POOL-s2-b100,rl,1.0,2,results/es_pool/ckpt_seed2_gen00100.npz,100,2,BT-v2,10003,1,0.5,0,1,0,timeout,120.19999999999531,32.5,0.0,1.3000000000000005,120.19999999999531,0.055324459234608984,0.08069883527454243,0.0,
POOL-s2-b100,rl,1.0,2,results/es_pool/ckpt_seed2_gen00100.npz,100,2,BT-v2,10004,0,0.0,0,0,1,crash,84.99999999999731,0.0,2.5,0.0,84.99999999999731,0.1892688679245283,0.044221698113207544,0.0,3912.400471304263
POOL-s2-b100,rl,1.0,2,results/es_pool/ckpt_seed2_gen00100.npz,100,2,BT-v2,10004,1,0.5,0,1,0,timeout,120.19999999999531,82.5,0.0,3.2999999999999963,120.19999999999531,0.0,0.044509151414309486,0.0,
POOL-s2-b100,rl,1.0,2,results/es_pool/ckpt_seed2_gen00100.npz,100,2,BT-v2,10005,0,0.0,0,0,1,crash,71.69999999999807,0.0,15.0,0.0,71.69999999999807,0.22276536312849163,0.30935754189944137,0.017458100558659217,3837.004702101209
POOL-s2-b100,rl,1.0,2,results/es_pool/ckpt_seed2_gen00100.npz,100,2,BT-v2,10005,1,0.0,0,0,1,crash,88.6499999999971,13.75,0.0,0.5499999999999999,88.6499999999971,0.24774266365688488,0.1811512415349887,0.017494356659142212,
POOL-s2-b100,rl,1.0,2,results/es_pool/ckpt_seed2_gen00100.npz,100,2,BT-v2,10006,0,0.0,0,0,1,crash,88.24999999999713,0.0,0.0,0.0,88.24999999999713,0.23639455782312926,0.013605442176870748,0.0,3706.844769942991
POOL-s2-b100,rl,1.0,2,results/es_pool/ckpt_seed2_gen00100.npz,100,2,BT-v2,10006,1,0.0,0,0,1,crash,96.69999999999665,0.0,0.0,0.0,96.69999999999665,0.229296066252588,0.010869565217391304,0.0,
POOL-s2-b100,rl,1.0,2,results/es_pool/ckpt_seed2_gen00100.npz,100,2,BT-v2,10007,0,0.0,0,0,1,crash,73.59999999999796,6.25,0.0,0.25,73.59999999999796,0.19822888283378748,0.05722070844686648,0.02452316076294278,3617.5945415934607
POOL-s2-b100,rl,1.0,2,results/es_pool/ckpt_seed2_gen00100.npz,100,2,BT-v2,10007,1,0.0,0,0,1,crash,107.34999999999604,3.75,0.0,0.15000000000000002,107.34999999999604,0.21361940298507462,0.05643656716417911,0.03311567164179104,
POOL-s2-b100,rl,1.0,2,results/es_pool/ckpt_seed2_gen00100.npz,100,2,BT-v2,10008,0,0.0,0,0,1,crash,72.59999999999802,0.0,0.0,0.0,72.59999999999802,0.21823204419889503,0.09461325966850828,0.020027624309392266,3785.237665014002
POOL-s2-b100,rl,1.0,2,results/es_pool/ckpt_seed2_gen00100.npz,100,2,BT-v2,10008,1,1.0,1,0,0,crash,111.99999999999578,5.0,0.0,0.2,111.99999999999578,0.21153846153846154,0.04785330948121646,0.0,
POOL-s2-b100,rl,1.0,2,results/es_pool/ckpt_seed2_gen00100.npz,100,2,BT-v2,10009,0,0.0,0,0,1,crash,85.79999999999727,0.0,0.0,0.0,85.79999999999727,0.1991822429906542,0.06191588785046729,0.018691588785046728,3990.198240359407
POOL-s2-b100,rl,1.0,2,results/es_pool/ckpt_seed2_gen00100.npz,100,2,BT-v2,10009,1,0.5,0,1,0,timeout,120.19999999999531,37.5,0.0,1.5000000000000007,120.19999999999531,0.17054908485856904,0.03410981697171381,0.0,
POOL-s2-b100,rl,1.0,2,results/es_pool/ckpt_seed2_gen00100.npz,100,2,BT-v2,10010,0,0.0,0,0,1,crash,80.89999999999755,17.5,0.0,0.7000000000000001,80.89999999999755,0.2964108910891089,0.11200495049504951,0.022277227722772276,3188.2726687916975
POOL-s2-b100,rl,1.0,2,results/es_pool/ckpt_seed2_gen00100.npz,100,2,BT-v2,10010,1,0.0,0,0,1,crash,54.09999999999906,0.0,11.25,0.0,54.09999999999906,0.2638888888888889,0.23148148148148148,0.010185185185185186,
POOL-s2-b100,rl,1.0,2,results/es_pool/ckpt_seed2_gen00100.npz,100,2,BT-v2,10011,0,0.0,0,0,1,crash,89.59999999999705,0.0,0.0,0.0,89.59999999999705,0.16554809843400448,0.0,0.0,4346.2350242666525
POOL-s2-b100,rl,1.0,2,results/es_pool/ckpt_seed2_gen00100.npz,100,2,BT-v2,10011,1,0.0,0,0,1,crash,87.14999999999719,16.25,0.0,0.65,87.14999999999719,0.18735632183908046,0.0,0.01206896551724138,
POOL-s2-b100,rl,1.0,2,results/es_pool/ckpt_seed2_gen00100.npz,100,2,BT-v2,10012,0,0.0,0,0,1,crash,52.39999999999916,0.0,13.75,0.0,52.39999999999916,0.29022988505747127,0.6513409961685823,0.0,3758.767266685711
POOL-s2-b100,rl,1.0,2,results/es_pool/ckpt_seed2_gen00100.npz,100,2,BT-v2,10012,1,0.0,0,0,1,crash,61.24999999999866,5.0,0.0,0.2,61.24999999999866,0.25326797385620914,0.255718954248366,0.00980392156862745,
POOL-s2-b100,rl,1.0,2,results/es_pool/ckpt_seed2_gen00100.npz,100,2,BT-v2,10013,0,0.0,0,0,1,crash,108.99999999999595,0.0,0.0,0.0,108.99999999999595,0.203125,0.03860294117647059,0.0,3968.8741181924297
POOL-s2-b100,rl,1.0,2,results/es_pool/ckpt_seed2_gen00100.npz,100,2,BT-v2,10013,1,0.0,0,0,1,crash,109.74999999999591,0.0,0.0,0.0,109.74999999999591,0.16195255474452555,0.047901459854014596,0.0,
POOL-s2-b100,rl,1.0,2,results/es_pool/ckpt_seed2_gen00100.npz,100,2,BT-v2,10014,0,0.0,0,0,1,crash,106.59999999999609,8.75,0.0,0.35,106.59999999999609,0.21663533834586465,0.0,0.011278195488721804,3902.2054699212918
POOL-s2-b100,rl,1.0,2,results/es_pool/ckpt_seed2_gen00100.npz,100,2,BT-v2,10014,1,0.0,0,0,1,crash,86.64999999999722,0.0,0.0,0.0,86.64999999999722,0.1859122401847575,0.0,0.011547344110854504,
POOL-s2-b100,rl,1.0,2,results/es_pool/ckpt_seed2_gen00100.npz,100,2,BT-v2,10015,0,0.0,0,0,1,crash,73.49999999999797,0.0,16.25,0.0,73.49999999999797,0.21321525885558584,0.0,0.0170299727520436,3579.9919871218194
POOL-s2-b100,rl,1.0,2,results/es_pool/ckpt_seed2_gen00100.npz,100,2,BT-v2,10015,1,0.0,0,0,1,crash,109.04999999999595,20.0,0.0,0.8000000000000002,109.04999999999595,0.20229357798165137,0.0,0.0,
POOL-s2-b100,rl,1.0,2,results/es_pool/ckpt_seed2_gen00100.npz,100,2,BT-v2,10016,0,0.0,0,0,1,crash,91.69999999999693,0.0,0.0,0.0,91.69999999999693,0.22762008733624453,0.0,0.0032751091703056767,3541.9694455802733
POOL-s2-b100,rl,1.0,2,results/es_pool/ckpt_seed2_gen00100.npz,100,2,BT-v2,10016,1,0.0,0,0,1,crash,91.99999999999692,8.75,3.75,0.35,91.99999999999692,0.24019607843137256,0.0,0.0196078431372549,
POOL-s2-b100,rl,1.0,2,results/es_pool/ckpt_seed2_gen00100.npz,100,2,BT-v2,10017,0,0.0,0,0,1,crash,87.34999999999718,0.0,48.75,0.0,87.34999999999718,0.17373853211009174,0.04357798165137615,0.0,4144.318819742109
POOL-s2-b100,rl,1.0,2,results/es_pool/ckpt_seed2_gen00100.npz,100,2,BT-v2,10017,1,1.0,1,0,0,gun_kill,34.65000000000017,100.0,0.0,3.999999999999994,34.65000000000017,0.0,0.16329479768786126,0.0,
POOL-s2-b100,rl,1.0,2,results/es_pool/ckpt_seed2_gen00100.npz,100,2,BT-v2,10018,0,0.0,0,0,1,crash,97.4999999999966,0.0,0.0,0.0,97.4999999999966,0.20944558521560575,0.04158110882956879,0.0,3574.4187647623326
POOL-s2-b100,rl,1.0,2,results/es_pool/ckpt_seed2_gen00100.npz,100,2,BT-v2,10018,1,0.0,0,0,1,crash,68.84999999999823,6.25,0.0,0.25,68.84999999999823,0.23546511627906977,0.030523255813953487,0.015988372093023256,
POOL-s2-b100,rl,1.0,2,results/es_pool/ckpt_seed2_gen00100.npz,100,2,BT-v2,10019,0,0.0,0,0,1,crash,101.99999999999635,0.0,0.0,0.0,101.99999999999635,0.20726915520628683,0.0,0.01424361493123772,3716.2878589100937
POOL-s2-b100,rl,1.0,2,results/es_pool/ckpt_seed2_gen00100.npz,100,2,BT-v2,10019,1,0.0,0,0,1,crash,107.29999999999605,0.0,0.0,0.0,107.29999999999605,0.20848880597014927,0.0,0.017723880597014924,
POOL-s2-b100,rl,1.0,2,results/es_pool/ckpt_seed2_gen00100.npz,100,2,BT-v2,10020,0,0.0,0,0,1,crash,88.09999999999714,16.25,0.0,0.65,88.09999999999714,0.18693181818181817,0.0,0.017613636363636363,4247.455575461067
POOL-s2-b100,rl,1.0,2,results/es_pool/ckpt_seed2_gen00100.npz,100,2,BT-v2,10020,1,0.0,0,0,1,crash,113.69999999999568,6.25,0.0,0.25,113.69999999999568,0.19410211267605634,0.0,0.014084507042253521,
POOL-s2-b100,rl,1.0,2,results/es_pool/ckpt_seed2_gen00100.npz,100,2,BT-v2,10021,0,0.0,0,0,1,crash,47.94999999999941,0.0,2.5,0.0,47.94999999999941,0.28765690376569036,0.9916317991631799,0.0,4137.227110979033
POOL-s2-b100,rl,1.0,2,results/es_pool/ckpt_seed2_gen00100.npz,100,2,BT-v2,10021,1,0.0,0,0,1,crash,63.199999999998546,0.0,0.0,0.0,63.199999999998546,0.23412698412698413,0.2126984126984127,0.012698412698412698,
POOL-s2-b100,rl,1.0,2,results/es_pool/ckpt_seed2_gen00100.npz,100,2,BT-v2,10022,0,0.0,0,0,1,crash,110.19999999999588,12.5,0.0,0.49999999999999994,110.19999999999588,0.1990909090909091,0.046363636363636364,0.0,4031.0812379918652
POOL-s2-b100,rl,1.0,2,results/es_pool/ckpt_seed2_gen00100.npz,100,2,BT-v2,10022,1,0.0,0,0,1,crash,114.94999999999561,25.0,0.0,1.0000000000000002,114.94999999999561,0.1946864111498258,0.04573170731707317,0.005226480836236934,
POOL-s2-b100,rl,1.0,2,results/es_pool/ckpt_seed2_gen00100.npz,100,2,BT-v2,10023,0,0.0,0,0,1,crash,109.44999999999592,0.0,0.0,0.0,109.44999999999592,0.20338208409506398,0.041590493601462525,0.0013711151736745886,4019.915628088107
POOL-s2-b100,rl,1.0,2,results/es_pool/ckpt_seed2_gen00100.npz,100,2,BT-v2,10023,1,0.0,0,0,1,crash,119.14999999999537,0.0,0.0,0.0,119.14999999999537,0.17521008403361343,0.04957983193277311,0.0,
POOL-s2-b100,rl,1.0,2,results/es_pool/ckpt_seed2_gen00100.npz,100,2,BT-v2,10024,0,0.0,0,0,1,crash,72.849999999998,5.0,0.0,0.2,72.849999999998,0.2287087912087912,0.05837912087912088,0.0,3762.198315659994
POOL-s2-b100,rl,1.0,2,results/es_pool/ckpt_seed2_gen00100.npz,100,2,BT-v2,10024,1,0.0,0,0,1,crash,59.64999999999875,0.0,18.75,0.0,59.64999999999875,0.2516778523489933,0.11996644295302013,0.0,
POOL-s2-b100,rl,1.0,2,results/es_pool/ckpt_seed2_gen00100.npz,100,2,BT-v2,10025,0,0.5,0,1,0,timeout,120.19999999999531,0.0,0.0,0.0,120.19999999999531,0.14143094841930118,0.037853577371048254,0.009151414309484194,4464.7532313314605
POOL-s2-b100,rl,1.0,2,results/es_pool/ckpt_seed2_gen00100.npz,100,2,BT-v2,10025,1,0.5,0,1,0,timeout,120.19999999999531,8.75,0.0,0.35,120.19999999999531,0.04076539101497504,0.04159733777038269,0.0,
POOL-s2-b100,rl,1.0,2,results/es_pool/ckpt_seed2_gen00100.npz,100,2,BT-v2,10026,0,0.0,0,0,1,crash,97.29999999999661,0.0,0.0,0.0,97.29999999999661,0.22119341563786007,0.09053497942386832,0.01646090534979424,3610.1981645731157
POOL-s2-b100,rl,1.0,2,results/es_pool/ckpt_seed2_gen00100.npz,100,2,BT-v2,10026,1,0.0,0,0,1,crash,85.39999999999729,0.0,0.0,0.0,85.39999999999729,0.2634976525821596,0.10211267605633803,0.006455399061032864,
POOL-s2-b100,rl,1.0,2,results/es_pool/ckpt_seed2_gen00100.npz,100,2,BT-v2,10027,0,0.0,0,0,1,crash,73.44999999999797,0.0,0.0,0.0,73.44999999999797,0.3024523160762943,0.20912806539509537,0.007493188010899182,3258.5603394757213
POOL-s2-b100,rl,1.0,2,results/es_pool/ckpt_seed2_gen00100.npz,100,2,BT-v2,10027,1,0.0,0,0,1,crash,66.49999999999837,0.0,23.75,0.0,66.49999999999837,0.3200301204819277,0.2808734939759036,0.004518072289156626,
POOL-s2-b100,rl,1.0,2,results/es_pool/ckpt_seed2_gen00100.npz,100,2,BT-v2,10028,0,0.0,0,0,1,crash,89.54999999999706,0.0,23.75,0.0,89.54999999999706,0.23657718120805368,0.0,0.007829977628635347,3760.522726240121
POOL-s2-b100,rl,1.0,2,results/es_pool/ckpt_seed2_gen00100.npz,100,2,BT-v2,10028,1,0.0,0,0,1,crash,102.04999999999634,10.0,0.0,0.39999999999999997,102.04999999999634,0.22254901960784312,0.0,0.005392156862745098,
POOL-s2-b100,rl,1.0,2,results/es_pool/ckpt_seed2_gen00100.npz,100,2,BT-v2,10029,0,0.0,0,0,1,crash,70.99999999999811,0.0,0.0,0.0,70.99999999999811,0.2097457627118644,0.002824858757062147,0.0,4055.1352379320406
POOL-s2-b100,rl,1.0,2,results/es_pool/ckpt_seed2_gen00100.npz,100,2,BT-v2,10029,1,0.0,0,0,1,crash,76.3999999999978,0.0,0.0,0.0,76.3999999999978,0.21391076115485563,0.0,0.0,
POOL-s2-b100,rl,1.0,2,results/es_pool/ckpt_seed2_gen00100.npz,100,2,BT-v2,10030,0,0.0,0,0,1,crash,93.59999999999683,0.0,0.0,0.0,93.59999999999683,0.23822269807280513,0.11991434689507495,0.0,3629.924372282232
POOL-s2-b100,rl,1.0,2,results/es_pool/ckpt_seed2_gen00100.npz,100,2,BT-v2,10030,1,0.0,0,0,1,crash,89.59999999999705,0.0,0.0,0.0,89.59999999999705,0.2550335570469799,0.1029082774049217,0.006711409395973154,
POOL-s2-b100,rl,1.0,2,results/es_pool/ckpt_seed2_gen00100.npz,100,2,BT-v2,10031,0,0.0,0,0,1,crash,79.74999999999761,0.0,0.0,0.0,79.74999999999761,0.2776381909547739,0.17902010050251257,0.0,3545.3729212197363
POOL-s2-b100,rl,1.0,2,results/es_pool/ckpt_seed2_gen00100.npz,100,2,BT-v2,10031,1,0.0,0,0,1,crash,81.29999999999752,0.0,0.0,0.0,81.29999999999752,0.27155172413793105,0.16379310344827586,0.0,
POOL-s2-b100,rl,1.0,2,results/es_pool/ckpt_seed2_gen00100.npz,100,2,BT-v2,10032,0,0.0,0,0,1,crash,65.74999999999841,0.0,0.0,0.0,65.74999999999841,0.23246951219512196,0.1486280487804878,0.010670731707317074,3353.9069697501745
POOL-s2-b100,rl,1.0,2,results/es_pool/ckpt_seed2_gen00100.npz,100,2,BT-v2,10032,1,0.0,0,0,1,crash,89.94999999999703,0.0,0.0,0.0,89.94999999999703,0.2388641425389755,0.06904231625835189,0.015590200445434299,
POOL-s2-b100,rl,1.0,2,results/es_pool/ckpt_seed2_gen00100.npz,100,2,BT-v2,10033,0,0.0,0,0,1,crash,80.74999999999756,0.0,0.0,0.0,80.74999999999756,0.19044665012406947,0.034119106699751864,0.007444168734491315,4060.1365409332625
POOL-s2-b100,rl,1.0,2,results/es_pool/ckpt_seed2_gen00100.npz,100,2,BT-v2,10033,1,0.0,0,0,1,crash,105.04999999999617,18.75,2.5,0.7500000000000001,105.04999999999617,0.2123809523809524,0.05285714285714286,0.008095238095238095,
POOL-s2-b100,rl,1.0,2,results/es_pool/ckpt_seed2_gen00100.npz,100,2,BT-v2,10034,0,0.0,0,0,1,crash,80.14999999999759,0.0,0.0,0.0,80.14999999999759,0.191875,0.095625,0.01625,3883.904675518304
POOL-s2-b100,rl,1.0,2,results/es_pool/ckpt_seed2_gen00100.npz,100,2,BT-v2,10034,1,0.0,0,0,1,crash,112.24999999999577,36.25,0.0,1.4500000000000006,112.24999999999577,0.2103386809269162,0.07174688057040998,0.0,
POOL-s2-b100,rl,1.0,2,results/es_pool/ckpt_seed2_gen00100.npz,100,2,BT-v2,10035,0,0.0,0,0,1,crash,78.34999999999769,0.0,18.75,0.0,78.34999999999769,0.26214833759590794,0.03388746803069054,0.0,3450.0077443802193
POOL-s2-b100,rl,1.0,2,results/es_pool/ckpt_seed2_gen00100.npz,100,2,BT-v2,10035,1,0.0,0,0,1,crash,86.64999999999722,0.0,0.0,0.0,86.64999999999722,0.2586605080831409,0.032909930715935336,0.005773672055427252,
POOL-s2-b100,rl,1.0,2,results/es_pool/ckpt_seed2_gen00100.npz,100,2,BT-v2,10036,0,0.0,0,0,1,crash,80.59999999999756,0.0,0.0,0.0,80.59999999999756,0.26927860696517414,0.017412935323383085,0.007462686567164179,3445.5242359359954
POOL-s2-b100,rl,1.0,2,results/es_pool/ckpt_seed2_gen00100.npz,100,2,BT-v2,10036,1,0.0,0,0,1,crash,92.09999999999691,0.0,0.0,0.0,92.09999999999691,0.22771739130434782,0.011956521739130435,0.008695652173913044,
POOL-s2-b100,rl,1.0,2,results/es_pool/ckpt_seed2_gen00100.npz,100,2,BT-v2,10037,0,0.0,0,0,1,crash,74.34999999999792,0.0,0.0,0.0,74.34999999999792,0.19743935309973046,0.1650943396226415,0.0,3890.504594616108
POOL-s2-b100,rl,1.0,2,results/es_pool/ckpt_seed2_gen00100.npz,100,2,BT-v2,10037,1,0.5,0,1,0,timeout,120.19999999999531,95.0,0.0,3.7999999999999945,120.19999999999531,0.0,0.09317803660565724,0.0,
POOL-s2-b100,rl,1.0,2,results/es_pool/ckpt_seed2_gen00100.npz,100,2,BT-v2,10038,0,0.0,0,0,1,crash,85.74999999999727,0.0,0.0,0.0,85.74999999999727,0.19567757009345793,0.04789719626168224,0.016355140186915886,4107.727737762152
POOL-s2-b100,rl,1.0,2,results/es_pool/ckpt_seed2_gen00100.npz,100,2,BT-v2,10038,1,0.0,0,0,1,crash,117.69999999999546,7.5,0.0,0.3,117.69999999999546,0.19642857142857142,0.03188775510204082,0.01913265306122449,
POOL-s2-b100,rl,1.0,2,results/es_pool/ckpt_seed2_gen00100.npz,100,2,BT-v2,10039,0,0.0,0,0,1,crash,58.299999999998825,12.5,0.0,0.49999999999999994,58.299999999998825,0.27835051546391754,0.05584192439862543,0.01288659793814433,3263.74879980944
POOL-s2-b100,rl,1.0,2,results/es_pool/ckpt_seed2_gen00100.npz,100,2,BT-v2,10039,1,0.0,0,0,1,crash,47.34999999999945,0.0,8.75,0.0,47.34999999999945,0.3093220338983051,0.2277542372881356,0.012711864406779662,
POOL-s2-b100,rl,1.0,2,results/es_pool/ckpt_seed2_gen00100.npz,100,2,BT-v2,10040,0,0.0,0,0,1,crash,97.29999999999661,0.0,0.0,0.0,97.29999999999661,0.20730452674897118,0.0,0.0,3967.586032145553
POOL-s2-b100,rl,1.0,2,results/es_pool/ckpt_seed2_gen00100.npz,100,2,BT-v2,10040,1,0.0,0,0,1,crash,109.24999999999594,10.0,0.0,0.39999999999999997,109.24999999999594,0.20741758241758243,0.0,0.010073260073260074,
POOL-s2-b100,rl,1.0,2,results/es_pool/ckpt_seed2_gen00100.npz,100,2,BT-v2,10041,0,0.0,0,0,1,crash,67.04999999999833,5.0,0.0,0.2,67.04999999999833,0.23955223880597015,0.03805970149253731,0.008208955223880597,3439.97062786321
POOL-s2-b100,rl,1.0,2,results/es_pool/ckpt_seed2_gen00100.npz,100,2,BT-v2,10041,1,0.0,0,0,1,crash,64.84999999999846,6.25,0.0,0.25,64.84999999999846,0.2569444444444444,0.06867283950617284,0.013117283950617283,
POOL-s2-b100,rl,1.0,2,results/es_pool/ckpt_seed2_gen00100.npz,100,2,BT-v2,10042,0,0.0,0,0,1,crash,104.14999999999623,20.0,0.0,0.8000000000000002,104.14999999999623,0.22115384615384615,0.08365384615384615,0.014903846153846155,3852.8883954897574
POOL-s2-b100,rl,1.0,2,results/es_pool/ckpt_seed2_gen00100.npz,100,2,BT-v2,10042,1,0.0,0,0,1,crash,75.14999999999787,0.0,0.0,0.0,75.14999999999787,0.22333333333333333,0.09133333333333334,0.0,
POOL-s2-b100,rl,1.0,2,results/es_pool/ckpt_seed2_gen00100.npz,100,2,BT-v2,10043,0,0.0,0,0,1,crash,81.7499999999975,0.0,0.0,0.0,81.7499999999975,0.19975490196078433,0.0,0.012867647058823529,3869.9796239562843
POOL-s2-b100,rl,1.0,2,results/es_pool/ckpt_seed2_gen00100.npz,100,2,BT-v2,10043,1,0.0,0,0,1,crash,107.49999999999604,6.25,0.0,0.25,107.49999999999604,0.21554934823091249,0.0,0.01722532588454376,
POOL-s2-b100,rl,1.0,2,results/es_pool/ckpt_seed2_gen00100.npz,100,2,BT-v2,10044,0,0.0,0,0,1,crash,106.99999999999606,0.0,0.0,0.0,106.99999999999606,0.21114232209737827,0.0,0.005149812734082397,3876.2178794312767
POOL-s2-b100,rl,1.0,2,results/es_pool/ckpt_seed2_gen00100.npz,100,2,BT-v2,10044,1,0.0,0,0,1,crash,113.94999999999567,0.0,0.0,0.0,113.94999999999567,0.18804920913884007,0.0,0.0,
POOL-s2-b100,rl,1.0,2,results/es_pool/ckpt_seed2_gen00100.npz,100,2,BT-v2,10045,0,0.0,0,0,1,crash,90.99999999999697,0.0,0.0,0.0,90.99999999999697,0.17125550660792951,0.05231277533039647,0.004955947136563877,4441.526649010429
POOL-s2-b100,rl,1.0,2,results/es_pool/ckpt_seed2_gen00100.npz,100,2,BT-v2,10045,1,0.5,0,1,0,timeout,120.19999999999531,7.5,0.0,0.3,120.19999999999531,0.12770382695507487,0.05948419301164726,0.0,
POOL-s2-b100,rl,1.0,2,results/es_pool/ckpt_seed2_gen00100.npz,100,2,BT-v2,10046,0,0.0,0,0,1,crash,83.3999999999974,0.0,0.0,0.0,83.3999999999974,0.2530048076923077,0.19170673076923078,0.0078125,3466.198180204129
POOL-s2-b100,rl,1.0,2,results/es_pool/ckpt_seed2_gen00100.npz,100,2,BT-v2,10046,1,0.0,0,0,1,crash,94.79999999999676,0.0,0.0,0.0,94.79999999999676,0.23995771670190275,0.16173361522198731,0.013742071881606765,
POOL-s2-b100,rl,1.0,2,results/es_pool/ckpt_seed2_gen00100.npz,100,2,BT-v2,10047,0,0.0,0,0,1,crash,71.79999999999806,6.25,0.0,0.25,71.79999999999806,0.20670391061452514,0.01606145251396648,0.020251396648044692,3524.201312242316
POOL-s2-b100,rl,1.0,2,results/es_pool/ckpt_seed2_gen00100.npz,100,2,BT-v2,10047,1,0.5,0,1,0,collision,8.499999999999986,0.0,0.0,0.0,8.499999999999986,0.0,0.13095238095238096,0.05357142857142857,
POOL-s2-b100,rl,1.0,2,results/es_pool/ckpt_seed2_gen00100.npz,100,2,BT-v2,10048,0,0.0,0,0,1,crash,96.39999999999667,0.0,41.25,0.0,96.39999999999667,0.22193347193347193,0.034303534303534305,0.0,3550.69203420806
POOL-s2-b100,rl,1.0,2,results/es_pool/ckpt_seed2_gen00100.npz,100,2,BT-v2,10048,1,1.0,1,0,0,gun_kill,30.050000000000292,100.0,0.0,3.999999999999994,30.050000000000292,0.0,0.225,0.0,
POOL-s2-b100,rl,1.0,2,results/es_pool/ckpt_seed2_gen00100.npz,100,2,BT-v2,10049,0,0.0,0,0,1,crash,81.6499999999975,0.0,0.0,0.0,81.6499999999975,0.20894607843137256,0.1017156862745098,0.012867647058823529,4028.538885668467
POOL-s2-b100,rl,1.0,2,results/es_pool/ckpt_seed2_gen00100.npz,100,2,BT-v2,10049,1,0.0,0,0,1,crash,117.44999999999547,27.5,0.0,1.1000000000000003,117.44999999999547,0.1890971039182283,0.06643952299829642,0.0,
POOL-s2-b100,rl,1.0,2,results/es_pool/ckpt_seed2_gen00100.npz,100,2,BT-v2,10050,0,0.0,0,0,1,crash,94.94999999999675,0.0,0.0,0.0,94.94999999999675,0.2320675105485232,0.035864978902953586,0.0031645569620253164,3594.4899838213078
POOL-s2-b100,rl,1.0,2,results/es_pool/ckpt_seed2_gen00100.npz,100,2,BT-v2,10050,1,0.0,0,0,1,crash,98.09999999999657,0.0,0.0,0.0,98.09999999999657,0.2086734693877551,0.03877551020408163,0.0,
POOL-s2-b100,rl,1.0,2,results/es_pool/ckpt_seed2_gen00100.npz,100,2,BT-v2,10051,0,0.0,0,0,1,crash,89.69999999999705,15.0,6.25,0.6,89.69999999999705,0.23549107142857142,0.18526785714285715,0.0033482142857142855,3573.8753599270094
POOL-s2-b100,rl,1.0,2,results/es_pool/ckpt_seed2_gen00100.npz,100,2,BT-v2,10051,1,0.0,0,0,1,crash,88.8499999999971,7.5,0.0,0.3,88.8499999999971,0.23648648648648649,0.14301801801801803,0.0022522522522522522,
POOL-s2-b100,rl,1.0,2,results/es_pool/ckpt_seed2_gen00100.npz,100,2,BT-v2,10052,0,0.0,0,0,1,crash,72.949999999998,0.0,0.0,0.0,72.949999999998,0.21771978021978022,0.09271978021978022,0.0020604395604395605,3779.01342693688
POOL-s2-b100,rl,1.0,2,results/es_pool/ckpt_seed2_gen00100.npz,100,2,BT-v2,10052,1,0.0,0,0,1,crash,96.39999999999667,0.0,0.0,0.0,96.39999999999667,0.2260914760914761,0.035862785862785865,0.02027027027027027,
POOL-s2-b100,rl,1.0,2,results/es_pool/ckpt_seed2_gen00100.npz,100,2,BT-v2,10053,0,0.0,0,0,1,crash,93.89999999999681,36.25,0.0,1.4500000000000006,93.89999999999681,0.1689765458422175,0.0,0.006396588486140725,4230.835231124793
POOL-s2-b100,rl,1.0,2,results/es_pool/ckpt_seed2_gen00100.npz,100,2,BT-v2,10053,1,0.0,0,0,1,crash,114.44999999999564,0.0,0.0,0.0,114.44999999999564,0.194493006993007,0.0,0.016171328671328672,
POOL-s2-b100,rl,1.0,2,results/es_pool/ckpt_seed2_gen00100.npz,100,2,BT-v2,10054,0,0.0,0,0,1,crash,84.24999999999736,16.25,0.0,0.65,84.24999999999736,0.26187648456057006,0.0,0.007125890736342043,3178.2981289856853
POOL-s2-b100,rl,1.0,2,results/es_pool/ckpt_seed2_gen00100.npz,100,2,BT-v2,10054,1,0.0,0,0,1,crash,64.84999999999846,5.0,0.0,0.2,64.84999999999846,0.25540123456790126,0.05169753086419753,0.017746913580246913,
POOL-s2-b100,rl,1.0,2,results/es_pool/ckpt_seed2_gen00100.npz,100,2,BT-v2,10055,0,0.0,0,0,1,crash,82.34999999999746,10.0,0.0,0.39999999999999997,82.34999999999746,0.28588807785888076,0.009732360097323601,0.02068126520681265,3179.853863007705
POOL-s2-b100,rl,1.0,2,results/es_pool/ckpt_seed2_gen00100.npz,100,2,BT-v2,10055,1,0.0,0,0,1,crash,65.69999999999841,0.0,0.0,0.0,65.69999999999841,0.2507621951219512,0.009908536585365854,0.019817073170731708,
POOL-s2-b100,rl,1.0,2,results/es_pool/ckpt_seed2_gen00100.npz,100,2,BT-v2,10056,0,0.0,0,0,1,crash,90.14999999999702,25.0,8.75,1.0000000000000002,90.14999999999702,0.24388888888888888,0.12055555555555555,0.009444444444444445,3514.4187831888585
POOL-s2-b100,rl,1.0,2,results/es_pool/ckpt_seed2_gen00100.npz,100,2,BT-v2,10056,1,0.0,0,0,1,crash,60.4499999999987,0.0,0.0,0.0,60.4499999999987,0.2706953642384106,0.26572847682119205,0.0,
POOL-s2-b100,rl,1.0,2,results/es_pool/ckpt_seed2_gen00100.npz,100,2,BT-v2,10057,0,0.0,0,0,1,crash,92.99999999999686,0.0,0.0,0.0,92.99999999999686,0.2252155172413793,0.0,0.008081896551724138,3525.6834023196175
POOL-s2-b100,rl,1.0,2,results/es_pool/ckpt_seed2_gen00100.npz,100,2,BT-v2,10057,1,0.0,0,0,1,crash,92.2499999999969,0.0,0.0,0.0,92.2499999999969,0.2272234273318872,0.0,0.010303687635574838,
POOL-s2-b100,rl,1.0,2,results/es_pool/ckpt_seed2_gen00100.npz,100,2,BT-v2,10058,0,0.0,0,0,1,crash,59.899999999998734,10.0,0.0,0.39999999999999997,59.899999999998734,0.2617056856187291,0.18394648829431437,0.017558528428093644,3378.284228716456
POOL-s2-b100,rl,1.0,2,results/es_pool/ckpt_seed2_gen00100.npz,100,2,BT-v2,10058,1,0.0,0,0,1,crash,48.1999999999994,0.0,18.75,0.0,48.1999999999994,0.3260416666666667,0.3958333333333333,0.0,
POOL-s2-b100,rl,1.0,2,results/es_pool/ckpt_seed2_gen00100.npz,100,2,BT-v2,10059,0,0.0,0,0,1,crash,74.29999999999792,0.0,0.0,0.0,74.29999999999792,0.21226415094339623,0.007412398921832884,0.0,4127.39806986041
POOL-s2-b100,rl,1.0,2,results/es_pool/ckpt_seed2_gen00100.npz,100,2,BT-v2,10059,1,0.0,0,0,1,crash,77.24999999999775,0.0,0.0,0.0,77.24999999999775,0.21178756476683938,0.007124352331606218,0.0,
POOL-s2-b100,rl,1.0,2,results/es_pool/ckpt_seed2_gen00100.npz,100,2,BT-v2,10060,0,0.0,0,0,1,crash,82.64999999999745,0.0,0.0,0.0,82.64999999999745,0.1864406779661017,0.05205811138014528,0.009079903147699757,4156.322658542583
POOL-s2-b100,rl,1.0,2,results/es_pool/ckpt_seed2_gen00100.npz,100,2,BT-v2,10060,1,0.0,0,0,1,crash,72.19999999999804,0.0,0.0,0.0,72.19999999999804,0.21388888888888888,0.12986111111111112,0.004861111111111111,
POOL-s2-b100,rl,1.0,2,results/es_pool/ckpt_seed2_gen00100.npz,100,2,BT-v2,10061,0,0.0,0,0,1,crash,77.29999999999775,0.0,0.0,0.0,77.29999999999775,0.20077720207253885,0.11269430051813471,0.021373056994818652,3832.6309471308155
POOL-s2-b100,rl,1.0,2,results/es_pool/ckpt_seed2_gen00100.npz,100,2,BT-v2,10061,1,0.0,0,0,1,crash,104.94999999999618,20.0,0.0,0.8000000000000002,104.94999999999618,0.21230916030534353,0.08444656488549618,0.0,
POOL-s2-b100,rl,1.0,2,results/es_pool/ckpt_seed2_gen00100.npz,100,2,BT-v2,10062,0,0.0,0,0,1,crash,84.24999999999736,0.0,0.0,0.0,84.24999999999736,0.18705463182897863,0.09560570071258907,0.014845605700712588,4147.8048198656315
POOL-s2-b100,rl,1.0,2,results/es_pool/ckpt_seed2_gen00100.npz,100,2,BT-v2,10062,1,0.0,0,0,1,crash,104.24999999999622,0.0,0.0,0.0,104.24999999999622,0.21833013435700577,0.0873320537428023,0.0014395393474088292,
POOL-s2-b100,rl,1.0,2,results/es_pool/ckpt_seed2_gen00100.npz,100,2,BT-v2,10063,0,0.0,0,0,1,crash,61.799999999998626,5.0,7.5,0.2,61.799999999998626,0.2784090909090909,0.04383116883116883,0.017045454545454544,3313.600779676803
POOL-s2-b100,rl,1.0,2,results/es_pool/ckpt_seed2_gen00100.npz,100,2,BT-v2,10063,1,0.0,0,0,1,crash,86.9999999999972,0.0,0.0,0.0,86.9999999999972,0.2557603686635945,0.03859447004608295,0.002304147465437788,
POOL-s2-b100,rl,1.0,2,results/es_pool/ckpt_seed2_gen00100.npz,100,2,BT-v2,10064,0,0.0,0,0,1,crash,92.89999999999687,0.0,0.0,0.0,92.89999999999687,0.17672413793103448,0.0334051724137931,0.01293103448275862,4106.138330465276
POOL-s2-b100,rl,1.0,2,results/es_pool/ckpt_seed2_gen00100.npz,100,2,BT-v2,10064,1,0.0,0,0,1,crash,112.94999999999573,53.75,0.0,2.1500000000000004,112.94999999999573,0.16843971631205673,0.053634751773049646,0.0,
POOL-s2-b100,rl,1.0,2,results/es_pool/ckpt_seed2_gen00100.npz,100,2,BT-v2,10065,0,0.0,0,0,1,crash,91.04999999999697,18.75,0.0,0.7500000000000001,91.04999999999697,0.25659340659340657,0.05384615384615385,0.008791208791208791,3289.6134239078174
POOL-s2-b100,rl,1.0,2,results/es_pool/ckpt_seed2_gen00100.npz,100,2,BT-v2,10065,1,0.0,0,0,1,crash,90.599999999997,0.0,15.0,0.0,90.599999999997,0.25331858407079644,0.049778761061946904,0.013827433628318585,
POOL-s2-b100,rl,1.0,2,results/es_pool/ckpt_seed2_gen00100.npz,100,2,BT-v2,10066,0,0.0,0,0,1,crash,57.29999999999888,0.0,0.0,0.0,57.29999999999888,0.256993006993007,0.2744755244755245,0.0,3755.675367499963
POOL-s2-b100,rl,1.0,2,results/es_pool/ckpt_seed2_gen00100.npz,100,2,BT-v2,10066,1,0.0,0,0,1,crash,73.14999999999799,21.25,0.0,0.8500000000000002,73.14999999999799,0.21438356164383562,0.08561643835616438,0.022602739726027398,
POOL-s2-b100,rl,1.0,2,results/es_pool/ckpt_seed2_gen00100.npz,100,2,BT-v2,10067,0,0.0,0,0,1,crash,111.99999999999578,0.0,0.0,0.0,111.99999999999578,0.19543828264758498,0.019230769230769232,0.0,4036.1497684108554
POOL-s2-b100,rl,1.0,2,results/es_pool/ckpt_seed2_gen00100.npz,100,2,BT-v2,10067,1,0.5,0,1,0,timeout,120.19999999999531,0.0,0.0,0.0,120.19999999999531,0.14143094841930118,0.01747088186356073,0.0,
POOL-s2-b100,rl,1.0,2,results/es_pool/ckpt_seed2_gen00100.npz,100,2,BT-v2,10068,0,0.0,0,0,1,crash,90.449999999997,5.0,0.0,0.2,90.449999999997,0.16648230088495575,0.061946902654867256,0.019358407079646017,4175.775231680032
POOL-s2-b100,rl,1.0,2,results/es_pool/ckpt_seed2_gen00100.npz,100,2,BT-v2,10068,1,0.0,0,0,1,crash,116.69999999999551,3.75,0.0,0.15000000000000002,116.69999999999551,0.1916809605488851,0.07804459691252144,0.008576329331046312,
POOL-s2-b100,rl,1.0,2,results/es_pool/ckpt_seed2_gen00100.npz,100,2,BT-v2,10069,0,0.0,0,0,1,crash,103.24999999999628,0.0,0.0,0.0,103.24999999999628,0.2131782945736434,0.01065891472868217,0.006298449612403101,3759.0261326445097
POOL-s2-b100,rl,1.0,2,results/es_pool/ckpt_seed2_gen00100.npz,100,2,BT-v2,10069,1,0.0,0,0,1,crash,101.79999999999636,0.0,0.0,0.0,101.79999999999636,0.2140748031496063,0.011811023622047244,0.01673228346456693,
POOL-s2-b100,rl,1.0,2,results/es_pool/ckpt_seed2_gen00100.npz,100,2,BT-v2,10070,0,0.0,0,0,1,crash,113.54999999999569,3.75,0.0,0.15000000000000002,113.54999999999569,0.195326278659612,0.010582010582010581,0.013227513227513227,4141.823751591798
POOL-s2-b100,rl,1.0,2,results/es_pool/ckpt_seed2_gen00100.npz,100,2,BT-v2,10070,1,0.0,0,0,1,crash,114.34999999999565,0.0,0.0,0.0,114.34999999999565,0.18651488616462347,0.0148861646234676,0.0,
POOL-s2-b100,rl,1.0,2,results/es_pool/ckpt_seed2_gen00100.npz,100,2,BT-v2,10071,0,0.0,0,0,1,crash,99.1999999999965,0.0,0.0,0.0,99.1999999999965,0.21464646464646464,0.0,0.0,3769.089132550931
POOL-s2-b100,rl,1.0,2,results/es_pool/ckpt_seed2_gen00100.npz,100,2,BT-v2,10071,1,0.0,0,0,1,crash,82.59999999999745,0.0,0.0,0.0,82.59999999999745,0.20934466019417475,0.0,0.012135922330097087,
POOL-s2-b100,rl,1.0,2,results/es_pool/ckpt_seed2_gen00100.npz,100,2,BT-v2,10072,0,0.0,0,0,1,crash,67.19999999999833,0.0,0.0,0.0,67.19999999999833,0.2208955223880597,0.0,0.0,3877.1813251848807
POOL-s2-b100,rl,1.0,2,results/es_pool/ckpt_seed2_gen00100.npz,100,2,BT-v2,10072,1,0.0,0,0,1,crash,82.39999999999746,25.0,0.0,1.0000000000000002,82.39999999999746,0.21958637469586376,0.0,0.015815085158150853,
POOL-s2-b100,rl,1.0,2,results/es_pool/ckpt_seed2_gen00100.npz,100,2,BT-v2,10073,0,0.0,0,0,1,crash,101.94999999999635,0.0,0.0,0.0,101.94999999999635,0.20481335952848723,0.05108055009823183,0.019646365422396856,3678.024072175138
POOL-s2-b100,rl,1.0,2,results/es_pool/ckpt_seed2_gen00100.npz,100,2,BT-v2,10073,1,0.0,0,0,1,crash,114.24999999999565,38.75,0.0,1.5500000000000007,114.24999999999565,0.2084063047285464,0.04903677758318739,0.0,
POOL-s2-b100,rl,1.0,2,results/es_pool/ckpt_seed2_gen00100.npz,100,2,BT-v2,10074,0,0.0,0,0,1,crash,117.99999999999544,0.0,0.0,0.0,117.99999999999544,0.17529711375212223,0.07088285229202038,0.0,4307.682793199448
POOL-s2-b100,rl,1.0,2,results/es_pool/ckpt_seed2_gen00100.npz,100,2,BT-v2,10074,1,0.0,0,0,1,crash,114.84999999999562,0.0,8.75,0.0,114.84999999999562,0.17682926829268292,0.04878048780487805,0.0,
POOL-s2-b100,rl,1.0,2,results/es_pool/ckpt_seed2_gen00100.npz,100,2,BT-v2,10075,0,0.0,0,0,1,crash,80.69999999999756,11.25,0.0,0.44999999999999996,80.69999999999756,0.206575682382134,0.033498759305210915,0.01240694789081886,4083.475761795762
POOL-s2-b100,rl,1.0,2,results/es_pool/ckpt_seed2_gen00100.npz,100,2,BT-v2,10075,1,0.0,0,0,1,crash,72.04999999999805,0.0,0.0,0.0,72.04999999999805,0.20902777777777778,0.09930555555555555,0.0,
POOL-s2-b100,rl,1.0,2,results/es_pool/ckpt_seed2_gen00100.npz,100,2,BT-v2,10076,0,0.0,0,0,1,crash,102.54999999999632,6.25,0.0,0.25,102.54999999999632,0.2216796875,0.02978515625,0.0,3797.143079876668
POOL-s2-b100,rl,1.0,2,results/es_pool/ckpt_seed2_gen00100.npz,100,2,BT-v2,10076,1,0.0,0,0,1,crash,110.49999999999586,33.75,0.0,1.3500000000000005,110.49999999999586,0.20833333333333334,0.029438405797101448,0.003170289855072464,
POOL-s2-b100,rl,1.0,2,results/es_pool/ckpt_seed2_gen00100.npz,100,2,BT-v2,10077,0,0.0,0,0,1,crash,89.84999999999704,0.0,0.0,0.0,89.84999999999704,0.24888641425389754,0.042316258351893093,0.0,3359.5387198319513
POOL-s2-b100,rl,1.0,2,results/es_pool/ckpt_seed2_gen00100.npz,100,2,BT-v2,10077,1,0.0,0,0,1,crash,80.59999999999756,0.0,0.0,0.0,80.59999999999756,0.27114427860696516,0.029850746268656716,0.005597014925373134,
POOL-s2-b100,rl,1.0,2,results/es_pool/ckpt_seed2_gen00100.npz,100,2,BT-v2,10078,0,0.0,0,0,1,crash,93.34999999999684,0.0,0.0,0.0,93.34999999999684,0.16630901287553648,0.08583690987124463,0.0,4350.677814774911
POOL-s2-b100,rl,1.0,2,results/es_pool/ckpt_seed2_gen00100.npz,100,2,BT-v2,10078,1,0.0,0,0,1,crash,82.74999999999744,10.0,0.0,0.39999999999999997,82.74999999999744,0.20944309927360774,0.059322033898305086,0.01513317191283293,
POOL-s2-b100,rl,1.0,2,results/es_pool/ckpt_seed2_gen00100.npz,100,2,BT-v2,10079,0,0.0,0,0,1,crash,83.74999999999739,0.0,0.0,0.0,83.74999999999739,0.201555023923445,0.0,0.0,3997.167868882194
POOL-s2-b100,rl,1.0,2,results/es_pool/ckpt_seed2_gen00100.npz,100,2,BT-v2,10079,1,0.0,0,0,1,crash,67.89999999999829,0.0,15.0,0.0,67.89999999999829,0.22418879056047197,0.0,0.005162241887905605,
POOL-s2-b100,rl,1.0,2,results/es_pool/ckpt_seed2_gen00100.npz,100,2,BT-v2,10080,0,0.0,0,0,1,crash,81.24999999999753,0.0,8.75,0.0,81.24999999999753,0.2185960591133005,0.03078817733990148,0.042487684729064036,3612.1417469464673
POOL-s2-b100,rl,1.0,2,results/es_pool/ckpt_seed2_gen00100.npz,100,2,BT-v2,10080,1,0.0,0,0,1,crash,87.19999999999719,12.5,0.0,0.49999999999999994,87.19999999999719,0.2672413793103448,0.028160919540229885,0.011494252873563218,
POOL-s2-b100,rl,1.0,2,results/es_pool/ckpt_seed2_gen00100.npz,100,2,BT-v2,10081,0,0.5,0,1,0,timeout,120.19999999999531,27.5,0.0,1.1000000000000003,120.19999999999531,0.17054908485856904,0.0,0.005823627287853577,4063.2122647696965
POOL-s2-b100,rl,1.0,2,results/es_pool/ckpt_seed2_gen00100.npz,100,2,BT-v2,10081,1,0.5,0,1,0,timeout,120.19999999999531,8.75,0.0,0.35,120.19999999999531,0.14309484193011648,0.0,0.02204658901830283,
POOL-s2-b100,rl,1.0,2,results/es_pool/ckpt_seed2_gen00100.npz,100,2,BT-v2,10082,0,0.0,0,0,1,crash,75.44999999999786,8.75,0.0,0.35,75.44999999999786,0.20689655172413793,0.07891246684350132,0.015915119363395226,3814.8840387407713
POOL-s2-b100,rl,1.0,2,results/es_pool/ckpt_seed2_gen00100.npz,100,2,BT-v2,10082,1,0.0,0,0,1,crash,75.29999999999787,7.5,0.0,0.3,75.29999999999787,0.2014627659574468,0.0884308510638298,0.003989361702127659,
POOL-s2-b100,rl,1.0,2,results/es_pool/ckpt_seed2_gen00100.npz,100,2,BT-v2,10083,0,0.0,0,0,1,crash,104.09999999999623,0.0,0.0,0.0,104.09999999999623,0.21009615384615385,0.061057692307692306,0.0,3985.56325441876
POOL-s2-b100,rl,1.0,2,results/es_pool/ckpt_seed2_gen00100.npz,100,2,BT-v2,10083,1,0.0,0,0,1,crash,100.69999999999642,0.0,2.5,0.0,100.69999999999642,0.22266401590457258,0.07455268389662027,0.003976143141153081,
POOL-s2-b100,rl,1.0,2,results/es_pool/ckpt_seed2_gen00100.npz,100,2,BT-v2,10084,0,0.0,0,0,1,crash,80.24999999999758,0.0,0.0,0.0,80.24999999999758,0.20324189526184538,0.0,0.01371571072319202,4004.4669141348445
POOL-s2-b100,rl,1.0,2,results/es_pool/ckpt_seed2_gen00100.npz,100,2,BT-v2,10084,1,0.0,0,0,1,crash,102.8499999999963,0.0,0.0,0.0,102.8499999999963,0.2144941634241245,0.0,0.0,
POOL-s2-b100,rl,1.0,2,results/es_pool/ckpt_seed2_gen00100.npz,100,2,BT-v2,10085,0,0.0,0,0,1,crash,103.54999999999626,0.0,0.0,0.0,103.54999999999626,0.21131528046421663,0.0,0.004352030947775629,3817.8433993502495
POOL-s2-b100,rl,1.0,2,results/es_pool/ckpt_seed2_gen00100.npz,100,2,BT-v2,10085,1,0.5,0,1,0,timeout,120.19999999999531,21.25,0.0,0.8500000000000002,120.19999999999531,0.05823627287853577,0.0,0.0,
POOL-s2-b100,rl,1.0,2,results/es_pool/ckpt_seed2_gen00100.npz,100,2,BT-v2,10086,0,0.0,0,0,1,crash,90.549999999997,0.0,0.0,0.0,90.549999999997,0.17422566371681417,0.0,0.0,4087.1825759397416
POOL-s2-b100,rl,1.0,2,results/es_pool/ckpt_seed2_gen00100.npz,100,2,BT-v2,10086,1,0.0,0,0,1,crash,78.89999999999766,10.0,0.0,0.39999999999999997,78.89999999999766,0.21573604060913706,0.0,0.014593908629441625,
POOL-s2-b100,rl,1.0,2,results/es_pool/ckpt_seed2_gen00100.npz,100,2,BT-v2,10087,0,0.0,0,0,1,crash,77.04999999999777,26.25,13.75,1.0500000000000003,77.04999999999777,0.2318181818181818,0.3038961038961039,0.02207792207792208,4022.0951106809757
POOL-s2-b100,rl,1.0,2,results/es_pool/ckpt_seed2_gen00100.npz,100,2,BT-v2,10087,1,0.0,0,0,1,gun_kill,37.000000000000036,0.0,100.0,0.0,37.000000000000036,0.0,0.8899456521739131,0.008152173913043478,
POOL-s2-b100,rl,1.0,2,results/es_pool/ckpt_seed2_gen00100.npz,100,2,BT-v2,10088,0,0.0,0,0,1,crash,105.04999999999617,3.75,0.0,0.15000000000000002,105.04999999999617,0.20285714285714285,0.0,0.0,3719.911272173277
POOL-s2-b100,rl,1.0,2,results/es_pool/ckpt_seed2_gen00100.npz,100,2,BT-v2,10088,1,0.0,0,0,1,crash,75.79999999999784,0.0,11.25,0.0,75.79999999999784,0.20767195767195767,0.007275132275132275,0.021164021164021163,
POOL-s2-b100,rl,1.0,2,results/es_pool/ckpt_seed2_gen00100.npz,100,2,BT-v2,10089,0,0.5,0,1,0,timeout,120.19999999999531,18.75,0.0,0.7500000000000001,120.19999999999531,0.04201331114808652,0.0,0.0,4904.645665179551
POOL-s2-b100,rl,1.0,2,results/es_pool/ckpt_seed2_gen00100.npz,100,2,BT-v2,10089,1,0.0,0,0,1,crash,113.69999999999568,12.5,0.0,0.49999999999999994,113.69999999999568,0.19718309859154928,0.0,0.01056338028169014,
POOL-s2-b100,rl,1.0,2,results/es_pool/ckpt_seed2_gen00100.npz,100,2,BT-v2,10090,0,0.0,0,0,1,crash,83.5999999999974,0.0,0.0,0.0,83.5999999999974,0.26618705035971224,0.022781774580335732,0.0,3185.709594586918
POOL-s2-b100,rl,1.0,2,results/es_pool/ckpt_seed2_gen00100.npz,100,2,BT-v2,10090,1,0.0,0,0,1,crash,75.19999999999787,10.0,0.0,0.39999999999999997,75.19999999999787,0.296,0.032,0.024,
POOL-s2-b100,rl,1.0,2,results/es_pool/ckpt_seed2_gen00100.npz,100,2,BT-v2,10091,0,0.0,0,0,1,crash,89.59999999999705,18.75,3.75,0.7500000000000001,89.59999999999705,0.2516778523489933,0.1789709172259508,0.031879194630872486,3510.133265672203
POOL-s2-b100,rl,1.0,2,results/es_pool/ckpt_seed2_gen00100.npz,100,2,BT-v2,10091,1,0.0,0,0,1,crash,81.6499999999975,0.0,0.0,0.0,81.6499999999975,0.2806372549019608,0.10661764705882353,0.003676470588235294,
POOL-s2-b100,rl,1.0,2,results/es_pool/ckpt_seed2_gen00100.npz,100,2,BT-v2,10092,0,0.0,0,0,1,crash,111.04999999999583,18.75,3.75,0.7500000000000001,111.04999999999583,0.19864864864864865,0.0,0.013513513513513514,3970.0600558450974
POOL-s2-b100,rl,1.0,2,results/es_pool/ckpt_seed2_gen00100.npz,100,2,BT-v2,10092,1,0.0,0,0,1,crash,107.14999999999606,7.5,0.0,0.3,107.14999999999606,0.20233644859813085,0.0,0.014485981308411215,
POOL-s2-b100,rl,1.0,2,results/es_pool/ckpt_seed2_gen00100.npz,100,2,BT-v2,10093,0,0.5,0,1,0,timeout,120.19999999999531,46.25,0.0,1.850000000000001,120.19999999999531,0.0802828618968386,0.0,0.0,4401.144213159854
POOL-s2-b100,rl,1.0,2,results/es_pool/ckpt_seed2_gen00100.npz,100,2,BT-v2,10093,1,0.0,0,0,1,crash,108.94999999999595,0.0,6.25,0.0,108.94999999999595,0.20818014705882354,0.0,0.00505514705882353,
POOL-s2-b100,rl,1.0,2,results/es_pool/ckpt_seed2_gen00100.npz,100,2,BT-v2,10094,0,0.0,0,0,1,crash,76.74999999999778,0.0,12.5,0.0,76.74999999999778,0.2597911227154047,0.11684073107049608,0.009138381201044387,3390.4491598069444
POOL-s2-b100,rl,1.0,2,results/es_pool/ckpt_seed2_gen00100.npz,100,2,BT-v2,10094,1,0.0,0,0,1,crash,82.39999999999746,11.25,0.0,0.44999999999999996,82.39999999999746,0.2725060827250608,0.09306569343065693,0.006082725060827251,
POOL-s2-b100,rl,1.0,2,results/es_pool/ckpt_seed2_gen00100.npz,100,2,BT-v2,10095,0,0.0,0,0,1,crash,104.4999999999962,0.0,15.0,0.0,104.4999999999962,0.21743295019157088,0.0019157088122605363,0.014367816091954023,3761.1931696686443
POOL-s2-b100,rl,1.0,2,results/es_pool/ckpt_seed2_gen00100.npz,100,2,BT-v2,10095,1,0.0,0,0,1,crash,108.49999999999598,0.0,0.0,0.0,108.49999999999598,0.2061808118081181,0.0023062730627306273,0.0,
POOL-s2-b100,rl,1.0,2,results/es_pool/ckpt_seed2_gen00100.npz,100,2,BT-v2,10096,0,0.0,0,0,1,crash,93.49999999999683,0.0,11.25,0.0,93.49999999999683,0.23554603854389722,0.07441113490364026,0.0,3468.1107183446015
POOL-s2-b100,rl,1.0,2,results/es_pool/ckpt_seed2_gen00100.npz,100,2,BT-v2,10096,1,0.0,0,0,1,crash,85.3499999999973,0.0,0.0,0.0,85.3499999999973,0.21889671361502347,0.13204225352112675,0.0,
POOL-s2-b100,rl,1.0,2,results/es_pool/ckpt_seed2_gen00100.npz,100,2,BT-v2,10097,0,0.0,0,0,1,crash,107.19999999999605,0.0,0.0,0.0,107.19999999999605,0.20841121495327103,0.06074766355140187,0.0,4016.036944599643
POOL-s2-b100,rl,1.0,2,results/es_pool/ckpt_seed2_gen00100.npz,100,2,BT-v2,10097,1,0.0,0,0,1,crash,107.69999999999602,0.0,5.0,0.0,107.69999999999602,0.19842007434944237,0.08317843866171004,0.01533457249070632,
POOL-s2-b100,rl,1.0,2,results/es_pool/ckpt_seed2_gen00100.npz,100,2,BT-v2,10098,0,0.0,0,0,1,crash,101.1499999999964,7.5,0.0,0.3,101.1499999999964,0.22425742574257426,0.07277227722772277,0.0,3343.5922219867657
POOL-s2-b100,rl,1.0,2,results/es_pool/ckpt_seed2_gen00100.npz,100,2,BT-v2,10098,1,0.0,0,0,1,crash,90.04999999999703,0.0,0.0,0.0,90.04999999999703,0.2311111111111111,0.07444444444444444,0.013333333333333334,
POOL-s2-b100,rl,1.0,2,results/es_pool/ckpt_seed2_gen00100.npz,100,2,BT-v2,10099,0,0.0,0,0,1,crash,88.94999999999709,11.25,0.0,0.44999999999999996,88.94999999999709,0.26126126126126126,0.0,0.010698198198198198,3272.4204828057786
POOL-s2-b100,rl,1.0,2,results/es_pool/ckpt_seed2_gen00100.npz,100,2,BT-v2,10099,1,0.0,0,0,1,crash,67.09999999999833,0.0,0.0,0.0,67.09999999999833,0.2537313432835821,0.022388059701492536,0.025373134328358207,
POOL-s2-b100,rl,1.0,2,results/es_pool/ckpt_seed2_gen00100.npz,100,2,BT-v3,10000,0,1.0,1,0,0,gun_kill,84.64999999999733,100.0,0.0,3.999999999999994,84.64999999999733,0.0,0.0384160756501182,0.01950354609929078,4014.2794445744867
POOL-s2-b100,rl,1.0,2,results/es_pool/ckpt_seed2_gen00100.npz,100,2,BT-v3,10000,1,1.0,1,0,0,gun_kill,84.49999999999734,100.0,0.0,3.999999999999994,84.49999999999734,0.0,0.04798578199052133,0.02428909952606635,
POOL-s2-b100,rl,1.0,2,results/es_pool/ckpt_seed2_gen00100.npz,100,2,BT-v3,10001,0,1.0,1,0,0,gun_kill,97.39999999999661,100.0,0.0,3.999999999999994,97.39999999999661,0.0,0.00360082304526749,0.00823045267489712,3850.564852504076
POOL-s2-b100,rl,1.0,2,results/es_pool/ckpt_seed2_gen00100.npz,100,2,BT-v3,10001,1,1.0,1,0,0,gun_kill,99.74999999999648,100.0,0.0,3.999999999999994,99.74999999999648,0.0,0.0025100401606425703,0.0,
POOL-s2-b100,rl,1.0,2,results/es_pool/ckpt_seed2_gen00100.npz,100,2,BT-v3,10002,0,1.0,1,0,0,gun_kill,66.59999999999836,100.0,0.0,3.999999999999994,66.59999999999836,0.0,0.06852409638554217,0.024096385542168676,3959.4758550060424
POOL-s2-b100,rl,1.0,2,results/es_pool/ckpt_seed2_gen00100.npz,100,2,BT-v3,10002,1,1.0,1,0,0,gun_kill,60.69999999999869,100.0,0.0,3.999999999999994,60.69999999999869,0.0,0.10726072607260725,0.009900990099009901,
POOL-s2-b100,rl,1.0,2,results/es_pool/ckpt_seed2_gen00100.npz,100,2,BT-v3,10003,0,1.0,1,0,0,gun_kill,79.14999999999765,100.0,8.75,3.999999999999994,79.14999999999765,0.0,0.12974683544303797,0.0,4494.059776788209
POOL-s2-b100,rl,1.0,2,results/es_pool/ckpt_seed2_gen00100.npz,100,2,BT-v3,10003,1,1.0,1,0,0,gun_kill,110.49999999999586,100.0,0.0,3.999999999999994,110.49999999999586,0.0,0.08740942028985507,0.0,
POOL-s2-b100,rl,1.0,2,results/es_pool/ckpt_seed2_gen00100.npz,100,2,BT-v3,10004,0,1.0,1,0,0,gun_kill,95.94999999999669,100.0,31.25,3.999999999999994,95.94999999999669,0.0,0.02870563674321503,0.0,4125.431910846128
POOL-s2-b100,rl,1.0,2,results/es_pool/ckpt_seed2_gen00100.npz,100,2,BT-v3,10004,1,1.0,1,0,0,gun_kill,97.39999999999661,100.0,0.0,3.999999999999994,97.39999999999661,0.0,0.05709876543209876,0.0,
POOL-s2-b100,rl,1.0,2,results/es_pool/ckpt_seed2_gen00100.npz,100,2,BT-v3,10005,0,0.5,0,1,0,timeout,120.19999999999531,0.0,5.0,0.0,120.19999999999531,0.0,0.19633943427620631,0.0,3402.5264240758033
POOL-s2-b100,rl,1.0,2,results/es_pool/ckpt_seed2_gen00100.npz,100,2,BT-v3,10005,1,0.5,0,1,0,timeout,120.19999999999531,0.0,0.0,0.0,120.19999999999531,0.0,0.15848585690515807,0.0,
POOL-s2-b100,rl,1.0,2,results/es_pool/ckpt_seed2_gen00100.npz,100,2,BT-v3,10006,0,1.0,1,0,0,gun_kill,84.89999999999732,100.0,21.25,3.999999999999994,84.89999999999732,0.0,0.014150943396226415,0.0,3861.2416635113905
POOL-s2-b100,rl,1.0,2,results/es_pool/ckpt_seed2_gen00100.npz,100,2,BT-v3,10006,1,1.0,1,0,0,gun_kill,88.34999999999712,100.0,0.0,3.999999999999994,88.34999999999712,0.0,0.012471655328798186,0.0,
POOL-s2-b100,rl,1.0,2,results/es_pool/ckpt_seed2_gen00100.npz,100,2,BT-v3,10007,0,1.0,1,0,0,gun_kill,77.89999999999772,100.0,0.0,3.999999999999994,77.89999999999772,0.0,0.038560411311053984,0.02892030848329049,3761.7801809917423
POOL-s2-b100,rl,1.0,2,results/es_pool/ckpt_seed2_gen00100.npz,100,2,BT-v3,10007,1,0.5,0,1,0,timeout,120.19999999999531,72.5,0.0,2.8999999999999977,120.19999999999531,0.0,0.04991680532445923,0.0074875207986688855,
POOL-s2-b100,rl,1.0,2,results/es_pool/ckpt_seed2_gen00100.npz,100,2,BT-v3,10008,0,1.0,1,0,0,gun_kill,88.7499999999971,100.0,7.5,3.999999999999994,88.7499999999971,0.0,0.04740406320541761,0.019751693002257337,3738.5195388615143
POOL-s2-b100,rl,1.0,2,results/es_pool/ckpt_seed2_gen00100.npz,100,2,BT-v3,10008,1,1.0,1,0,0,gun_kill,100.79999999999642,100.0,0.0,3.999999999999994,100.79999999999642,0.0,0.0536779324055666,0.0,
POOL-s2-b100,rl,1.0,2,results/es_pool/ckpt_seed2_gen00100.npz,100,2,BT-v3,10009,0,1.0,1,0,0,gun_kill,93.34999999999684,100.0,2.5,3.999999999999994,93.34999999999684,0.0,0.05633047210300429,0.019313304721030045,4213.246142415348
POOL-s2-b100,rl,1.0,2,results/es_pool/ckpt_seed2_gen00100.npz,100,2,BT-v3,10009,1,1.0,1,0,0,gun_kill,117.99999999999544,100.0,0.0,3.999999999999994,117.99999999999544,0.0,0.03480475382003396,0.0,
POOL-s2-b100,rl,1.0,2,results/es_pool/ckpt_seed2_gen00100.npz,100,2,BT-v3,10010,0,0.5,0,1,0,timeout,120.19999999999531,63.75,0.0,2.549999999999999,120.19999999999531,0.0,0.07903494176372712,0.0,3077.4405873089368
POOL-s2-b100,rl,1.0,2,results/es_pool/ckpt_seed2_gen00100.npz,100,2,BT-v3,10010,1,0.5,0,1,0,timeout,120.19999999999531,52.5,15.0,2.1000000000000005,120.19999999999531,0.0,0.09026622296173045,0.0033277870216306157,
POOL-s2-b100,rl,1.0,2,results/es_pool/ckpt_seed2_gen00100.npz,100,2,BT-v3,10011,0,0.5,0,1,0,timeout,120.19999999999531,96.25,0.0,3.8499999999999943,120.19999999999531,0.0,0.0,0.0,3588.6885270647163
POOL-s2-b100,rl,1.0,2,results/es_pool/ckpt_seed2_gen00100.npz,100,2,BT-v3,10011,1,1.0,1,0,0,gun_kill,90.649999999997,100.0,0.0,3.999999999999994,90.649999999997,0.0,0.0,0.005518763796909493,
POOL-s2-b100,rl,1.0,2,results/es_pool/ckpt_seed2_gen00100.npz,100,2,BT-v3,10012,0,0.5,0,1,0,timeout,120.19999999999531,0.0,0.0,0.0,120.19999999999531,0.0,0.2870216306156406,0.0,4198.0140397696
POOL-s2-b100,rl,1.0,2,results/es_pool/ckpt_seed2_gen00100.npz,100,2,BT-v3,10012,1,1.0,1,0,0,gun_kill,44.29999999999962,100.0,0.0,3.999999999999994,44.29999999999962,0.0,0.37895927601809953,0.0,
POOL-s2-b100,rl,1.0,2,results/es_pool/ckpt_seed2_gen00100.npz,100,2,BT-v3,10013,0,1.0,1,0,0,gun_kill,91.04999999999697,100.0,0.0,3.999999999999994,91.04999999999697,0.0,0.046153846153846156,0.014835164835164835,4088.7993143012013
POOL-s2-b100,rl,1.0,2,results/es_pool/ckpt_seed2_gen00100.npz,100,2,BT-v3,10013,1,1.0,1,0,0,gun_kill,90.24999999999702,100.0,0.0,3.999999999999994,90.24999999999702,0.0,0.05931263858093126,0.0,
POOL-s2-b100,rl,1.0,2,results/es_pool/ckpt_seed2_gen00100.npz,100,2,BT-v3,10014,0,1.0,1,0,0,gun_kill,94.99999999999675,100.0,0.0,3.999999999999994,94.99999999999675,0.0,0.0,0.007383966244725738,4222.612078921041
POOL-s2-b100,rl,1.0,2,results/es_pool/ckpt_seed2_gen00100.npz,100,2,BT-v3,10014,1,1.0,1,0,0,gun_kill,95.94999999999669,100.0,0.0,3.999999999999994,95.94999999999669,0.0,0.0,0.014091858037578288,
POOL-s2-b100,rl,1.0,2,results/es_pool/ckpt_seed2_gen00100.npz,100,2,BT-v3,10015,0,1.0,1,0,0,gun_kill,97.99999999999658,100.0,33.75,3.999999999999994,97.99999999999658,0.0,0.0,0.0,3953.767080349644
POOL-s2-b100,rl,1.0,2,results/es_pool/ckpt_seed2_gen00100.npz,100,2,BT-v3,10015,1,1.0,1,0,0,gun_kill,83.3999999999974,100.0,0.0,3.999999999999994,83.3999999999974,0.0,0.0,0.0,
POOL-s2-b100,rl,1.0,2,results/es_pool/ckpt_seed2_gen00100.npz,100,2,BT-v3,10016,0,1.0,1,0,0,gun_kill,59.59999999999875,100.0,0.0,3.999999999999994,59.59999999999875,0.0,0.0,0.018518518518518517,3878.2503379955283
POOL-s2-b100,rl,1.0,2,results/es_pool/ckpt_seed2_gen00100.npz,100,2,BT-v3,10016,1,1.0,1,0,0,gun_kill,60.599999999998694,100.0,8.75,3.999999999999994,60.599999999998694,0.0,0.0,0.0173841059602649,
POOL-s2-b100,rl,1.0,2,results/es_pool/ckpt_seed2_gen00100.npz,100,2,BT-v3,10017,0,1.0,1,0,0,gun_kill,80.59999999999756,100.0,0.0,3.999999999999994,80.59999999999756,0.03482587064676617,0.04975124378109453,0.0,4055.7506779687196
POOL-s2-b100,rl,1.0,2,results/es_pool/ckpt_seed2_gen00100.npz,100,2,BT-v3,10017,1,1.0,1,0,0,gun_kill,41.599999999999774,100.0,0.0,3.999999999999994,41.599999999999774,0.0,0.1316425120772947,0.0,
POOL-s2-b100,rl,1.0,2,results/es_pool/ckpt_seed2_gen00100.npz,100,2,BT-v3,10018,0,1.0,1,0,0,gun_kill,92.3499999999969,100.0,0.0,3.999999999999994,92.3499999999969,0.0,0.044468546637744036,0.028741865509761388,3727.725383466548
POOL-s2-b100,rl,1.0,2,results/es_pool/ckpt_seed2_gen00100.npz,100,2,BT-v3,10018,1,1.0,1,0,0,gun_kill,58.449999999998816,100.0,0.0,3.999999999999994,58.449999999998816,0.0,0.03595890410958904,0.017123287671232876,
POOL-s2-b100,rl,1.0,2,results/es_pool/ckpt_seed2_gen00100.npz,100,2,BT-v3,10019,0,1.0,1,0,0,gun_kill,76.89999999999777,100.0,0.0,3.999999999999994,76.89999999999777,0.0,0.0,0.01953125,4007.260335237564
POOL-s2-b100,rl,1.0,2,results/es_pool/ckpt_seed2_gen00100.npz,100,2,BT-v3,10019,1,1.0,1,0,0,gun_kill,94.0999999999968,100.0,0.0,3.999999999999994,94.0999999999968,0.0,0.0,0.02127659574468085,
POOL-s2-b100,rl,1.0,2,results/es_pool/ckpt_seed2_gen00100.npz,100,2,BT-v3,10020,0,1.0,1,0,0,gun_kill,81.14999999999753,100.0,0.0,3.999999999999994,81.14999999999753,0.0,0.0,0.014197530864197531,4427.304524839953
POOL-s2-b100,rl,1.0,2,results/es_pool/ckpt_seed2_gen00100.npz,100,2,BT-v3,10020,1,1.0,1,0,0,gun_kill,80.44999999999757,100.0,0.0,3.999999999999994,80.44999999999757,0.0,0.0,0.021766169154228857,
POOL-s2-b100,rl,1.0,2,results/es_pool/ckpt_seed2_gen00100.npz,100,2,BT-v3,10021,0,1.0,1,0,0,gun_kill,42.34999999999973,100.0,0.0,3.999999999999994,42.34999999999973,0.0,0.25355450236966826,0.0,4549.483448808567
POOL-s2-b100,rl,1.0,2,results/es_pool/ckpt_seed2_gen00100.npz,100,2,BT-v3,10021,1,1.0,1,0,0,gun_kill,40.84999999999982,100.0,0.0,3.999999999999994,40.84999999999982,0.0,0.30637254901960786,0.0,
POOL-s2-b100,rl,1.0,2,results/es_pool/ckpt_seed2_gen00100.npz,100,2,BT-v3,10022,0,1.0,1,0,0,gun_kill,78.2499999999977,100.0,0.0,3.999999999999994,78.2499999999977,0.0,0.0639386189258312,0.024936061381074168,4508.988781194633
POOL-s2-b100,rl,1.0,2,results/es_pool/ckpt_seed2_gen00100.npz,100,2,BT-v3,10022,1,1.0,1,0,0,gun_kill,70.99999999999811,100.0,0.0,3.999999999999994,70.99999999999811,0.0,0.07203389830508475,0.012711864406779662,
POOL-s2-b100,rl,1.0,2,results/es_pool/ckpt_seed2_gen00100.npz,100,2,BT-v3,10023,0,1.0,1,0,0,gun_kill,85.44999999999729,100.0,0.0,3.999999999999994,85.44999999999729,0.0,0.05327868852459016,0.0,4707.152043292396
POOL-s2-b100,rl,1.0,2,results/es_pool/ckpt_seed2_gen00100.npz,100,2,BT-v3,10023,1,1.0,1,0,0,gun_kill,111.29999999999582,100.0,0.0,3.999999999999994,111.29999999999582,0.0,0.0539568345323741,0.0,
POOL-s2-b100,rl,1.0,2,results/es_pool/ckpt_seed2_gen00100.npz,100,2,BT-v3,10024,0,1.0,1,0,0,gun_kill,74.6999999999979,100.0,0.0,3.999999999999994,74.6999999999979,0.0,0.05697050938337802,0.0,3960.7201721194792
POOL-s2-b100,rl,1.0,2,results/es_pool/ckpt_seed2_gen00100.npz,100,2,BT-v3,10024,1,1.0,1,0,0,gun_kill,65.8999999999984,100.0,18.75,3.999999999999994,65.8999999999984,0.060790273556231005,0.11018237082066869,0.0,
POOL-s2-b100,rl,1.0,2,results/es_pool/ckpt_seed2_gen00100.npz,100,2,BT-v3,10025,0,1.0,1,0,0,gun_kill,91.64999999999694,100.0,0.0,3.999999999999994,91.64999999999694,0.0,0.04967248908296943,0.007096069868995633,4930.407240090685
POOL-s2-b100,rl,1.0,2,results/es_pool/ckpt_seed2_gen00100.npz,100,2,BT-v3,10025,1,1.0,1,0,0,gun_kill,111.6999999999958,100.0,0.0,3.999999999999994,111.6999999999958,0.0,0.04525089605734767,0.018369175627240143,
POOL-s2-b100,rl,1.0,2,results/es_pool/ckpt_seed2_gen00100.npz,100,2,BT-v3,10026,0,1.0,1,0,0,gun_kill,78.04999999999771,100.0,0.0,3.999999999999994,78.04999999999771,0.0,0.11153846153846154,0.002564102564102564,4194.839328345556
POOL-s2-b100,rl,1.0,2,results/es_pool/ckpt_seed2_gen00100.npz,100,2,BT-v3,10026,1,1.0,1,0,0,gun_kill,69.59999999999819,100.0,2.5,3.999999999999994,69.59999999999819,0.0,0.15561959654178675,0.018011527377521614,
POOL-s2-b100,rl,1.0,2,results/es_pool/ckpt_seed2_gen00100.npz,100,2,BT-v3,10027,0,1.0,1,0,0,gun_kill,32.50000000000029,100.0,0.0,3.999999999999994,32.50000000000029,0.0,0.4351851851851852,0.0,4595.06713689831
POOL-s2-b100,rl,1.0,2,results/es_pool/ckpt_seed2_gen00100.npz,100,2,BT-v3,10027,1,0.5,0,1,0,timeout,120.19999999999531,10.0,30.0,0.39999999999999997,120.19999999999531,0.0,0.16264559068219633,0.0,
POOL-s2-b100,rl,1.0,2,results/es_pool/ckpt_seed2_gen00100.npz,100,2,BT-v3,10028,0,1.0,1,0,0,gun_kill,86.39999999999723,100.0,15.0,3.999999999999994,86.39999999999723,0.0,0.0,0.0,3912.399991645313
POOL-s2-b100,rl,1.0,2,results/es_pool/ckpt_seed2_gen00100.npz,100,2,BT-v3,10028,1,1.0,1,0,0,gun_kill,95.8499999999967,100.0,0.0,3.999999999999994,95.8499999999967,0.0,0.0,0.0,
POOL-s2-b100,rl,1.0,2,results/es_pool/ckpt_seed2_gen00100.npz,100,2,BT-v3,10029,0,1.0,1,0,0,gun_kill,65.04999999999845,100.0,0.0,3.999999999999994,65.04999999999845,0.0,0.0,0.0,4317.650438172596
POOL-s2-b100,rl,1.0,2,results/es_pool/ckpt_seed2_gen00100.npz,100,2,BT-v3,10029,1,1.0,1,0,0,gun_kill,68.74999999999824,100.0,0.0,3.999999999999994,68.74999999999824,0.0,0.0,0.0,
POOL-s2-b100,rl,1.0,2,results/es_pool/ckpt_seed2_gen00100.npz,100,2,BT-v3,10030,0,0.5,0,1,0,timeout,120.19999999999531,63.75,7.5,2.549999999999999,120.19999999999531,0.0,0.09941763727121464,0.0,3393.30931578742
POOL-s2-b100,rl,1.0,2,results/es_pool/ckpt_seed2_gen00100.npz,100,2,BT-v3,10030,1,1.0,1,0,0,gun_kill,73.89999999999795,100.0,0.0,3.999999999999994,73.89999999999795,0.0,0.12601626016260162,0.008130081300813009,
POOL-s2-b100,rl,1.0,2,results/es_pool/ckpt_seed2_gen00100.npz,100,2,BT-v3,10031,0,1.0,1,0,0,gun_kill,41.1499999999998,100.0,0.0,3.999999999999994,41.1499999999998,0.0,0.3353658536585366,0.0,4834.541663850426
POOL-s2-b100,rl,1.0,2,results/es_pool/ckpt_seed2_gen00100.npz,100,2,BT-v3,10031,1,1.0,1,0,0,gun_kill,38.64999999999994,100.0,0.0,3.999999999999994,38.64999999999994,0.0,0.327720207253886,0.0,
POOL-s2-b100,rl,1.0,2,results/es_pool/ckpt_seed2_gen00100.npz,100,2,BT-v3,10032,0,1.0,1,0,0,gun_kill,94.39999999999678,100.0,0.0,3.999999999999994,94.39999999999678,0.0,0.07484076433121019,0.0,3545.5279917252365
POOL-s2-b100,rl,1.0,2,results/es_pool/ckpt_seed2_gen00100.npz,100,2,BT-v3,10032,1,0.5,0,1,0,collision,16.850000000000104,0.0,0.0,0.0,16.850000000000104,0.0,0.36607142857142855,0.03273809523809524,
POOL-s2-b100,rl,1.0,2,results/es_pool/ckpt_seed2_gen00100.npz,100,2,BT-v3,10033,0,1.0,1,0,0,gun_kill,89.59999999999705,100.0,0.0,3.999999999999994,89.59999999999705,0.0,0.03243847874720358,0.011185682326621925,4300.716239322171
POOL-s2-b100,rl,1.0,2,results/es_pool/ckpt_seed2_gen00100.npz,100,2,BT-v3,10033,1,1.0,1,0,0,gun_kill,68.14999999999827,100.0,6.25,3.999999999999994,68.14999999999827,0.0,0.1411764705882353,0.01838235294117647,
POOL-s2-b100,rl,1.0,2,results/es_pool/ckpt_seed2_gen00100.npz,100,2,BT-v3,10034,0,1.0,1,0,0,gun_kill,83.4499999999974,100.0,0.0,3.999999999999994,83.4499999999974,0.0,0.0749400479616307,0.02577937649880096,4165.697453191133
POOL-s2-b100,rl,1.0,2,results/es_pool/ckpt_seed2_gen00100.npz,100,2,BT-v3,10034,1,1.0,1,0,0,gun_kill,90.99999999999697,100.0,0.0,3.999999999999994,90.99999999999697,0.0,0.09030837004405286,0.0022026431718061676,
POOL-s2-b100,rl,1.0,2,results/es_pool/ckpt_seed2_gen00100.npz,100,2,BT-v3,10035,0,1.0,1,0,0,gun_kill,68.39999999999826,100.0,26.25,3.999999999999994,68.39999999999826,0.0,0.038856304985337244,0.0,3753.7221439333134
POOL-s2-b100,rl,1.0,2,results/es_pool/ckpt_seed2_gen00100.npz,100,2,BT-v3,10035,1,1.0,1,0,0,gun_kill,70.74999999999812,100.0,0.0,3.999999999999994,70.74999999999812,0.0,0.04036827195467422,0.0,
POOL-s2-b100,rl,1.0,2,results/es_pool/ckpt_seed2_gen00100.npz,100,2,BT-v3,10036,0,1.0,1,0,0,gun_kill,77.94999999999771,100.0,18.75,3.999999999999994,77.94999999999771,0.0,0.017994858611825194,0.005784061696658098,3640.337594751614
POOL-s2-b100,rl,1.0,2,results/es_pool/ckpt_seed2_gen00100.npz,100,2,BT-v3,10036,1,1.0,1,0,0,gun_kill,71.1499999999981,100.0,0.0,3.999999999999994,71.1499999999981,0.0,0.015492957746478873,0.014788732394366197,
POOL-s2-b100,rl,1.0,2,results/es_pool/ckpt_seed2_gen00100.npz,100,2,BT-v3,10037,0,1.0,1,0,0,gun_kill,72.44999999999803,100.0,0.0,3.999999999999994,72.44999999999803,0.0,0.1180939226519337,0.0,3806.0983906415677
POOL-s2-b100,rl,1.0,2,results/es_pool/ckpt_seed2_gen00100.npz,100,2,BT-v3,10037,1,1.0,1,0,0,gun_kill,86.44999999999723,100.0,0.0,3.999999999999994,86.44999999999723,0.0,0.13773148148148148,0.0,
POOL-s2-b100,rl,1.0,2,results/es_pool/ckpt_seed2_gen00100.npz,100,2,BT-v3,10038,0,1.0,1,0,0,gun_kill,98.09999999999657,100.0,0.0,3.999999999999994,98.09999999999657,0.0,0.04183673469387755,0.02295918367346939,4427.32313890201
POOL-s2-b100,rl,1.0,2,results/es_pool/ckpt_seed2_gen00100.npz,100,2,BT-v3,10038,1,1.0,1,0,0,gun_kill,77.94999999999771,100.0,0.0,3.999999999999994,77.94999999999771,0.0,0.04755784061696658,0.02313624678663239,
POOL-s2-b100,rl,1.0,2,results/es_pool/ckpt_seed2_gen00100.npz,100,2,BT-v3,10039,0,1.0,1,0,0,gun_kill,48.099999999999405,100.0,0.0,3.999999999999994,48.099999999999405,0.0,0.06666666666666667,0.0,3653.1823340440433
POOL-s2-b100,rl,1.0,2,results/es_pool/ckpt_seed2_gen00100.npz,100,2,BT-v3,10039,1,1.0,1,0,0,gun_kill,47.34999999999945,100.0,12.5,3.999999999999994,47.34999999999945,0.07838983050847458,0.17584745762711865,0.0,
POOL-s2-b100,rl,1.0,2,results/es_pool/ckpt_seed2_gen00100.npz,100,2,BT-v3,10040,0,1.0,1,0,0,gun_kill,82.49999999999746,100.0,20.0,3.999999999999994,82.49999999999746,0.0,0.0,0.0024271844660194173,4335.771485260258
POOL-s2-b100,rl,1.0,2,results/es_pool/ckpt_seed2_gen00100.npz,100,2,BT-v3,10040,1,1.0,1,0,0,gun_kill,96.44999999999666,100.0,0.0,3.999999999999994,96.44999999999666,0.0,0.0,0.0,
POOL-s2-b100,rl,1.0,2,results/es_pool/ckpt_seed2_gen00100.npz,100,2,BT-v3,10041,0,1.0,1,0,0,gun_kill,90.84999999999698,100.0,0.0,3.999999999999994,90.84999999999698,0.0,0.028083700440528634,0.0,3668.149955596929
POOL-s2-b100,rl,1.0,2,results/es_pool/ckpt_seed2_gen00100.npz,100,2,BT-v3,10041,1,1.0,1,0,0,gun_kill,67.79999999999829,100.0,0.0,3.999999999999994,67.79999999999829,0.0,0.03772189349112426,0.03920118343195266,
POOL-s2-b100,rl,1.0,2,results/es_pool/ckpt_seed2_gen00100.npz,100,2,BT-v3,10042,0,1.0,1,0,0,gun_kill,71.69999999999807,100.0,0.0,3.999999999999994,71.69999999999807,0.0,0.13337988826815642,0.020251396648044692,4383.482840442453
POOL-s2-b100,rl,1.0,2,results/es_pool/ckpt_seed2_gen00100.npz,100,2,BT-v3,10042,1,1.0,1,0,0,gun_kill,103.14999999999628,100.0,0.0,3.999999999999994,103.14999999999628,0.0,0.070873786407767,0.009708737864077669,
POOL-s2-b100,rl,1.0,2,results/es_pool/ckpt_seed2_gen00100.npz,100,2,BT-v3,10043,0,1.0,1,0,0,gun_kill,86.39999999999723,100.0,0.0,3.999999999999994,86.39999999999723,0.0,0.0,0.0191415313225058,3939.1352089067746
POOL-s2-b100,rl,1.0,2,results/es_pool/ckpt_seed2_gen00100.npz,100,2,BT-v3,10043,1,1.0,1,0,0,gun_kill,94.94999999999675,100.0,0.0,3.999999999999994,94.94999999999675,0.0,0.0,0.012658227848101266,
POOL-s2-b100,rl,1.0,2,results/es_pool/ckpt_seed2_gen00100.npz,100,2,BT-v3,10044,0,1.0,1,0,0,gun_kill,86.74999999999721,100.0,0.0,3.999999999999994,86.74999999999721,0.0,0.0,0.012702078521939953,4280.097220702576
POOL-s2-b100,rl,1.0,2,results/es_pool/ckpt_seed2_gen00100.npz,100,2,BT-v3,10044,1,1.0,1,0,0,gun_kill,100.89999999999641,100.0,0.0,3.999999999999994,100.89999999999641,0.0,0.0,0.000496031746031746,
POOL-s2-b100,rl,1.0,2,results/es_pool/ckpt_seed2_gen00100.npz,100,2,BT-v3,10045,0,1.0,1,0,0,gun_kill,78.69999999999767,100.0,0.0,3.999999999999994,78.69999999999767,0.0,0.05597964376590331,0.007633587786259542,4683.012463752456
POOL-s2-b100,rl,1.0,2,results/es_pool/ckpt_seed2_gen00100.npz,100,2,BT-v3,10045,1,1.0,1,0,0,gun_kill,88.04999999999714,100.0,0.0,3.999999999999994,88.04999999999714,0.0,0.08181818181818182,0.0,
POOL-s2-b100,rl,1.0,2,results/es_pool/ckpt_seed2_gen00100.npz,100,2,BT-v3,10046,0,0.5,0,1,0,timeout,120.19999999999531,12.5,0.0,0.49999999999999994,120.19999999999531,0.0,0.10191347753743761,0.0,3393.003831855959
POOL-s2-b100,rl,1.0,2,results/es_pool/ckpt_seed2_gen00100.npz,100,2,BT-v3,10046,1,0.5,0,1,0,timeout,120.19999999999531,48.75,3.75,1.950000000000001,120.19999999999531,0.0,0.20632279534109818,0.0,
POOL-s2-b100,rl,1.0,2,results/es_pool/ckpt_seed2_gen00100.npz,100,2,BT-v3,10047,0,1.0,1,0,0,gun_kill,75.39999999999786,100.0,0.0,3.999999999999994,75.39999999999786,0.0,0.014627659574468085,0.043882978723404256,3708.8820358347666
POOL-s2-b100,rl,1.0,2,results/es_pool/ckpt_seed2_gen00100.npz,100,2,BT-v3,10047,1,1.0,1,0,0,gun_kill,57.14999999999889,100.0,0.0,3.999999999999994,57.14999999999889,0.0,0.01929824561403509,0.03684210526315789,
POOL-s2-b100,rl,1.0,2,results/es_pool/ckpt_seed2_gen00100.npz,100,2,BT-v3,10048,0,1.0,1,0,0,gun_kill,75.04999999999788,100.0,0.0,3.999999999999994,75.04999999999788,0.0,0.044,0.012,3522.7651843025224
POOL-s2-b100,rl,1.0,2,results/es_pool/ckpt_seed2_gen00100.npz,100,2,BT-v3,10048,1,1.0,1,0,0,gun_kill,80.34999999999758,100.0,0.0,3.999999999999994,80.34999999999758,0.0,0.08977556109725686,0.0,
POOL-s2-b100,rl,1.0,2,results/es_pool/ckpt_seed2_gen00100.npz,100,2,BT-v3,10049,0,1.0,1,0,0,gun_kill,88.6999999999971,100.0,0.0,3.999999999999994,88.6999999999971,0.0,0.09085778781038374,0.0,4259.667190179953
POOL-s2-b100,rl,1.0,2,results/es_pool/ckpt_seed2_gen00100.npz,100,2,BT-v3,10049,1,1.0,1,0,0,gun_kill,93.34999999999684,100.0,0.0,3.999999999999994,93.34999999999684,0.0,0.08261802575107297,0.011266094420600859,
POOL-s2-b100,rl,1.0,2,results/es_pool/ckpt_seed2_gen00100.npz,100,2,BT-v3,10050,0,1.0,1,0,0,gun_kill,92.2999999999969,100.0,0.0,3.999999999999994,92.2999999999969,0.0,0.0368763557483731,0.01789587852494577,3766.965182788422
POOL-s2-b100,rl,1.0,2,results/es_pool/ckpt_seed2_gen00100.npz,100,2,BT-v3,10050,1,1.0,1,0,0,gun_kill,95.94999999999669,100.0,0.0,3.999999999999994,95.94999999999669,0.0,0.03966597077244259,0.0,
POOL-s2-b100,rl,1.0,2,results/es_pool/ckpt_seed2_gen00100.npz,100,2,BT-v3,10051,0,0.5,0,1,0,timeout,120.19999999999531,31.25,2.5,1.2500000000000004,120.19999999999531,0.0,0.10690515806988353,0.0,3527.852523571978
POOL-s2-b100,rl,1.0,2,results/es_pool/ckpt_seed2_gen00100.npz,100,2,BT-v3,10051,1,0.5,0,1,0,timeout,120.19999999999531,63.75,0.0,2.549999999999999,120.19999999999531,0.0,0.10732113144758736,0.0,
POOL-s2-b100,rl,1.0,2,results/es_pool/ckpt_seed2_gen00100.npz,100,2,BT-v3,10052,0,1.0,1,0,0,gun_kill,64.59999999999847,100.0,0.0,3.999999999999994,64.59999999999847,0.0,0.06366459627329192,0.019409937888198756,4053.75558101201
POOL-s2-b100,rl,1.0,2,results/es_pool/ckpt_seed2_gen00100.npz,100,2,BT-v3,10052,1,1.0,1,0,0,gun_kill,93.59999999999683,100.0,0.0,3.999999999999994,93.59999999999683,0.0,0.03693790149892934,0.02676659528907923,
POOL-s2-b100,rl,1.0,2,results/es_pool/ckpt_seed2_gen00100.npz,100,2,BT-v3,10053,0,1.0,1,0,0,gun_kill,82.54999999999745,100.0,0.0,3.999999999999994,82.54999999999745,0.0,0.0,0.0048543689320388345,4653.801174237443
POOL-s2-b100,rl,1.0,2,results/es_pool/ckpt_seed2_gen00100.npz,100,2,BT-v3,10053,1,1.0,1,0,0,gun_kill,79.79999999999761,100.0,6.25,3.999999999999994,79.79999999999761,0.0,0.0,0.013190954773869347,
POOL-s2-b100,rl,1.0,2,results/es_pool/ckpt_seed2_gen00100.npz,100,2,BT-v3,10054,0,1.0,1,0,0,gun_kill,62.499999999998586,100.0,0.0,3.999999999999994,62.499999999998586,0.0,0.0,0.028846153846153848,3655.467978350754
POOL-s2-b100,rl,1.0,2,results/es_pool/ckpt_seed2_gen00100.npz,100,2,BT-v3,10054,1,1.0,1,0,0,gun_kill,63.69999999999852,100.0,0.0,3.999999999999994,63.69999999999852,0.0,0.0,0.02279874213836478,
POOL-s2-b100,rl,1.0,2,results/es_pool/ckpt_seed2_gen00100.npz,100,2,BT-v3,10055,0,1.0,1,0,0,gun_kill,67.7499999999983,100.0,0.0,3.999999999999994,67.7499999999983,0.0,0.011834319526627219,0.010355029585798817,3510.625214256437
POOL-s2-b100,rl,1.0,2,results/es_pool/ckpt_seed2_gen00100.npz,100,2,BT-v3,10055,1,1.0,1,0,0,gun_kill,82.39999999999746,100.0,3.75,3.999999999999994,82.39999999999746,0.0,0.007907542579075427,0.022506082725060828,
POOL-s2-b100,rl,1.0,2,results/es_pool/ckpt_seed2_gen00100.npz,100,2,BT-v3,10056,0,1.0,1,0,0,gun_kill,44.89999999999959,100.0,0.0,3.999999999999994,44.89999999999959,0.0,0.26339285714285715,0.012276785714285714,4357.327609564688
POOL-s2-b100,rl,1.0,2,results/es_pool/ckpt_seed2_gen00100.npz,100,2,BT-v3,10056,1,1.0,1,0,0,gun_kill,47.49999999999944,100.0,0.0,3.999999999999994,47.49999999999944,0.0,0.27109704641350213,0.005274261603375527,
POOL-s2-b100,rl,1.0,2,results/es_pool/ckpt_seed2_gen00100.npz,100,2,BT-v3,10057,0,1.0,1,0,0,gun_kill,67.94999999999828,100.0,0.0,3.999999999999994,67.94999999999828,0.0,0.0,0.021386430678466076,3836.3509220879923
POOL-s2-b100,rl,1.0,2,results/es_pool/ckpt_seed2_gen00100.npz,100,2,BT-v3,10057,1,1.0,1,0,0,gun_kill,74.14999999999793,100.0,6.25,3.999999999999994,74.14999999999793,0.0,0.0,0.015540540540540541,
POOL-s2-b100,rl,1.0,2,results/es_pool/ckpt_seed2_gen00100.npz,100,2,BT-v3,10058,0,1.0,1,0,0,gun_kill,46.499999999999496,100.0,0.0,3.999999999999994,46.499999999999496,0.0,0.16594827586206898,0.021551724137931036,3663.998155509478
POOL-s2-b100,rl,1.0,2,results/es_pool/ckpt_seed2_gen00100.npz,100,2,BT-v3,10058,1,0.5,0,1,0,timeout,120.19999999999531,63.75,12.5,2.549999999999999,120.19999999999531,0.0,0.18427620632279534,0.0,
POOL-s2-b100,rl,1.0,2,results/es_pool/ckpt_seed2_gen00100.npz,100,2,BT-v3,10059,0,1.0,1,0,0,gun_kill,68.34999999999826,100.0,0.0,3.999999999999994,68.34999999999826,0.0,0.008064516129032258,0.0,4300.224756829286
POOL-s2-b100,rl,1.0,2,results/es_pool/ckpt_seed2_gen00100.npz,100,2,BT-v3,10059,1,1.0,1,0,0,gun_kill,68.64999999999824,100.0,0.0,3.999999999999994,68.64999999999824,0.0,0.008017492711370262,0.0,
POOL-s2-b100,rl,1.0,2,results/es_pool/ckpt_seed2_gen00100.npz,100,2,BT-v3,10060,0,1.0,1,0,0,gun_kill,70.89999999999812,100.0,0.0,3.999999999999994,70.89999999999812,0.0,0.06567796610169492,0.009887005649717515,4427.527298014233
POOL-s2-b100,rl,1.0,2,results/es_pool/ckpt_seed2_gen00100.npz,100,2,BT-v3,10060,1,1.0,1,0,0,gun_kill,76.64999999999779,100.0,0.0,3.999999999999994,76.64999999999779,0.0,0.07898172323759792,0.01174934725848564,
POOL-s2-b100,rl,1.0,2,results/es_pool/ckpt_seed2_gen00100.npz,100,2,BT-v3,10061,0,1.0,1,0,0,gun_kill,69.19999999999821,100.0,6.25,3.999999999999994,69.19999999999821,0.0,0.09347826086956522,0.015217391304347827,4112.684089603986
POOL-s2-b100,rl,1.0,2,results/es_pool/ckpt_seed2_gen00100.npz,100,2,BT-v3,10061,1,1.0,1,0,0,gun_kill,60.249999999998714,100.0,0.0,3.999999999999994,60.249999999998714,0.0,0.14451827242524917,0.012458471760797342,
POOL-s2-b100,rl,1.0,2,results/es_pool/ckpt_seed2_gen00100.npz,100,2,BT-v3,10062,0,1.0,1,0,0,gun_kill,99.59999999999648,100.0,10.0,3.999999999999994,99.59999999999648,0.0,0.09154929577464789,0.022635814889336015,4079.144999001191
POOL-s2-b100,rl,1.0,2,results/es_pool/ckpt_seed2_gen00100.npz,100,2,BT-v3,10062,1,1.0,1,0,0,gun_kill,86.9999999999972,100.0,0.0,3.999999999999994,86.9999999999972,0.0,0.10656682027649769,0.016705069124423964,
POOL-s2-b100,rl,1.0,2,results/es_pool/ckpt_seed2_gen00100.npz,100,2,BT-v3,10063,0,1.0,1,0,0,gun_kill,78.39999999999769,100.0,0.0,3.999999999999994,78.39999999999769,0.0,0.029411764705882353,0.034526854219948847,3441.05844491604
POOL-s2-b100,rl,1.0,2,results/es_pool/ckpt_seed2_gen00100.npz,100,2,BT-v3,10063,1,1.0,1,0,0,gun_kill,64.54999999999848,100.0,0.0,3.999999999999994,64.54999999999848,0.0,0.05124223602484472,0.010093167701863354,
POOL-s2-b100,rl,1.0,2,results/es_pool/ckpt_seed2_gen00100.npz,100,2,BT-v3,10064,0,1.0,1,0,0,gun_kill,81.19999999999753,100.0,0.0,3.999999999999994,81.19999999999753,0.0,0.03827160493827161,0.01728395061728395,4517.901446829132
POOL-s2-b100,rl,1.0,2,results/es_pool/ckpt_seed2_gen00100.npz,100,2,BT-v3,10064,1,1.0,1,0,0,gun_kill,118.09999999999543,100.0,0.0,3.999999999999994,118.09999999999543,0.0,0.05254237288135593,0.0,
POOL-s2-b100,rl,1.0,2,results/es_pool/ckpt_seed2_gen00100.npz,100,2,BT-v3,10065,0,1.0,1,0,0,gun_kill,74.24999999999793,100.0,0.0,3.999999999999994,74.24999999999793,0.0,0.0660377358490566,0.01752021563342318,3402.3363681405035
POOL-s2-b100,rl,1.0,2,results/es_pool/ckpt_seed2_gen00100.npz,100,2,BT-v3,10065,1,1.0,1,0,0,gun_kill,75.24999999999787,100.0,2.5,3.999999999999994,75.24999999999787,0.0,0.059175531914893616,0.016622340425531915,
POOL-s2-b100,rl,1.0,2,results/es_pool/ckpt_seed2_gen00100.npz,100,2,BT-v3,10066,0,0.5,0,1,0,timeout,120.19999999999531,88.75,0.0,3.5499999999999954,120.19999999999531,0.0,0.15806988352745424,0.0,3276.1446281414705
POOL-s2-b100,rl,1.0,2,results/es_pool/ckpt_seed2_gen00100.npz,100,2,BT-v3,10066,1,1.0,1,0,0,gun_kill,67.7499999999983,100.0,0.0,3.999999999999994,67.7499999999983,0.0,0.08949704142011834,0.005177514792899409,
POOL-s2-b100,rl,1.0,2,results/es_pool/ckpt_seed2_gen00100.npz,100,2,BT-v3,10067,0,1.0,1,0,0,gun_kill,97.34999999999661,100.0,0.0,3.999999999999994,97.34999999999661,0.0,0.022119341563786008,0.00411522633744856,4177.579307026872
POOL-s2-b100,rl,1.0,2,results/es_pool/ckpt_seed2_gen00100.npz,100,2,BT-v3,10067,1,1.0,1,0,0,gun_kill,105.64999999999614,100.0,0.0,3.999999999999994,105.64999999999614,0.0,0.020359848484848484,0.0,
POOL-s2-b100,rl,1.0,2,results/es_pool/ckpt_seed2_gen00100.npz,100,2,BT-v3,10068,0,1.0,1,0,0,gun_kill,108.64999999999597,100.0,0.0,3.999999999999994,108.64999999999597,0.0,0.05156537753222836,0.0,4373.155128830819
POOL-s2-b100,rl,1.0,2,results/es_pool/ckpt_seed2_gen00100.npz,100,2,BT-v3,10068,1,1.0,1,0,0,gun_kill,107.34999999999604,100.0,0.0,3.999999999999994,107.34999999999604,0.0,0.0853544776119403,0.0,
POOL-s2-b100,rl,1.0,2,results/es_pool/ckpt_seed2_gen00100.npz,100,2,BT-v3,10069,0,1.0,1,0,0,gun_kill,100.44999999999644,100.0,0.0,3.999999999999994,100.44999999999644,0.0,0.010956175298804782,0.01693227091633466,4079.0954768939737
POOL-s2-b100,rl,1.0,2,results/es_pool/ckpt_seed2_gen00100.npz,100,2,BT-v3,10069,1,1.0,1,0,0,gun_kill,70.99999999999811,100.0,0.0,3.999999999999994,70.99999999999811,0.0,0.01694915254237288,0.020480225988700564,
POOL-s2-b100,rl,1.0,2,results/es_pool/ckpt_seed2_gen00100.npz,100,2,BT-v3,10070,0,1.0,1,0,0,gun_kill,90.79999999999698,100.0,0.0,3.999999999999994,90.79999999999698,0.0,0.01379690949227373,0.002207505518763797,4661.199594548515
POOL-s2-b100,rl,1.0,2,results/es_pool/ckpt_seed2_gen00100.npz,100,2,BT-v3,10070,1,1.0,1,0,0,gun_kill,79.44999999999763,100.0,3.75,3.999999999999994,79.44999999999763,0.0,0.020780856423173802,0.0163727959697733,
POOL-s2-b100,rl,1.0,2,results/es_pool/ckpt_seed2_gen00100.npz,100,2,BT-v3,10071,0,1.0,1,0,0,gun_kill,83.69999999999739,100.0,0.0,3.999999999999994,83.69999999999739,0.0,0.0,0.03708133971291866,4331.988181961985
POOL-s2-b100,rl,1.0,2,results/es_pool/ckpt_seed2_gen00100.npz,100,2,BT-v3,10071,1,1.0,1,0,0,gun_kill,73.89999999999795,100.0,0.0,3.999999999999994,73.89999999999795,0.0,0.0,0.013550135501355014,
POOL-s2-b100,rl,1.0,2,results/es_pool/ckpt_seed2_gen00100.npz,100,2,BT-v3,10072,0,1.0,1,0,0,gun_kill,64.54999999999848,100.0,0.0,3.999999999999994,64.54999999999848,0.0,0.0,0.007763975155279503,3965.417229999699
POOL-s2-b100,rl,1.0,2,results/es_pool/ckpt_seed2_gen00100.npz,100,2,BT-v3,10072,1,1.0,1,0,0,gun_kill,72.14999999999804,100.0,0.0,3.999999999999994,72.14999999999804,0.0,0.0,0.011111111111111112,
POOL-s2-b100,rl,1.0,2,results/es_pool/ckpt_seed2_gen00100.npz,100,2,BT-v3,10073,0,1.0,1,0,0,gun_kill,74.39999999999792,100.0,0.0,3.999999999999994,74.39999999999792,0.0,0.06873315363881402,0.01752021563342318,4004.1379806753293
POOL-s2-b100,rl,1.0,2,results/es_pool/ckpt_seed2_gen00100.npz,100,2,BT-v3,10073,1,1.0,1,0,0,gun_kill,91.64999999999694,100.0,0.0,3.999999999999994,91.64999999999694,0.0,0.060589519650655024,0.03275109170305677,
POOL-s2-b100,rl,1.0,2,results/es_pool/ckpt_seed2_gen00100.npz,100,2,BT-v3,10074,0,1.0,1,0,0,gun_kill,111.14999999999583,100.0,0.0,3.999999999999994,111.14999999999583,0.0,0.07567567567567568,0.0022522522522522522,4628.848138647397
POOL-s2-b100,rl,1.0,2,results/es_pool/ckpt_seed2_gen00100.npz,100,2,BT-v3,10074,1,1.0,1,0,0,gun_kill,77.89999999999772,100.0,0.0,3.999999999999994,77.89999999999772,0.0,0.07197943444730077,0.012853470437017995,
POOL-s2-b100,rl,1.0,2,results/es_pool/ckpt_seed2_gen00100.npz,100,2,BT-v3,10075,0,1.0,1,0,0,gun_kill,74.6999999999979,100.0,0.0,3.999999999999994,74.6999999999979,0.0,0.035522788203753354,0.00938337801608579,4593.9840826647505
POOL-s2-b100,rl,1.0,2,results/es_pool/ckpt_seed2_gen00100.npz,100,2,BT-v3,10075,1,1.0,1,0,0,gun_kill,79.8499999999976,100.0,0.0,3.999999999999994,79.8499999999976,0.03508771929824561,0.05701754385964912,0.0,
POOL-s2-b100,rl,1.0,2,results/es_pool/ckpt_seed2_gen00100.npz,100,2,BT-v3,10076,0,1.0,1,0,0,gun_kill,89.54999999999706,100.0,0.0,3.999999999999994,89.54999999999706,0.0,0.03411633109619687,0.030201342281879196,4223.358998350644
POOL-s2-b100,rl,1.0,2,results/es_pool/ckpt_seed2_gen00100.npz,100,2,BT-v3,10076,1,1.0,1,0,0,gun_kill,93.9499999999968,100.0,0.0,3.999999999999994,93.9499999999968,0.0,0.03464818763326226,0.025053304904051173,
POOL-s2-b100,rl,1.0,2,results/es_pool/ckpt_seed2_gen00100.npz,100,2,BT-v3,10077,0,1.0,1,0,0,gun_kill,80.34999999999758,100.0,0.0,3.999999999999994,80.34999999999758,0.0,0.04738154613466334,0.0,3555.327956308111
POOL-s2-b100,rl,1.0,2,results/es_pool/ckpt_seed2_gen00100.npz,100,2,BT-v3,10077,1,1.0,1,0,0,gun_kill,59.549999999998754,100.0,0.0,3.999999999999994,59.549999999998754,0.0,0.04040404040404041,0.0,
POOL-s2-b100,rl,1.0,2,results/es_pool/ckpt_seed2_gen00100.npz,100,2,BT-v3,10078,0,1.0,1,0,0,gun_kill,76.5499999999978,100.0,0.0,3.999999999999994,76.5499999999978,0.0,0.10732984293193717,0.0,4344.046441641079
POOL-s2-b100,rl,1.0,2,results/es_pool/ckpt_seed2_gen00100.npz,100,2,BT-v3,10078,1,1.0,1,0,0,gun_kill,97.69999999999659,100.0,0.0,3.999999999999994,97.69999999999659,0.0,0.04918032786885246,0.01639344262295082,
POOL-s2-b100,rl,1.0,2,results/es_pool/ckpt_seed2_gen00100.npz,100,2,BT-v3,10079,0,1.0,1,0,0,gun_kill,70.44999999999814,100.0,0.0,3.999999999999994,70.44999999999814,0.0,0.0,0.014914772727272728,4289.803424626416
POOL-s2-b100,rl,1.0,2,results/es_pool/ckpt_seed2_gen00100.npz,100,2,BT-v3,10079,1,1.0,1,0,0,gun_kill,62.09999999999861,100.0,0.0,3.999999999999994,62.09999999999861,0.0,0.0,0.0,
POOL-s2-b100,rl,1.0,2,results/es_pool/ckpt_seed2_gen00100.npz,100,2,BT-v3,10080,0,1.0,1,0,0,gun_kill,74.6499999999979,100.0,0.0,3.999999999999994,74.6499999999979,0.0,0.03351206434316354,0.0,3703.3066297255314
POOL-s2-b100,rl,1.0,2,results/es_pool/ckpt_seed2_gen00100.npz,100,2,BT-v3,10080,1,1.0,1,0,0,gun_kill,74.94999999999789,100.0,0.0,3.999999999999994,74.94999999999789,0.0,0.032754010695187165,0.020053475935828877,
POOL-s2-b100,rl,1.0,2,results/es_pool/ckpt_seed2_gen00100.npz,100,2,BT-v3,10081,0,1.0,1,0,0,gun_kill,106.54999999999609,100.0,0.0,3.999999999999994,106.54999999999609,0.0,0.0,0.006578947368421052,4235.786143087009
POOL-s2-b100,rl,1.0,2,results/es_pool/ckpt_seed2_gen00100.npz,100,2,BT-v3,10081,1,1.0,1,0,0,gun_kill,85.59999999999728,100.0,0.0,3.999999999999994,85.59999999999728,0.0,0.0,0.018149882903981264,
POOL-s2-b100,rl,1.0,2,results/es_pool/ckpt_seed2_gen00100.npz,100,2,BT-v3,10082,0,1.0,1,0,0,gun_kill,91.04999999999697,100.0,11.25,3.999999999999994,91.04999999999697,0.0,0.0478021978021978,0.024175824175824177,4021.5593251413898
POOL-s2-b100,rl,1.0,2,results/es_pool/ckpt_seed2_gen00100.npz,100,2,BT-v3,10082,1,1.0,1,0,0,gun_kill,90.89999999999698,100.0,0.0,3.999999999999994,90.89999999999698,0.0,0.05506607929515418,0.019273127753303965,
POOL-s2-b100,rl,1.0,2,results/es_pool/ckpt_seed2_gen00100.npz,100,2,BT-v3,10083,0,1.0,1,0,0,gun_kill,101.99999999999635,100.0,0.0,3.999999999999994,101.99999999999635,0.0,0.068762278978389,0.0063850687622789785,4058.0863326012923
POOL-s2-b100,rl,1.0,2,results/es_pool/ckpt_seed2_gen00100.npz,100,2,BT-v3,10083,1,1.0,1,0,0,gun_kill,88.34999999999712,100.0,0.0,3.999999999999994,88.34999999999712,0.0,0.08616780045351474,0.022108843537414966,
POOL-s2-b100,rl,1.0,2,results/es_pool/ckpt_seed2_gen00100.npz,100,2,BT-v3,10084,0,1.0,1,0,0,gun_kill,70.04999999999816,100.0,0.0,3.999999999999994,70.04999999999816,0.0,0.0,0.007857142857142858,4442.319470861685
POOL-s2-b100,rl,1.0,2,results/es_pool/ckpt_seed2_gen00100.npz,100,2,BT-v3,10084,1,1.0,1,0,0,gun_kill,102.14999999999634,100.0,0.0,3.999999999999994,102.14999999999634,0.0,0.0,0.0,
POOL-s2-b100,rl,1.0,2,results/es_pool/ckpt_seed2_gen00100.npz,100,2,BT-v3,10085,0,1.0,1,0,0,gun_kill,92.04999999999691,100.0,0.0,3.999999999999994,92.04999999999691,0.0,0.0,0.005434782608695652,4104.473219936592
POOL-s2-b100,rl,1.0,2,results/es_pool/ckpt_seed2_gen00100.npz,100,2,BT-v3,10085,1,0.5,0,1,0,timeout,120.19999999999531,60.0,0.0,2.3999999999999995,120.19999999999531,0.0,0.0,0.0,
POOL-s2-b100,rl,1.0,2,results/es_pool/ckpt_seed2_gen00100.npz,100,2,BT-v3,10086,0,1.0,1,0,0,gun_kill,81.29999999999752,100.0,0.0,3.999999999999994,81.29999999999752,0.0,0.0,0.0,3879.417902146842
POOL-s2-b100,rl,1.0,2,results/es_pool/ckpt_seed2_gen00100.npz,100,2,BT-v3,10086,1,1.0,1,0,0,gun_kill,70.54999999999814,100.0,0.0,3.999999999999994,70.54999999999814,0.0,0.0,0.009232954545454546,
POOL-s2-b100,rl,1.0,2,results/es_pool/ckpt_seed2_gen00100.npz,100,2,BT-v3,10087,0,1.0,1,0,0,gun_kill,78.2499999999977,100.0,1.25,3.999999999999994,78.2499999999977,0.0,0.2531969309462916,0.030051150895140665,4393.404707028855
POOL-s2-b100,rl,1.0,2,results/es_pool/ckpt_seed2_gen00100.npz,100,2,BT-v3,10087,1,0.5,0,1,0,collision,3.899999999999994,0.0,3.75,0.0,3.899999999999994,0.0,0.0,0.06578947368421052,
POOL-s2-b100,rl,1.0,2,results/es_pool/ckpt_seed2_gen00100.npz,100,2,BT-v3,10088,0,1.0,1,0,0,gun_kill,102.04999999999634,100.0,0.0,3.999999999999994,102.04999999999634,0.0,0.0,0.028431372549019607,3739.0057925332735
POOL-s2-b100,rl,1.0,2,results/es_pool/ckpt_seed2_gen00100.npz,100,2,BT-v3,10088,1,1.0,1,0,0,gun_kill,80.19999999999759,100.0,0.0,3.999999999999994,80.19999999999759,0.0,0.0,0.02,
POOL-s2-b100,rl,1.0,2,results/es_pool/ckpt_seed2_gen00100.npz,100,2,BT-v3,10089,0,0.5,0,1,0,timeout,120.19999999999531,76.25,0.0,3.049999999999997,120.19999999999531,0.0,0.0,0.0,5031.990733442682
POOL-s2-b100,rl,1.0,2,results/es_pool/ckpt_seed2_gen00100.npz,100,2,BT-v3,10089,1,1.0,1,0,0,gun_kill,103.64999999999625,100.0,0.0,3.999999999999994,103.64999999999625,0.0,0.0,0.0019305019305019305,
POOL-s2-b100,rl,1.0,2,results/es_pool/ckpt_seed2_gen00100.npz,100,2,BT-v3,10090,0,1.0,1,0,0,gun_kill,61.099999999998666,100.0,0.0,3.999999999999994,61.099999999998666,0.0,0.03114754098360656,0.027868852459016394,3300.523795132321
POOL-s2-b100,rl,1.0,2,results/es_pool/ckpt_seed2_gen00100.npz,100,2,BT-v3,10090,1,1.0,1,0,0,gun_kill,66.74999999999835,100.0,0.0,3.999999999999994,66.74999999999835,0.0,0.036036036036036036,0.013513513513513514,
POOL-s2-b100,rl,1.0,2,results/es_pool/ckpt_seed2_gen00100.npz,100,2,BT-v3,10091,0,1.0,1,0,0,gun_kill,85.09999999999731,100.0,0.0,3.999999999999994,85.09999999999731,0.0,0.18529411764705883,0.009411764705882352,3672.972568950256
POOL-s2-b100,rl,1.0,2,results/es_pool/ckpt_seed2_gen00100.npz,100,2,BT-v3,10091,1,1.0,1,0,0,gun_kill,68.79999999999824,100.0,1.25,3.999999999999994,68.79999999999824,0.0,0.1377551020408163,0.007288629737609329,
POOL-s2-b100,rl,1.0,2,results/es_pool/ckpt_seed2_gen00100.npz,100,2,BT-v3,10092,0,1.0,1,0,0,gun_kill,100.84999999999641,100.0,6.25,3.999999999999994,100.84999999999641,0.0,0.0,0.011408730158730158,4416.6171457148375
POOL-s2-b100,rl,1.0,2,results/es_pool/ckpt_seed2_gen00100.npz,100,2,BT-v3,10092,1,1.0,1,0,0,gun_kill,72.64999999999802,100.0,0.0,3.999999999999994,72.64999999999802,0.0,0.0,0.013774104683195593,
POOL-s2-b100,rl,1.0,2,results/es_pool/ckpt_seed2_gen00100.npz,100,2,BT-v3,10093,0,1.0,1,0,0,gun_kill,107.09999999999606,100.0,0.0,3.999999999999994,107.09999999999606,0.0,0.0,0.0,4686.743985128305
POOL-s2-b100,rl,1.0,2,results/es_pool/ckpt_seed2_gen00100.npz,100,2,BT-v3,10093,1,1.0,1,0,0,gun_kill,79.64999999999762,100.0,17.5,3.999999999999994,79.64999999999762,0.0,0.0,0.01193467336683417,
POOL-s2-b100,rl,1.0,2,results/es_pool/ckpt_seed2_gen00100.npz,100,2,BT-v3,10094,0,0.5,0,1,0,timeout,120.19999999999531,67.5,0.0,2.6999999999999984,120.19999999999531,0.0,0.07695507487520799,0.0,3059.8808015835457
POOL-s2-b100,rl,1.0,2,results/es_pool/ckpt_seed2_gen00100.npz,100,2,BT-v3,10094,1,1.0,1,0,0,gun_kill,59.59999999999875,100.0,0.0,3.999999999999994,59.59999999999875,0.0,0.1271043771043771,0.0,
POOL-s2-b100,rl,1.0,2,results/es_pool/ckpt_seed2_gen00100.npz,100,2,BT-v3,10095,0,1.0,1,0,0,gun_kill,79.34999999999764,100.0,0.0,3.999999999999994,79.34999999999764,0.0,0.0025252525252525255,0.015151515151515152,3946.233290902989
POOL-s2-b100,rl,1.0,2,results/es_pool/ckpt_seed2_gen00100.npz,100,2,BT-v3,10095,1,1.0,1,0,0,gun_kill,99.2999999999965,100.0,0.0,3.999999999999994,99.2999999999965,0.0,0.0025201612903225806,0.0,
POOL-s2-b100,rl,1.0,2,results/es_pool/ckpt_seed2_gen00100.npz,100,2,BT-v3,10096,0,1.0,1,0,0,gun_kill,88.19999999999713,100.0,0.0,3.999999999999994,88.19999999999713,0.08920454545454545,0.07840909090909091,0.0,3799.393301497114
POOL-s2-b100,rl,1.0,2,results/es_pool/ckpt_seed2_gen00100.npz,100,2,BT-v3,10096,1,1.0,1,0,0,gun_kill,74.39999999999792,100.0,0.0,3.999999999999994,74.39999999999792,0.0,0.15363881401617252,0.0,
POOL-s2-b100,rl,1.0,2,results/es_pool/ckpt_seed2_gen00100.npz,100,2,BT-v3,10097,0,1.0,1,0,0,gun_kill,79.74999999999761,100.0,0.0,3.999999999999994,79.74999999999761,0.0,0.0885678391959799,0.0,4372.733195096413
POOL-s2-b100,rl,1.0,2,results/es_pool/ckpt_seed2_gen00100.npz,100,2,BT-v3,10097,1,1.0,1,0,0,gun_kill,88.14999999999714,100.0,0.0,3.999999999999994,88.14999999999714,0.0,0.09659090909090909,0.0,
POOL-s2-b100,rl,1.0,2,results/es_pool/ckpt_seed2_gen00100.npz,100,2,BT-v3,10098,0,1.0,1,0,0,gun_kill,63.9999999999985,100.0,0.0,3.999999999999994,63.9999999999985,0.0,0.1152037617554859,0.0109717868338558,3397.4702498150514
POOL-s2-b100,rl,1.0,2,results/es_pool/ckpt_seed2_gen00100.npz,100,2,BT-v3,10098,1,0.5,0,1,0,collision,44.34999999999962,0.0,10.0,0.0,44.34999999999962,0.0,0.1504524886877828,0.030542986425339366,
POOL-s2-b100,rl,1.0,2,results/es_pool/ckpt_seed2_gen00100.npz,100,2,BT-v3,10099,0,1.0,1,0,0,gun_kill,79.29999999999764,100.0,0.0,3.999999999999994,79.29999999999764,0.0,0.0,0.0,3706.9593836914964
POOL-s2-b100,rl,1.0,2,results/es_pool/ckpt_seed2_gen00100.npz,100,2,BT-v3,10099,1,1.0,1,0,0,gun_kill,69.2999999999982,100.0,0.0,3.999999999999994,69.2999999999982,0.0,0.0,0.015895953757225433,
POOL-s3-b100,rl,1.0,2,results/es_pool/ckpt_seed3_gen00100.npz,100,3,BT-v2,10000,0,0.0,0,0,1,crash,101.44999999999638,0.0,0.0,0.0,101.44999999999638,0.240138067061144,0.03353057199211045,0.016765285996055226,3589.589230510515
POOL-s3-b100,rl,1.0,2,results/es_pool/ckpt_seed3_gen00100.npz,100,3,BT-v2,10000,1,0.0,0,0,1,crash,80.44999999999757,17.5,0.0,0.7000000000000001,80.44999999999757,0.17412935323383086,0.11007462686567164,0.060945273631840796,
POOL-s3-b100,rl,1.0,2,results/es_pool/ckpt_seed3_gen00100.npz,100,3,BT-v2,10001,0,0.0,0,0,1,crash,111.5499999999958,0.0,0.0,0.0,111.5499999999958,0.21947935368043087,0.0017953321364452424,0.008976660682226212,3799.2792117264535
POOL-s3-b100,rl,1.0,2,results/es_pool/ckpt_seed3_gen00100.npz,100,3,BT-v2,10001,1,0.0,0,0,1,crash,91.99999999999692,0.0,0.0,0.0,91.99999999999692,0.15413943355119825,0.024509803921568627,0.0,
POOL-s3-b100,rl,1.0,2,results/es_pool/ckpt_seed3_gen00100.npz,100,3,BT-v2,10002,0,0.0,0,0,1,crash,105.19999999999617,3.75,0.0,0.15000000000000002,105.19999999999617,0.23523809523809525,0.03857142857142857,0.024761904761904763,3541.8082648636596
POOL-s3-b100,rl,1.0,2,results/es_pool/ckpt_seed3_gen00100.npz,100,3,BT-v2,10002,1,0.5,0,1,0,collision,13.300000000000054,0.0,0.0,0.0,13.300000000000054,0.0,0.5,0.03409090909090909,
POOL-s3-b100,rl,1.0,2,results/es_pool/ckpt_seed3_gen00100.npz,100,3,BT-v2,10003,0,0.0,0,0,1,crash,94.34999999999678,0.0,5.0,0.0,94.34999999999678,0.15021231422505307,0.19798301486199577,0.03078556263269639,4577.2610245284795
POOL-s3-b100,rl,1.0,2,results/es_pool/ckpt_seed3_gen00100.npz,100,3,BT-v2,10003,1,0.0,0,0,1,crash,90.69999999999699,2.5,0.0,0.1,90.69999999999699,0.15728476821192053,0.16169977924944812,0.04525386313465784,
POOL-s3-b100,rl,1.0,2,results/es_pool/ckpt_seed3_gen00100.npz,100,3,BT-v2,10004,0,0.0,0,0,1,crash,107.49999999999604,0.0,7.5,0.0,107.49999999999604,0.2048417132216015,0.023277467411545624,0.0,3757.453393808292
POOL-s3-b100,rl,1.0,2,results/es_pool/ckpt_seed3_gen00100.npz,100,3,BT-v2,10004,1,0.5,0,1,0,timeout,120.19999999999531,23.75,0.0,0.9500000000000003,120.19999999999531,0.10898502495840266,0.04617304492512479,0.0,
POOL-s3-b100,rl,1.0,2,results/es_pool/ckpt_seed3_gen00100.npz,100,3,BT-v2,10005,0,0.0,0,0,1,crash,67.09999999999833,0.0,6.25,0.0,67.09999999999833,0.32985074626865674,0.5865671641791045,0.011194029850746268,3807.455779472109
POOL-s3-b100,rl,1.0,2,results/es_pool/ckpt_seed3_gen00100.npz,100,3,BT-v2,10005,1,0.0,0,0,1,crash,92.3499999999969,20.0,0.0,0.8000000000000002,92.3499999999969,0.2554229934924078,0.17082429501084598,0.03036876355748373,
POOL-s3-b100,rl,1.0,2,results/es_pool/ckpt_seed3_gen00100.npz,100,3,BT-v2,10006,0,0.0,0,0,1,crash,90.74999999999699,0.0,0.0,0.0,90.74999999999699,0.2367549668874172,0.012141280353200883,0.0,3674.11128774244
POOL-s3-b100,rl,1.0,2,results/es_pool/ckpt_seed3_gen00100.npz,100,3,BT-v2,10006,1,0.0,0,0,1,crash,102.14999999999634,0.0,0.0,0.0,102.14999999999634,0.24068627450980393,0.010294117647058823,0.0014705882352941176,
POOL-s3-b100,rl,1.0,2,results/es_pool/ckpt_seed3_gen00100.npz,100,3,BT-v2,10007,0,0.0,0,0,1,crash,101.49999999999638,0.0,0.0,0.0,101.49999999999638,0.23668639053254437,0.027613412228796843,0.03254437869822485,3368.80558372086
POOL-s3-b100,rl,1.0,2,results/es_pool/ckpt_seed3_gen00100.npz,100,3,BT-v2,10007,1,0.5,0,1,0,collision,16.800000000000104,0.0,0.0,0.0,16.800000000000104,0.0,0.3795180722891566,0.030120481927710843,
POOL-s3-b100,rl,1.0,2,results/es_pool/ckpt_seed3_gen00100.npz,100,3,BT-v2,10008,0,0.0,0,0,1,crash,68.89999999999823,0.0,0.0,0.0,68.89999999999823,0.19694767441860464,0.20930232558139536,0.02252906976744186,3921.3912973929087
POOL-s3-b100,rl,1.0,2,results/es_pool/ckpt_seed3_gen00100.npz,100,3,BT-v2,10008,1,0.0,0,0,1,crash,78.2999999999977,18.75,0.0,0.7500000000000001,78.2999999999977,0.22953964194373402,0.16304347826086957,0.03900255754475703,
POOL-s3-b100,rl,1.0,2,results/es_pool/ckpt_seed3_gen00100.npz,100,3,BT-v2,10009,0,0.0,0,0,1,crash,110.44999999999587,0.0,0.0,0.0,110.44999999999587,0.21920289855072464,0.04891304347826087,0.009510869565217392,3769.665893100781
POOL-s3-b100,rl,1.0,2,results/es_pool/ckpt_seed3_gen00100.npz,100,3,BT-v2,10009,1,0.5,0,1,0,timeout,120.19999999999531,22.5,0.0,0.9000000000000002,120.19999999999531,0.1913477537437604,0.03119800332778702,0.0,
POOL-s3-b100,rl,1.0,2,results/es_pool/ckpt_seed3_gen00100.npz,100,3,BT-v2,10010,0,0.0,0,0,1,crash,82.84999999999744,27.5,0.0,1.1000000000000003,82.84999999999744,0.2971014492753623,0.09480676328502416,0.0320048309178744,3183.1702472135444
POOL-s3-b100,rl,1.0,2,results/es_pool/ckpt_seed3_gen00100.npz,100,3,BT-v2,10010,1,0.0,0,0,1,crash,82.59999999999745,0.0,11.25,0.0,82.59999999999745,0.2633495145631068,0.12742718446601942,0.021237864077669904,
POOL-s3-b100,rl,1.0,2,results/es_pool/ckpt_seed3_gen00100.npz,100,3,BT-v2,10011,0,0.0,0,0,1,crash,82.79999999999744,0.0,0.0,0.0,82.79999999999744,0.15193704600484262,0.1198547215496368,0.0,4388.1527039341
POOL-s3-b100,rl,1.0,2,results/es_pool/ckpt_seed3_gen00100.npz,100,3,BT-v2,10011,1,0.0,0,0,1,crash,77.49999999999774,0.0,0.0,0.0,77.49999999999774,0.14857881136950904,0.26744186046511625,0.0,
POOL-s3-b100,rl,1.0,2,results/es_pool/ckpt_seed3_gen00100.npz,100,3,BT-v2,10012,0,0.0,0,0,1,gun_kill,37.25000000000002,0.0,100.0,0.0,37.25000000000002,0.12903225806451613,0.9852150537634409,0.0,5049.041278982269
POOL-s3-b100,rl,1.0,2,results/es_pool/ckpt_seed3_gen00100.npz,100,3,BT-v2,10012,1,0.0,0,0,1,crash,45.69999999999954,6.25,0.0,0.25,45.69999999999954,0.25,0.9868421052631579,0.0,
POOL-s3-b100,rl,1.0,2,results/es_pool/ckpt_seed3_gen00100.npz,100,3,BT-v2,10013,0,0.0,0,0,1,crash,103.64999999999625,7.5,0.0,0.3,103.64999999999625,0.23745173745173745,0.04005791505791506,0.017857142857142856,3641.157399830497
POOL-s3-b100,rl,1.0,2,results/es_pool/ckpt_seed3_gen00100.npz,100,3,BT-v2,10013,1,0.0,0,0,1,crash,115.0499999999956,0.0,0.0,0.0,115.0499999999956,0.20304347826086958,0.04173913043478261,0.0,
POOL-s3-b100,rl,1.0,2,results/es_pool/ckpt_seed3_gen00100.npz,100,3,BT-v2,10014,0,0.0,0,0,1,crash,109.39999999999593,2.5,0.0,0.1,109.39999999999593,0.2216117216117216,0.0,0.01510989010989011,3866.9512024474266
POOL-s3-b100,rl,1.0,2,results/es_pool/ckpt_seed3_gen00100.npz,100,3,BT-v2,10014,1,0.0,0,0,1,crash,88.44999999999712,10.0,0.0,0.39999999999999997,88.44999999999712,0.1595022624434389,0.06447963800904978,0.05260180995475113,
POOL-s3-b100,rl,1.0,2,results/es_pool/ckpt_seed3_gen00100.npz,100,3,BT-v2,10015,0,0.0,0,0,1,crash,71.99999999999805,0.0,40.0,0.0,71.99999999999805,0.16504178272980502,0.22562674094707522,0.0,4072.953221273749
POOL-s3-b100,rl,1.0,2,results/es_pool/ckpt_seed3_gen00100.npz,100,3,BT-v2,10015,1,0.0,0,0,1,crash,103.49999999999626,12.5,0.0,0.49999999999999994,103.49999999999626,0.2122823984526112,0.0,0.0,
POOL-s3-b100,rl,1.0,2,results/es_pool/ckpt_seed3_gen00100.npz,100,3,BT-v2,10016,0,0.0,0,0,1,crash,100.94999999999641,11.25,0.0,0.44999999999999996,100.94999999999641,0.2465277777777778,0.0,0.029265873015873016,3501.0262059450474
POOL-s3-b100,rl,1.0,2,results/es_pool/ckpt_seed3_gen00100.npz,100,3,BT-v2,10016,1,0.0,0,0,1,crash,99.79999999999647,28.75,5.0,1.1500000000000004,99.79999999999647,0.25,0.0,0.027610441767068273,
POOL-s3-b100,rl,1.0,2,results/es_pool/ckpt_seed3_gen00100.npz,100,3,BT-v2,10017,0,0.0,0,0,1,crash,78.64999999999768,0.0,63.75,0.0,78.64999999999768,0.15267175572519084,0.2360050890585242,0.0,4317.744447525
POOL-s3-b100,rl,1.0,2,results/es_pool/ckpt_seed3_gen00100.npz,100,3,BT-v2,10017,1,1.0,1,0,0,gun_kill,31.100000000000307,100.0,0.0,3.999999999999994,31.100000000000307,0.0,0.1693548387096774,0.0,
POOL-s3-b100,rl,1.0,2,results/es_pool/ckpt_seed3_gen00100.npz,100,3,BT-v2,10018,0,0.0,0,0,1,crash,73.44999999999797,0.0,0.0,0.0,73.44999999999797,0.17506811989100818,0.16280653950953677,0.011580381471389645,3843.1465514102256
POOL-s3-b100,rl,1.0,2,results/es_pool/ckpt_seed3_gen00100.npz,100,3,BT-v2,10018,1,0.0,0,0,1,crash,99.2999999999965,0.0,0.0,0.0,99.2999999999965,0.21018145161290322,0.01965725806451613,0.0,
POOL-s3-b100,rl,1.0,2,results/es_pool/ckpt_seed3_gen00100.npz,100,3,BT-v2,10019,0,0.0,0,0,1,crash,86.64999999999722,0.0,0.0,0.0,86.64999999999722,0.21882217090069284,0.0802540415704388,0.05600461893764434,3866.144863770824
POOL-s3-b100,rl,1.0,2,results/es_pool/ckpt_seed3_gen00100.npz,100,3,BT-v2,10019,1,1.0,1,0,0,crash,83.74999999999739,0.0,0.0,0.0,83.74999999999739,0.2027511961722488,0.12739234449760767,0.025717703349282296,
POOL-s3-b100,rl,1.0,2,results/es_pool/ckpt_seed3_gen00100.npz,100,3,BT-v2,10020,0,0.0,0,0,1,crash,82.39999999999746,18.75,0.0,0.7500000000000001,82.39999999999746,0.17153284671532848,0.10401459854014598,0.0413625304136253,4342.044399809016
POOL-s3-b100,rl,1.0,2,results/es_pool/ckpt_seed3_gen00100.npz,100,3,BT-v2,10020,1,0.0,0,0,1,crash,81.24999999999753,25.0,0.0,1.0000000000000002,81.24999999999753,0.16317733990147784,0.11145320197044335,0.022167487684729065,
POOL-s3-b100,rl,1.0,2,results/es_pool/ckpt_seed3_gen00100.npz,100,3,BT-v2,10021,0,0.0,0,0,1,crash,99.09999999999651,0.0,0.0,0.0,99.09999999999651,0.2505050505050505,0.10101010101010101,0.024747474747474747,3514.490213971634
POOL-s3-b100,rl,1.0,2,results/es_pool/ckpt_seed3_gen00100.npz,100,3,BT-v2,10021,1,0.0,0,0,1,crash,62.39999999999859,6.25,0.0,0.25,62.39999999999859,0.2162379421221865,0.3641479099678457,0.05144694533762058,
POOL-s3-b100,rl,1.0,2,results/es_pool/ckpt_seed3_gen00100.npz,100,3,BT-v2,10022,0,0.0,0,0,1,crash,115.54999999999558,3.75,0.0,0.15000000000000002,115.54999999999558,0.2084055459272097,0.04072790294627383,0.02079722703639515,3912.9503126080695
POOL-s3-b100,rl,1.0,2,results/es_pool/ckpt_seed3_gen00100.npz,100,3,BT-v2,10022,1,0.5,0,1,0,timeout,120.19999999999531,17.5,0.0,0.7000000000000001,120.19999999999531,0.18552412645590682,0.04409317803660566,0.0,
POOL-s3-b100,rl,1.0,2,results/es_pool/ckpt_seed3_gen00100.npz,100,3,BT-v2,10023,0,0.0,0,0,1,crash,114.09999999999566,0.0,0.0,0.0,114.09999999999566,0.20043859649122808,0.039912280701754385,0.0,4028.7439957667953
POOL-s3-b100,rl,1.0,2,results/es_pool/ckpt_seed3_gen00100.npz,100,3,BT-v2,10023,1,0.0,0,0,1,crash,94.54999999999677,0.0,0.0,0.0,94.54999999999677,0.15466101694915255,0.14247881355932204,0.023305084745762712,
POOL-s3-b100,rl,1.0,2,results/es_pool/ckpt_seed3_gen00100.npz,100,3,BT-v2,10024,0,0.0,0,0,1,crash,64.84999999999846,6.25,0.0,0.25,64.84999999999846,0.19907407407407407,0.17669753086419754,0.016975308641975308,3907.9408090072643
POOL-s3-b100,rl,1.0,2,results/es_pool/ckpt_seed3_gen00100.npz,100,3,BT-v2,10024,1,0.0,0,0,1,crash,49.74999999999931,0.0,0.0,0.0,49.74999999999931,0.2288306451612903,0.561491935483871,0.0,
POOL-s3-b100,rl,1.0,2,results/es_pool/ckpt_seed3_gen00100.npz,100,3,BT-v2,10025,0,0.5,0,1,0,timeout,120.19999999999531,30.0,0.0,1.2000000000000004,120.19999999999531,0.07445923460898503,0.039101497504159734,0.017054908485856904,4623.003414588036
POOL-s3-b100,rl,1.0,2,results/es_pool/ckpt_seed3_gen00100.npz,100,3,BT-v2,10025,1,0.5,0,1,0,timeout,120.19999999999531,23.75,0.0,0.9500000000000003,120.19999999999531,0.0,0.042429284525790346,0.0,
POOL-s3-b100,rl,1.0,2,results/es_pool/ckpt_seed3_gen00100.npz,100,3,BT-v2,10026,0,0.5,0,1,0,timeout,120.19999999999531,0.0,0.0,0.0,120.19999999999531,0.22004991680532446,0.07362728785357738,0.0,3629.9990282062367
POOL-s3-b100,rl,1.0,2,results/es_pool/ckpt_seed3_gen00100.npz,100,3,BT-v2,10026,1,0.0,0,0,1,crash,84.44999999999735,0.0,0.0,0.0,84.44999999999735,0.2754739336492891,0.09300947867298578,0.007701421800947867,
POOL-s3-b100,rl,1.0,2,results/es_pool/ckpt_seed3_gen00100.npz,100,3,BT-v2,10027,0,0.0,0,0,1,crash,76.69999999999779,15.0,0.0,0.6,76.69999999999779,0.293733681462141,0.20822454308093996,0.025456919060052218,3209.166133988185
POOL-s3-b100,rl,1.0,2,results/es_pool/ckpt_seed3_gen00100.npz,100,3,BT-v2,10027,1,0.0,0,0,1,crash,67.44999999999831,0.0,10.0,0.0,67.44999999999831,0.32344213649851633,0.20771513353115728,0.0,
POOL-s3-b100,rl,1.0,2,results/es_pool/ckpt_seed3_gen00100.npz,100,3,BT-v2,10028,0,0.0,0,0,1,crash,98.14999999999657,0.0,0.0,0.0,98.14999999999657,0.21683673469387754,0.0,0.0,3822.709358471852
POOL-s3-b100,rl,1.0,2,results/es_pool/ckpt_seed3_gen00100.npz,100,3,BT-v2,10028,1,0.0,0,0,1,crash,106.99999999999606,2.5,0.0,0.1,106.99999999999606,0.2308052434456929,0.0,0.010299625468164793,
POOL-s3-b100,rl,1.0,2,results/es_pool/ckpt_seed3_gen00100.npz,100,3,BT-v2,10029,0,0.0,0,0,1,crash,57.249999999998884,0.0,0.0,0.0,57.249999999998884,0.20192307692307693,0.34440559440559443,0.0,4237.283360260382
POOL-s3-b100,rl,1.0,2,results/es_pool/ckpt_seed3_gen00100.npz,100,3,BT-v2,10029,1,0.0,0,0,1,crash,62.1999999999986,0.0,0.0,0.0,62.1999999999986,0.19516129032258064,0.23951612903225805,0.0,
POOL-s3-b100,rl,1.0,2,results/es_pool/ckpt_seed3_gen00100.npz,100,3,BT-v2,10030,0,0.0,0,0,1,crash,95.94999999999669,0.0,0.0,0.0,95.94999999999669,0.2395615866388309,0.11847599164926931,0.0,3606.9620204493476
POOL-s3-b100,rl,1.0,2,results/es_pool/ckpt_seed3_gen00100.npz,100,3,BT-v2,10030,1,0.0,0,0,1,crash,93.59999999999683,0.0,0.0,0.0,93.59999999999683,0.2510706638115632,0.10224839400428265,0.009100642398286937,
POOL-s3-b100,rl,1.0,2,results/es_pool/ckpt_seed3_gen00100.npz,100,3,BT-v2,10031,0,0.0,0,0,1,crash,77.74999999999773,0.0,0.0,0.0,77.74999999999773,0.28414948453608246,0.19716494845360824,0.0,3528.336089563149
POOL-s3-b100,rl,1.0,2,results/es_pool/ckpt_seed3_gen00100.npz,100,3,BT-v2,10031,1,0.0,0,0,1,crash,79.44999999999763,0.0,0.0,0.0,79.44999999999763,0.2858942065491184,0.18702770780856423,0.0,
POOL-s3-b100,rl,1.0,2,results/es_pool/ckpt_seed3_gen00100.npz,100,3,BT-v2,10032,0,0.5,0,1,0,collision,16.800000000000104,0.0,0.0,0.0,16.800000000000104,0.0,0.4307228915662651,0.030120481927710843,4439.091460356917
POOL-s3-b100,rl,1.0,2,results/es_pool/ckpt_seed3_gen00100.npz,100,3,BT-v2,10032,1,1.0,1,0,0,crash,69.89999999999817,0.0,0.0,0.0,69.89999999999817,0.24426934097421205,0.22564469914040114,0.042263610315186245,
POOL-s3-b100,rl,1.0,2,results/es_pool/ckpt_seed3_gen00100.npz,100,3,BT-v2,10033,0,0.5,0,1,0,collision,49.9499999999993,15.0,0.0,0.6,49.9499999999993,0.0,0.0572289156626506,0.04919678714859438,5100.839573570214
POOL-s3-b100,rl,1.0,2,results/es_pool/ckpt_seed3_gen00100.npz,100,3,BT-v2,10033,1,0.0,0,0,1,crash,109.19999999999594,15.0,0.0,0.6,109.19999999999594,0.21146788990825688,0.020642201834862386,0.02522935779816514,
POOL-s3-b100,rl,1.0,2,results/es_pool/ckpt_seed3_gen00100.npz,100,3,BT-v2,10034,0,0.0,0,0,1,crash,105.34999999999616,0.0,0.0,0.0,105.34999999999616,0.2115019011406844,0.06416349809885931,0.01188212927756654,3675.2014909596087
POOL-s3-b100,rl,1.0,2,results/es_pool/ckpt_seed3_gen00100.npz,100,3,BT-v2,10034,1,0.0,0,0,1,crash,75.19999999999787,3.75,0.0,0.15000000000000002,75.19999999999787,0.174,0.22466666666666665,0.034,
POOL-s3-b100,rl,1.0,2,results/es_pool/ckpt_seed3_gen00100.npz,100,3,BT-v2,10035,0,0.0,0,0,1,crash,79.49999999999763,0.0,20.0,0.0,79.49999999999763,0.2688916876574307,0.02959697732997481,0.005667506297229219,3428.5337778353473
POOL-s3-b100,rl,1.0,2,results/es_pool/ckpt_seed3_gen00100.npz,100,3,BT-v2,10035,1,1.0,1,0,0,crash,91.94999999999692,0.0,0.0,0.0,91.94999999999692,0.2565359477124183,0.03104575163398693,0.011437908496732025,
POOL-s3-b100,rl,1.0,2,results/es_pool/ckpt_seed3_gen00100.npz,100,3,BT-v2,10036,0,0.0,0,0,1,crash,80.89999999999755,0.0,0.0,0.0,80.89999999999755,0.2753712871287129,0.01547029702970297,0.009282178217821782,3433.796543340154
POOL-s3-b100,rl,1.0,2,results/es_pool/ckpt_seed3_gen00100.npz,100,3,BT-v2,10036,1,0.0,0,0,1,crash,94.74999999999676,0.0,0.0,0.0,94.74999999999676,0.2452431289640592,0.011627906976744186,0.02061310782241015,
POOL-s3-b100,rl,1.0,2,results/es_pool/ckpt_seed3_gen00100.npz,100,3,BT-v2,10037,0,0.0,0,0,1,crash,115.0499999999956,0.0,0.0,0.0,115.0499999999956,0.23608695652173914,0.07217391304347825,0.0,3532.694404400973
POOL-s3-b100,rl,1.0,2,results/es_pool/ckpt_seed3_gen00100.npz,100,3,BT-v2,10037,1,0.5,0,1,0,timeout,120.19999999999531,0.0,0.0,0.0,120.19999999999531,0.2009151414309484,0.09234608985024959,0.0,
POOL-s3-b100,rl,1.0,2,results/es_pool/ckpt_seed3_gen00100.npz,100,3,BT-v2,10038,0,0.5,0,1,0,collision,32.90000000000027,0.0,0.0,0.0,32.90000000000027,0.0,0.125,0.056402439024390245,6165.208878321028
POOL-s3-b100,rl,1.0,2,results/es_pool/ckpt_seed3_gen00100.npz,100,3,BT-v2,10038,1,0.5,0,1,0,timeout,120.19999999999531,36.25,0.0,1.4500000000000006,120.19999999999531,0.13685524126455906,0.027038269550748752,0.028286189683860232,
POOL-s3-b100,rl,1.0,2,results/es_pool/ckpt_seed3_gen00100.npz,100,3,BT-v2,10039,0,0.0,0,0,1,crash,50.79999999999925,6.25,0.0,0.25,50.79999999999925,0.25,0.233201581027668,0.015810276679841896,3359.532968990056
POOL-s3-b100,rl,1.0,2,results/es_pool/ckpt_seed3_gen00100.npz,100,3,BT-v2,10039,1,0.0,0,0,1,crash,40.59999999999983,0.0,8.75,0.0,40.59999999999983,0.28589108910891087,0.6448019801980198,0.0,
POOL-s3-b100,rl,1.0,2,results/es_pool/ckpt_seed3_gen00100.npz,100,3,BT-v2,10040,0,0.0,0,0,1,crash,103.64999999999625,0.0,21.25,0.0,103.64999999999625,0.2171814671814672,0.0,0.0,3953.664873502964
POOL-s3-b100,rl,1.0,2,results/es_pool/ckpt_seed3_gen00100.npz,100,3,BT-v2,10040,1,0.5,0,1,0,timeout,120.19999999999531,67.5,0.0,2.6999999999999984,120.19999999999531,0.19425956738768718,0.0,0.011231281198003328,
POOL-s3-b100,rl,1.0,2,results/es_pool/ckpt_seed3_gen00100.npz,100,3,BT-v2,10041,0,0.0,0,0,1,crash,91.34999999999695,0.0,0.0,0.0,91.34999999999695,0.26206140350877194,0.024671052631578948,0.03344298245614035,3264.717104313035
POOL-s3-b100,rl,1.0,2,results/es_pool/ckpt_seed3_gen00100.npz,100,3,BT-v2,10041,1,0.5,0,1,0,collision,50.049999999999294,0.0,0.0,0.0,50.049999999999294,0.0,0.054,0.061,
POOL-s3-b100,rl,1.0,2,results/es_pool/ckpt_seed3_gen00100.npz,100,3,BT-v2,10042,0,0.0,0,0,1,crash,107.64999999999603,0.0,0.0,0.0,107.64999999999603,0.2170074349442379,0.05762081784386617,0.02137546468401487,3842.870233452009
POOL-s3-b100,rl,1.0,2,results/es_pool/ckpt_seed3_gen00100.npz,100,3,BT-v2,10042,1,0.0,0,0,1,crash,80.64999999999756,6.25,0.0,0.25,80.64999999999756,0.1693548387096774,0.15570719602977667,0.05583126550868486,
POOL-s3-b100,rl,1.0,2,results/es_pool/ckpt_seed3_gen00100.npz,100,3,BT-v2,10043,0,0.0,0,0,1,crash,109.54999999999592,0.0,0.0,0.0,109.54999999999592,0.22486288848263253,0.0,0.019652650822669104,3662.855132232366
POOL-s3-b100,rl,1.0,2,results/es_pool/ckpt_seed3_gen00100.npz,100,3,BT-v2,10043,1,0.0,0,0,1,crash,116.8499999999955,0.0,0.0,0.0,116.8499999999955,0.206763698630137,0.0,0.021404109589041095,
POOL-s3-b100,rl,1.0,2,results/es_pool/ckpt_seed3_gen00100.npz,100,3,BT-v2,10044,0,0.0,0,0,1,crash,109.19999999999594,0.0,0.0,0.0,109.19999999999594,0.22110091743119267,0.0,0.011467889908256881,3788.0254674052644
POOL-s3-b100,rl,1.0,2,results/es_pool/ckpt_seed3_gen00100.npz,100,3,BT-v2,10044,1,0.5,0,1,0,timeout,120.19999999999531,0.0,0.0,0.0,120.19999999999531,0.17179700499168052,0.0,0.0,
POOL-s3-b100,rl,1.0,2,results/es_pool/ckpt_seed3_gen00100.npz,100,3,BT-v2,10045,0,0.5,0,1,0,timeout,120.19999999999531,0.0,0.0,0.0,120.19999999999531,0.06530782029950083,0.03743760399334443,0.0,4872.4736852553315
POOL-s3-b100,rl,1.0,2,results/es_pool/ckpt_seed3_gen00100.npz,100,3,BT-v2,10045,1,0.0,0,0,1,crash,91.79999999999693,0.0,0.0,0.0,91.79999999999693,0.15065502183406113,0.1937772925764192,0.0054585152838427945,
POOL-s3-b100,rl,1.0,2,results/es_pool/ckpt_seed3_gen00100.npz,100,3,BT-v2,10046,0,0.0,0,0,1,crash,96.04999999999669,0.0,0.0,0.0,96.04999999999669,0.2520833333333333,0.12291666666666666,0.0,3541.8681133536115
POOL-s3-b100,rl,1.0,2,results/es_pool/ckpt_seed3_gen00100.npz,100,3,BT-v2,10046,1,0.0,0,0,1,crash,99.94999999999646,0.0,0.0,0.0,99.94999999999646,0.23647294589178355,0.15180360721442887,0.0,
POOL-s3-b100,rl,1.0,2,results/es_pool/ckpt_seed3_gen00100.npz,100,3,BT-v2,10047,0,1.0,1,0,0,crash,81.49999999999751,0.0,3.75,0.0,81.49999999999751,0.23648648648648649,0.10012285012285012,0.06203931203931204,3557.0877911866623
POOL-s3-b100,rl,1.0,2,results/es_pool/ckpt_seed3_gen00100.npz,100,3,BT-v2,10047,1,0.0,0,0,1,crash,69.89999999999817,0.0,0.0,0.0,69.89999999999817,0.19269340974212035,0.12464183381088825,0.055873925501432664,
POOL-s3-b100,rl,1.0,2,results/es_pool/ckpt_seed3_gen00100.npz,100,3,BT-v2,10048,0,1.0,1,0,0,crash,69.4499999999982,0.0,8.75,0.0,69.4499999999982,0.2355907780979827,0.16930835734870317,0.007204610951008645,3486.5306266206667
POOL-s3-b100,rl,1.0,2,results/es_pool/ckpt_seed3_gen00100.npz,100,3,BT-v2,10048,1,1.0,1,0,0,gun_kill,32.50000000000029,100.0,0.0,3.999999999999994,32.50000000000029,0.0,0.21296296296296297,0.0,
POOL-s3-b100,rl,1.0,2,results/es_pool/ckpt_seed3_gen00100.npz,100,3,BT-v2,10049,0,1.0,1,0,0,crash,79.69999999999762,0.0,0.0,0.0,79.69999999999762,0.22173366834170855,0.22487437185929648,0.035804020100502515,4066.8438086135475
POOL-s3-b100,rl,1.0,2,results/es_pool/ckpt_seed3_gen00100.npz,100,3,BT-v2,10049,1,0.0,0,0,1,crash,118.29999999999542,12.5,0.0,0.49999999999999994,118.29999999999542,0.1895093062605753,0.06006768189509306,0.0,
POOL-s3-b100,rl,1.0,2,results/es_pool/ckpt_seed3_gen00100.npz,100,3,BT-v2,10050,0,0.0,0,0,1,crash,95.6999999999967,0.0,0.0,0.0,95.6999999999967,0.24215481171548117,0.0350418410041841,0.0,3523.3985240844286
POOL-s3-b100,rl,1.0,2,results/es_pool/ckpt_seed3_gen00100.npz,100,3,BT-v2,10050,1,0.0,0,0,1,crash,104.29999999999622,0.0,0.0,0.0,104.29999999999622,0.22024952015355087,0.034069097888675626,0.0,
POOL-s3-b100,rl,1.0,2,results/es_pool/ckpt_seed3_gen00100.npz,100,3,BT-v2,10051,0,0.0,0,0,1,crash,94.0999999999968,10.0,6.25,0.39999999999999997,94.0999999999968,0.24893617021276596,0.14308510638297872,0.017553191489361703,3549.038489687618
POOL-s3-b100,rl,1.0,2,results/es_pool/ckpt_seed3_gen00100.npz,100,3,BT-v2,10051,1,0.0,0,0,1,crash,93.9499999999968,12.5,0.0,0.49999999999999994,93.9499999999968,0.2521321961620469,0.13486140724946696,0.019722814498933903,
POOL-s3-b100,rl,1.0,2,results/es_pool/ckpt_seed3_gen00100.npz,100,3,BT-v2,10052,0,0.0,0,0,1,crash,103.99999999999623,15.0,0.0,0.6,103.99999999999623,0.22639691714836224,0.03901734104046243,0.02745664739884393,3560.9399994888813
POOL-s3-b100,rl,1.0,2,results/es_pool/ckpt_seed3_gen00100.npz,100,3,BT-v2,10052,1,0.0,0,0,1,crash,101.29999999999639,0.0,0.0,0.0,101.29999999999639,0.23962450592885376,0.03458498023715415,0.020750988142292492,
POOL-s3-b100,rl,1.0,2,results/es_pool/ckpt_seed3_gen00100.npz,100,3,BT-v2,10053,0,0.0,0,0,1,crash,89.24999999999707,1.25,0.0,0.05,89.24999999999707,0.148542600896861,0.08239910313901345,0.042600896860986545,4281.2444379634435
POOL-s3-b100,rl,1.0,2,results/es_pool/ckpt_seed3_gen00100.npz,100,3,BT-v2,10053,1,0.0,0,0,1,crash,91.09999999999697,0.0,0.0,0.0,91.09999999999697,0.1478021978021978,0.08296703296703296,0.0478021978021978,
POOL-s3-b100,rl,1.0,2,results/es_pool/ckpt_seed3_gen00100.npz,100,3,BT-v2,10054,0,0.0,0,0,1,crash,89.89999999999704,10.0,0.0,0.39999999999999997,89.89999999999704,0.2700445434298441,0.0,0.012806236080178173,3195.615089659652
POOL-s3-b100,rl,1.0,2,results/es_pool/ckpt_seed3_gen00100.npz,100,3,BT-v2,10054,1,0.0,0,0,1,crash,84.34999999999735,0.0,0.0,0.0,84.34999999999735,0.27078384798099764,0.0,0.029691211401425176,
POOL-s3-b100,rl,1.0,2,results/es_pool/ckpt_seed3_gen00100.npz,100,3,BT-v2,10055,0,0.0,0,0,1,crash,84.24999999999736,13.75,0.0,0.5499999999999999,84.24999999999736,0.29038004750593827,0.00831353919239905,0.023752969121140142,3160.1380624061744
POOL-s3-b100,rl,1.0,2,results/es_pool/ckpt_seed3_gen00100.npz,100,3,BT-v2,10055,1,0.0,0,0,1,crash,60.64999999999869,15.0,0.0,0.6,60.64999999999869,0.29125412541254125,0.13283828382838284,0.04867986798679868,
POOL-s3-b100,rl,1.0,2,results/es_pool/ckpt_seed3_gen00100.npz,100,3,BT-v2,10056,0,0.0,0,0,1,crash,67.5499999999983,15.0,10.0,0.6,67.5499999999983,0.21142433234421365,0.19955489614243324,0.04970326409495549,3734.712311693085
POOL-s3-b100,rl,1.0,2,results/es_pool/ckpt_seed3_gen00100.npz,100,3,BT-v2,10056,1,0.0,0,0,1,crash,86.14999999999725,0.0,0.0,0.0,86.14999999999725,0.2680232558139535,0.0936046511627907,0.004651162790697674,
POOL-s3-b100,rl,1.0,2,results/es_pool/ckpt_seed3_gen00100.npz,100,3,BT-v2,10057,0,0.0,0,0,1,crash,99.44999999999649,16.25,0.0,0.65,99.44999999999649,0.24496981891348088,0.0,0.023138832997987926,3476.0433119443137
POOL-s3-b100,rl,1.0,2,results/es_pool/ckpt_seed3_gen00100.npz,100,3,BT-v2,10057,1,0.0,0,0,1,crash,93.9499999999968,0.0,0.0,0.0,93.9499999999968,0.21855010660980811,0.0,0.0,
POOL-s3-b100,rl,1.0,2,results/es_pool/ckpt_seed3_gen00100.npz,100,3,BT-v2,10058,0,1.0,1,0,0,crash,62.699999999998575,2.5,0.0,0.1,62.699999999998575,0.3019169329073482,0.24600638977635783,0.07108626198083066,3271.635250564206
POOL-s3-b100,rl,1.0,2,results/es_pool/ckpt_seed3_gen00100.npz,100,3,BT-v2,10058,1,0.0,0,0,1,crash,40.59999999999983,0.0,0.0,0.0,40.59999999999983,0.2896039603960396,0.719059405940594,0.0,
POOL-s3-b100,rl,1.0,2,results/es_pool/ckpt_seed3_gen00100.npz,100,3,BT-v2,10059,0,0.0,0,0,1,crash,59.94999999999873,0.0,0.0,0.0,59.94999999999873,0.19147157190635453,0.3168896321070234,0.0,4284.2274027040185
POOL-s3-b100,rl,1.0,2,results/es_pool/ckpt_seed3_gen00100.npz,100,3,BT-v2,10059,1,0.0,0,0,1,crash,60.5499999999987,0.0,0.0,0.0,60.5499999999987,0.19039735099337748,0.3087748344370861,0.0,
POOL-s3-b100,rl,1.0,2,results/es_pool/ckpt_seed3_gen00100.npz,100,3,BT-v2,10060,0,0.0,0,0,1,crash,79.79999999999761,0.0,0.0,0.0,79.79999999999761,0.16645728643216082,0.15326633165829145,0.04773869346733668,4181.2164202262375
POOL-s3-b100,rl,1.0,2,results/es_pool/ckpt_seed3_gen00100.npz,100,3,BT-v2,10060,1,0.0,0,0,1,crash,65.9999999999984,0.0,0.0,0.0,65.9999999999984,0.19376899696048633,0.2735562310030395,0.0,
POOL-s3-b100,rl,1.0,2,results/es_pool/ckpt_seed3_gen00100.npz,100,3,BT-v2,10061,0,1.0,1,0,0,crash,81.04999999999754,0.0,0.0,0.0,81.04999999999754,0.22592592592592592,0.1728395061728395,0.05555555555555555,3792.0127068874094
POOL-s3-b100,rl,1.0,2,results/es_pool/ckpt_seed3_gen00100.npz,100,3,BT-v2,10061,1,0.0,0,0,1,crash,106.49999999999609,17.5,0.0,0.7000000000000001,106.49999999999609,0.22791353383458646,0.08552631578947369,0.007518796992481203,
POOL-s3-b100,rl,1.0,2,results/es_pool/ckpt_seed3_gen00100.npz,100,3,BT-v2,10062,0,0.0,0,0,1,crash,81.89999999999749,0.0,0.0,0.0,81.89999999999749,0.16198044009779952,0.1821515892420538,0.04156479217603912,4155.526291891771
POOL-s3-b100,rl,1.0,2,results/es_pool/ckpt_seed3_gen00100.npz,100,3,BT-v2,10062,1,0.0,0,0,1,crash,109.14999999999594,0.0,0.0,0.0,109.14999999999594,0.22201834862385322,0.08211009174311927,0.01743119266055046,
POOL-s3-b100,rl,1.0,2,results/es_pool/ckpt_seed3_gen00100.npz,100,3,BT-v2,10063,0,0.0,0,0,1,crash,62.89999999999856,2.5,6.25,0.1,62.89999999999856,0.21815286624203822,0.15684713375796178,0.04777070063694268,3375.3492014415965
POOL-s3-b100,rl,1.0,2,results/es_pool/ckpt_seed3_gen00100.npz,100,3,BT-v2,10063,1,0.0,0,0,1,crash,66.59999999999836,12.5,0.0,0.49999999999999994,66.59999999999836,0.21460843373493976,0.11897590361445783,0.05798192771084337,
POOL-s3-b100,rl,1.0,2,results/es_pool/ckpt_seed3_gen00100.npz,100,3,BT-v2,10064,0,0.5,0,1,0,timeout,120.19999999999531,0.0,12.5,0.0,120.19999999999531,0.14725457570715475,0.028286189683860232,0.0,4257.781559576598
POOL-s3-b100,rl,1.0,2,results/es_pool/ckpt_seed3_gen00100.npz,100,3,BT-v2,10064,1,1.0,1,0,0,gun_kill,27.300000000000253,100.0,0.0,3.999999999999994,27.300000000000253,0.0,0.23345588235294118,0.0,
POOL-s3-b100,rl,1.0,2,results/es_pool/ckpt_seed3_gen00100.npz,100,3,BT-v2,10065,0,0.0,0,0,1,crash,92.79999999999687,28.75,0.0,1.1500000000000004,92.79999999999687,0.26403887688984884,0.055615550755939526,0.01511879049676026,3277.8244112816
POOL-s3-b100,rl,1.0,2,results/es_pool/ckpt_seed3_gen00100.npz,100,3,BT-v2,10065,1,0.0,0,0,1,crash,86.8999999999972,0.0,17.5,0.0,86.8999999999972,0.23271889400921658,0.05414746543778802,0.0034562211981566822,
POOL-s3-b100,rl,1.0,2,results/es_pool/ckpt_seed3_gen00100.npz,100,3,BT-v2,10066,0,0.0,0,0,1,crash,51.54999999999921,0.0,0.0,0.0,51.54999999999921,0.2188715953307393,0.5505836575875487,0.0,4013.9517692715312
POOL-s3-b100,rl,1.0,2,results/es_pool/ckpt_seed3_gen00100.npz,100,3,BT-v2,10066,1,0.0,0,0,1,crash,66.84999999999835,11.25,0.0,0.44999999999999996,66.84999999999835,0.19386227544910178,0.22005988023952097,0.02844311377245509,
POOL-s3-b100,rl,1.0,2,results/es_pool/ckpt_seed3_gen00100.npz,100,3,BT-v2,10067,0,0.0,0,0,1,crash,111.09999999999583,0.0,0.0,0.0,111.09999999999583,0.2126126126126126,0.018468468468468467,0.0,3898.2207628747187
POOL-s3-b100,rl,1.0,2,results/es_pool/ckpt_seed3_gen00100.npz,100,3,BT-v2,10067,1,0.5,0,1,0,timeout,120.19999999999531,0.0,0.0,0.0,120.19999999999531,0.0,0.016638935108153077,0.0,
POOL-s3-b100,rl,1.0,2,results/es_pool/ckpt_seed3_gen00100.npz,100,3,BT-v2,10068,0,0.0,0,0,1,crash,82.74999999999744,6.25,0.0,0.25,82.74999999999744,0.14164648910411623,0.288135593220339,0.022397094430992737,4421.006648846707
POOL-s3-b100,rl,1.0,2,results/es_pool/ckpt_seed3_gen00100.npz,100,3,BT-v2,10068,1,0.0,0,0,1,crash,95.7999999999967,12.5,0.0,0.49999999999999994,95.7999999999967,0.14225941422594143,0.18828451882845187,0.004707112970711297,
POOL-s3-b100,rl,1.0,2,results/es_pool/ckpt_seed3_gen00100.npz,100,3,BT-v2,10069,0,0.0,0,0,1,crash,111.5499999999958,0.0,0.0,0.0,111.5499999999958,0.21723518850987433,0.009425493716337522,0.018402154398563735,3774.0105899530554
POOL-s3-b100,rl,1.0,2,results/es_pool/ckpt_seed3_gen00100.npz,100,3,BT-v2,10069,1,0.0,0,0,1,crash,108.64999999999597,0.0,0.0,0.0,108.64999999999597,0.22559852670349909,0.010589318600368325,0.01427255985267035,
POOL-s3-b100,rl,1.0,2,results/es_pool/ckpt_seed3_gen00100.npz,100,3,BT-v2,10070,0,0.0,0,0,1,crash,118.29999999999542,17.5,0.0,0.7000000000000001,118.29999999999542,0.21235194585448391,0.011844331641285956,0.018189509306260575,3997.032091314966
POOL-s3-b100,rl,1.0,2,results/es_pool/ckpt_seed3_gen00100.npz,100,3,BT-v2,10070,1,0.5,0,1,0,timeout,120.19999999999531,0.0,0.0,0.0,120.19999999999531,0.18801996672212978,0.014143094841930116,0.011231281198003328,
POOL-s3-b100,rl,1.0,2,results/es_pool/ckpt_seed3_gen00100.npz,100,3,BT-v2,10071,0,0.0,0,0,1,crash,72.59999999999802,0.0,0.0,0.0,72.59999999999802,0.2085635359116022,0.13466850828729282,0.029696132596685083,3956.846580808338
POOL-s3-b100,rl,1.0,2,results/es_pool/ckpt_seed3_gen00100.npz,100,3,BT-v2,10071,1,0.0,0,0,1,crash,71.1499999999981,0.0,0.0,0.0,71.1499999999981,0.19577464788732393,0.14225352112676057,0.014084507042253521,
POOL-s3-b100,rl,1.0,2,results/es_pool/ckpt_seed3_gen00100.npz,100,3,BT-v2,10072,0,0.0,0,0,1,crash,59.899999999998734,0.0,0.0,0.0,59.899999999998734,0.1931438127090301,0.33444816053511706,0.0,4114.564559044652
POOL-s3-b100,rl,1.0,2,results/es_pool/ckpt_seed3_gen00100.npz,100,3,BT-v2,10072,1,0.0,0,0,1,crash,71.94999999999806,13.75,0.0,0.5499999999999999,71.94999999999806,0.19637883008356546,0.12116991643454039,0.017409470752089137,
POOL-s3-b100,rl,1.0,2,results/es_pool/ckpt_seed3_gen00100.npz,100,3,BT-v2,10073,0,0.0,0,0,1,crash,102.14999999999634,0.0,0.0,0.0,102.14999999999634,0.21470588235294116,0.054901960784313725,0.012745098039215686,3597.5164218378186
POOL-s3-b100,rl,1.0,2,results/es_pool/ckpt_seed3_gen00100.npz,100,3,BT-v2,10073,1,0.5,0,1,0,collision,15.650000000000087,0.0,0.0,0.0,15.650000000000087,0.0,0.391025641025641,0.03205128205128205,
POOL-s3-b100,rl,1.0,2,results/es_pool/ckpt_seed3_gen00100.npz,100,3,BT-v2,10074,0,0.0,0,0,1,crash,90.39999999999701,0.0,0.0,0.0,90.39999999999701,0.1574279379157428,0.19068736141906872,0.02993348115299335,4528.197700548025
POOL-s3-b100,rl,1.0,2,results/es_pool/ckpt_seed3_gen00100.npz,100,3,BT-v2,10074,1,0.0,0,0,1,crash,84.44999999999735,0.0,2.5,0.0,84.44999999999735,0.1386255924170616,0.24407582938388625,0.0,
POOL-s3-b100,rl,1.0,2,results/es_pool/ckpt_seed3_gen00100.npz,100,3,BT-v2,10075,0,0.0,0,0,1,crash,79.49999999999763,0.0,0.0,0.0,79.49999999999763,0.15869017632241814,0.15050377833753148,0.012594458438287154,4396.007582859773
POOL-s3-b100,rl,1.0,2,results/es_pool/ckpt_seed3_gen00100.npz,100,3,BT-v2,10075,1,0.0,0,0,1,crash,61.19999999999866,0.0,0.0,0.0,61.19999999999866,0.18278688524590164,0.38934426229508196,0.0,
POOL-s3-b100,rl,1.0,2,results/es_pool/ckpt_seed3_gen00100.npz,100,3,BT-v2,10076,0,0.0,0,0,1,crash,111.7499999999958,3.75,0.0,0.15000000000000002,111.7499999999958,0.2132616487455197,0.025537634408602152,0.021057347670250897,3793.2879940948333
POOL-s3-b100,rl,1.0,2,results/es_pool/ckpt_seed3_gen00100.npz,100,3,BT-v2,10076,1,0.0,0,0,1,crash,82.64999999999745,1.25,0.0,0.05,82.64999999999745,0.1682808716707022,0.11501210653753027,0.0599273607748184,
POOL-s3-b100,rl,1.0,2,results/es_pool/ckpt_seed3_gen00100.npz,100,3,BT-v2,10077,0,0.0,0,0,1,crash,67.39999999999831,0.0,0.0,0.0,67.39999999999831,0.19717261904761904,0.16741071428571427,0.03050595238095238,3513.643090347102
POOL-s3-b100,rl,1.0,2,results/es_pool/ckpt_seed3_gen00100.npz,100,3,BT-v2,10077,1,0.0,0,0,1,crash,80.74999999999756,0.0,3.75,0.0,80.74999999999756,0.27729528535980147,0.02977667493796526,0.009305210918114143,
POOL-s3-b100,rl,1.0,2,results/es_pool/ckpt_seed3_gen00100.npz,100,3,BT-v2,10078,0,0.0,0,0,1,crash,83.24999999999741,0.0,0.0,0.0,83.24999999999741,0.15504807692307693,0.20612980769230768,0.004807692307692308,4372.749143297402
POOL-s3-b100,rl,1.0,2,results/es_pool/ckpt_seed3_gen00100.npz,100,3,BT-v2,10078,1,0.0,0,0,1,crash,80.0499999999976,0.0,0.0,0.0,80.0499999999976,0.191875,0.19375,0.01875,
POOL-s3-b100,rl,1.0,2,results/es_pool/ckpt_seed3_gen00100.npz,100,3,BT-v2,10079,0,0.0,0,0,1,crash,70.79999999999812,11.25,0.0,0.44999999999999996,70.79999999999812,0.1848441926345609,0.10694050991501416,0.019121813031161474,4036.097928561412
POOL-s3-b100,rl,1.0,2,results/es_pool/ckpt_seed3_gen00100.npz,100,3,BT-v2,10079,1,0.0,0,0,1,crash,56.899999999998904,0.0,18.75,0.0,56.899999999998904,0.20598591549295775,0.3257042253521127,0.009683098591549295,
POOL-s3-b100,rl,1.0,2,results/es_pool/ckpt_seed3_gen00100.npz,100,3,BT-v2,10080,0,0.5,0,1,0,collision,25.350000000000225,0.0,8.75,0.0,25.350000000000225,0.0,0.09722222222222222,0.061507936507936505,5013.265621274332
POOL-s3-b100,rl,1.0,2,results/es_pool/ckpt_seed3_gen00100.npz,100,3,BT-v2,10080,1,0.0,0,0,1,crash,92.3999999999969,7.5,0.0,0.3,92.3999999999969,0.2554229934924078,0.026030368763557483,0.02386117136659436,
POOL-s3-b100,rl,1.0,2,results/es_pool/ckpt_seed3_gen00100.npz,100,3,BT-v2,10081,0,0.5,0,1,0,timeout,120.19999999999531,0.0,7.5,0.0,120.19999999999531,0.05490848585690516,0.0,0.0,4578.970802914719
POOL-s3-b100,rl,1.0,2,results/es_pool/ckpt_seed3_gen00100.npz,100,3,BT-v2,10081,1,0.0,0,0,1,crash,120.14999999999532,0.0,0.0,0.0,120.14999999999532,0.20125,0.0,0.005833333333333334,
POOL-s3-b100,rl,1.0,2,results/es_pool/ckpt_seed3_gen00100.npz,100,3,BT-v2,10082,0,0.0,0,0,1,crash,101.0999999999964,1.25,0.0,0.05,101.0999999999964,0.22326732673267327,0.046534653465346534,0.016336633663366337,3637.189014222313
POOL-s3-b100,rl,1.0,2,results/es_pool/ckpt_seed3_gen00100.npz,100,3,BT-v2,10082,1,0.0,0,0,1,crash,109.19999999999594,33.75,0.0,1.3500000000000005,109.19999999999594,0.22889908256880734,0.0463302752293578,0.010091743119266056,
POOL-s3-b100,rl,1.0,2,results/es_pool/ckpt_seed3_gen00100.npz,100,3,BT-v2,10083,0,0.0,0,0,1,crash,79.9499999999976,0.0,0.0,0.0,79.9499999999976,0.17543859649122806,0.16040100250626566,0.05075187969924812,4066.4763735075444
POOL-s3-b100,rl,1.0,2,results/es_pool/ckpt_seed3_gen00100.npz,100,3,BT-v2,10083,1,0.0,0,0,1,crash,78.69999999999767,8.75,8.75,0.35,78.69999999999767,0.17048346055979643,0.1673027989821883,0.04770992366412214,
POOL-s3-b100,rl,1.0,2,results/es_pool/ckpt_seed3_gen00100.npz,100,3,BT-v2,10084,0,0.0,0,0,1,crash,75.64999999999785,15.0,0.0,0.6,75.64999999999785,0.17328042328042328,0.10251322751322751,0.025793650793650792,4096.792767721704
POOL-s3-b100,rl,1.0,2,results/es_pool/ckpt_seed3_gen00100.npz,100,3,BT-v2,10084,1,0.0,0,0,1,crash,106.84999999999607,0.0,0.0,0.0,106.84999999999607,0.21161048689138576,0.0,0.005149812734082397,
POOL-s3-b100,rl,1.0,2,results/es_pool/ckpt_seed3_gen00100.npz,100,3,BT-v2,10085,0,0.0,0,0,1,crash,114.99999999999561,0.0,0.0,0.0,114.99999999999561,0.20121951219512196,0.0,0.0,4012.6564891862354
POOL-s3-b100,rl,1.0,2,results/es_pool/ckpt_seed3_gen00100.npz,100,3,BT-v2,10085,1,0.0,0,0,1,crash,103.44999999999627,0.0,0.0,0.0,103.44999999999627,0.15038684719535783,0.0,0.0,
POOL-s3-b100,rl,1.0,2,results/es_pool/ckpt_seed3_gen00100.npz,100,3,BT-v2,10086,0,0.0,0,0,1,crash,75.94999999999783,0.0,0.0,0.0,75.94999999999783,0.1879947229551451,0.15435356200527706,0.00395778364116095,4096.460206076908
POOL-s3-b100,rl,1.0,2,results/es_pool/ckpt_seed3_gen00100.npz,100,3,BT-v2,10086,1,0.5,0,1,0,timeout,120.19999999999531,0.0,0.0,0.0,120.19999999999531,0.17845257903494177,0.0,0.0,
POOL-s3-b100,rl,1.0,2,results/es_pool/ckpt_seed3_gen00100.npz,100,3,BT-v2,10087,0,0.0,0,0,1,crash,94.0999999999968,0.0,0.0,0.0,94.0999999999968,0.24840425531914895,0.0675531914893617,0.009042553191489361,3536.0996612485264
POOL-s3-b100,rl,1.0,2,results/es_pool/ckpt_seed3_gen00100.npz,100,3,BT-v2,10087,1,0.0,0,0,1,crash,54.14999999999906,0.0,0.0,0.0,54.14999999999906,0.25277777777777777,0.7870370370370371,0.0,
POOL-s3-b100,rl,1.0,2,results/es_pool/ckpt_seed3_gen00100.npz,100,3,BT-v2,10088,0,0.0,0,0,1,crash,113.64999999999569,20.0,0.0,0.8000000000000002,113.64999999999569,0.2147887323943662,0.0,0.0048415492957746475,3724.856719119462
POOL-s3-b100,rl,1.0,2,results/es_pool/ckpt_seed3_gen00100.npz,100,3,BT-v2,10088,1,0.0,0,0,1,crash,74.7999999999979,0.0,13.75,0.0,74.7999999999979,0.18833780160857908,0.10589812332439678,0.044906166219839144,
POOL-s3-b100,rl,1.0,2,results/es_pool/ckpt_seed3_gen00100.npz,100,3,BT-v2,10089,0,0.5,0,1,0,timeout,120.19999999999531,0.0,0.0,0.0,120.19999999999531,0.0,0.0,0.0,4954.145114429242
POOL-s3-b100,rl,1.0,2,results/es_pool/ckpt_seed3_gen00100.npz,100,3,BT-v2,10089,1,0.5,0,1,0,timeout,120.19999999999531,37.5,0.0,1.5000000000000007,120.19999999999531,0.17054908485856904,0.0,0.010399334442595673,
POOL-s3-b100,rl,1.0,2,results/es_pool/ckpt_seed3_gen00100.npz,100,3,BT-v2,10090,0,0.0,0,0,1,crash,66.49999999999837,0.0,0.0,0.0,66.49999999999837,0.29819277108433734,0.12198795180722892,0.046686746987951805,3261.6214351072117
POOL-s3-b100,rl,1.0,2,results/es_pool/ckpt_seed3_gen00100.npz,100,3,BT-v2,10090,1,0.0,0,0,1,crash,76.4999999999978,15.0,0.0,0.6,76.4999999999978,0.287303664921466,0.029450261780104712,0.03468586387434555,
POOL-s3-b100,rl,1.0,2,results/es_pool/ckpt_seed3_gen00100.npz,100,3,BT-v2,10091,0,0.0,0,0,1,crash,85.39999999999729,0.0,5.0,0.0,85.39999999999729,0.2664319248826291,0.08392018779342723,0.0017605633802816902,3425.5237946353404
POOL-s3-b100,rl,1.0,2,results/es_pool/ckpt_seed3_gen00100.npz,100,3,BT-v2,10091,1,0.0,0,0,1,crash,84.99999999999731,0.0,0.0,0.0,84.99999999999731,0.28125,0.10023584905660378,0.025943396226415096,
POOL-s3-b100,rl,1.0,2,results/es_pool/ckpt_seed3_gen00100.npz,100,3,BT-v2,10092,0,0.0,0,0,1,crash,117.39999999999547,15.0,3.75,0.6,117.39999999999547,0.2128839590443686,0.0,0.021331058020477817,3920.9052775170194
POOL-s3-b100,rl,1.0,2,results/es_pool/ckpt_seed3_gen00100.npz,100,3,BT-v2,10092,1,0.0,0,0,1,crash,117.04999999999549,32.5,0.0,1.3000000000000005,117.04999999999549,0.21581196581196582,0.0,0.021367521367521368,
POOL-s3-b100,rl,1.0,2,results/es_pool/ckpt_seed3_gen00100.npz,100,3,BT-v2,10093,0,0.0,0,0,1,crash,100.64999999999642,61.25,0.0,2.4499999999999993,100.64999999999642,0.15109343936381708,0.0,0.0,4444.220226329409
POOL-s3-b100,rl,1.0,2,results/es_pool/ckpt_seed3_gen00100.npz,100,3,BT-v2,10093,1,0.0,0,0,1,crash,116.14999999999554,0.0,1.25,0.0,116.14999999999554,0.20129310344827586,0.0,0.008189655172413794,
POOL-s3-b100,rl,1.0,2,results/es_pool/ckpt_seed3_gen00100.npz,100,3,BT-v2,10094,0,0.0,0,0,1,crash,74.44999999999791,0.0,12.5,0.0,74.44999999999791,0.2842741935483871,0.12163978494623656,0.006048387096774193,3361.4707152047395
POOL-s3-b100,rl,1.0,2,results/es_pool/ckpt_seed3_gen00100.npz,100,3,BT-v2,10094,1,0.0,0,0,1,crash,86.9999999999972,8.75,0.0,0.35,86.9999999999972,0.2834101382488479,0.09043778801843318,0.02534562211981567,
POOL-s3-b100,rl,1.0,2,results/es_pool/ckpt_seed3_gen00100.npz,100,3,BT-v2,10095,0,0.0,0,0,1,crash,111.6999999999958,0.0,15.0,0.0,111.6999999999958,0.20743727598566308,0.0013440860215053765,0.0,3895.262973427068
POOL-s3-b100,rl,1.0,2,results/es_pool/ckpt_seed3_gen00100.npz,100,3,BT-v2,10095,1,0.0,0,0,1,crash,110.64999999999586,0.0,0.0,0.0,110.64999999999586,0.2224231464737794,0.00135623869801085,0.010397830018083183,
POOL-s3-b100,rl,1.0,2,results/es_pool/ckpt_seed3_gen00100.npz,100,3,BT-v2,10096,0,0.0,0,0,1,crash,105.69999999999614,0.0,22.5,0.0,105.69999999999614,0.2196969696969697,0.06202651515151515,0.0,3539.0451221479607
POOL-s3-b100,rl,1.0,2,results/es_pool/ckpt_seed3_gen00100.npz,100,3,BT-v2,10096,1,0.0,0,0,1,crash,86.34999999999724,51.25,0.0,2.0500000000000007,86.34999999999724,0.19895591647331787,0.1316705336426914,0.0,
POOL-s3-b100,rl,1.0,2,results/es_pool/ckpt_seed3_gen00100.npz,100,3,BT-v2,10097,0,0.0,0,0,1,crash,108.64999999999597,0.0,0.0,0.0,108.64999999999597,0.21961325966850828,0.062154696132596686,0.0050644567219152855,3927.518428978422
POOL-s3-b100,rl,1.0,2,results/es_pool/ckpt_seed3_gen00100.npz,100,3,BT-v2,10097,1,0.0,0,0,1,crash,104.74999999999619,0.0,0.0,0.0,104.74999999999619,0.13623326959847037,0.17782026768642448,0.0,
POOL-s3-b100,rl,1.0,2,results/es_pool/ckpt_seed3_gen00100.npz,100,3,BT-v2,10098,0,0.0,0,0,1,crash,110.64999999999586,0.0,13.75,0.0,110.64999999999586,0.20614828209764918,0.07278481012658228,0.0,3504.597347754166
POOL-s3-b100,rl,1.0,2,results/es_pool/ckpt_seed3_gen00100.npz,100,3,BT-v2,10098,1,0.0,0,0,1,crash,96.09999999999668,0.0,0.0,0.0,96.09999999999668,0.16979166666666667,0.175,0.04791666666666667,
POOL-s3-b100,rl,1.0,2,results/es_pool/ckpt_seed3_gen00100.npz,100,3,BT-v2,10099,0,0.0,0,0,1,crash,66.94999999999834,0.0,0.0,0.0,66.94999999999834,0.218562874251497,0.08083832335329341,0.06661676646706587,3267.29965260937
POOL-s3-b100,rl,1.0,2,results/es_pool/ckpt_seed3_gen00100.npz,100,3,BT-v2,10099,1,0.0,0,0,1,crash,88.19999999999713,0.0,0.0,0.0,88.19999999999713,0.2727272727272727,0.0,0.016477272727272726,
POOL-s3-b100,rl,1.0,2,results/es_pool/ckpt_seed3_gen00100.npz,100,3,BT-v3,10000,0,1.0,1,0,0,gun_kill,69.3499999999982,100.0,0.0,3.999999999999994,69.3499999999982,0.0,0.04841040462427745,0.04552023121387283,4196.490712448121
POOL-s3-b100,rl,1.0,2,results/es_pool/ckpt_seed3_gen00100.npz,100,3,BT-v3,10000,1,1.0,1,0,0,gun_kill,90.14999999999702,100.0,0.0,3.999999999999994,90.14999999999702,0.0,0.04111111111111111,0.021666666666666667,
POOL-s3-b100,rl,1.0,2,results/es_pool/ckpt_seed3_gen00100.npz,100,3,BT-v3,10001,0,1.0,1,0,0,gun_kill,77.29999999999775,100.0,0.0,3.999999999999994,77.29999999999775,0.0,0.016191709844559584,0.013601036269430052,4323.879520705312
POOL-s3-b100,rl,1.0,2,results/es_pool/ckpt_seed3_gen00100.npz,100,3,BT-v3,10001,1,1.0,1,0,0,gun_kill,86.84999999999721,100.0,0.0,3.999999999999994,86.84999999999721,0.0,0.002304147465437788,0.0,
POOL-s3-b100,rl,1.0,2,results/es_pool/ckpt_seed3_gen00100.npz,100,3,BT-v3,10002,0,1.0,1,0,0,gun_kill,85.79999999999727,100.0,6.25,3.999999999999994,85.79999999999727,0.0,0.04672897196261682,0.0,4153.047053774871
POOL-s3-b100,rl,1.0,2,results/es_pool/ckpt_seed3_gen00100.npz,100,3,BT-v3,10002,1,1.0,1,0,0,gun_kill,88.24999999999713,100.0,0.0,3.999999999999994,88.24999999999713,0.0,0.07312925170068027,0.02947845804988662,
POOL-s3-b100,rl,1.0,2,results/es_pool/ckpt_seed3_gen00100.npz,100,3,BT-v3,10003,0,1.0,1,0,0,gun_kill,79.8499999999976,100.0,13.75,3.999999999999994,79.8499999999976,0.0,0.15350877192982457,0.011904761904761904,4567.253481724004
POOL-s3-b100,rl,1.0,2,results/es_pool/ckpt_seed3_gen00100.npz,100,3,BT-v3,10003,1,1.0,1,0,0,gun_kill,82.04999999999748,100.0,0.0,3.999999999999994,82.04999999999748,0.0,0.10914634146341463,0.03780487804878049,
POOL-s3-b100,rl,1.0,2,results/es_pool/ckpt_seed3_gen00100.npz,100,3,BT-v3,10004,0,1.0,1,0,0,gun_kill,90.599999999997,100.0,16.25,3.999999999999994,90.599999999997,0.029867256637168143,0.061946902654867256,0.019358407079646017,3821.76712022588
POOL-s3-b100,rl,1.0,2,results/es_pool/ckpt_seed3_gen00100.npz,100,3,BT-v3,10004,1,1.0,1,0,0,gun_kill,17.85000000000012,100.0,0.0,3.999999999999994,17.85000000000012,0.0,0.32303370786516855,0.0,
POOL-s3-b100,rl,1.0,2,results/es_pool/ckpt_seed3_gen00100.npz,100,3,BT-v3,10005,0,0.5,0,1,0,timeout,120.19999999999531,0.0,6.25,0.0,120.19999999999531,0.0,0.16430948419301164,0.0,3511.4004685647783
POOL-s3-b100,rl,1.0,2,results/es_pool/ckpt_seed3_gen00100.npz,100,3,BT-v3,10005,1,1.0,1,0,0,gun_kill,48.099999999999405,100.0,0.0,3.999999999999994,48.099999999999405,0.0,0.3385416666666667,0.007291666666666667,
POOL-s3-b100,rl,1.0,2,results/es_pool/ckpt_seed3_gen00100.npz,100,3,BT-v3,10006,0,1.0,1,0,0,gun_kill,92.1999999999969,100.0,20.0,3.999999999999994,92.1999999999969,0.0,0.011956521739130435,0.0,3681.060592805657
POOL-s3-b100,rl,1.0,2,results/es_pool/ckpt_seed3_gen00100.npz,100,3,BT-v3,10006,1,1.0,1,0,0,gun_kill,85.84999999999727,100.0,0.0,3.999999999999994,85.84999999999727,0.0,0.012237762237762238,0.0,
POOL-s3-b100,rl,1.0,2,results/es_pool/ckpt_seed3_gen00100.npz,100,3,BT-v3,10007,0,1.0,1,0,0,gun_kill,88.89999999999709,100.0,0.0,3.999999999999994,88.89999999999709,0.0,0.03153153153153153,0.013513513513513514,3961.6361513553206
POOL-s3-b100,rl,1.0,2,results/es_pool/ckpt_seed3_gen00100.npz,100,3,BT-v3,10007,1,1.0,1,0,0,gun_kill,76.14999999999782,100.0,1.25,3.999999999999994,76.14999999999782,0.0,0.10394736842105264,0.034210526315789476,
POOL-s3-b100,rl,1.0,2,results/es_pool/ckpt_seed3_gen00100.npz,100,3,BT-v3,10008,0,1.0,1,0,0,gun_kill,73.19999999999798,100.0,6.25,3.999999999999994,73.19999999999798,0.0,0.06232876712328767,0.031506849315068496,4099.002570338682
POOL-s3-b100,rl,1.0,2,results/es_pool/ckpt_seed3_gen00100.npz,100,3,BT-v3,10008,1,1.0,1,0,0,gun_kill,89.29999999999707,100.0,0.0,3.999999999999994,89.29999999999707,0.0,0.06390134529147982,0.03195067264573991,
POOL-s3-b100,rl,1.0,2,results/es_pool/ckpt_seed3_gen00100.npz,100,3,BT-v3,10009,0,1.0,1,0,0,gun_kill,73.74999999999795,100.0,2.5,3.999999999999994,73.74999999999795,0.012907608695652174,0.07336956521739131,0.019021739130434784,4198.292013100411
POOL-s3-b100,rl,1.0,2,results/es_pool/ckpt_seed3_gen00100.npz,100,3,BT-v3,10009,1,1.0,1,0,0,gun_kill,88.44999999999712,100.0,0.0,3.999999999999994,88.44999999999712,0.0,0.04242081447963801,0.027149321266968326,
POOL-s3-b100,rl,1.0,2,results/es_pool/ckpt_seed3_gen00100.npz,100,3,BT-v3,10010,0,1.0,1,0,0,gun_kill,63.899999999998506,100.0,0.0,3.999999999999994,63.899999999998506,0.0,0.13166144200626959,0.0,3650.882814484828
POOL-s3-b100,rl,1.0,2,results/es_pool/ckpt_seed3_gen00100.npz,100,3,BT-v3,10010,1,1.0,1,0,0,gun_kill,39.04999999999992,100.0,15.0,3.999999999999994,39.04999999999992,0.0,0.30128205128205127,0.010256410256410256,
POOL-s3-b100,rl,1.0,2,results/es_pool/ckpt_seed3_gen00100.npz,100,3,BT-v3,10011,0,1.0,1,0,0,gun_kill,73.49999999999797,100.0,0.0,3.999999999999994,73.49999999999797,0.0,0.03474114441416894,0.004768392370572207,4397.091492067154
POOL-s3-b100,rl,1.0,2,results/es_pool/ckpt_seed3_gen00100.npz,100,3,BT-v3,10011,1,1.0,1,0,0,gun_kill,80.34999999999758,100.0,0.0,3.999999999999994,80.34999999999758,0.0,0.0,0.008104738154613466,
POOL-s3-b100,rl,1.0,2,results/es_pool/ckpt_seed3_gen00100.npz,100,3,BT-v3,10012,0,0.5,0,1,0,timeout,120.19999999999531,0.0,0.0,0.0,120.19999999999531,0.0,0.33111480865224624,0.0,4353.383705331288
POOL-s3-b100,rl,1.0,2,results/es_pool/ckpt_seed3_gen00100.npz,100,3,BT-v3,10012,1,0.5,0,1,0,timeout,120.19999999999531,10.0,0.0,0.39999999999999997,120.19999999999531,0.0,0.2158901830282862,0.0,
POOL-s3-b100,rl,1.0,2,results/es_pool/ckpt_seed3_gen00100.npz,100,3,BT-v3,10013,0,1.0,1,0,0,gun_kill,98.99999999999652,100.0,0.0,3.999999999999994,98.99999999999652,0.0,0.04149797570850203,0.020748987854251014,4090.7105928254023
POOL-s3-b100,rl,1.0,2,results/es_pool/ckpt_seed3_gen00100.npz,100,3,BT-v3,10013,1,1.0,1,0,0,gun_kill,89.94999999999703,100.0,0.0,3.999999999999994,89.94999999999703,0.0,0.05400890868596882,0.008351893095768375,
POOL-s3-b100,rl,1.0,2,results/es_pool/ckpt_seed3_gen00100.npz,100,3,BT-v3,10014,0,1.0,1,0,0,gun_kill,94.89999999999675,100.0,0.0,3.999999999999994,94.89999999999675,0.0,0.0,0.005274261603375527,4292.741227234031
POOL-s3-b100,rl,1.0,2,results/es_pool/ckpt_seed3_gen00100.npz,100,3,BT-v3,10014,1,1.0,1,0,0,gun_kill,79.44999999999763,100.0,0.0,3.999999999999994,79.44999999999763,0.0,0.0,0.034634760705289674,
POOL-s3-b100,rl,1.0,2,results/es_pool/ckpt_seed3_gen00100.npz,100,3,BT-v3,10015,0,1.0,1,0,0,gun_kill,95.7499999999967,100.0,0.0,3.999999999999994,95.7499999999967,0.0,0.0,0.0031380753138075313,3831.652455402262
POOL-s3-b100,rl,1.0,2,results/es_pool/ckpt_seed3_gen00100.npz,100,3,BT-v3,10015,1,1.0,1,0,0,gun_kill,76.09999999999782,100.0,0.0,3.999999999999994,76.09999999999782,0.008552631578947369,0.0,0.023026315789473683,
POOL-s3-b100,rl,1.0,2,results/es_pool/ckpt_seed3_gen00100.npz,100,3,BT-v3,10016,0,1.0,1,0,0,gun_kill,58.54999999999881,100.0,0.0,3.999999999999994,58.54999999999881,0.0,0.0,0.03339041095890411,3895.151298232437
POOL-s3-b100,rl,1.0,2,results/es_pool/ckpt_seed3_gen00100.npz,100,3,BT-v3,10016,1,1.0,1,0,0,gun_kill,63.84999999999851,100.0,8.75,3.999999999999994,63.84999999999851,0.0,0.0,0.022727272727272728,
POOL-s3-b100,rl,1.0,2,results/es_pool/ckpt_seed3_gen00100.npz,100,3,BT-v3,10017,0,1.0,1,0,0,gun_kill,99.99999999999646,100.0,57.5,3.999999999999994,99.99999999999646,0.05110220440881764,0.14579158316633267,0.0,4292.346625706412
POOL-s3-b100,rl,1.0,2,results/es_pool/ckpt_seed3_gen00100.npz,100,3,BT-v3,10017,1,1.0,1,0,0,gun_kill,42.74999999999971,100.0,0.0,3.999999999999994,42.74999999999971,0.0,0.11971830985915492,0.0,
POOL-s3-b100,rl,1.0,2,results/es_pool/ckpt_seed3_gen00100.npz,100,3,BT-v3,10018,0,1.0,1,0,0,gun_kill,66.44999999999837,100.0,0.0,3.999999999999994,66.44999999999837,0.0,0.05120481927710843,0.021837349397590362,3959.170148955821
POOL-s3-b100,rl,1.0,2,results/es_pool/ckpt_seed3_gen00100.npz,100,3,BT-v3,10018,1,1.0,1,0,0,gun_kill,61.39999999999865,100.0,0.0,3.999999999999994,61.39999999999865,0.0,0.031862745098039214,0.0,
POOL-s3-b100,rl,1.0,2,results/es_pool/ckpt_seed3_gen00100.npz,100,3,BT-v3,10019,0,1.0,1,0,0,gun_kill,92.2999999999969,100.0,0.0,3.999999999999994,92.2999999999969,0.0,0.0,0.027657266811279828,4049.4473348560145
POOL-s3-b100,rl,1.0,2,results/es_pool/ckpt_seed3_gen00100.npz,100,3,BT-v3,10019,1,1.0,1,0,0,gun_kill,87.54999999999717,100.0,0.0,3.999999999999994,87.54999999999717,0.0,0.0,0.030892448512585814,
POOL-s3-b100,rl,1.0,2,results/es_pool/ckpt_seed3_gen00100.npz,100,3,BT-v3,10020,0,1.0,1,0,0,gun_kill,83.24999999999741,100.0,0.0,3.999999999999994,83.24999999999741,0.0,0.0,0.03786057692307692,4569.79297341687
POOL-s3-b100,rl,1.0,2,results/es_pool/ckpt_seed3_gen00100.npz,100,3,BT-v3,10020,1,1.0,1,0,0,gun_kill,104.89999999999618,100.0,0.0,3.999999999999994,104.89999999999618,0.0,0.0,0.01812977099236641,
POOL-s3-b100,rl,1.0,2,results/es_pool/ckpt_seed3_gen00100.npz,100,3,BT-v3,10021,0,1.0,1,0,0,gun_kill,49.44999999999933,100.0,0.0,3.999999999999994,49.44999999999933,0.0,0.2054655870445344,0.0,4335.490436406791
POOL-s3-b100,rl,1.0,2,results/es_pool/ckpt_seed3_gen00100.npz,100,3,BT-v3,10021,1,1.0,1,0,0,gun_kill,43.44999999999967,100.0,0.0,3.999999999999994,43.44999999999967,0.0,0.3490783410138249,0.0,
POOL-s3-b100,rl,1.0,2,results/es_pool/ckpt_seed3_gen00100.npz,100,3,BT-v3,10022,0,1.0,1,0,0,gun_kill,69.84999999999818,100.0,0.0,3.999999999999994,69.84999999999818,0.0,0.0673352435530086,0.019340974212034383,4437.264397590766
POOL-s3-b100,rl,1.0,2,results/es_pool/ckpt_seed3_gen00100.npz,100,3,BT-v3,10022,1,1.0,1,0,0,gun_kill,73.34999999999798,100.0,0.0,3.999999999999994,73.34999999999798,0.0,0.0703551912568306,0.030737704918032786,
POOL-s3-b100,rl,1.0,2,results/es_pool/ckpt_seed3_gen00100.npz,100,3,BT-v3,10023,0,1.0,1,0,0,gun_kill,97.04999999999663,100.0,0.0,3.999999999999994,97.04999999999663,0.0,0.04639175257731959,0.010309278350515464,4431.593430506642
POOL-s3-b100,rl,1.0,2,results/es_pool/ckpt_seed3_gen00100.npz,100,3,BT-v3,10023,1,1.0,1,0,0,gun_kill,119.34999999999536,100.0,0.0,3.999999999999994,119.34999999999536,0.0,0.04614093959731544,0.0,
POOL-s3-b100,rl,1.0,2,results/es_pool/ckpt_seed3_gen00100.npz,100,3,BT-v3,10024,0,1.0,1,0,0,gun_kill,61.999999999998614,100.0,0.0,3.999999999999994,61.999999999998614,0.0,0.06310679611650485,0.0,4113.645230781177
POOL-s3-b100,rl,1.0,2,results/es_pool/ckpt_seed3_gen00100.npz,100,3,BT-v3,10024,1,0.5,0,1,0,timeout,120.19999999999531,20.0,0.0,0.8000000000000002,120.19999999999531,0.0,0.1343594009983361,0.0,
POOL-s3-b100,rl,1.0,2,results/es_pool/ckpt_seed3_gen00100.npz,100,3,BT-v3,10025,0,1.0,1,0,0,gun_kill,118.84999999999539,100.0,7.5,3.999999999999994,118.84999999999539,0.0,0.039141414141414144,0.0016835016835016834,4696.983311100309
POOL-s3-b100,rl,1.0,2,results/es_pool/ckpt_seed3_gen00100.npz,100,3,BT-v3,10025,1,0.5,0,1,0,timeout,120.19999999999531,28.75,0.0,1.1500000000000004,120.19999999999531,0.0,0.042429284525790346,0.004159733777038269,
POOL-s3-b100,rl,1.0,2,results/es_pool/ckpt_seed3_gen00100.npz,100,3,BT-v3,10026,0,1.0,1,0,0,gun_kill,89.49999999999706,100.0,0.0,3.999999999999994,89.49999999999706,0.0,0.09899328859060402,0.0,4083.453936301529
POOL-s3-b100,rl,1.0,2,results/es_pool/ckpt_seed3_gen00100.npz,100,3,BT-v3,10026,1,1.0,1,0,0,gun_kill,62.54999999999858,100.0,6.25,3.999999999999994,62.54999999999858,0.028044871794871796,0.22596153846153846,0.008012820512820512,
POOL-s3-b100,rl,1.0,2,results/es_pool/ckpt_seed3_gen00100.npz,100,3,BT-v3,10027,0,1.0,1,0,0,gun_kill,36.500000000000064,100.0,0.0,3.999999999999994,36.500000000000064,0.0,0.3914835164835165,0.0,4490.034558017367
POOL-s3-b100,rl,1.0,2,results/es_pool/ckpt_seed3_gen00100.npz,100,3,BT-v3,10027,1,0.5,0,1,0,timeout,120.19999999999531,36.25,0.0,1.4500000000000006,120.19999999999531,0.0,0.1389351081530782,0.0,
POOL-s3-b100,rl,1.0,2,results/es_pool/ckpt_seed3_gen00100.npz,100,3,BT-v3,10028,0,1.0,1,0,0,gun_kill,86.74999999999721,100.0,15.0,3.999999999999994,86.74999999999721,0.0,0.0,0.005773672055427252,3926.206726869447
POOL-s3-b100,rl,1.0,2,results/es_pool/ckpt_seed3_gen00100.npz,100,3,BT-v3,10028,1,1.0,1,0,0,gun_kill,43.59999999999966,100.0,0.0,3.999999999999994,43.59999999999966,0.0,0.0,0.01152073732718894,
POOL-s3-b100,rl,1.0,2,results/es_pool/ckpt_seed3_gen00100.npz,100,3,BT-v3,10029,0,1.0,1,0,0,gun_kill,67.09999999999833,100.0,0.0,3.999999999999994,67.09999999999833,0.0,0.03208955223880597,0.0,4084.92571674167
POOL-s3-b100,rl,1.0,2,results/es_pool/ckpt_seed3_gen00100.npz,100,3,BT-v3,10029,1,1.0,1,0,0,gun_kill,64.64999999999847,100.0,0.0,3.999999999999994,64.64999999999847,0.0,0.0,0.0,
POOL-s3-b100,rl,1.0,2,results/es_pool/ckpt_seed3_gen00100.npz,100,3,BT-v3,10030,0,1.0,1,0,0,gun_kill,48.04999999999941,100.0,7.5,3.999999999999994,48.04999999999941,0.0,0.25625,0.0,4556.670593990647
POOL-s3-b100,rl,1.0,2,results/es_pool/ckpt_seed3_gen00100.npz,100,3,BT-v3,10030,1,1.0,1,0,0,gun_kill,79.04999999999765,100.0,0.0,3.999999999999994,79.04999999999765,0.0,0.12278481012658228,0.03164556962025317,
POOL-s3-b100,rl,1.0,2,results/es_pool/ckpt_seed3_gen00100.npz,100,3,BT-v3,10031,0,1.0,1,0,0,gun_kill,40.14999999999986,100.0,0.0,3.999999999999994,40.14999999999986,0.0,0.3775,0.0,4840.643092570945
POOL-s3-b100,rl,1.0,2,results/es_pool/ckpt_seed3_gen00100.npz,100,3,BT-v3,10031,1,1.0,1,0,0,gun_kill,38.599999999999945,100.0,0.0,3.999999999999994,38.599999999999945,0.0,0.3567708333333333,0.0,
POOL-s3-b100,rl,1.0,2,results/es_pool/ckpt_seed3_gen00100.npz,100,3,BT-v3,10032,0,1.0,1,0,0,gun_kill,67.29999999999832,100.0,0.0,3.999999999999994,67.29999999999832,0.0,0.10788690476190477,0.011160714285714286,3643.4407983557494
POOL-s3-b100,rl,1.0,2,results/es_pool/ckpt_seed3_gen00100.npz,100,3,BT-v3,10032,1,1.0,1,0,0,gun_kill,64.69999999999847,100.0,0.0,3.999999999999994,64.69999999999847,0.0,0.12306501547987617,0.039473684210526314,
POOL-s3-b100,rl,1.0,2,results/es_pool/ckpt_seed3_gen00100.npz,100,3,BT-v3,10033,0,1.0,1,0,0,gun_kill,87.64999999999716,100.0,0.0,3.999999999999994,87.64999999999716,0.0,0.034817351598173514,0.02054794520547945,4408.734836382281
POOL-s3-b100,rl,1.0,2,results/es_pool/ckpt_seed3_gen00100.npz,100,3,BT-v3,10033,1,1.0,1,0,0,gun_kill,74.54999999999791,100.0,3.75,3.999999999999994,74.54999999999791,0.0,0.031586021505376344,0.02889784946236559,
POOL-s3-b100,rl,1.0,2,results/es_pool/ckpt_seed3_gen00100.npz,100,3,BT-v3,10034,0,1.0,1,0,0,gun_kill,100.34999999999644,100.0,3.75,3.999999999999994,100.34999999999644,0.0,0.06686626746506986,0.0,4207.29933276889
POOL-s3-b100,rl,1.0,2,results/es_pool/ckpt_seed3_gen00100.npz,100,3,BT-v3,10034,1,1.0,1,0,0,gun_kill,73.49999999999797,100.0,0.0,3.999999999999994,73.49999999999797,0.013623978201634877,0.11239782016348773,0.0326975476839237,
POOL-s3-b100,rl,1.0,2,results/es_pool/ckpt_seed3_gen00100.npz,100,3,BT-v3,10035,0,1.0,1,0,0,gun_kill,68.44999999999825,100.0,26.25,3.999999999999994,68.44999999999825,0.0,0.03435672514619883,0.0,3770.962912169806
POOL-s3-b100,rl,1.0,2,results/es_pool/ckpt_seed3_gen00100.npz,100,3,BT-v3,10035,1,1.0,1,0,0,gun_kill,72.69999999999801,100.0,0.0,3.999999999999994,72.69999999999801,0.0,0.03925619834710744,0.0,
POOL-s3-b100,rl,1.0,2,results/es_pool/ckpt_seed3_gen00100.npz,100,3,BT-v3,10036,0,1.0,1,0,0,gun_kill,83.4499999999974,100.0,22.5,3.999999999999994,83.4499999999974,0.0,0.01498800959232614,0.00539568345323741,3734.7467547117285
POOL-s3-b100,rl,1.0,2,results/es_pool/ckpt_seed3_gen00100.npz,100,3,BT-v3,10036,1,1.0,1,0,0,gun_kill,72.899999999998,100.0,0.0,3.999999999999994,72.899999999998,0.0,0.01510989010989011,0.013736263736263736,
POOL-s3-b100,rl,1.0,2,results/es_pool/ckpt_seed3_gen00100.npz,100,3,BT-v3,10037,0,1.0,1,0,0,gun_kill,77.14999999999776,100.0,0.0,3.999999999999994,77.14999999999776,0.0,0.10909090909090909,0.0,3841.7883601396197
POOL-s3-b100,rl,1.0,2,results/es_pool/ckpt_seed3_gen00100.npz,100,3,BT-v3,10037,1,1.0,1,0,0,gun_kill,86.24999999999724,100.0,0.0,3.999999999999994,86.24999999999724,0.0,0.1345707656612529,0.0017401392111368909,
POOL-s3-b100,rl,1.0,2,results/es_pool/ckpt_seed3_gen00100.npz,100,3,BT-v3,10038,0,1.0,1,0,0,gun_kill,84.54999999999734,100.0,5.0,3.999999999999994,84.54999999999734,0.0,0.04798578199052133,0.016587677725118485,4700.6752174770145
POOL-s3-b100,rl,1.0,2,results/es_pool/ckpt_seed3_gen00100.npz,100,3,BT-v3,10038,1,1.0,1,0,0,gun_kill,73.049999999998,100.0,0.0,3.999999999999994,73.049999999998,0.0,0.043835616438356165,0.03287671232876712,
POOL-s3-b100,rl,1.0,2,results/es_pool/ckpt_seed3_gen00100.npz,100,3,BT-v3,10039,0,1.0,1,0,0,gun_kill,49.9999999999993,100.0,0.0,3.999999999999994,49.9999999999993,0.0,0.071285140562249,0.0,3600.6453452697942
POOL-s3-b100,rl,1.0,2,results/es_pool/ckpt_seed3_gen00100.npz,100,3,BT-v3,10039,1,0.5,0,1,0,timeout,120.19999999999531,61.25,10.0,2.4499999999999993,120.19999999999531,0.03826955074875208,0.1405990016638935,0.0,
POOL-s3-b100,rl,1.0,2,results/es_pool/ckpt_seed3_gen00100.npz,100,3,BT-v3,10040,0,1.0,1,0,0,gun_kill,84.54999999999734,100.0,18.75,3.999999999999994,84.54999999999734,0.0,0.0,0.005924170616113744,4311.1727294957045
POOL-s3-b100,rl,1.0,2,results/es_pool/ckpt_seed3_gen00100.npz,100,3,BT-v3,10040,1,1.0,1,0,0,gun_kill,93.59999999999683,100.0,0.0,3.999999999999994,93.59999999999683,0.0,0.0,0.0026766595289079227,
POOL-s3-b100,rl,1.0,2,results/es_pool/ckpt_seed3_gen00100.npz,100,3,BT-v3,10041,0,1.0,1,0,0,gun_kill,56.349999999998936,100.0,0.0,3.999999999999994,56.349999999998936,0.0,0.04181494661921708,0.04092526690391459,4006.570092651506
POOL-s3-b100,rl,1.0,2,results/es_pool/ckpt_seed3_gen00100.npz,100,3,BT-v3,10041,1,1.0,1,0,0,gun_kill,75.14999999999787,100.0,0.0,3.999999999999994,75.14999999999787,0.0,0.03,0.032,
POOL-s3-b100,rl,1.0,2,results/es_pool/ckpt_seed3_gen00100.npz,100,3,BT-v3,10042,0,1.0,1,0,0,gun_kill,90.29999999999701,100.0,0.0,3.999999999999994,90.29999999999701,0.0,0.07483370288248337,0.022172949002217297,4248.246450648728
POOL-s3-b100,rl,1.0,2,results/es_pool/ckpt_seed3_gen00100.npz,100,3,BT-v3,10042,1,1.0,1,0,0,gun_kill,72.39999999999803,100.0,0.0,3.999999999999994,72.39999999999803,0.0,0.0907202216066482,0.031163434903047092,
POOL-s3-b100,rl,1.0,2,results/es_pool/ckpt_seed3_gen00100.npz,100,3,BT-v3,10043,0,1.0,1,0,0,gun_kill,104.09999999999623,100.0,0.0,3.999999999999994,104.09999999999623,0.0,0.0,0.025961538461538463,3987.342702045555
POOL-s3-b100,rl,1.0,2,results/es_pool/ckpt_seed3_gen00100.npz,100,3,BT-v3,10043,1,1.0,1,0,0,gun_kill,77.54999999999774,100.0,0.0,3.999999999999994,77.54999999999774,0.0,0.009689922480620155,0.03359173126614987,
POOL-s3-b100,rl,1.0,2,results/es_pool/ckpt_seed3_gen00100.npz,100,3,BT-v3,10044,0,1.0,1,0,0,gun_kill,92.49999999999689,100.0,0.0,3.999999999999994,92.49999999999689,0.0,0.0,0.007034632034632035,4200.607883194324
POOL-s3-b100,rl,1.0,2,results/es_pool/ckpt_seed3_gen00100.npz,100,3,BT-v3,10044,1,1.0,1,0,0,gun_kill,111.6499999999958,100.0,0.0,3.999999999999994,111.6499999999958,0.0,0.0,0.005376344086021506,
POOL-s3-b100,rl,1.0,2,results/es_pool/ckpt_seed3_gen00100.npz,100,3,BT-v3,10045,0,1.0,1,0,0,gun_kill,75.89999999999783,100.0,0.0,3.999999999999994,75.89999999999783,0.0,0.0633245382585752,0.008575197889182058,4754.663827841331
POOL-s3-b100,rl,1.0,2,results/es_pool/ckpt_seed3_gen00100.npz,100,3,BT-v3,10045,1,1.0,1,0,0,gun_kill,85.54999999999728,100.0,0.0,3.999999999999994,85.54999999999728,0.01288056206088993,0.08548009367681499,0.026346604215456676,
POOL-s3-b100,rl,1.0,2,results/es_pool/ckpt_seed3_gen00100.npz,100,3,BT-v3,10046,0,1.0,1,0,0,gun_kill,63.24999999999854,100.0,0.0,3.999999999999994,63.24999999999854,0.0,0.185126582278481,0.0,4292.199748470524
POOL-s3-b100,rl,1.0,2,results/es_pool/ckpt_seed3_gen00100.npz,100,3,BT-v3,10046,1,0.5,0,1,0,timeout,120.19999999999531,78.75,5.0,3.149999999999997,120.19999999999531,0.0,0.20133111480865223,0.0,
POOL-s3-b100,rl,1.0,2,results/es_pool/ckpt_seed3_gen00100.npz,100,3,BT-v3,10047,0,1.0,1,0,0,gun_kill,81.29999999999752,100.0,0.0,3.999999999999994,81.29999999999752,0.0,0.012315270935960592,0.033866995073891626,4287.9186315078205
POOL-s3-b100,rl,1.0,2,results/es_pool/ckpt_seed3_gen00100.npz,100,3,BT-v3,10047,1,1.0,1,0,0,gun_kill,70.04999999999816,100.0,5.0,3.999999999999994,70.04999999999816,0.025,0.05928571428571429,0.0,
POOL-s3-b100,rl,1.0,2,results/es_pool/ckpt_seed3_gen00100.npz,100,3,BT-v3,10048,0,1.0,1,0,0,gun_kill,82.84999999999744,100.0,76.25,3.999999999999994,82.84999999999744,0.15579710144927536,0.13828502415458938,0.0,3724.2819770100755
POOL-s3-b100,rl,1.0,2,results/es_pool/ckpt_seed3_gen00100.npz,100,3,BT-v3,10048,1,1.0,1,0,0,gun_kill,93.9499999999968,100.0,0.0,3.999999999999994,93.9499999999968,0.0,0.07782515991471216,0.0,
POOL-s3-b100,rl,1.0,2,results/es_pool/ckpt_seed3_gen00100.npz,100,3,BT-v3,10049,0,1.0,1,0,0,gun_kill,99.64999999999648,100.0,0.0,3.999999999999994,99.64999999999648,0.0,0.0818273092369478,0.0,4147.948624558894
POOL-s3-b100,rl,1.0,2,results/es_pool/ckpt_seed3_gen00100.npz,100,3,BT-v3,10049,1,1.0,1,0,0,gun_kill,109.9499999999959,100.0,0.0,3.999999999999994,109.9499999999959,0.0,0.06284153005464481,0.012295081967213115,
POOL-s3-b100,rl,1.0,2,results/es_pool/ckpt_seed3_gen00100.npz,100,3,BT-v3,10050,0,1.0,1,0,0,gun_kill,92.44999999999689,100.0,0.0,3.999999999999994,92.44999999999689,0.0,0.036255411255411256,0.0,4079.8220014865014
POOL-s3-b100,rl,1.0,2,results/es_pool/ckpt_seed3_gen00100.npz,100,3,BT-v3,10050,1,1.0,1,0,0,gun_kill,86.09999999999725,100.0,0.0,3.999999999999994,86.09999999999725,0.0,0.04186046511627907,0.013953488372093023,
POOL-s3-b100,rl,1.0,2,results/es_pool/ckpt_seed3_gen00100.npz,100,3,BT-v3,10051,0,0.5,0,1,0,timeout,120.19999999999531,27.5,0.0,1.1000000000000003,120.19999999999531,0.0,0.19217970049916805,0.0,3364.206715812383
POOL-s3-b100,rl,1.0,2,results/es_pool/ckpt_seed3_gen00100.npz,100,3,BT-v3,10051,1,1.0,1,0,0,gun_kill,51.599999999999206,100.0,0.0,3.999999999999994,51.599999999999206,0.0,0.24221789883268482,0.0,
POOL-s3-b100,rl,1.0,2,results/es_pool/ckpt_seed3_gen00100.npz,100,3,BT-v3,10052,0,1.0,1,0,0,gun_kill,79.8999999999976,100.0,0.0,3.999999999999994,79.8999999999976,0.0,0.05075187969924812,0.02819548872180451,3885.3500506752857
POOL-s3-b100,rl,1.0,2,results/es_pool/ckpt_seed3_gen00100.npz,100,3,BT-v3,10052,1,1.0,1,0,0,gun_kill,91.59999999999694,100.0,0.0,3.999999999999994,91.59999999999694,0.0,0.03774617067833698,0.02899343544857768,
POOL-s3-b100,rl,1.0,2,results/es_pool/ckpt_seed3_gen00100.npz,100,3,BT-v3,10053,0,1.0,1,0,0,gun_kill,80.69999999999756,100.0,0.0,3.999999999999994,80.69999999999756,0.0,0.0,0.021712158808933003,4637.345444903285
POOL-s3-b100,rl,1.0,2,results/es_pool/ckpt_seed3_gen00100.npz,100,3,BT-v3,10053,1,1.0,1,0,0,gun_kill,87.49999999999717,100.0,7.5,3.999999999999994,87.49999999999717,0.0,0.0,0.010297482837528604,
POOL-s3-b100,rl,1.0,2,results/es_pool/ckpt_seed3_gen00100.npz,100,3,BT-v3,10054,0,1.0,1,0,0,gun_kill,82.24999999999747,100.0,0.0,3.999999999999994,82.24999999999747,0.030413625304136254,0.012773722627737226,0.027980535279805353,3126.6503606070114
POOL-s3-b100,rl,1.0,2,results/es_pool/ckpt_seed3_gen00100.npz,100,3,BT-v3,10054,1,1.0,1,0,0,gun_kill,71.2499999999981,100.0,0.0,3.999999999999994,71.2499999999981,0.02949438202247191,0.023174157303370788,0.025280898876404494,
POOL-s3-b100,rl,1.0,2,results/es_pool/ckpt_seed3_gen00100.npz,100,3,BT-v3,10055,0,1.0,1,0,0,gun_kill,65.39999999999843,100.0,0.0,3.999999999999994,65.39999999999843,0.0,0.010736196319018405,0.024539877300613498,3601.0014885014352
POOL-s3-b100,rl,1.0,2,results/es_pool/ckpt_seed3_gen00100.npz,100,3,BT-v3,10055,1,1.0,1,0,0,gun_kill,72.899999999998,100.0,3.75,3.999999999999994,72.899999999998,0.0,0.008241758241758242,0.042582417582417584,
POOL-s3-b100,rl,1.0,2,results/es_pool/ckpt_seed3_gen00100.npz,100,3,BT-v3,10056,0,1.0,1,0,0,gun_kill,56.04999999999895,100.0,0.0,3.999999999999994,56.04999999999895,0.0,0.225,0.033035714285714286,3966.5606301687426
POOL-s3-b100,rl,1.0,2,results/es_pool/ckpt_seed3_gen00100.npz,100,3,BT-v3,10056,1,0.5,0,1,0,timeout,120.19999999999531,38.75,0.0,1.5500000000000007,120.19999999999531,0.0,0.12312811980033278,0.0,
POOL-s3-b100,rl,1.0,2,results/es_pool/ckpt_seed3_gen00100.npz,100,3,BT-v3,10057,0,1.0,1,0,0,gun_kill,55.54999999999898,100.0,0.0,3.999999999999994,55.54999999999898,0.0,0.0,0.03700361010830325,4483.228926058449
POOL-s3-b100,rl,1.0,2,results/es_pool/ckpt_seed3_gen00100.npz,100,3,BT-v3,10057,1,1.0,1,0,0,gun_kill,79.9499999999976,100.0,8.75,3.999999999999994,79.9499999999976,0.03759398496240601,0.0,0.03132832080200501,
POOL-s3-b100,rl,1.0,2,results/es_pool/ckpt_seed3_gen00100.npz,100,3,BT-v3,10058,0,1.0,1,0,0,gun_kill,57.14999999999889,100.0,0.0,3.999999999999994,57.14999999999889,0.0,0.13859649122807016,0.0035087719298245615,3418.1245757159973
POOL-s3-b100,rl,1.0,2,results/es_pool/ckpt_seed3_gen00100.npz,100,3,BT-v3,10058,1,0.5,0,1,0,timeout,120.19999999999531,17.5,12.5,0.7000000000000001,120.19999999999531,0.0,0.17970049916805325,0.0,
POOL-s3-b100,rl,1.0,2,results/es_pool/ckpt_seed3_gen00100.npz,100,3,BT-v3,10059,0,1.0,1,0,0,gun_kill,59.29999999999877,100.0,0.0,3.999999999999994,59.29999999999877,0.0,0.05067567567567568,0.0,4395.994663540803
POOL-s3-b100,rl,1.0,2,results/es_pool/ckpt_seed3_gen00100.npz,100,3,BT-v3,10059,1,1.0,1,0,0,gun_kill,60.29999999999871,100.0,0.0,3.999999999999994,60.29999999999871,0.0,0.040697674418604654,0.0,
POOL-s3-b100,rl,1.0,2,results/es_pool/ckpt_seed3_gen00100.npz,100,3,BT-v3,10060,0,1.0,1,0,0,gun_kill,69.24999999999821,100.0,0.0,3.999999999999994,69.24999999999821,0.0,0.06358381502890173,0.007947976878612716,4427.6978057558335
POOL-s3-b100,rl,1.0,2,results/es_pool/ckpt_seed3_gen00100.npz,100,3,BT-v3,10060,1,1.0,1,0,0,gun_kill,73.14999999999799,100.0,0.0,3.999999999999994,73.14999999999799,0.0,0.08904109589041095,0.015068493150684932,
POOL-s3-b100,rl,1.0,2,results/es_pool/ckpt_seed3_gen00100.npz,100,3,BT-v3,10061,0,1.0,1,0,0,gun_kill,91.19999999999696,100.0,10.0,3.999999999999994,91.19999999999696,0.0,0.06593406593406594,0.008791208791208791,4060.324282252137
POOL-s3-b100,rl,1.0,2,results/es_pool/ckpt_seed3_gen00100.npz,100,3,BT-v3,10061,1,1.0,1,0,0,gun_kill,78.39999999999769,100.0,0.0,3.999999999999994,78.39999999999769,0.0,0.11572890025575447,0.0076726342710997444,
POOL-s3-b100,rl,1.0,2,results/es_pool/ckpt_seed3_gen00100.npz,100,3,BT-v3,10062,0,1.0,1,0,0,gun_kill,97.84999999999658,100.0,2.5,3.999999999999994,97.84999999999658,0.0,0.07413087934560328,0.0,4110.801945840137
POOL-s3-b100,rl,1.0,2,results/es_pool/ckpt_seed3_gen00100.npz,100,3,BT-v3,10062,1,1.0,1,0,0,gun_kill,90.34999999999701,100.0,0.0,3.999999999999994,90.34999999999701,0.0,0.1008869179600887,0.024390243902439025,
POOL-s3-b100,rl,1.0,2,results/es_pool/ckpt_seed3_gen00100.npz,100,3,BT-v3,10063,0,1.0,1,0,0,gun_kill,84.14999999999736,100.0,10.0,3.999999999999994,84.14999999999736,0.0,0.03273809523809524,0.03154761904761905,3410.1264556750557
POOL-s3-b100,rl,1.0,2,results/es_pool/ckpt_seed3_gen00100.npz,100,3,BT-v3,10063,1,1.0,1,0,0,gun_kill,53.199999999999115,100.0,0.0,3.999999999999994,53.199999999999115,0.0,0.05849056603773585,0.0330188679245283,
POOL-s3-b100,rl,1.0,2,results/es_pool/ckpt_seed3_gen00100.npz,100,3,BT-v3,10064,0,1.0,1,0,0,gun_kill,81.14999999999753,100.0,0.0,3.999999999999994,81.14999999999753,0.0,0.04197530864197531,0.027777777777777776,4504.949474923833
POOL-s3-b100,rl,1.0,2,results/es_pool/ckpt_seed3_gen00100.npz,100,3,BT-v3,10064,1,1.0,1,0,0,gun_kill,97.69999999999659,100.0,0.0,3.999999999999994,97.69999999999659,0.0,0.06711065573770492,0.0,
POOL-s3-b100,rl,1.0,2,results/es_pool/ckpt_seed3_gen00100.npz,100,3,BT-v3,10065,0,1.0,1,0,0,gun_kill,74.7499999999979,100.0,0.0,3.999999999999994,74.7499999999979,0.0,0.0690348525469169,0.029490616621983913,3704.288961288873
POOL-s3-b100,rl,1.0,2,results/es_pool/ckpt_seed3_gen00100.npz,100,3,BT-v3,10065,1,1.0,1,0,0,gun_kill,72.69999999999801,100.0,2.5,3.999999999999994,72.69999999999801,0.024104683195592287,0.09504132231404959,0.02134986225895317,
POOL-s3-b100,rl,1.0,2,results/es_pool/ckpt_seed3_gen00100.npz,100,3,BT-v3,10066,0,0.5,0,1,0,timeout,120.19999999999531,0.0,10.0,0.0,120.19999999999531,0.0,0.14933444259567388,0.0,3260.81085542231
POOL-s3-b100,rl,1.0,2,results/es_pool/ckpt_seed3_gen00100.npz,100,3,BT-v3,10066,1,1.0,1,0,0,gun_kill,64.29999999999849,100.0,0.0,3.999999999999994,64.29999999999849,0.0,0.09813084112149532,0.0,
POOL-s3-b100,rl,1.0,2,results/es_pool/ckpt_seed3_gen00100.npz,100,3,BT-v3,10067,0,1.0,1,0,0,gun_kill,99.74999999999648,100.0,0.0,3.999999999999994,99.74999999999648,0.0,0.020582329317269075,0.004016064257028112,4035.104905194397
POOL-s3-b100,rl,1.0,2,results/es_pool/ckpt_seed3_gen00100.npz,100,3,BT-v3,10067,1,1.0,1,0,0,gun_kill,90.649999999997,100.0,0.0,3.999999999999994,90.649999999997,0.0,0.02207505518763797,0.0,
POOL-s3-b100,rl,1.0,2,results/es_pool/ckpt_seed3_gen00100.npz,100,3,BT-v3,10068,0,0.5,0,1,0,timeout,120.19999999999531,0.0,7.5,0.0,120.19999999999531,0.0,0.04367720465890183,0.0,4841.14542945242
POOL-s3-b100,rl,1.0,2,results/es_pool/ckpt_seed3_gen00100.npz,100,3,BT-v3,10068,1,1.0,1,0,0,gun_kill,101.49999999999638,100.0,0.0,3.999999999999994,101.49999999999638,0.0,0.08727810650887574,0.016765285996055226,
POOL-s3-b100,rl,1.0,2,results/es_pool/ckpt_seed3_gen00100.npz,100,3,BT-v3,10069,0,1.0,1,0,0,gun_kill,74.39999999999792,100.0,0.0,3.999999999999994,74.39999999999792,0.0,0.014150943396226415,0.04043126684636118,4190.4848815542355
POOL-s3-b100,rl,1.0,2,results/es_pool/ckpt_seed3_gen00100.npz,100,3,BT-v3,10069,1,1.0,1,0,0,gun_kill,74.34999999999792,100.0,0.0,3.999999999999994,74.34999999999792,0.0,0.02223719676549865,0.028975741239892182,
POOL-s3-b100,rl,1.0,2,results/es_pool/ckpt_seed3_gen00100.npz,100,3,BT-v3,10070,0,1.0,1,0,0,gun_kill,101.69999999999636,100.0,0.0,3.999999999999994,101.69999999999636,0.0,0.013779527559055118,0.003937007874015748,4470.289424910978
POOL-s3-b100,rl,1.0,2,results/es_pool/ckpt_seed3_gen00100.npz,100,3,BT-v3,10070,1,1.0,1,0,0,gun_kill,75.29999999999787,100.0,6.25,3.999999999999994,75.29999999999787,0.0,0.02127659574468085,0.01795212765957447,
POOL-s3-b100,rl,1.0,2,results/es_pool/ckpt_seed3_gen00100.npz,100,3,BT-v3,10071,0,1.0,1,0,0,gun_kill,85.59999999999728,100.0,0.0,3.999999999999994,85.59999999999728,0.0,0.01990632318501171,0.01756440281030445,3894.2548139336072
POOL-s3-b100,rl,1.0,2,results/es_pool/ckpt_seed3_gen00100.npz,100,3,BT-v3,10071,1,1.0,1,0,0,gun_kill,80.44999999999757,100.0,0.0,3.999999999999994,80.44999999999757,0.0,0.0,0.0012437810945273632,
POOL-s3-b100,rl,1.0,2,results/es_pool/ckpt_seed3_gen00100.npz,100,3,BT-v3,10072,0,0.5,0,1,0,timeout,120.19999999999531,76.25,0.0,3.049999999999997,120.19999999999531,0.13103161397670549,0.08818635607321132,0.0029118136439267887,3090.716593549764
POOL-s3-b100,rl,1.0,2,results/es_pool/ckpt_seed3_gen00100.npz,100,3,BT-v3,10072,1,1.0,1,0,0,gun_kill,64.89999999999846,100.0,0.0,3.999999999999994,64.89999999999846,0.0,0.0,0.009259259259259259,
POOL-s3-b100,rl,1.0,2,results/es_pool/ckpt_seed3_gen00100.npz,100,3,BT-v3,10073,0,1.0,1,0,0,gun_kill,102.04999999999634,100.0,8.75,3.999999999999994,102.04999999999634,0.0,0.05392156862745098,0.0,4205.728819587424
POOL-s3-b100,rl,1.0,2,results/es_pool/ckpt_seed3_gen00100.npz,100,3,BT-v3,10073,1,1.0,1,0,0,gun_kill,95.7499999999967,100.0,0.0,3.999999999999994,95.7499999999967,0.0,0.06433054393305439,0.02092050209205021,
POOL-s3-b100,rl,1.0,2,results/es_pool/ckpt_seed3_gen00100.npz,100,3,BT-v3,10074,0,1.0,1,0,0,gun_kill,81.7499999999975,100.0,0.0,3.999999999999994,81.7499999999975,0.0,0.10416666666666667,0.020833333333333332,4587.7727442145815
POOL-s3-b100,rl,1.0,2,results/es_pool/ckpt_seed3_gen00100.npz,100,3,BT-v3,10074,1,1.0,1,0,0,gun_kill,110.44999999999587,100.0,0.0,3.999999999999994,110.44999999999587,0.0,0.04755434782608696,0.0,
POOL-s3-b100,rl,1.0,2,results/es_pool/ckpt_seed3_gen00100.npz,100,3,BT-v3,10075,0,1.0,1,0,0,gun_kill,69.4999999999982,100.0,0.0,3.999999999999994,69.4999999999982,0.0,0.0345821325648415,0.005043227665706052,4465.869967159833
POOL-s3-b100,rl,1.0,2,results/es_pool/ckpt_seed3_gen00100.npz,100,3,BT-v3,10075,1,1.0,1,0,0,gun_kill,66.49999999999837,100.0,0.0,3.999999999999994,66.49999999999837,0.0,0.1716867469879518,0.0,
POOL-s3-b100,rl,1.0,2,results/es_pool/ckpt_seed3_gen00100.npz,100,3,BT-v3,10076,0,1.0,1,0,0,gun_kill,89.54999999999706,100.0,0.0,3.999999999999994,89.54999999999706,0.0,0.03131991051454139,0.04082774049217002,4375.830566162758
POOL-s3-b100,rl,1.0,2,results/es_pool/ckpt_seed3_gen00100.npz,100,3,BT-v3,10076,1,1.0,1,0,0,gun_kill,69.69999999999818,100.0,0.0,3.999999999999994,69.69999999999818,0.0,0.05818965517241379,0.022988505747126436,
POOL-s3-b100,rl,1.0,2,results/es_pool/ckpt_seed3_gen00100.npz,100,3,BT-v3,10077,0,1.0,1,0,0,gun_kill,56.84999999999891,100.0,0.0,3.999999999999994,56.84999999999891,0.0,0.07130281690140845,0.02112676056338028,3783.881300080633
POOL-s3-b100,rl,1.0,2,results/es_pool/ckpt_seed3_gen00100.npz,100,3,BT-v3,10077,1,1.0,1,0,0,gun_kill,54.89999999999902,100.0,0.0,3.999999999999994,54.89999999999902,0.0,0.08394160583941605,0.025547445255474453,
POOL-s3-b100,rl,1.0,2,results/es_pool/ckpt_seed3_gen00100.npz,100,3,BT-v3,10078,0,1.0,1,0,0,gun_kill,78.69999999999767,100.0,0.0,3.999999999999994,78.69999999999767,0.03880407124681934,0.14185750636132316,0.017811704834605598,4083.8880099349744
POOL-s3-b100,rl,1.0,2,results/es_pool/ckpt_seed3_gen00100.npz,100,3,BT-v3,10078,1,1.0,1,0,0,gun_kill,74.7999999999979,100.0,0.0,3.999999999999994,74.7999999999979,0.0,0.0690348525469169,0.006702412868632708,
POOL-s3-b100,rl,1.0,2,results/es_pool/ckpt_seed3_gen00100.npz,100,3,BT-v3,10079,0,1.0,1,0,0,gun_kill,64.84999999999846,100.0,0.0,3.999999999999994,64.84999999999846,0.0,0.0,0.012345679012345678,4301.086864830675
POOL-s3-b100,rl,1.0,2,results/es_pool/ckpt_seed3_gen00100.npz,100,3,BT-v3,10079,1,0.5,0,1,0,timeout,120.19999999999531,36.25,0.0,1.4500000000000006,120.19999999999531,0.08985024958402663,0.08901830282861897,0.0,
POOL-s3-b100,rl,1.0,2,results/es_pool/ckpt_seed3_gen00100.npz,100,3,BT-v3,10080,0,1.0,1,0,0,gun_kill,81.7999999999975,100.0,0.0,3.999999999999994,81.7999999999975,0.0,0.03002450980392157,0.0,3573.257718230063
POOL-s3-b100,rl,1.0,2,results/es_pool/ckpt_seed3_gen00100.npz,100,3,BT-v3,10080,1,1.0,1,0,0,gun_kill,81.44999999999752,100.0,0.0,3.999999999999994,81.44999999999752,0.0,0.029484029484029485,0.012899262899262898,
POOL-s3-b100,rl,1.0,2,results/es_pool/ckpt_seed3_gen00100.npz,100,3,BT-v3,10081,0,1.0,1,0,0,gun_kill,107.04999999999606,100.0,0.0,3.999999999999994,107.04999999999606,0.0,0.0,0.014485981308411215,4520.371543171486
POOL-s3-b100,rl,1.0,2,results/es_pool/ckpt_seed3_gen00100.npz,100,3,BT-v3,10081,1,1.0,1,0,0,gun_kill,82.99999999999743,100.0,0.0,3.999999999999994,82.99999999999743,0.0,0.0,0.036231884057971016,
POOL-s3-b100,rl,1.0,2,results/es_pool/ckpt_seed3_gen00100.npz,100,3,BT-v3,10082,0,1.0,1,0,0,gun_kill,87.39999999999718,100.0,11.25,3.999999999999994,87.39999999999718,0.0,0.05504587155963303,0.0338302752293578,4003.989000946408
POOL-s3-b100,rl,1.0,2,results/es_pool/ckpt_seed3_gen00100.npz,100,3,BT-v3,10082,1,1.0,1,0,0,gun_kill,86.74999999999721,100.0,0.0,3.999999999999994,86.74999999999721,0.0,0.061200923787528866,0.028868360277136258,
POOL-s3-b100,rl,1.0,2,results/es_pool/ckpt_seed3_gen00100.npz,100,3,BT-v3,10083,0,1.0,1,0,0,gun_kill,71.44999999999808,100.0,0.0,3.999999999999994,71.44999999999808,0.0,0.09103641456582633,0.03011204481792717,4915.488186073965
POOL-s3-b100,rl,1.0,2,results/es_pool/ckpt_seed3_gen00100.npz,100,3,BT-v3,10083,1,1.0,1,0,0,gun_kill,88.89999999999709,100.0,0.0,3.999999999999994,88.89999999999709,0.0,0.09065315315315316,0.018581081081081082,
POOL-s3-b100,rl,1.0,2,results/es_pool/ckpt_seed3_gen00100.npz,100,3,BT-v3,10084,0,1.0,1,0,0,gun_kill,71.94999999999806,100.0,0.0,3.999999999999994,71.94999999999806,0.0,0.0,0.008356545961002786,4365.76662777814
POOL-s3-b100,rl,1.0,2,results/es_pool/ckpt_seed3_gen00100.npz,100,3,BT-v3,10084,1,1.0,1,0,0,gun_kill,56.79999999999891,100.0,0.0,3.999999999999994,56.79999999999891,0.0,0.0,0.028268551236749116,
POOL-s3-b100,rl,1.0,2,results/es_pool/ckpt_seed3_gen00100.npz,100,3,BT-v3,10085,0,1.0,1,0,0,gun_kill,109.54999999999592,100.0,0.0,3.999999999999994,109.54999999999592,0.0,0.0,0.003656307129798903,4264.800077453097
POOL-s3-b100,rl,1.0,2,results/es_pool/ckpt_seed3_gen00100.npz,100,3,BT-v3,10085,1,0.5,0,1,0,timeout,120.19999999999531,0.0,0.0,0.0,120.19999999999531,0.0,0.0,0.0,
POOL-s3-b100,rl,1.0,2,results/es_pool/ckpt_seed3_gen00100.npz,100,3,BT-v3,10086,0,1.0,1,0,0,gun_kill,83.04999999999742,100.0,0.0,3.999999999999994,83.04999999999742,0.0,0.019879518072289156,0.018674698795180723,4003.877793667221
POOL-s3-b100,rl,1.0,2,results/es_pool/ckpt_seed3_gen00100.npz,100,3,BT-v3,10086,1,1.0,1,0,0,gun_kill,78.99999999999766,100.0,0.0,3.999999999999994,78.99999999999766,0.0,0.041243654822335024,0.0,
POOL-s3-b100,rl,1.0,2,results/es_pool/ckpt_seed3_gen00100.npz,100,3,BT-v3,10087,0,1.0,1,0,0,gun_kill,82.04999999999748,100.0,0.0,3.999999999999994,82.04999999999748,0.0,0.10670731707317073,0.02804878048780488,3907.8155245788903
POOL-s3-b100,rl,1.0,2,results/es_pool/ckpt_seed3_gen00100.npz,100,3,BT-v3,10087,1,0.5,0,1,0,timeout,120.19999999999531,27.5,0.0,1.1000000000000003,120.19999999999531,0.0,0.28743760399334445,0.0,
POOL-s3-b100,rl,1.0,2,results/es_pool/ckpt_seed3_gen00100.npz,100,3,BT-v3,10088,0,1.0,1,0,0,gun_kill,70.69999999999813,100.0,0.0,3.999999999999994,70.69999999999813,0.0,0.0,0.018413597733711047,4075.44470789304
POOL-s3-b100,rl,1.0,2,results/es_pool/ckpt_seed3_gen00100.npz,100,3,BT-v3,10088,1,1.0,1,0,0,gun_kill,80.79999999999755,100.0,0.0,3.999999999999994,80.79999999999755,0.0,0.0,0.013027295285359801,
POOL-s3-b100,rl,1.0,2,results/es_pool/ckpt_seed3_gen00100.npz,100,3,BT-v3,10089,0,0.5,0,1,0,timeout,120.19999999999531,0.0,0.0,0.0,120.19999999999531,0.0,0.0,0.0,5141.0984899102405
POOL-s3-b100,rl,1.0,2,results/es_pool/ckpt_seed3_gen00100.npz,100,3,BT-v3,10089,1,1.0,1,0,0,gun_kill,96.94999999999663,100.0,0.0,3.999999999999994,96.94999999999663,0.0,0.0,0.0,
POOL-s3-b100,rl,1.0,2,results/es_pool/ckpt_seed3_gen00100.npz,100,3,BT-v3,10090,0,1.0,1,0,0,gun_kill,65.9999999999984,100.0,0.0,3.999999999999994,65.9999999999984,0.031914893617021274,0.026595744680851064,0.031914893617021274,3279.7629887845196
POOL-s3-b100,rl,1.0,2,results/es_pool/ckpt_seed3_gen00100.npz,100,3,BT-v3,10090,1,1.0,1,0,0,gun_kill,56.04999999999895,100.0,0.0,3.999999999999994,56.04999999999895,0.0,0.04017857142857143,0.033035714285714286,
POOL-s3-b100,rl,1.0,2,results/es_pool/ckpt_seed3_gen00100.npz,100,3,BT-v3,10091,0,1.0,1,0,0,gun_kill,85.69999999999727,100.0,0.0,3.999999999999994,85.69999999999727,0.0,0.12675233644859812,0.02219626168224299,3475.48405696384
POOL-s3-b100,rl,1.0,2,results/es_pool/ckpt_seed3_gen00100.npz,100,3,BT-v3,10091,1,1.0,1,0,0,gun_kill,78.1499999999977,100.0,1.25,3.999999999999994,78.1499999999977,0.0,0.11987179487179488,0.002564102564102564,
POOL-s3-b100,rl,1.0,2,results/es_pool/ckpt_seed3_gen00100.npz,100,3,BT-v3,10092,0,1.0,1,0,0,gun_kill,91.24999999999696,100.0,6.25,3.999999999999994,91.24999999999696,0.0,0.0,0.018092105263157895,4529.692288743203
POOL-s3-b100,rl,1.0,2,results/es_pool/ckpt_seed3_gen00100.npz,100,3,BT-v3,10092,1,1.0,1,0,0,gun_kill,69.19999999999821,100.0,0.0,3.999999999999994,69.19999999999821,0.0,0.0,0.009420289855072464,
POOL-s3-b100,rl,1.0,2,results/es_pool/ckpt_seed3_gen00100.npz,100,3,BT-v3,10093,0,1.0,1,0,0,gun_kill,105.79999999999613,100.0,0.0,3.999999999999994,105.79999999999613,0.0,0.0,0.0,4559.215014230004
POOL-s3-b100,rl,1.0,2,results/es_pool/ckpt_seed3_gen00100.npz,100,3,BT-v3,10093,1,1.0,1,0,0,gun_kill,78.89999999999766,100.0,18.75,3.999999999999994,78.89999999999766,0.0,0.02030456852791878,0.008248730964467006,
POOL-s3-b100,rl,1.0,2,results/es_pool/ckpt_seed3_gen00100.npz,100,3,BT-v3,10094,0,1.0,1,0,0,gun_kill,46.89999999999947,100.0,0.0,3.999999999999994,46.89999999999947,0.0,0.20512820512820512,0.0,4008.8802167290564
POOL-s3-b100,rl,1.0,2,results/es_pool/ckpt_seed3_gen00100.npz,100,3,BT-v3,10094,1,1.0,1,0,0,gun_kill,60.599999999998694,100.0,0.0,3.999999999999994,60.599999999998694,0.0,0.12831125827814568,0.0,
POOL-s3-b100,rl,1.0,2,results/es_pool/ckpt_seed3_gen00100.npz,100,3,BT-v3,10095,0,1.0,1,0,0,gun_kill,76.79999999999778,100.0,0.0,3.999999999999994,76.79999999999778,0.013054830287206266,0.01370757180156658,0.02741514360313316,4071.858071207246
POOL-s3-b100,rl,1.0,2,results/es_pool/ckpt_seed3_gen00100.npz,100,3,BT-v3,10095,1,1.0,1,0,0,gun_kill,100.59999999999643,100.0,0.0,3.999999999999994,100.59999999999643,0.0,0.00149402390438247,0.010956175298804782,
POOL-s3-b100,rl,1.0,2,results/es_pool/ckpt_seed3_gen00100.npz,100,3,BT-v3,10096,0,0.5,0,1,0,timeout,120.19999999999531,48.75,0.0,1.950000000000001,120.19999999999531,0.09608985024958402,0.13352745424292845,0.0,3230.596186340225
POOL-s3-b100,rl,1.0,2,results/es_pool/ckpt_seed3_gen00100.npz,100,3,BT-v3,10096,1,1.0,1,0,0,gun_kill,62.94999999999856,100.0,0.0,3.999999999999994,62.94999999999856,0.0,0.1839171974522293,0.020700636942675158,
POOL-s3-b100,rl,1.0,2,results/es_pool/ckpt_seed3_gen00100.npz,100,3,BT-v3,10097,0,1.0,1,0,0,gun_kill,90.29999999999701,100.0,0.0,3.999999999999994,90.29999999999701,0.0,0.07317073170731707,0.0,4295.981972996407
POOL-s3-b100,rl,1.0,2,results/es_pool/ckpt_seed3_gen00100.npz,100,3,BT-v3,10097,1,1.0,1,0,0,gun_kill,104.14999999999623,100.0,0.0,3.999999999999994,104.14999999999623,0.0,0.07740384615384616,0.0,
POOL-s3-b100,rl,1.0,2,results/es_pool/ckpt_seed3_gen00100.npz,100,3,BT-v3,10098,0,1.0,1,0,0,gun_kill,57.54999999999887,100.0,0.0,3.999999999999994,57.54999999999887,0.0,0.14198606271777003,0.04006968641114982,3560.481560093735
POOL-s3-b100,rl,1.0,2,results/es_pool/ckpt_seed3_gen00100.npz,100,3,BT-v3,10098,1,1.0,1,0,0,gun_kill,92.44999999999689,100.0,11.25,3.999999999999994,92.44999999999689,0.0,0.0817099567099567,0.0091991341991342,
POOL-s3-b100,rl,1.0,2,results/es_pool/ckpt_seed3_gen00100.npz,100,3,BT-v3,10099,0,1.0,1,0,0,gun_kill,75.29999999999787,100.0,0.0,3.999999999999994,75.29999999999787,0.0,0.0,0.04188829787234043,3620.177311867564
POOL-s3-b100,rl,1.0,2,results/es_pool/ckpt_seed3_gen00100.npz,100,3,BT-v3,10099,1,1.0,1,0,0,gun_kill,61.299999999998654,100.0,0.0,3.999999999999994,61.299999999998654,0.0,0.029411764705882353,0.03349673202614379,
POOL-s4-b100,rl,1.0,2,results/es_pool/ckpt_seed4_gen00100.npz,100,4,BT-v2,10000,0,0.0,0,0,1,crash,87.94999999999715,0.0,0.0,0.0,87.94999999999715,0.21981776765375854,0.03189066059225513,0.007403189066059226,3668.478565873982
POOL-s4-b100,rl,1.0,2,results/es_pool/ckpt_seed4_gen00100.npz,100,4,BT-v2,10000,1,0.0,0,0,1,crash,90.04999999999703,27.5,0.0,1.1000000000000003,90.04999999999703,0.21055555555555555,0.03722222222222222,0.007222222222222222,
POOL-s4-b100,rl,1.0,2,results/es_pool/ckpt_seed4_gen00100.npz,100,4,BT-v2,10001,0,0.0,0,0,1,crash,98.79999999999653,0.0,3.75,0.0,98.79999999999653,0.21805273833671399,0.004056795131845842,0.0010141987829614604,3822.291680005752
POOL-s4-b100,rl,1.0,2,results/es_pool/ckpt_seed4_gen00100.npz,100,4,BT-v2,10001,1,0.5,0,1,0,timeout,120.19999999999531,0.0,0.0,0.0,120.19999999999531,0.0020798668885191347,0.0,0.0,
POOL-s4-b100,rl,1.0,2,results/es_pool/ckpt_seed4_gen00100.npz,100,4,BT-v2,10002,0,0.0,0,0,1,crash,92.2499999999969,7.5,0.0,0.3,92.2499999999969,0.20553145336225598,0.05368763557483731,0.0,3724.919054319601
POOL-s4-b100,rl,1.0,2,results/es_pool/ckpt_seed4_gen00100.npz,100,4,BT-v2,10002,1,0.0,0,0,1,crash,87.89999999999715,6.25,0.0,0.25,87.89999999999715,0.24031890660592256,0.04441913439635535,0.008542141230068337,
POOL-s4-b100,rl,1.0,2,results/es_pool/ckpt_seed4_gen00100.npz,100,4,BT-v2,10003,0,0.5,0,1,0,timeout,120.19999999999531,0.0,0.0,0.0,120.19999999999531,0.1343594009983361,0.06613976705490848,0.04534109816971714,4356.853700625164
POOL-s4-b100,rl,1.0,2,results/es_pool/ckpt_seed4_gen00100.npz,100,4,BT-v2,10003,1,0.0,0,0,1,crash,113.4499999999957,16.25,0.0,0.65,113.4499999999957,0.17019400352733685,0.08862433862433862,0.0,
POOL-s4-b100,rl,1.0,2,results/es_pool/ckpt_seed4_gen00100.npz,100,4,BT-v2,10004,0,0.0,0,0,1,crash,112.84999999999573,18.75,0.0,0.7500000000000001,112.84999999999573,0.22163120567375885,0.02349290780141844,0.0350177304964539,3656.681479793137
POOL-s4-b100,rl,1.0,2,results/es_pool/ckpt_seed4_gen00100.npz,100,4,BT-v2,10004,1,0.5,0,1,0,timeout,120.19999999999531,13.75,0.0,0.5499999999999999,120.19999999999531,0.0,0.02038269550748752,0.0,
POOL-s4-b100,rl,1.0,2,results/es_pool/ckpt_seed4_gen00100.npz,100,4,BT-v2,10005,0,0.0,0,0,1,gun_kill,49.149999999999345,0.0,100.0,0.0,49.149999999999345,0.1336734693877551,0.9734693877551021,0.0,5024.211718161585
POOL-s4-b100,rl,1.0,2,results/es_pool/ckpt_seed4_gen00100.npz,100,4,BT-v2,10005,1,0.0,0,0,1,crash,72.849999999998,0.0,0.0,0.0,72.849999999998,0.27884615384615385,0.2706043956043956,0.0,
POOL-s4-b100,rl,1.0,2,results/es_pool/ckpt_seed4_gen00100.npz,100,4,BT-v2,10006,0,0.0,0,0,1,crash,71.2999999999981,0.0,0.0,0.0,71.2999999999981,0.2345505617977528,0.016151685393258428,0.0,3810.1101993256616
POOL-s4-b100,rl,1.0,2,results/es_pool/ckpt_seed4_gen00100.npz,100,4,BT-v2,10006,1,0.0,0,0,1,crash,91.79999999999693,17.5,0.0,0.7000000000000001,91.79999999999693,0.23198689956331878,0.01146288209606987,0.0,
POOL-s4-b100,rl,1.0,2,results/es_pool/ckpt_seed4_gen00100.npz,100,4,BT-v2,10007,0,1.0,1,0,0,crash,98.64999999999654,0.0,0.0,0.0,98.64999999999654,0.2515212981744422,0.036511156186612576,0.051217038539553755,3306.3097991297327
POOL-s4-b100,rl,1.0,2,results/es_pool/ckpt_seed4_gen00100.npz,100,4,BT-v2,10007,1,0.5,0,1,0,collision,27.250000000000252,5.0,0.0,0.2,27.250000000000252,0.0,0.10845588235294118,0.01838235294117647,
POOL-s4-b100,rl,1.0,2,results/es_pool/ckpt_seed4_gen00100.npz,100,4,BT-v2,10008,0,1.0,1,0,0,crash,103.29999999999627,0.0,0.0,0.0,103.29999999999627,0.24176356589147288,0.04505813953488372,0.055232558139534885,3589.8401546832974
POOL-s4-b100,rl,1.0,2,results/es_pool/ckpt_seed4_gen00100.npz,100,4,BT-v2,10008,1,0.0,0,0,1,crash,87.79999999999715,0.0,0.0,0.0,87.79999999999715,0.2100456621004566,0.04794520547945205,0.003424657534246575,
POOL-s4-b100,rl,1.0,2,results/es_pool/ckpt_seed4_gen00100.npz,100,4,BT-v2,10009,0,0.0,0,0,1,crash,98.94999999999652,0.0,0.0,0.0,98.94999999999652,0.20951417004048584,0.035931174089068825,0.011639676113360324,3851.3284477842467
POOL-s4-b100,rl,1.0,2,results/es_pool/ckpt_seed4_gen00100.npz,100,4,BT-v2,10009,1,0.5,0,1,0,timeout,120.19999999999531,26.25,0.0,1.0500000000000003,120.19999999999531,0.06364392678868552,0.042429284525790346,0.0,
POOL-s4-b100,rl,1.0,2,results/es_pool/ckpt_seed4_gen00100.npz,100,4,BT-v2,10010,0,0.0,0,0,1,crash,71.59999999999808,11.25,0.0,0.44999999999999996,71.59999999999808,0.2976190476190476,0.16176470588235295,0.014005602240896359,3188.1810096371605
POOL-s4-b100,rl,1.0,2,results/es_pool/ckpt_seed4_gen00100.npz,100,4,BT-v2,10010,1,0.0,0,0,1,crash,80.14999999999759,0.0,12.5,0.0,80.14999999999759,0.253125,0.08375,0.015,
POOL-s4-b100,rl,1.0,2,results/es_pool/ckpt_seed4_gen00100.npz,100,4,BT-v2,10011,0,0.0,0,0,1,crash,112.69999999999574,0.0,0.0,0.0,112.69999999999574,0.16785079928952043,0.0,0.0,4342.043790726271
POOL-s4-b100,rl,1.0,2,results/es_pool/ckpt_seed4_gen00100.npz,100,4,BT-v2,10011,1,0.0,0,0,1,crash,114.74999999999562,31.25,0.0,1.2500000000000004,114.74999999999562,0.21378708551483422,0.0,0.04886561954624782,
POOL-s4-b100,rl,1.0,2,results/es_pool/ckpt_seed4_gen00100.npz,100,4,BT-v2,10012,0,0.0,0,0,1,crash,93.04999999999686,0.0,0.0,0.0,93.04999999999686,0.26021505376344084,0.11881720430107527,0.002688172043010753,3395.298470829958
POOL-s4-b100,rl,1.0,2,results/es_pool/ckpt_seed4_gen00100.npz,100,4,BT-v2,10012,1,0.0,0,0,1,crash,87.44999999999717,22.5,0.0,0.9000000000000002,87.44999999999717,0.2723112128146453,0.16304347826086957,0.043478260869565216,
POOL-s4-b100,rl,1.0,2,results/es_pool/ckpt_seed4_gen00100.npz,100,4,BT-v2,10013,0,0.0,0,0,1,crash,95.19999999999673,0.0,0.0,0.0,95.19999999999673,0.1863157894736842,0.04421052631578947,0.0,4063.7359432492585
POOL-s4-b100,rl,1.0,2,results/es_pool/ckpt_seed4_gen00100.npz,100,4,BT-v2,10013,1,0.0,0,0,1,crash,96.74999999999665,0.0,0.0,0.0,96.74999999999665,0.1956521739130435,0.06418219461697723,0.0,
POOL-s4-b100,rl,1.0,2,results/es_pool/ckpt_seed4_gen00100.npz,100,4,BT-v2,10014,0,0.0,0,0,1,crash,101.34999999999638,5.0,0.0,0.2,101.34999999999638,0.21393280632411066,0.0,0.004446640316205534,4004.166566698807
POOL-s4-b100,rl,1.0,2,results/es_pool/ckpt_seed4_gen00100.npz,100,4,BT-v2,10014,1,0.5,0,1,0,timeout,120.19999999999531,0.0,0.0,0.0,120.19999999999531,0.16306156405990016,0.0,0.04617304492512479,
POOL-s4-b100,rl,1.0,2,results/es_pool/ckpt_seed4_gen00100.npz,100,4,BT-v2,10015,0,0.0,0,0,1,crash,98.44999999999655,0.0,16.25,0.0,98.44999999999655,0.24390243902439024,0.0,0.031504065040650404,3446.1787626054097
POOL-s4-b100,rl,1.0,2,results/es_pool/ckpt_seed4_gen00100.npz,100,4,BT-v2,10015,1,0.0,0,0,1,crash,88.09999999999714,0.0,0.0,0.0,88.09999999999714,0.23295454545454544,0.0,0.005681818181818182,
POOL-s4-b100,rl,1.0,2,results/es_pool/ckpt_seed4_gen00100.npz,100,4,BT-v2,10016,0,0.0,0,0,1,crash,107.19999999999605,18.75,0.0,0.7500000000000001,107.19999999999605,0.2308411214953271,0.0051401869158878505,0.04953271028037383,3564.3581571909044
POOL-s4-b100,rl,1.0,2,results/es_pool/ckpt_seed4_gen00100.npz,100,4,BT-v2,10016,1,0.0,0,0,1,crash,82.64999999999745,11.25,3.75,0.44999999999999996,82.64999999999745,0.24152542372881355,0.0,0.013922518159806295,
POOL-s4-b100,rl,1.0,2,results/es_pool/ckpt_seed4_gen00100.npz,100,4,BT-v2,10017,0,0.0,0,0,1,crash,87.19999999999719,0.0,0.0,0.0,87.19999999999719,0.25057471264367814,0.04885057471264368,0.0,3536.1432654253686
POOL-s4-b100,rl,1.0,2,results/es_pool/ckpt_seed4_gen00100.npz,100,4,BT-v2,10017,1,1.0,1,0,0,gun_kill,31.600000000000314,100.0,0.0,3.999999999999994,31.600000000000314,0.0,0.20382165605095542,0.0,
POOL-s4-b100,rl,1.0,2,results/es_pool/ckpt_seed4_gen00100.npz,100,4,BT-v2,10018,0,0.0,0,0,1,crash,81.94999999999749,0.0,0.0,0.0,81.94999999999749,0.24511002444987776,0.021393643031784843,0.0,3565.569351821735
POOL-s4-b100,rl,1.0,2,results/es_pool/ckpt_seed4_gen00100.npz,100,4,BT-v2,10018,1,0.0,0,0,1,crash,91.84999999999692,0.0,0.0,0.0,91.84999999999692,0.2608932461873638,0.023420479302832243,0.03758169934640523,
POOL-s4-b100,rl,1.0,2,results/es_pool/ckpt_seed4_gen00100.npz,100,4,BT-v2,10019,0,0.0,0,0,1,crash,94.24999999999679,17.5,0.0,0.7000000000000001,94.24999999999679,0.19957537154989385,0.0,0.00583864118895966,3771.968329768512
POOL-s4-b100,rl,1.0,2,results/es_pool/ckpt_seed4_gen00100.npz,100,4,BT-v2,10019,1,0.0,0,0,1,crash,95.94999999999669,0.0,0.0,0.0,95.94999999999669,0.1988517745302714,0.0,0.011482254697286013,
POOL-s4-b100,rl,1.0,2,results/es_pool/ckpt_seed4_gen00100.npz,100,4,BT-v2,10020,0,0.0,0,0,1,crash,104.79999999999619,41.25,0.0,1.6500000000000008,104.79999999999619,0.19024856596558318,0.01338432122370937,0.010516252390057362,4185.955685436673
POOL-s4-b100,rl,1.0,2,results/es_pool/ckpt_seed4_gen00100.npz,100,4,BT-v2,10020,1,0.5,0,1,0,timeout,120.19999999999531,12.5,0.0,0.49999999999999994,120.19999999999531,0.17803660565723795,0.0,0.05490848585690516,
POOL-s4-b100,rl,1.0,2,results/es_pool/ckpt_seed4_gen00100.npz,100,4,BT-v2,10021,0,0.0,0,0,1,crash,98.14999999999657,0.0,7.5,0.0,98.14999999999657,0.25051020408163266,0.11581632653061225,0.045408163265306126,3477.902801369697
POOL-s4-b100,rl,1.0,2,results/es_pool/ckpt_seed4_gen00100.npz,100,4,BT-v2,10021,1,1.0,1,0,0,crash,96.29999999999667,0.0,0.0,0.0,96.29999999999667,0.26403326403326405,0.11590436590436591,0.055613305613305616,
POOL-s4-b100,rl,1.0,2,results/es_pool/ckpt_seed4_gen00100.npz,100,4,BT-v2,10022,0,0.5,0,1,0,timeout,120.19999999999531,3.75,0.0,0.15000000000000002,120.19999999999531,0.18302828618968386,0.03743760399334443,0.04991680532445923,4074.1495573365187
POOL-s4-b100,rl,1.0,2,results/es_pool/ckpt_seed4_gen00100.npz,100,4,BT-v2,10022,1,0.5,0,1,0,timeout,120.19999999999531,21.25,0.0,0.8500000000000002,120.19999999999531,0.19217970049916805,0.03618968386023295,0.0524126455906822,
POOL-s4-b100,rl,1.0,2,results/es_pool/ckpt_seed4_gen00100.npz,100,4,BT-v2,10023,0,0.0,0,0,1,crash,100.94999999999641,0.0,0.0,0.0,100.94999999999641,0.21478174603174602,0.044642857142857144,0.0,3998.202543656872
POOL-s4-b100,rl,1.0,2,results/es_pool/ckpt_seed4_gen00100.npz,100,4,BT-v2,10023,1,0.5,0,1,0,timeout,120.19999999999531,88.75,0.0,3.5499999999999954,120.19999999999531,0.02870216306156406,0.05366056572379368,0.0,
POOL-s4-b100,rl,1.0,2,results/es_pool/ckpt_seed4_gen00100.npz,100,4,BT-v2,10024,0,1.0,1,0,0,crash,97.89999999999658,17.5,0.0,0.7000000000000001,97.89999999999658,0.24846625766871167,0.044989775051124746,0.005112474437627812,3558.1153085523024
POOL-s4-b100,rl,1.0,2,results/es_pool/ckpt_seed4_gen00100.npz,100,4,BT-v2,10024,1,0.5,0,1,0,timeout,120.19999999999531,0.0,41.25,0.0,120.19999999999531,0.06863560732113144,0.03036605657237937,0.008319467554076539,
POOL-s4-b100,rl,1.0,2,results/es_pool/ckpt_seed4_gen00100.npz,100,4,BT-v2,10025,0,0.0,0,0,1,crash,113.59999999999569,0.0,0.0,0.0,113.59999999999569,0.17680776014109348,0.05202821869488536,0.009700176366843033,4339.396012089365
POOL-s4-b100,rl,1.0,2,results/es_pool/ckpt_seed4_gen00100.npz,100,4,BT-v2,10025,1,0.0,0,0,1,crash,117.49999999999547,21.25,0.0,0.8500000000000002,117.49999999999547,0.15971039182282795,0.06431005110732538,0.0,
POOL-s4-b100,rl,1.0,2,results/es_pool/ckpt_seed4_gen00100.npz,100,4,BT-v2,10026,0,0.0,0,0,1,crash,87.84999999999715,0.0,0.0,0.0,87.84999999999715,0.21469248291571755,0.09339407744874716,0.005125284738041002,3699.2765066323727
POOL-s4-b100,rl,1.0,2,results/es_pool/ckpt_seed4_gen00100.npz,100,4,BT-v2,10026,1,1.0,1,0,0,crash,102.8499999999963,0.0,0.0,0.0,102.8499999999963,0.2495136186770428,0.07344357976653697,0.006809338521400778,
POOL-s4-b100,rl,1.0,2,results/es_pool/ckpt_seed4_gen00100.npz,100,4,BT-v2,10027,0,0.0,0,0,1,crash,72.39999999999803,17.5,0.0,0.7000000000000001,72.39999999999803,0.28254847645429365,0.2126038781163435,0.009002770083102494,3261.0422458882636
POOL-s4-b100,rl,1.0,2,results/es_pool/ckpt_seed4_gen00100.npz,100,4,BT-v2,10027,1,0.0,0,0,1,crash,52.34999999999916,0.0,6.25,0.0,52.34999999999916,0.3055555555555556,0.6082375478927203,0.0,
POOL-s4-b100,rl,1.0,2,results/es_pool/ckpt_seed4_gen00100.npz,100,4,BT-v2,10028,0,0.0,0,0,1,crash,74.49999999999791,0.0,0.0,0.0,74.49999999999791,0.22580645161290322,0.0,0.004032258064516129,3881.6052956371805
POOL-s4-b100,rl,1.0,2,results/es_pool/ckpt_seed4_gen00100.npz,100,4,BT-v2,10028,1,0.0,0,0,1,crash,95.49999999999672,11.25,0.0,0.44999999999999996,95.49999999999672,0.22169811320754718,0.0,0.0015723270440251573,
POOL-s4-b100,rl,1.0,2,results/es_pool/ckpt_seed4_gen00100.npz,100,4,BT-v2,10029,0,0.5,0,1,0,timeout,120.19999999999531,0.0,0.0,0.0,120.19999999999531,0.1218801996672213,0.0,0.0,4192.695047814198
POOL-s4-b100,rl,1.0,2,results/es_pool/ckpt_seed4_gen00100.npz,100,4,BT-v2,10029,1,1.0,1,0,0,crash,118.39999999999542,0.0,0.0,0.0,118.39999999999542,0.21192893401015228,0.0,0.0,
POOL-s4-b100,rl,1.0,2,results/es_pool/ckpt_seed4_gen00100.npz,100,4,BT-v2,10030,0,0.0,0,0,1,crash,71.1499999999981,0.0,0.0,0.0,71.1499999999981,0.24929577464788732,0.18309859154929578,0.0,3652.0429057844067
POOL-s4-b100,rl,1.0,2,results/es_pool/ckpt_seed4_gen00100.npz,100,4,BT-v2,10030,1,0.0,0,0,1,crash,82.29999999999747,0.0,0.0,0.0,82.29999999999747,0.25121654501216545,0.11861313868613138,0.0,
POOL-s4-b100,rl,1.0,2,results/es_pool/ckpt_seed4_gen00100.npz,100,4,BT-v2,10031,0,0.0,0,0,1,crash,60.69999999999869,0.0,0.0,0.0,60.69999999999869,0.27805280528052806,0.46204620462046203,0.0,3798.4270600681884
POOL-s4-b100,rl,1.0,2,results/es_pool/ckpt_seed4_gen00100.npz,100,4,BT-v2,10031,1,0.0,0,0,1,crash,67.44999999999831,0.0,0.0,0.0,67.44999999999831,0.2685459940652819,0.2663204747774481,0.0,
POOL-s4-b100,rl,1.0,2,results/es_pool/ckpt_seed4_gen00100.npz,100,4,BT-v2,10032,0,0.0,0,0,1,crash,85.49999999999729,17.5,0.0,0.7000000000000001,85.49999999999729,0.2189695550351288,0.04625292740046839,0.0,3429.3630189316423
POOL-s4-b100,rl,1.0,2,results/es_pool/ckpt_seed4_gen00100.npz,100,4,BT-v2,10032,1,0.0,0,0,1,crash,81.6999999999975,0.0,0.0,0.0,81.6999999999975,0.22732843137254902,0.051470588235294115,0.010416666666666666,
POOL-s4-b100,rl,1.0,2,results/es_pool/ckpt_seed4_gen00100.npz,100,4,BT-v2,10033,0,1.0,1,0,0,crash,118.5999999999954,5.0,0.0,0.2,118.5999999999954,0.21241554054054054,0.029983108108108107,0.05447635135135135,3928.0228094460717
POOL-s4-b100,rl,1.0,2,results/es_pool/ckpt_seed4_gen00100.npz,100,4,BT-v2,10033,1,0.0,0,0,1,crash,93.39999999999684,0.0,1.25,0.0,93.39999999999684,0.2290772532188841,0.08315450643776824,0.012339055793991416,
POOL-s4-b100,rl,1.0,2,results/es_pool/ckpt_seed4_gen00100.npz,100,4,BT-v2,10034,0,1.0,1,0,0,crash,113.64999999999569,0.0,0.0,0.0,113.64999999999569,0.2205105633802817,0.03829225352112676,0.050616197183098594,3712.6527838588563
POOL-s4-b100,rl,1.0,2,results/es_pool/ckpt_seed4_gen00100.npz,100,4,BT-v2,10034,1,0.0,0,0,1,crash,99.14999999999651,26.25,0.0,1.0500000000000003,99.14999999999651,0.18484848484848485,0.04292929292929293,0.0,
POOL-s4-b100,rl,1.0,2,results/es_pool/ckpt_seed4_gen00100.npz,100,4,BT-v2,10035,0,0.0,0,0,1,crash,63.64999999999852,0.0,18.75,0.0,63.64999999999852,0.264937106918239,0.04323899371069182,0.0031446540880503146,3533.965375196035
POOL-s4-b100,rl,1.0,2,results/es_pool/ckpt_seed4_gen00100.npz,100,4,BT-v2,10035,1,0.0,0,0,1,crash,84.09999999999737,18.75,0.0,0.7500000000000001,84.09999999999737,0.25595238095238093,0.026785714285714284,0.005952380952380952,
POOL-s4-b100,rl,1.0,2,results/es_pool/ckpt_seed4_gen00100.npz,100,4,BT-v2,10036,0,0.0,0,0,1,crash,65.9499999999984,0.0,0.0,0.0,65.9499999999984,0.2530395136778115,0.019756838905775075,0.009878419452887538,3557.9999674275464
POOL-s4-b100,rl,1.0,2,results/es_pool/ckpt_seed4_gen00100.npz,100,4,BT-v2,10036,1,0.0,0,0,1,crash,83.94999999999737,6.25,0.0,0.25,83.94999999999737,0.23806682577565633,0.011933174224343675,0.008949880668257757,
POOL-s4-b100,rl,1.0,2,results/es_pool/ckpt_seed4_gen00100.npz,100,4,BT-v2,10037,0,0.0,0,0,1,crash,79.19999999999764,0.0,0.0,0.0,79.19999999999764,0.25569620253164554,0.11265822784810127,0.005063291139240506,3406.215121383497
POOL-s4-b100,rl,1.0,2,results/es_pool/ckpt_seed4_gen00100.npz,100,4,BT-v2,10037,1,0.0,0,0,1,crash,90.449999999997,0.0,0.0,0.0,90.449999999997,0.2616150442477876,0.13716814159292035,0.0,
POOL-s4-b100,rl,1.0,2,results/es_pool/ckpt_seed4_gen00100.npz,100,4,BT-v2,10038,0,0.0,0,0,1,crash,101.29999999999639,0.0,0.0,0.0,101.29999999999639,0.21393280632411066,0.029644268774703556,0.004940711462450593,4003.605406431923
POOL-s4-b100,rl,1.0,2,results/es_pool/ckpt_seed4_gen00100.npz,100,4,BT-v2,10038,1,0.0,0,0,1,crash,100.74999999999642,10.0,0.0,0.39999999999999997,100.74999999999642,0.19980119284294234,0.036779324055666,0.0009940357852882703,
POOL-s4-b100,rl,1.0,2,results/es_pool/ckpt_seed4_gen00100.npz,100,4,BT-v2,10039,0,1.0,1,0,0,crash,79.8999999999976,26.25,0.0,1.0500000000000003,79.8999999999976,0.29949874686716793,0.02882205513784461,0.041979949874686714,3095.7123012480374
POOL-s4-b100,rl,1.0,2,results/es_pool/ckpt_seed4_gen00100.npz,100,4,BT-v2,10039,1,0.0,0,0,1,crash,108.89999999999596,0.0,12.5,0.0,108.89999999999596,0.2771139705882353,0.019761029411764705,0.0,
POOL-s4-b100,rl,1.0,2,results/es_pool/ckpt_seed4_gen00100.npz,100,4,BT-v2,10040,0,0.0,0,0,1,crash,80.89999999999755,0.0,0.0,0.0,80.89999999999755,0.20977722772277227,0.0,0.0,4090.4403580975127
POOL-s4-b100,rl,1.0,2,results/es_pool/ckpt_seed4_gen00100.npz,100,4,BT-v2,10040,1,0.0,0,0,1,crash,103.19999999999628,0.0,0.0,0.0,103.19999999999628,0.21310679611650485,0.0,0.006796116504854369,
POOL-s4-b100,rl,1.0,2,results/es_pool/ckpt_seed4_gen00100.npz,100,4,BT-v2,10041,0,0.0,0,0,1,crash,79.9999999999976,0.0,0.0,0.0,79.9999999999976,0.26879699248120303,0.02506265664160401,0.020050125313283207,3303.002691483531
POOL-s4-b100,rl,1.0,2,results/es_pool/ckpt_seed4_gen00100.npz,100,4,BT-v2,10041,1,0.0,0,0,1,crash,100.64999999999642,6.25,0.0,0.25,100.64999999999642,0.22962226640159045,0.02186878727634195,0.037276341948310136,
POOL-s4-b100,rl,1.0,2,results/es_pool/ckpt_seed4_gen00100.npz,100,4,BT-v2,10042,0,0.0,0,0,1,crash,94.49999999999677,18.75,0.0,0.7500000000000001,94.49999999999677,0.225635593220339,0.1408898305084746,0.012182203389830509,3987.3229931471333
POOL-s4-b100,rl,1.0,2,results/es_pool/ckpt_seed4_gen00100.npz,100,4,BT-v2,10042,1,0.0,0,0,1,crash,99.59999999999648,10.0,0.0,0.39999999999999997,99.59999999999648,0.21277665995975856,0.06539235412474849,0.0,
POOL-s4-b100,rl,1.0,2,results/es_pool/ckpt_seed4_gen00100.npz,100,4,BT-v2,10043,0,0.0,0,0,1,crash,95.6999999999967,0.0,0.0,0.0,95.6999999999967,0.200836820083682,0.0,0.00993723849372385,3814.106567773695
POOL-s4-b100,rl,1.0,2,results/es_pool/ckpt_seed4_gen00100.npz,100,4,BT-v2,10043,1,0.0,0,0,1,crash,96.44999999999666,0.0,0.0,0.0,96.44999999999666,0.2033195020746888,0.0,0.01037344398340249,
POOL-s4-b100,rl,1.0,2,results/es_pool/ckpt_seed4_gen00100.npz,100,4,BT-v2,10044,0,0.0,0,0,1,crash,98.29999999999656,0.0,0.0,0.0,98.29999999999656,0.21945010183299388,0.0,0.0,3858.6632355989686
POOL-s4-b100,rl,1.0,2,results/es_pool/ckpt_seed4_gen00100.npz,100,4,BT-v2,10044,1,1.0,1,0,0,crash,118.5499999999954,0.0,0.0,0.0,118.5499999999954,0.19383445945945946,0.0,0.0,
POOL-s4-b100,rl,1.0,2,results/es_pool/ckpt_seed4_gen00100.npz,100,4,BT-v2,10045,0,0.5,0,1,0,timeout,120.19999999999531,2.5,0.0,0.1,120.19999999999531,0.18427620632279534,0.040349417637271213,0.04908485856905158,4198.066790652952
POOL-s4-b100,rl,1.0,2,results/es_pool/ckpt_seed4_gen00100.npz,100,4,BT-v2,10045,1,0.0,0,0,1,crash,105.79999999999613,0.0,0.0,0.0,105.79999999999613,0.17424242424242425,0.04071969696969697,0.0,
POOL-s4-b100,rl,1.0,2,results/es_pool/ckpt_seed4_gen00100.npz,100,4,BT-v2,10046,0,0.0,0,0,1,crash,75.24999999999787,0.0,0.0,0.0,75.24999999999787,0.25199468085106386,0.2526595744680851,0.0,3506.02963931212
POOL-s4-b100,rl,1.0,2,results/es_pool/ckpt_seed4_gen00100.npz,100,4,BT-v2,10046,1,0.0,0,0,1,gun_kill,39.449999999999896,0.0,100.0,0.0,39.449999999999896,0.01015228426395939,0.9873096446700508,0.0,
POOL-s4-b100,rl,1.0,2,results/es_pool/ckpt_seed4_gen00100.npz,100,4,BT-v2,10047,0,0.0,0,0,1,crash,118.39999999999542,0.0,0.0,0.0,118.39999999999542,0.21192893401015228,0.01015228426395939,0.0,3637.5395549294094
POOL-s4-b100,rl,1.0,2,results/es_pool/ckpt_seed4_gen00100.npz,100,4,BT-v2,10047,1,0.0,0,0,1,crash,83.4499999999974,0.0,0.0,0.0,83.4499999999974,0.24700239808153476,0.011390887290167866,0.008992805755395683,
POOL-s4-b100,rl,1.0,2,results/es_pool/ckpt_seed4_gen00100.npz,100,4,BT-v2,10048,0,0.0,0,0,1,crash,77.94999999999771,0.0,13.75,0.0,77.94999999999771,0.2506426735218509,0.04691516709511568,0.018637532133676093,3240.728893434233
POOL-s4-b100,rl,1.0,2,results/es_pool/ckpt_seed4_gen00100.npz,100,4,BT-v2,10048,1,1.0,1,0,0,gun_kill,19.550000000000143,100.0,0.0,3.999999999999994,19.550000000000143,0.0,0.16752577319587628,0.0,
POOL-s4-b100,rl,1.0,2,results/es_pool/ckpt_seed4_gen00100.npz,100,4,BT-v2,10049,0,0.0,0,0,1,crash,118.6999999999954,0.0,0.0,0.0,118.6999999999954,0.19561551433389546,0.05311973018549747,0.047217537942664416,3948.772148843064
POOL-s4-b100,rl,1.0,2,results/es_pool/ckpt_seed4_gen00100.npz,100,4,BT-v2,10049,1,0.5,0,1,0,timeout,120.19999999999531,18.75,0.0,0.7500000000000001,120.19999999999531,0.13019966722129783,0.06613976705490848,0.0,
POOL-s4-b100,rl,1.0,2,results/es_pool/ckpt_seed4_gen00100.npz,100,4,BT-v2,10050,0,0.0,0,0,1,crash,89.74999999999704,0.0,0.0,0.0,89.74999999999704,0.22879464285714285,0.04017857142857143,0.0,3643.6509119563225
POOL-s4-b100,rl,1.0,2,results/es_pool/ckpt_seed4_gen00100.npz,100,4,BT-v2,10050,1,0.0,0,0,1,crash,86.39999999999723,0.0,0.0,0.0,86.39999999999723,0.23723897911832947,0.06496519721577726,0.0,
POOL-s4-b100,rl,1.0,2,results/es_pool/ckpt_seed4_gen00100.npz,100,4,BT-v2,10051,0,0.0,0,0,1,gun_kill,60.249999999998714,0.0,100.0,0.0,60.249999999998714,0.26245847176079734,0.9593023255813954,0.0049833887043189366,4771.477034965228
POOL-s4-b100,rl,1.0,2,results/es_pool/ckpt_seed4_gen00100.npz,100,4,BT-v2,10051,1,0.0,0,0,1,crash,78.74999999999767,0.0,0.0,0.0,78.74999999999767,0.2652671755725191,0.21564885496183206,0.006361323155216285,
POOL-s4-b100,rl,1.0,2,results/es_pool/ckpt_seed4_gen00100.npz,100,4,BT-v2,10052,0,0.0,0,0,1,crash,108.34999999999599,16.25,0.0,0.65,108.34999999999599,0.227818853974122,0.03188539741219963,0.02634011090573013,3714.9941818194657
POOL-s4-b100,rl,1.0,2,results/es_pool/ckpt_seed4_gen00100.npz,100,4,BT-v2,10052,1,0.0,0,0,1,crash,86.39999999999723,0.0,0.0,0.0,86.39999999999723,0.22157772621809746,0.03596287703016241,0.01334106728538283,
POOL-s4-b100,rl,1.0,2,results/es_pool/ckpt_seed4_gen00100.npz,100,4,BT-v2,10053,0,0.0,0,0,1,crash,105.94999999999612,6.25,0.0,0.25,105.94999999999612,0.1999054820415879,0.0,0.006616257088846881,4097.152130967807
POOL-s4-b100,rl,1.0,2,results/es_pool/ckpt_seed4_gen00100.npz,100,4,BT-v2,10053,1,0.0,0,0,1,crash,106.4499999999961,20.0,0.0,0.8000000000000002,106.4499999999961,0.20770676691729323,0.0,0.009868421052631578,
POOL-s4-b100,rl,1.0,2,results/es_pool/ckpt_seed4_gen00100.npz,100,4,BT-v2,10054,0,0.0,0,0,1,crash,78.1499999999977,11.25,0.0,0.44999999999999996,78.1499999999977,0.24423076923076922,0.0,0.014743589743589743,3282.3962170408004
POOL-s4-b100,rl,1.0,2,results/es_pool/ckpt_seed4_gen00100.npz,100,4,BT-v2,10054,1,0.0,0,0,1,crash,79.69999999999762,10.0,0.0,0.39999999999999997,79.69999999999762,0.24309045226130654,0.0,0.014447236180904523,
POOL-s4-b100,rl,1.0,2,results/es_pool/ckpt_seed4_gen00100.npz,100,4,BT-v2,10055,0,0.0,0,0,1,crash,75.64999999999785,0.0,0.0,0.0,75.64999999999785,0.27116402116402116,0.007275132275132275,0.0026455026455026454,3268.96282237014
POOL-s4-b100,rl,1.0,2,results/es_pool/ckpt_seed4_gen00100.npz,100,4,BT-v2,10055,1,0.0,0,0,1,crash,90.549999999997,7.5,0.0,0.3,90.549999999997,0.27101769911504425,0.007190265486725664,0.05530973451327434,
POOL-s4-b100,rl,1.0,2,results/es_pool/ckpt_seed4_gen00100.npz,100,4,BT-v2,10056,0,0.0,0,0,1,crash,80.84999999999755,22.5,11.25,0.9000000000000002,80.84999999999755,0.24876237623762376,0.17141089108910892,0.012995049504950494,3632.638784470647
POOL-s4-b100,rl,1.0,2,results/es_pool/ckpt_seed4_gen00100.npz,100,4,BT-v2,10056,1,0.0,0,0,1,crash,72.999999999998,0.0,0.0,0.0,72.999999999998,0.2623626373626374,0.11057692307692307,0.0,
POOL-s4-b100,rl,1.0,2,results/es_pool/ckpt_seed4_gen00100.npz,100,4,BT-v2,10057,0,1.0,1,0,0,crash,102.39999999999633,16.25,0.0,0.65,102.39999999999633,0.24755381604696672,0.0,0.055283757338551856,3458.4556231745255
POOL-s4-b100,rl,1.0,2,results/es_pool/ckpt_seed4_gen00100.npz,100,4,BT-v2,10057,1,0.0,0,0,1,crash,85.39999999999729,0.0,0.0,0.0,85.39999999999729,0.23826291079812206,0.0,0.004107981220657277,
POOL-s4-b100,rl,1.0,2,results/es_pool/ckpt_seed4_gen00100.npz,100,4,BT-v2,10058,0,0.0,0,0,1,crash,81.89999999999749,10.0,0.0,0.39999999999999997,81.89999999999749,0.2817848410757946,0.07946210268948656,0.0421760391198044,3149.2865398355993
POOL-s4-b100,rl,1.0,2,results/es_pool/ckpt_seed4_gen00100.npz,100,4,BT-v2,10058,1,0.0,0,0,1,crash,92.49999999999689,0.0,0.0,0.0,92.49999999999689,0.2824675324675325,0.06493506493506493,0.0,
POOL-s4-b100,rl,1.0,2,results/es_pool/ckpt_seed4_gen00100.npz,100,4,BT-v2,10059,0,1.0,1,0,0,crash,118.79999999999539,0.0,0.0,0.0,118.79999999999539,0.21627318718381114,0.003372681281618887,0.0,3927.0821414767997
POOL-s4-b100,rl,1.0,2,results/es_pool/ckpt_seed4_gen00100.npz,100,4,BT-v2,10059,1,1.0,1,0,0,crash,117.44999999999547,0.0,0.0,0.0,117.44999999999547,0.217206132879046,0.0034071550255536627,0.0,
POOL-s4-b100,rl,1.0,2,results/es_pool/ckpt_seed4_gen00100.npz,100,4,BT-v2,10060,0,0.0,0,0,1,crash,111.09999999999583,15.0,0.0,0.6,111.09999999999583,0.21126126126126127,0.05765765765765766,0.0472972972972973,3912.050571550664
POOL-s4-b100,rl,1.0,2,results/es_pool/ckpt_seed4_gen00100.npz,100,4,BT-v2,10060,1,0.0,0,0,1,crash,87.34999999999718,0.0,0.0,0.0,87.34999999999718,0.2029816513761468,0.040711009174311925,0.0,
POOL-s4-b100,rl,1.0,2,results/es_pool/ckpt_seed4_gen00100.npz,100,4,BT-v2,10061,0,0.0,0,0,1,crash,90.74999999999699,0.0,0.0,0.0,90.74999999999699,0.21136865342163355,0.0717439293598234,0.013245033112582781,3690.048670785716
POOL-s4-b100,rl,1.0,2,results/es_pool/ckpt_seed4_gen00100.npz,100,4,BT-v2,10061,1,0.0,0,0,1,crash,111.34999999999582,30.0,0.0,1.2000000000000004,111.34999999999582,0.22616906474820145,0.050359712230215826,0.029676258992805755,
POOL-s4-b100,rl,1.0,2,results/es_pool/ckpt_seed4_gen00100.npz,100,4,BT-v2,10062,0,0.0,0,0,1,crash,116.9499999999955,0.0,0.0,0.0,116.9499999999955,0.20205479452054795,0.08176369863013698,0.05094178082191781,3949.193809733454
POOL-s4-b100,rl,1.0,2,results/es_pool/ckpt_seed4_gen00100.npz,100,4,BT-v2,10062,1,0.0,0,0,1,crash,98.79999999999653,0.0,0.0,0.0,98.79999999999653,0.2079107505070994,0.08012170385395538,0.0,
POOL-s4-b100,rl,1.0,2,results/es_pool/ckpt_seed4_gen00100.npz,100,4,BT-v2,10063,0,0.0,0,0,1,crash,84.04999999999737,0.0,7.5,0.0,84.04999999999737,0.29285714285714287,0.042261904761904764,0.055952380952380955,3181.810018799723
POOL-s4-b100,rl,1.0,2,results/es_pool/ckpt_seed4_gen00100.npz,100,4,BT-v2,10063,1,1.0,1,0,0,crash,87.69999999999716,15.0,0.0,0.6,87.69999999999716,0.2568493150684932,0.0319634703196347,0.009703196347031963,
POOL-s4-b100,rl,1.0,2,results/es_pool/ckpt_seed4_gen00100.npz,100,4,BT-v2,10064,0,0.5,0,1,0,timeout,120.19999999999531,25.0,0.0,1.0000000000000002,120.19999999999531,0.19342762063227953,0.02329450915141431,0.03826955074875208,3948.5837402925495
POOL-s4-b100,rl,1.0,2,results/es_pool/ckpt_seed4_gen00100.npz,100,4,BT-v2,10064,1,0.0,0,0,1,crash,112.59999999999575,0.0,0.0,0.0,112.59999999999575,0.1797153024911032,0.02224199288256228,0.0,
POOL-s4-b100,rl,1.0,2,results/es_pool/ckpt_seed4_gen00100.npz,100,4,BT-v2,10065,0,0.0,0,0,1,crash,82.49999999999746,25.0,0.0,1.0000000000000002,82.49999999999746,0.21844660194174756,0.08859223300970874,0.0,3426.2938294042788
POOL-s4-b100,rl,1.0,2,results/es_pool/ckpt_seed4_gen00100.npz,100,4,BT-v2,10065,1,0.0,0,0,1,crash,78.2999999999977,0.0,16.25,0.0,78.2999999999977,0.23785166240409208,0.0741687979539642,0.0,
POOL-s4-b100,rl,1.0,2,results/es_pool/ckpt_seed4_gen00100.npz,100,4,BT-v2,10066,0,0.0,0,0,1,crash,114.39999999999564,0.0,0.0,0.0,114.39999999999564,0.22635726795096323,0.04816112084063047,0.0,3728.1902369611907
POOL-s4-b100,rl,1.0,2,results/es_pool/ckpt_seed4_gen00100.npz,100,4,BT-v2,10066,1,0.0,0,0,1,crash,99.14999999999651,0.0,0.0,0.0,99.14999999999651,0.23535353535353534,0.05858585858585859,0.03080808080808081,
POOL-s4-b100,rl,1.0,2,results/es_pool/ckpt_seed4_gen00100.npz,100,4,BT-v2,10067,0,0.0,0,0,1,crash,97.19999999999662,0.0,0.0,0.0,97.19999999999662,0.2154639175257732,0.020618556701030927,0.0,3860.684775873659
POOL-s4-b100,rl,1.0,2,results/es_pool/ckpt_seed4_gen00100.npz,100,4,BT-v2,10067,1,0.0,0,0,1,crash,105.89999999999613,0.0,0.0,0.0,105.89999999999613,0.19092627599243855,0.0222117202268431,0.0,
POOL-s4-b100,rl,1.0,2,results/es_pool/ckpt_seed4_gen00100.npz,100,4,BT-v2,10068,0,0.0,0,0,1,crash,107.29999999999605,8.75,0.0,0.35,107.29999999999605,0.1935634328358209,0.06623134328358209,0.006996268656716418,3881.773803453524
POOL-s4-b100,rl,1.0,2,results/es_pool/ckpt_seed4_gen00100.npz,100,4,BT-v2,10068,1,0.0,0,0,1,crash,106.14999999999611,17.5,0.0,0.7000000000000001,106.14999999999611,0.17735849056603772,0.05518867924528302,0.0,
POOL-s4-b100,rl,1.0,2,results/es_pool/ckpt_seed4_gen00100.npz,100,4,BT-v2,10069,0,0.0,0,0,1,crash,93.89999999999681,0.0,0.0,0.0,93.89999999999681,0.20095948827292112,0.011727078891257996,0.007995735607675906,3832.5280791195573
POOL-s4-b100,rl,1.0,2,results/es_pool/ckpt_seed4_gen00100.npz,100,4,BT-v2,10069,1,0.0,0,0,1,crash,96.29999999999667,6.25,0.0,0.25,96.29999999999667,0.1949064449064449,0.009875259875259876,0.0,
POOL-s4-b100,rl,1.0,2,results/es_pool/ckpt_seed4_gen00100.npz,100,4,BT-v2,10070,0,0.0,0,0,1,crash,99.79999999999647,0.0,0.0,0.0,99.79999999999647,0.1992971887550201,0.012048192771084338,0.0,4115.528339368252
POOL-s4-b100,rl,1.0,2,results/es_pool/ckpt_seed4_gen00100.npz,100,4,BT-v2,10070,1,0.0,0,0,1,crash,98.59999999999654,0.0,0.0,0.0,98.59999999999654,0.1951219512195122,0.010670731707317074,0.0,
POOL-s4-b100,rl,1.0,2,results/es_pool/ckpt_seed4_gen00100.npz,100,4,BT-v2,10071,0,0.0,0,0,1,crash,117.69999999999546,0.0,0.0,0.0,117.69999999999546,0.20408163265306123,0.0,0.0,3885.134574652126
POOL-s4-b100,rl,1.0,2,results/es_pool/ckpt_seed4_gen00100.npz,100,4,BT-v2,10071,1,0.0,0,0,1,crash,110.09999999999589,0.0,0.0,0.0,110.09999999999589,0.22136363636363637,0.0,0.04909090909090909,
POOL-s4-b100,rl,1.0,2,results/es_pool/ckpt_seed4_gen00100.npz,100,4,BT-v2,10072,0,0.5,0,1,0,timeout,120.19999999999531,0.0,21.25,0.0,120.19999999999531,0.1713810316139767,0.0,0.004991680532445923,3926.773021034161
POOL-s4-b100,rl,1.0,2,results/es_pool/ckpt_seed4_gen00100.npz,100,4,BT-v2,10072,1,0.0,0,0,1,crash,108.49999999999598,17.5,0.0,0.7000000000000001,108.49999999999598,0.22878228782287824,0.0,0.04566420664206642,
POOL-s4-b100,rl,1.0,2,results/es_pool/ckpt_seed4_gen00100.npz,100,4,BT-v2,10073,0,0.0,0,0,1,crash,90.39999999999701,8.75,0.0,0.35,90.39999999999701,0.2311529933481153,0.06374722838137473,0.007760532150776054,3682.2437807007814
POOL-s4-b100,rl,1.0,2,results/es_pool/ckpt_seed4_gen00100.npz,100,4,BT-v2,10073,1,0.0,0,0,1,crash,94.54999999999677,7.5,0.0,0.3,94.54999999999677,0.19915254237288135,0.07521186440677965,0.0,
POOL-s4-b100,rl,1.0,2,results/es_pool/ckpt_seed4_gen00100.npz,100,4,BT-v2,10074,0,0.0,0,0,1,crash,98.44999999999655,0.0,0.0,0.0,98.44999999999655,0.20071138211382114,0.053353658536585365,0.0,4248.20208386506
POOL-s4-b100,rl,1.0,2,results/es_pool/ckpt_seed4_gen00100.npz,100,4,BT-v2,10074,1,0.0,0,0,1,crash,104.99999999999618,0.0,10.0,0.0,104.99999999999618,0.18893129770992367,0.05248091603053435,0.009541984732824428,
POOL-s4-b100,rl,1.0,2,results/es_pool/ckpt_seed4_gen00100.npz,100,4,BT-v2,10075,0,0.0,0,0,1,crash,117.94999999999544,11.25,0.0,0.44999999999999996,117.94999999999544,0.2101018675721562,0.02461799660441426,0.052207130730050934,3919.952133427748
POOL-s4-b100,rl,1.0,2,results/es_pool/ckpt_seed4_gen00100.npz,100,4,BT-v2,10075,1,1.0,1,0,0,crash,119.79999999999534,0.0,0.0,0.0,119.79999999999534,0.2161371237458194,0.020903010033444816,0.0,
POOL-s4-b100,rl,1.0,2,results/es_pool/ckpt_seed4_gen00100.npz,100,4,BT-v2,10076,0,0.0,0,0,1,crash,95.09999999999674,0.0,0.0,0.0,95.09999999999674,0.2168421052631579,0.027894736842105264,0.010526315789473684,3860.7421411821206
POOL-s4-b100,rl,1.0,2,results/es_pool/ckpt_seed4_gen00100.npz,100,4,BT-v2,10076,1,0.0,0,0,1,crash,93.84999999999681,10.0,0.0,0.39999999999999997,93.84999999999681,0.21428571428571427,0.028784648187633263,0.007995735607675906,
POOL-s4-b100,rl,1.0,2,results/es_pool/ckpt_seed4_gen00100.npz,100,4,BT-v2,10077,0,0.0,0,0,1,crash,74.7499999999979,0.0,0.0,0.0,74.7499999999979,0.24463806970509383,0.028820375335120642,0.0,3360.169917581018
POOL-s4-b100,rl,1.0,2,results/es_pool/ckpt_seed4_gen00100.npz,100,4,BT-v2,10077,1,0.0,0,0,1,crash,73.74999999999795,0.0,2.5,0.0,73.74999999999795,0.266304347826087,0.03125,0.0,
POOL-s4-b100,rl,1.0,2,results/es_pool/ckpt_seed4_gen00100.npz,100,4,BT-v2,10078,0,0.0,0,0,1,crash,105.94999999999612,0.0,0.0,0.0,105.94999999999612,0.18147448015122875,0.043478260869565216,0.0,4285.385727401505
POOL-s4-b100,rl,1.0,2,results/es_pool/ckpt_seed4_gen00100.npz,100,4,BT-v2,10078,1,0.0,0,0,1,crash,112.49999999999575,0.0,0.0,0.0,112.49999999999575,0.2117437722419929,0.04359430604982206,0.04403914590747331,
POOL-s4-b100,rl,1.0,2,results/es_pool/ckpt_seed4_gen00100.npz,100,4,BT-v2,10079,0,0.0,0,0,1,crash,108.44999999999598,27.5,0.0,1.1000000000000003,108.44999999999598,0.23154981549815498,0.0,0.03690036900369004,3719.5763934838287
POOL-s4-b100,rl,1.0,2,results/es_pool/ckpt_seed4_gen00100.npz,100,4,BT-v2,10079,1,0.5,0,1,0,timeout,120.19999999999531,0.0,22.5,0.0,120.19999999999531,0.18469217970049917,0.0,0.0,
POOL-s4-b100,rl,1.0,2,results/es_pool/ckpt_seed4_gen00100.npz,100,4,BT-v2,10080,0,0.0,0,0,1,crash,93.24999999999685,0.0,11.25,0.0,93.24999999999685,0.23766094420600858,0.03111587982832618,0.013412017167381975,3558.788467371571
POOL-s4-b100,rl,1.0,2,results/es_pool/ckpt_seed4_gen00100.npz,100,4,BT-v2,10080,1,0.0,0,0,1,crash,79.09999999999765,15.0,0.0,0.6,79.09999999999765,0.2689873417721519,0.0310126582278481,0.006329113924050633,
POOL-s4-b100,rl,1.0,2,results/es_pool/ckpt_seed4_gen00100.npz,100,4,BT-v2,10081,0,0.0,0,0,1,crash,106.74999999999608,22.5,0.0,0.9000000000000002,106.74999999999608,0.18714821763602252,0.0,0.006097560975609756,4113.088194679898
POOL-s4-b100,rl,1.0,2,results/es_pool/ckpt_seed4_gen00100.npz,100,4,BT-v2,10081,1,0.0,0,0,1,crash,106.74999999999608,28.75,0.0,1.1500000000000004,106.74999999999608,0.18667917448405252,0.0,0.004690431519699813,
POOL-s4-b100,rl,1.0,2,results/es_pool/ckpt_seed4_gen00100.npz,100,4,BT-v2,10082,0,1.0,1,0,0,crash,108.29999999999599,13.75,0.0,0.5499999999999999,108.29999999999599,0.23382624768946395,0.02310536044362292,0.0522181146025878,3648.8592685217736
POOL-s4-b100,rl,1.0,2,results/es_pool/ckpt_seed4_gen00100.npz,100,4,BT-v2,10082,1,0.0,0,0,1,crash,90.599999999997,0.0,0.0,0.0,90.599999999997,0.20188053097345132,0.027101769911504425,0.0038716814159292035,
POOL-s4-b100,rl,1.0,2,results/es_pool/ckpt_seed4_gen00100.npz,100,4,BT-v2,10083,0,0.0,0,0,1,crash,89.84999999999704,0.0,0.0,0.0,89.84999999999704,0.21993318485523386,0.05679287305122494,0.0,3989.1677568581076
POOL-s4-b100,rl,1.0,2,results/es_pool/ckpt_seed4_gen00100.npz,100,4,BT-v2,10083,1,0.0,0,0,1,crash,90.19999999999702,0.0,2.5,0.0,90.19999999999702,0.2238888888888889,0.1288888888888889,0.008333333333333333,
POOL-s4-b100,rl,1.0,2,results/es_pool/ckpt_seed4_gen00100.npz,100,4,BT-v2,10084,0,0.0,0,0,1,crash,115.2499999999956,0.0,0.0,0.0,115.2499999999956,0.20703125,0.0,0.05251736111111111,3863.8036130712594
POOL-s4-b100,rl,1.0,2,results/es_pool/ckpt_seed4_gen00100.npz,100,4,BT-v2,10084,1,0.0,0,0,1,crash,92.94999999999686,0.0,0.0,0.0,92.94999999999686,0.2192887931034483,0.0,0.003232758620689655,
POOL-s4-b100,rl,1.0,2,results/es_pool/ckpt_seed4_gen00100.npz,100,4,BT-v2,10085,0,0.0,0,0,1,crash,94.59999999999677,0.0,0.0,0.0,94.59999999999677,0.21875,0.0,0.006355932203389831,3762.8868914085483
POOL-s4-b100,rl,1.0,2,results/es_pool/ckpt_seed4_gen00100.npz,100,4,BT-v2,10085,1,0.0,0,0,1,crash,89.14999999999708,0.0,0.0,0.0,89.14999999999708,0.19662921348314608,0.0,0.0,
POOL-s4-b100,rl,1.0,2,results/es_pool/ckpt_seed4_gen00100.npz,100,4,BT-v2,10086,0,0.0,0,0,1,crash,114.94999999999561,0.0,0.0,0.0,114.94999999999561,0.21428571428571427,0.0,0.0,3812.7673775314083
POOL-s4-b100,rl,1.0,2,results/es_pool/ckpt_seed4_gen00100.npz,100,4,BT-v2,10086,1,0.0,0,0,1,crash,105.54999999999615,8.75,0.0,0.35,105.54999999999615,0.2333965844402277,0.0,0.04459203036053131,
POOL-s4-b100,rl,1.0,2,results/es_pool/ckpt_seed4_gen00100.npz,100,4,BT-v2,10087,0,0.0,0,0,1,gun_kill,36.60000000000006,0.0,100.0,0.0,36.60000000000006,0.0,0.8997252747252747,0.0,6304.170826760643
POOL-s4-b100,rl,1.0,2,results/es_pool/ckpt_seed4_gen00100.npz,100,4,BT-v2,10087,1,0.5,0,1,0,collision,4.149999999999993,0.0,0.0,0.0,4.149999999999993,0.0,0.0,0.075,
POOL-s4-b100,rl,1.0,2,results/es_pool/ckpt_seed4_gen00100.npz,100,4,BT-v2,10088,0,0.0,0,0,1,crash,104.6999999999962,35.0,0.0,1.4000000000000006,104.6999999999962,0.23518164435946462,0.0,0.052103250478011474,3503.333501557425
POOL-s4-b100,rl,1.0,2,results/es_pool/ckpt_seed4_gen00100.npz,100,4,BT-v2,10088,1,0.0,0,0,1,crash,106.64999999999608,18.75,12.5,0.7500000000000001,106.64999999999608,0.23592870544090055,0.0,0.043151969981238276,
POOL-s4-b100,rl,1.0,2,results/es_pool/ckpt_seed4_gen00100.npz,100,4,BT-v2,10089,0,0.5,0,1,0,timeout,120.19999999999531,0.0,0.0,0.0,120.19999999999531,0.0,0.0,0.0,5111.587860824577
POOL-s4-b100,rl,1.0,2,results/es_pool/ckpt_seed4_gen00100.npz,100,4,BT-v2,10089,1,0.0,0,0,1,crash,104.89999999999618,0.0,0.0,0.0,104.89999999999618,0.20896946564885496,0.0,0.0033396946564885495,
POOL-s4-b100,rl,1.0,2,results/es_pool/ckpt_seed4_gen00100.npz,100,4,BT-v2,10090,0,0.0,0,0,1,crash,83.99999999999737,0.0,0.0,0.0,83.99999999999737,0.24761336515513127,0.02386634844868735,0.00477326968973747,3233.321425948698
POOL-s4-b100,rl,1.0,2,results/es_pool/ckpt_seed4_gen00100.npz,100,4,BT-v2,10090,1,0.0,0,0,1,crash,69.84999999999818,10.0,0.0,0.39999999999999997,69.84999999999818,0.2915472779369627,0.02363896848137536,0.009312320916905445,
POOL-s4-b100,rl,1.0,2,results/es_pool/ckpt_seed4_gen00100.npz,100,4,BT-v2,10091,0,0.0,0,0,1,crash,74.84999999999789,0.0,0.0,0.0,74.84999999999789,0.29411764705882354,0.3422459893048128,0.0053475935828877,3601.9165297225095
POOL-s4-b100,rl,1.0,2,results/es_pool/ckpt_seed4_gen00100.npz,100,4,BT-v2,10091,1,0.0,0,0,1,crash,79.54999999999762,0.0,0.0,0.0,79.54999999999762,0.25503778337531485,0.0787153652392947,0.0,
POOL-s4-b100,rl,1.0,2,results/es_pool/ckpt_seed4_gen00100.npz,100,4,BT-v2,10092,0,0.0,0,0,1,crash,97.34999999999661,0.0,3.75,0.0,97.34999999999661,0.21553497942386832,0.0,0.0015432098765432098,3958.2849693689395
POOL-s4-b100,rl,1.0,2,results/es_pool/ckpt_seed4_gen00100.npz,100,4,BT-v2,10092,1,0.0,0,0,1,crash,93.44999999999683,0.0,0.0,0.0,93.44999999999683,0.22109207708779444,0.0,0.0,
POOL-s4-b100,rl,1.0,2,results/es_pool/ckpt_seed4_gen00100.npz,100,4,BT-v2,10093,0,0.5,0,1,0,timeout,120.19999999999531,0.0,0.0,0.0,120.19999999999531,0.0,0.0,0.0,4838.712554850881
POOL-s4-b100,rl,1.0,2,results/es_pool/ckpt_seed4_gen00100.npz,100,4,BT-v2,10093,1,0.0,0,0,1,crash,117.19999999999548,17.5,0.0,0.7000000000000001,117.19999999999548,0.20683760683760682,0.0,0.046153846153846156,
POOL-s4-b100,rl,1.0,2,results/es_pool/ckpt_seed4_gen00100.npz,100,4,BT-v2,10094,0,0.0,0,0,1,crash,57.84999999999885,0.0,11.25,0.0,57.84999999999885,0.28719723183391005,0.21885813148788927,0.006055363321799308,3440.299122205597
POOL-s4-b100,rl,1.0,2,results/es_pool/ckpt_seed4_gen00100.npz,100,4,BT-v2,10094,1,0.0,0,0,1,crash,74.09999999999793,13.75,0.0,0.5499999999999999,74.09999999999793,0.2574324324324324,0.10337837837837838,0.007432432432432433,
POOL-s4-b100,rl,1.0,2,results/es_pool/ckpt_seed4_gen00100.npz,100,4,BT-v2,10095,0,0.0,0,0,1,crash,95.7999999999967,0.0,13.75,0.0,95.7999999999967,0.21652719665271966,0.0,0.01202928870292887,3762.0918901279665
POOL-s4-b100,rl,1.0,2,results/es_pool/ckpt_seed4_gen00100.npz,100,4,BT-v2,10095,1,0.0,0,0,1,crash,116.8999999999955,0.0,0.0,0.0,116.8999999999955,0.2050513698630137,0.0,0.0351027397260274,
POOL-s4-b100,rl,1.0,2,results/es_pool/ckpt_seed4_gen00100.npz,100,4,BT-v2,10096,0,0.0,0,0,1,crash,78.44999999999769,0.0,3.75,0.0,78.44999999999769,0.22002551020408162,0.09502551020408163,0.004464285714285714,3472.112740372908
POOL-s4-b100,rl,1.0,2,results/es_pool/ckpt_seed4_gen00100.npz,100,4,BT-v2,10096,1,0.0,0,0,1,crash,90.99999999999697,0.0,0.0,0.0,90.99999999999697,0.22797356828193832,0.07709251101321586,0.005506607929515419,
POOL-s4-b100,rl,1.0,2,results/es_pool/ckpt_seed4_gen00100.npz,100,4,BT-v2,10097,0,0.0,0,0,1,crash,97.14999999999662,0.0,0.0,0.0,97.14999999999662,0.1865979381443299,0.06443298969072164,0.0,4253.370175138281
POOL-s4-b100,rl,1.0,2,results/es_pool/ckpt_seed4_gen00100.npz,100,4,BT-v2,10097,1,0.0,0,0,1,crash,86.54999999999723,0.0,7.5,0.0,86.54999999999723,0.21006944444444445,0.1099537037037037,0.0,
POOL-s4-b100,rl,1.0,2,results/es_pool/ckpt_seed4_gen00100.npz,100,4,BT-v2,10098,0,0.0,0,0,1,crash,90.99999999999697,8.75,0.0,0.35,90.99999999999697,0.21640969162995594,0.03634361233480176,0.0,3426.23417716785
POOL-s4-b100,rl,1.0,2,results/es_pool/ckpt_seed4_gen00100.npz,100,4,BT-v2,10098,1,0.0,0,0,1,crash,79.54999999999762,0.0,0.0,0.0,79.54999999999762,0.24181360201511334,0.04219143576826197,0.012594458438287154,
POOL-s4-b100,rl,1.0,2,results/es_pool/ckpt_seed4_gen00100.npz,100,4,BT-v2,10099,0,0.0,0,0,1,crash,80.94999999999754,0.0,0.0,0.0,80.94999999999754,0.26794554455445546,0.0,0.01608910891089109,3259.0163881421745
POOL-s4-b100,rl,1.0,2,results/es_pool/ckpt_seed4_gen00100.npz,100,4,BT-v2,10099,1,0.0,0,0,1,crash,79.24999999999764,0.0,0.0,0.0,79.24999999999764,0.2727272727272727,0.0,0.006944444444444444,
POOL-s4-b100,rl,1.0,2,results/es_pool/ckpt_seed4_gen00100.npz,100,4,BT-v3,10000,0,1.0,1,0,0,gun_kill,72.899999999998,100.0,0.0,3.999999999999994,72.899999999998,0.0,0.038461538461538464,0.006181318681318681,4104.415840470974
POOL-s4-b100,rl,1.0,2,results/es_pool/ckpt_seed4_gen00100.npz,100,4,BT-v3,10000,1,1.0,1,0,0,gun_kill,73.19999999999798,100.0,0.0,3.999999999999994,73.19999999999798,0.0,0.0410958904109589,0.015068493150684932,
POOL-s4-b100,rl,1.0,2,results/es_pool/ckpt_seed4_gen00100.npz,100,4,BT-v3,10001,0,1.0,1,0,0,gun_kill,97.89999999999658,100.0,0.0,3.999999999999994,97.89999999999658,0.0,0.00408997955010225,0.023517382413087935,4078.753254135034
POOL-s4-b100,rl,1.0,2,results/es_pool/ckpt_seed4_gen00100.npz,100,4,BT-v3,10001,1,1.0,1,0,0,gun_kill,96.34999999999667,100.0,0.0,3.999999999999994,96.34999999999667,0.0,0.0,0.0,
POOL-s4-b100,rl,1.0,2,results/es_pool/ckpt_seed4_gen00100.npz,100,4,BT-v3,10002,0,1.0,1,0,0,gun_kill,80.0499999999976,100.0,0.0,3.999999999999994,80.0499999999976,0.0,0.0625,0.030625,4090.243923345754
POOL-s4-b100,rl,1.0,2,results/es_pool/ckpt_seed4_gen00100.npz,100,4,BT-v3,10002,1,1.0,1,0,0,gun_kill,100.24999999999645,100.0,0.0,3.999999999999994,100.24999999999645,0.0,0.03942115768463074,0.028942115768463075,
POOL-s4-b100,rl,1.0,2,results/es_pool/ckpt_seed4_gen00100.npz,100,4,BT-v3,10003,0,1.0,1,0,0,gun_kill,110.39999999999587,100.0,11.25,3.999999999999994,110.39999999999587,0.0,0.07395644283121597,0.0,4419.942961785689
POOL-s4-b100,rl,1.0,2,results/es_pool/ckpt_seed4_gen00100.npz,100,4,BT-v3,10003,1,1.0,1,0,0,gun_kill,98.74999999999653,100.0,0.0,3.999999999999994,98.74999999999653,0.0,0.10192697768762678,0.02434077079107505,
POOL-s4-b100,rl,1.0,2,results/es_pool/ckpt_seed4_gen00100.npz,100,4,BT-v3,10004,0,1.0,1,0,0,gun_kill,114.24999999999565,100.0,32.5,3.999999999999994,114.24999999999565,0.0,0.02276707530647986,0.004816112084063047,3950.351549947738
POOL-s4-b100,rl,1.0,2,results/es_pool/ckpt_seed4_gen00100.npz,100,4,BT-v3,10004,1,1.0,1,0,0,gun_kill,108.94999999999595,100.0,0.0,3.999999999999994,108.94999999999595,0.0,0.022518382352941176,0.0,
POOL-s4-b100,rl,1.0,2,results/es_pool/ckpt_seed4_gen00100.npz,100,4,BT-v3,10005,0,0.0,0,0,1,crash,69.69999999999818,0.0,6.25,0.0,69.69999999999818,0.04956896551724138,0.9798850574712644,0.0,5487.688269180449
POOL-s4-b100,rl,1.0,2,results/es_pool/ckpt_seed4_gen00100.npz,100,4,BT-v3,10005,1,0.5,0,1,0,timeout,120.19999999999531,67.5,0.0,2.6999999999999984,120.19999999999531,0.0,0.1896838602329451,0.0,
POOL-s4-b100,rl,1.0,2,results/es_pool/ckpt_seed4_gen00100.npz,100,4,BT-v3,10006,0,1.0,1,0,0,gun_kill,66.54999999999836,100.0,22.5,3.999999999999994,66.54999999999836,0.0,0.017319277108433735,0.0,4022.509331604064
POOL-s4-b100,rl,1.0,2,results/es_pool/ckpt_seed4_gen00100.npz,100,4,BT-v3,10006,1,1.0,1,0,0,gun_kill,75.24999999999787,100.0,0.0,3.999999999999994,75.24999999999787,0.0,0.013962765957446808,0.0,
POOL-s4-b100,rl,1.0,2,results/es_pool/ckpt_seed4_gen00100.npz,100,4,BT-v3,10007,0,1.0,1,0,0,gun_kill,66.49999999999837,100.0,0.0,3.999999999999994,66.49999999999837,0.0,0.054969879518072286,0.008283132530120483,3768.0895460232073
POOL-s4-b100,rl,1.0,2,results/es_pool/ckpt_seed4_gen00100.npz,100,4,BT-v3,10007,1,1.0,1,0,0,gun_kill,79.49999999999763,100.0,0.0,3.999999999999994,79.49999999999763,0.0,0.0371536523929471,0.0,
POOL-s4-b100,rl,1.0,2,results/es_pool/ckpt_seed4_gen00100.npz,100,4,BT-v3,10008,0,1.0,1,0,0,gun_kill,71.04999999999811,100.0,7.5,3.999999999999994,71.04999999999811,0.0,0.0528169014084507,0.0,4060.947285868657
POOL-s4-b100,rl,1.0,2,results/es_pool/ckpt_seed4_gen00100.npz,100,4,BT-v3,10008,1,1.0,1,0,0,gun_kill,68.94999999999823,100.0,0.0,3.999999999999994,68.94999999999823,0.0,0.05886627906976744,0.0,
POOL-s4-b100,rl,1.0,2,results/es_pool/ckpt_seed4_gen00100.npz,100,4,BT-v3,10009,0,1.0,1,0,0,gun_kill,97.94999999999658,100.0,3.75,3.999999999999994,97.94999999999658,0.0,0.036298568507157465,0.032208588957055216,4299.56784506565
POOL-s4-b100,rl,1.0,2,results/es_pool/ckpt_seed4_gen00100.npz,100,4,BT-v3,10009,1,1.0,1,0,0,gun_kill,80.34999999999758,100.0,0.0,3.999999999999994,80.34999999999758,0.0,0.06359102244389027,0.003117206982543641,
POOL-s4-b100,rl,1.0,2,results/es_pool/ckpt_seed4_gen00100.npz,100,4,BT-v3,10010,0,1.0,1,0,0,gun_kill,43.499999999999666,100.0,0.0,3.999999999999994,43.499999999999666,0.0,0.2857142857142857,0.0,3964.0606525454714
POOL-s4-b100,rl,1.0,2,results/es_pool/ckpt_seed4_gen00100.npz,100,4,BT-v3,10010,1,0.0,0,0,1,crash,81.99999999999748,0.0,13.75,0.0,81.99999999999748,0.07090464547677261,0.35146699266503667,0.0,
POOL-s4-b100,rl,1.0,2,results/es_pool/ckpt_seed4_gen00100.npz,100,4,BT-v3,10011,0,1.0,1,0,0,gun_kill,86.24999999999724,100.0,0.0,3.999999999999994,86.24999999999724,0.0,0.0,0.0,4471.836894249632
POOL-s4-b100,rl,1.0,2,results/es_pool/ckpt_seed4_gen00100.npz,100,4,BT-v3,10011,1,1.0,1,0,0,gun_kill,91.54999999999694,100.0,0.0,3.999999999999994,91.54999999999694,0.0,0.0,0.038840262582056896,
POOL-s4-b100,rl,1.0,2,results/es_pool/ckpt_seed4_gen00100.npz,100,4,BT-v3,10012,0,1.0,1,0,0,gun_kill,69.74999999999818,100.0,0.0,3.999999999999994,69.74999999999818,0.0,0.16594827586206898,0.015804597701149427,3969.9696791350398
POOL-s4-b100,rl,1.0,2,results/es_pool/ckpt_seed4_gen00100.npz,100,4,BT-v3,10012,1,1.0,1,0,0,gun_kill,42.8999999999997,100.0,0.0,3.999999999999994,42.8999999999997,0.0,0.338785046728972,0.0,
POOL-s4-b100,rl,1.0,2,results/es_pool/ckpt_seed4_gen00100.npz,100,4,BT-v3,10013,0,1.0,1,0,0,gun_kill,75.74999999999784,100.0,0.0,3.999999999999994,75.74999999999784,0.0,0.05555555555555555,0.00992063492063492,4327.386634651446
POOL-s4-b100,rl,1.0,2,results/es_pool/ckpt_seed4_gen00100.npz,100,4,BT-v3,10013,1,1.0,1,0,0,gun_kill,72.49999999999802,100.0,0.0,3.999999999999994,72.49999999999802,0.0,0.08701657458563536,0.0,
POOL-s4-b100,rl,1.0,2,results/es_pool/ckpt_seed4_gen00100.npz,100,4,BT-v3,10014,0,1.0,1,0,0,gun_kill,83.89999999999738,100.0,0.0,3.999999999999994,83.89999999999738,0.0,0.0,0.0,4463.712180630754
POOL-s4-b100,rl,1.0,2,results/es_pool/ckpt_seed4_gen00100.npz,100,4,BT-v3,10014,1,1.0,1,0,0,gun_kill,86.14999999999725,100.0,0.0,3.999999999999994,86.14999999999725,0.0,0.0,0.009302325581395349,
POOL-s4-b100,rl,1.0,2,results/es_pool/ckpt_seed4_gen00100.npz,100,4,BT-v3,10015,0,1.0,1,0,0,gun_kill,71.1999999999981,100.0,7.5,3.999999999999994,71.1999999999981,0.0,0.0,0.004929577464788733,3902.5633543039894
POOL-s4-b100,rl,1.0,2,results/es_pool/ckpt_seed4_gen00100.npz,100,4,BT-v3,10015,1,1.0,1,0,0,gun_kill,93.74999999999682,100.0,0.0,3.999999999999994,93.74999999999682,0.0,0.0,0.017094017094017096,
POOL-s4-b100,rl,1.0,2,results/es_pool/ckpt_seed4_gen00100.npz,100,4,BT-v3,10016,0,1.0,1,0,0,gun_kill,66.99999999999834,100.0,0.0,3.999999999999994,66.99999999999834,0.0,0.023952095808383235,0.04491017964071856,4079.0032065710984
POOL-s4-b100,rl,1.0,2,results/es_pool/ckpt_seed4_gen00100.npz,100,4,BT-v3,10016,1,1.0,1,0,0,gun_kill,82.29999999999747,100.0,8.75,3.999999999999994,82.29999999999747,0.0,0.0,0.035888077858880776,
POOL-s4-b100,rl,1.0,2,results/es_pool/ckpt_seed4_gen00100.npz,100,4,BT-v3,10017,0,1.0,1,0,0,gun_kill,71.39999999999809,100.0,0.0,3.999999999999994,71.39999999999809,0.0,0.059691011235955056,0.004213483146067416,3887.840868323488
POOL-s4-b100,rl,1.0,2,results/es_pool/ckpt_seed4_gen00100.npz,100,4,BT-v3,10017,1,1.0,1,0,0,gun_kill,40.44999999999984,100.0,0.0,3.999999999999994,40.44999999999984,0.0,0.15594059405940594,0.0,
POOL-s4-b100,rl,1.0,2,results/es_pool/ckpt_seed4_gen00100.npz,100,4,BT-v3,10018,0,1.0,1,0,0,gun_kill,68.19999999999827,100.0,0.0,3.999999999999994,68.19999999999827,0.0,0.025735294117647058,0.0,3852.6671089114107
POOL-s4-b100,rl,1.0,2,results/es_pool/ckpt_seed4_gen00100.npz,100,4,BT-v3,10018,1,1.0,1,0,0,gun_kill,70.04999999999816,100.0,0.0,3.999999999999994,70.04999999999816,0.0,0.030714285714285715,0.03428571428571429,
POOL-s4-b100,rl,1.0,2,results/es_pool/ckpt_seed4_gen00100.npz,100,4,BT-v3,10019,0,1.0,1,0,0,gun_kill,96.69999999999665,100.0,0.0,3.999999999999994,96.69999999999665,0.0,0.0,0.033126293995859216,4028.637746225511
POOL-s4-b100,rl,1.0,2,results/es_pool/ckpt_seed4_gen00100.npz,100,4,BT-v3,10019,1,1.0,1,0,0,gun_kill,80.09999999999759,100.0,0.0,3.999999999999994,80.09999999999759,0.0,0.0,0.01,
POOL-s4-b100,rl,1.0,2,results/es_pool/ckpt_seed4_gen00100.npz,100,4,BT-v3,10020,0,1.0,1,0,0,gun_kill,88.29999999999713,100.0,0.0,3.999999999999994,88.29999999999713,0.0,0.01870748299319728,0.03571428571428571,4759.679380540382
POOL-s4-b100,rl,1.0,2,results/es_pool/ckpt_seed4_gen00100.npz,100,4,BT-v3,10020,1,1.0,1,0,0,gun_kill,107.34999999999604,100.0,0.0,3.999999999999994,107.34999999999604,0.0,0.0,0.005597014925373134,
POOL-s4-b100,rl,1.0,2,results/es_pool/ckpt_seed4_gen00100.npz,100,4,BT-v3,10021,0,1.0,1,0,0,gun_kill,47.44999999999944,100.0,0.0,3.999999999999994,47.44999999999944,0.0,0.3048523206751055,0.020042194092827006,4477.64997447208
POOL-s4-b100,rl,1.0,2,results/es_pool/ckpt_seed4_gen00100.npz,100,4,BT-v3,10021,1,1.0,1,0,0,gun_kill,50.549999999999265,100.0,0.0,3.999999999999994,50.549999999999265,0.0,0.20734126984126985,0.0,
POOL-s4-b100,rl,1.0,2,results/es_pool/ckpt_seed4_gen00100.npz,100,4,BT-v3,10022,0,1.0,1,0,0,gun_kill,90.24999999999702,100.0,0.0,3.999999999999994,90.24999999999702,0.0,0.045454545454545456,0.03547671840354767,4626.014457631413
POOL-s4-b100,rl,1.0,2,results/es_pool/ckpt_seed4_gen00100.npz,100,4,BT-v3,10022,1,1.0,1,0,0,gun_kill,83.04999999999742,100.0,0.0,3.999999999999994,83.04999999999742,0.0,0.04879518072289157,0.0,
POOL-s4-b100,rl,1.0,2,results/es_pool/ckpt_seed4_gen00100.npz,100,4,BT-v3,10023,0,1.0,1,0,0,gun_kill,87.19999999999719,100.0,0.0,3.999999999999994,87.19999999999719,0.0,0.05172413793103448,0.0028735632183908046,4377.666243921222
POOL-s4-b100,rl,1.0,2,results/es_pool/ckpt_seed4_gen00100.npz,100,4,BT-v3,10023,1,0.5,0,1,0,timeout,120.19999999999531,91.25,0.0,3.649999999999995,120.19999999999531,0.0,0.054076539101497505,0.0,
POOL-s4-b100,rl,1.0,2,results/es_pool/ckpt_seed4_gen00100.npz,100,4,BT-v3,10024,0,1.0,1,0,0,gun_kill,71.44999999999808,100.0,0.0,3.999999999999994,71.44999999999808,0.0,0.06092436974789916,0.0,4252.6103467595985
POOL-s4-b100,rl,1.0,2,results/es_pool/ckpt_seed4_gen00100.npz,100,4,BT-v3,10024,1,1.0,1,0,0,gun_kill,106.84999999999607,100.0,20.0,3.999999999999994,106.84999999999607,0.0,0.03417602996254682,0.003745318352059925,
POOL-s4-b100,rl,1.0,2,results/es_pool/ckpt_seed4_gen00100.npz,100,4,BT-v3,10025,0,1.0,1,0,0,gun_kill,113.24999999999571,100.0,0.0,3.999999999999994,113.24999999999571,0.0,0.052120141342756186,0.03136042402826855,4792.627624904548
POOL-s4-b100,rl,1.0,2,results/es_pool/ckpt_seed4_gen00100.npz,100,4,BT-v3,10025,1,1.0,1,0,0,gun_kill,105.44999999999615,100.0,0.0,3.999999999999994,105.44999999999615,0.0,0.0730550284629981,0.0,
POOL-s4-b100,rl,1.0,2,results/es_pool/ckpt_seed4_gen00100.npz,100,4,BT-v3,10026,0,1.0,1,0,0,gun_kill,73.049999999998,100.0,0.0,3.999999999999994,73.049999999998,0.0,0.11301369863013698,0.0,3981.8568858067883
POOL-s4-b100,rl,1.0,2,results/es_pool/ckpt_seed4_gen00100.npz,100,4,BT-v3,10026,1,1.0,1,0,0,gun_kill,89.99999999999703,100.0,2.5,3.999999999999994,89.99999999999703,0.0,0.06737193763919821,0.005011135857461025,
POOL-s4-b100,rl,1.0,2,results/es_pool/ckpt_seed4_gen00100.npz,100,4,BT-v3,10027,0,1.0,1,0,0,gun_kill,27.05000000000025,100.0,0.0,3.999999999999994,27.05000000000025,0.0,0.4888888888888889,0.0,4758.618368845345
POOL-s4-b100,rl,1.0,2,results/es_pool/ckpt_seed4_gen00100.npz,100,4,BT-v3,10027,1,0.5,0,1,0,timeout,120.19999999999531,0.0,38.75,0.0,120.19999999999531,0.0,0.47753743760399336,0.0,
POOL-s4-b100,rl,1.0,2,results/es_pool/ckpt_seed4_gen00100.npz,100,4,BT-v3,10028,0,1.0,1,0,0,gun_kill,67.14999999999833,100.0,10.0,3.999999999999994,67.14999999999833,0.0,0.0,0.009701492537313432,4106.928267687868
POOL-s4-b100,rl,1.0,2,results/es_pool/ckpt_seed4_gen00100.npz,100,4,BT-v3,10028,1,1.0,1,0,0,gun_kill,83.14999999999742,100.0,0.0,3.999999999999994,83.14999999999742,0.0,0.0,0.0,
POOL-s4-b100,rl,1.0,2,results/es_pool/ckpt_seed4_gen00100.npz,100,4,BT-v3,10029,0,1.0,1,0,0,gun_kill,107.44999999999604,100.0,0.0,3.999999999999994,107.44999999999604,0.0,0.0,0.0,4279.1746801552945
POOL-s4-b100,rl,1.0,2,results/es_pool/ckpt_seed4_gen00100.npz,100,4,BT-v3,10029,1,1.0,1,0,0,gun_kill,92.99999999999686,100.0,0.0,3.999999999999994,92.99999999999686,0.0,0.0,0.0,
POOL-s4-b100,rl,1.0,2,results/es_pool/ckpt_seed4_gen00100.npz,100,4,BT-v3,10030,0,0.0,0,0,1,crash,81.29999999999752,0.0,16.25,0.0,81.29999999999752,0.06958128078817734,0.31896551724137934,0.0,3585.068243291095
POOL-s4-b100,rl,1.0,2,results/es_pool/ckpt_seed4_gen00100.npz,100,4,BT-v3,10030,1,1.0,1,0,0,gun_kill,64.34999999999849,100.0,0.0,3.999999999999994,64.34999999999849,0.0,0.15654205607476634,0.0,
POOL-s4-b100,rl,1.0,2,results/es_pool/ckpt_seed4_gen00100.npz,100,4,BT-v3,10031,0,0.5,0,1,0,timeout,120.19999999999531,41.25,0.0,1.6500000000000008,120.19999999999531,0.0,0.2025790349417637,0.0,3296.7154823055594
POOL-s4-b100,rl,1.0,2,results/es_pool/ckpt_seed4_gen00100.npz,100,4,BT-v3,10031,1,1.0,1,0,0,gun_kill,32.70000000000028,100.0,0.0,3.999999999999994,32.70000000000028,0.0,0.5107361963190185,0.0,
POOL-s4-b100,rl,1.0,2,results/es_pool/ckpt_seed4_gen00100.npz,100,4,BT-v3,10032,0,1.0,1,0,0,gun_kill,74.84999999999789,100.0,0.0,3.999999999999994,74.84999999999789,0.0,0.05414438502673797,0.010026737967914439,3728.7576408388745
POOL-s4-b100,rl,1.0,2,results/es_pool/ckpt_seed4_gen00100.npz,100,4,BT-v3,10032,1,1.0,1,0,0,gun_kill,83.89999999999738,100.0,0.0,3.999999999999994,83.89999999999738,0.0,0.050119331742243436,0.02684964200477327,
POOL-s4-b100,rl,1.0,2,results/es_pool/ckpt_seed4_gen00100.npz,100,4,BT-v3,10033,0,1.0,1,0,0,gun_kill,80.09999999999759,100.0,0.0,3.999999999999994,80.09999999999759,0.0,0.079375,0.0,4417.6107275059685
POOL-s4-b100,rl,1.0,2,results/es_pool/ckpt_seed4_gen00100.npz,100,4,BT-v3,10033,1,1.0,1,0,0,gun_kill,87.39999999999718,100.0,6.25,3.999999999999994,87.39999999999718,0.0,0.0625,0.03612385321100917,
POOL-s4-b100,rl,1.0,2,results/es_pool/ckpt_seed4_gen00100.npz,100,4,BT-v3,10034,0,1.0,1,0,0,gun_kill,96.74999999999665,100.0,0.0,3.999999999999994,96.74999999999665,0.0,0.04503105590062112,0.03985507246376811,4283.681844547779
POOL-s4-b100,rl,1.0,2,results/es_pool/ckpt_seed4_gen00100.npz,100,4,BT-v3,10034,1,1.0,1,0,0,gun_kill,89.99999999999703,100.0,0.0,3.999999999999994,89.99999999999703,0.0,0.04788418708240535,0.0,
POOL-s4-b100,rl,1.0,2,results/es_pool/ckpt_seed4_gen00100.npz,100,4,BT-v3,10035,0,1.0,1,0,0,gun_kill,65.49999999999842,100.0,30.0,3.999999999999994,65.49999999999842,0.0,0.04204892966360856,0.0061162079510703364,3602.6220473118024
POOL-s4-b100,rl,1.0,2,results/es_pool/ckpt_seed4_gen00100.npz,100,4,BT-v3,10035,1,1.0,1,0,0,gun_kill,67.94999999999828,100.0,0.0,3.999999999999994,67.94999999999828,0.0,0.033185840707964605,0.0,
POOL-s4-b100,rl,1.0,2,results/es_pool/ckpt_seed4_gen00100.npz,100,4,BT-v3,10036,0,1.0,1,0,0,gun_kill,62.54999999999858,100.0,21.25,3.999999999999994,62.54999999999858,0.0,0.020833333333333332,0.0,3851.38883688504
POOL-s4-b100,rl,1.0,2,results/es_pool/ckpt_seed4_gen00100.npz,100,4,BT-v3,10036,1,1.0,1,0,0,gun_kill,67.44999999999831,100.0,0.0,3.999999999999994,67.44999999999831,0.0,0.01483679525222552,0.009643916913946587,
POOL-s4-b100,rl,1.0,2,results/es_pool/ckpt_seed4_gen00100.npz,100,4,BT-v3,10037,0,1.0,1,0,0,gun_kill,62.74999999999857,100.0,0.0,3.999999999999994,62.74999999999857,0.0,0.14217252396166133,0.0,3859.8665858911872
POOL-s4-b100,rl,1.0,2,results/es_pool/ckpt_seed4_gen00100.npz,100,4,BT-v3,10037,1,1.0,1,0,0,gun_kill,40.14999999999986,100.0,7.5,3.999999999999994,40.14999999999986,0.0,0.33375,0.00875,
POOL-s4-b100,rl,1.0,2,results/es_pool/ckpt_seed4_gen00100.npz,100,4,BT-v3,10038,0,1.0,1,0,0,gun_kill,94.0499999999968,100.0,0.0,3.999999999999994,94.0499999999968,0.0,0.031914893617021274,0.038829787234042554,4609.25528627854
POOL-s4-b100,rl,1.0,2,results/es_pool/ckpt_seed4_gen00100.npz,100,4,BT-v3,10038,1,1.0,1,0,0,gun_kill,95.49999999999672,100.0,0.0,3.999999999999994,95.49999999999672,0.0,0.03878406708595388,0.03249475890985325,
POOL-s4-b100,rl,1.0,2,results/es_pool/ckpt_seed4_gen00100.npz,100,4,BT-v3,10039,0,1.0,1,0,0,gun_kill,59.349999999998765,100.0,0.0,3.999999999999994,59.349999999998765,0.0,0.03885135135135135,0.0,3608.4235959646458
POOL-s4-b100,rl,1.0,2,results/es_pool/ckpt_seed4_gen00100.npz,100,4,BT-v3,10039,1,1.0,1,0,0,gun_kill,102.19999999999634,100.0,26.25,3.999999999999994,102.19999999999634,0.0,0.02107843137254902,0.0058823529411764705,
POOL-s4-b100,rl,1.0,2,results/es_pool/ckpt_seed4_gen00100.npz,100,4,BT-v3,10040,0,1.0,1,0,0,gun_kill,73.54999999999797,100.0,0.0,3.999999999999994,73.54999999999797,0.0,0.0,0.0,4335.179493193601
POOL-s4-b100,rl,1.0,2,results/es_pool/ckpt_seed4_gen00100.npz,100,4,BT-v3,10040,1,1.0,1,0,0,gun_kill,88.99999999999709,100.0,0.0,3.999999999999994,88.99999999999709,0.0,0.0,0.0,
POOL-s4-b100,rl,1.0,2,results/es_pool/ckpt_seed4_gen00100.npz,100,4,BT-v3,10041,0,1.0,1,0,0,gun_kill,87.0999999999972,100.0,0.0,3.999999999999994,87.0999999999972,0.0,0.023563218390804597,0.03218390804597701,3504.8057399729073
POOL-s4-b100,rl,1.0,2,results/es_pool/ckpt_seed4_gen00100.npz,100,4,BT-v3,10041,1,1.0,1,0,0,gun_kill,62.54999999999858,100.0,0.0,3.999999999999994,62.54999999999858,0.0,0.03445512820512821,0.019230769230769232,
POOL-s4-b100,rl,1.0,2,results/es_pool/ckpt_seed4_gen00100.npz,100,4,BT-v3,10042,0,1.0,1,0,0,gun_kill,80.64999999999756,100.0,0.0,3.999999999999994,80.64999999999756,0.0,0.1445409429280397,0.009305210918114143,4460.385668809019
POOL-s4-b100,rl,1.0,2,results/es_pool/ckpt_seed4_gen00100.npz,100,4,BT-v3,10042,1,1.0,1,0,0,gun_kill,74.6499999999979,100.0,0.0,3.999999999999994,74.6499999999979,0.0,0.18297587131367293,0.0,
POOL-s4-b100,rl,1.0,2,results/es_pool/ckpt_seed4_gen00100.npz,100,4,BT-v3,10043,0,1.0,1,0,0,gun_kill,82.69999999999744,100.0,0.0,3.999999999999994,82.69999999999744,0.0,0.0,0.015738498789346248,4280.686833330528
POOL-s4-b100,rl,1.0,2,results/es_pool/ckpt_seed4_gen00100.npz,100,4,BT-v3,10043,1,1.0,1,0,0,gun_kill,91.04999999999697,100.0,0.0,3.999999999999994,91.04999999999697,0.0,0.0,0.03901098901098901,
POOL-s4-b100,rl,1.0,2,results/es_pool/ckpt_seed4_gen00100.npz,100,4,BT-v3,10044,0,1.0,1,0,0,gun_kill,83.29999999999741,100.0,0.0,3.999999999999994,83.29999999999741,0.0,0.0,0.0,4235.524580968667
POOL-s4-b100,rl,1.0,2,results/es_pool/ckpt_seed4_gen00100.npz,100,4,BT-v3,10044,1,1.0,1,0,0,gun_kill,111.5499999999958,100.0,0.0,3.999999999999994,111.5499999999958,0.0,0.0,0.0,
POOL-s4-b100,rl,1.0,2,results/es_pool/ckpt_seed4_gen00100.npz,100,4,BT-v3,10045,0,1.0,1,0,0,gun_kill,90.499999999997,100.0,0.0,3.999999999999994,90.499999999997,0.0,0.05309734513274336,0.033185840707964605,4718.06489486107
POOL-s4-b100,rl,1.0,2,results/es_pool/ckpt_seed4_gen00100.npz,100,4,BT-v3,10045,1,1.0,1,0,0,gun_kill,96.49999999999666,100.0,0.0,3.999999999999994,96.49999999999666,0.0,0.044605809128630707,0.0,
POOL-s4-b100,rl,1.0,2,results/es_pool/ckpt_seed4_gen00100.npz,100,4,BT-v3,10046,0,1.0,1,0,0,gun_kill,32.65000000000028,100.0,0.0,3.999999999999994,32.65000000000028,0.0,0.6180981595092024,0.0,4898.580589560335
POOL-s4-b100,rl,1.0,2,results/es_pool/ckpt_seed4_gen00100.npz,100,4,BT-v3,10046,1,0.0,0,0,1,crash,113.94999999999567,0.0,21.25,0.0,113.94999999999567,0.17618629173989456,0.9964850615114236,0.0,
POOL-s4-b100,rl,1.0,2,results/es_pool/ckpt_seed4_gen00100.npz,100,4,BT-v3,10047,0,1.0,1,0,0,gun_kill,67.44999999999831,100.0,0.0,3.999999999999994,67.44999999999831,0.0,0.017804154302670624,0.019287833827893175,3684.465307300411
POOL-s4-b100,rl,1.0,2,results/es_pool/ckpt_seed4_gen00100.npz,100,4,BT-v3,10047,1,1.0,1,0,0,gun_kill,66.34999999999837,100.0,0.0,3.999999999999994,66.34999999999837,0.0,0.014350453172205438,0.02190332326283988,
POOL-s4-b100,rl,1.0,2,results/es_pool/ckpt_seed4_gen00100.npz,100,4,BT-v3,10048,0,1.0,1,0,0,gun_kill,62.79999999999857,100.0,0.0,3.999999999999994,62.79999999999857,0.0,0.05910543130990415,0.027955271565495207,3637.2841971990388
POOL-s4-b100,rl,1.0,2,results/es_pool/ckpt_seed4_gen00100.npz,100,4,BT-v3,10048,1,1.0,1,0,0,gun_kill,19.500000000000142,100.0,0.0,3.999999999999994,19.500000000000142,0.0,0.16752577319587628,0.0,
POOL-s4-b100,rl,1.0,2,results/es_pool/ckpt_seed4_gen00100.npz,100,4,BT-v3,10049,0,1.0,1,0,0,gun_kill,83.14999999999742,100.0,8.75,3.999999999999994,83.14999999999742,0.0,0.0783132530120482,0.012048192771084338,4359.973715949637
POOL-s4-b100,rl,1.0,2,results/es_pool/ckpt_seed4_gen00100.npz,100,4,BT-v3,10049,1,1.0,1,0,0,gun_kill,76.84999999999778,100.0,0.0,3.999999999999994,76.84999999999778,0.0,0.09830729166666667,0.001953125,
POOL-s4-b100,rl,1.0,2,results/es_pool/ckpt_seed4_gen00100.npz,100,4,BT-v3,10050,0,1.0,1,0,0,gun_kill,72.999999999998,100.0,0.0,3.999999999999994,72.999999999998,0.0,0.04945054945054945,0.008241758241758242,4009.2058731434317
POOL-s4-b100,rl,1.0,2,results/es_pool/ckpt_seed4_gen00100.npz,100,4,BT-v3,10050,1,1.0,1,0,0,gun_kill,77.54999999999774,100.0,10.0,3.999999999999994,77.54999999999774,0.0,0.07428940568475452,0.040697674418604654,
POOL-s4-b100,rl,1.0,2,results/es_pool/ckpt_seed4_gen00100.npz,100,4,BT-v3,10051,0,1.0,1,0,0,gun_kill,41.69999999999977,100.0,0.0,3.999999999999994,41.69999999999977,0.0,0.2548076923076923,0.010817307692307692,5124.888415728667
POOL-s4-b100,rl,1.0,2,results/es_pool/ckpt_seed4_gen00100.npz,100,4,BT-v3,10051,1,1.0,1,0,0,gun_kill,40.29999999999985,100.0,0.0,3.999999999999994,40.29999999999985,0.0,0.43656716417910446,0.0,
POOL-s4-b100,rl,1.0,2,results/es_pool/ckpt_seed4_gen00100.npz,100,4,BT-v3,10052,0,1.0,1,0,0,gun_kill,71.74999999999807,100.0,0.0,3.999999999999994,71.74999999999807,0.0,0.04818435754189944,0.0,4141.460098309471
POOL-s4-b100,rl,1.0,2,results/es_pool/ckpt_seed4_gen00100.npz,100,4,BT-v3,10052,1,1.0,1,0,0,gun_kill,72.69999999999801,100.0,0.0,3.999999999999994,72.69999999999801,0.0,0.04201101928374656,0.008264462809917356,
POOL-s4-b100,rl,1.0,2,results/es_pool/ckpt_seed4_gen00100.npz,100,4,BT-v3,10053,0,1.0,1,0,0,gun_kill,96.84999999999664,100.0,0.0,3.999999999999994,96.84999999999664,0.0,0.0,0.03460743801652893,4589.552896652066
POOL-s4-b100,rl,1.0,2,results/es_pool/ckpt_seed4_gen00100.npz,100,4,BT-v3,10053,1,1.0,1,0,0,gun_kill,91.79999999999693,100.0,8.75,3.999999999999994,91.79999999999693,0.0,0.0,0.006550218340611353,
POOL-s4-b100,rl,1.0,2,results/es_pool/ckpt_seed4_gen00100.npz,100,4,BT-v3,10054,0,1.0,1,0,0,gun_kill,58.89999999999879,100.0,0.0,3.999999999999994,58.89999999999879,0.0,0.0,0.004251700680272109,3573.9033381756876
POOL-s4-b100,rl,1.0,2,results/es_pool/ckpt_seed4_gen00100.npz,100,4,BT-v3,10054,1,1.0,1,0,0,gun_kill,69.4499999999982,100.0,0.0,3.999999999999994,69.4499999999982,0.0,0.0,0.024495677233429394,
POOL-s4-b100,rl,1.0,2,results/es_pool/ckpt_seed4_gen00100.npz,100,4,BT-v3,10055,0,1.0,1,0,0,gun_kill,58.54999999999881,100.0,0.0,3.999999999999994,58.54999999999881,0.0,0.009417808219178082,0.010273972602739725,3715.3777039041015
POOL-s4-b100,rl,1.0,2,results/es_pool/ckpt_seed4_gen00100.npz,100,4,BT-v3,10055,1,1.0,1,0,0,gun_kill,61.999999999998614,100.0,3.75,3.999999999999994,61.999999999998614,0.0,0.010517799352750809,0.008090614886731391,
POOL-s4-b100,rl,1.0,2,results/es_pool/ckpt_seed4_gen00100.npz,100,4,BT-v3,10056,0,1.0,1,0,0,gun_kill,86.29999999999724,100.0,0.0,3.999999999999994,86.29999999999724,0.0,0.1583526682134571,0.01334106728538283,3742.5585865593566
POOL-s4-b100,rl,1.0,2,results/es_pool/ckpt_seed4_gen00100.npz,100,4,BT-v3,10056,1,1.0,1,0,0,gun_kill,64.1499999999985,100.0,0.0,3.999999999999994,64.1499999999985,0.0,0.1796875,0.0015625,
POOL-s4-b100,rl,1.0,2,results/es_pool/ckpt_seed4_gen00100.npz,100,4,BT-v3,10057,0,1.0,1,0,0,gun_kill,71.84999999999806,100.0,0.0,3.999999999999994,71.84999999999806,0.0,0.0,0.0403899721448468,4064.401299998123
POOL-s4-b100,rl,1.0,2,results/es_pool/ckpt_seed4_gen00100.npz,100,4,BT-v3,10057,1,1.0,1,0,0,gun_kill,71.34999999999809,100.0,1.25,3.999999999999994,71.34999999999809,0.0,0.0,0.006320224719101123,
POOL-s4-b100,rl,1.0,2,results/es_pool/ckpt_seed4_gen00100.npz,100,4,BT-v3,10058,0,1.0,1,0,0,gun_kill,75.24999999999787,100.0,0.0,3.999999999999994,75.24999999999787,0.0,0.08776595744680851,0.007978723404255319,3352.7907068726126
POOL-s4-b100,rl,1.0,2,results/es_pool/ckpt_seed4_gen00100.npz,100,4,BT-v3,10058,1,1.0,1,0,0,gun_kill,76.99999999999777,100.0,15.0,3.999999999999994,76.99999999999777,0.0,0.080078125,0.0,
POOL-s4-b100,rl,1.0,2,results/es_pool/ckpt_seed4_gen00100.npz,100,4,BT-v3,10059,0,1.0,1,0,0,gun_kill,104.19999999999622,100.0,0.0,3.999999999999994,104.19999999999622,0.0,0.0038461538461538464,0.012980769230769231,4208.391937251254
POOL-s4-b100,rl,1.0,2,results/es_pool/ckpt_seed4_gen00100.npz,100,4,BT-v3,10059,1,1.0,1,0,0,gun_kill,105.59999999999614,100.0,0.0,3.999999999999994,105.59999999999614,0.0,0.003795066413662239,0.018500948766603416,
POOL-s4-b100,rl,1.0,2,results/es_pool/ckpt_seed4_gen00100.npz,100,4,BT-v3,10060,0,1.0,1,0,0,gun_kill,89.49999999999706,100.0,0.0,3.999999999999994,89.49999999999706,0.0,0.043064876957494405,0.035794183445190156,4404.459715263197
POOL-s4-b100,rl,1.0,2,results/es_pool/ckpt_seed4_gen00100.npz,100,4,BT-v3,10060,1,1.0,1,0,0,gun_kill,80.74999999999756,100.0,0.0,3.999999999999994,80.74999999999756,0.0,0.04404466501240695,0.0,
POOL-s4-b100,rl,1.0,2,results/es_pool/ckpt_seed4_gen00100.npz,100,4,BT-v3,10061,0,1.0,1,0,0,gun_kill,76.4999999999978,100.0,15.0,3.999999999999994,76.4999999999978,0.0,0.08573298429319372,0.006544502617801047,4101.00553719526
POOL-s4-b100,rl,1.0,2,results/es_pool/ckpt_seed4_gen00100.npz,100,4,BT-v3,10061,1,1.0,1,0,0,gun_kill,77.79999999999772,100.0,0.0,3.999999999999994,77.79999999999772,0.0,0.07280927835051547,0.030283505154639175,
POOL-s4-b100,rl,1.0,2,results/es_pool/ckpt_seed4_gen00100.npz,100,4,BT-v3,10062,0,1.0,1,0,0,gun_kill,78.44999999999769,100.0,5.0,3.999999999999994,78.44999999999769,0.0,0.15880102040816327,0.008928571428571428,4411.269168086494
POOL-s4-b100,rl,1.0,2,results/es_pool/ckpt_seed4_gen00100.npz,100,4,BT-v3,10062,1,1.0,1,0,0,gun_kill,102.49999999999632,100.0,0.0,3.999999999999994,102.49999999999632,0.0,0.07275390625,0.02978515625,
POOL-s4-b100,rl,1.0,2,results/es_pool/ckpt_seed4_gen00100.npz,100,4,BT-v3,10063,0,1.0,1,0,0,gun_kill,62.2999999999986,100.0,0.0,3.999999999999994,62.2999999999986,0.0,0.03858520900321544,0.012861736334405145,3690.1712961793237
POOL-s4-b100,rl,1.0,2,results/es_pool/ckpt_seed4_gen00100.npz,100,4,BT-v3,10063,1,1.0,1,0,0,gun_kill,63.84999999999851,100.0,0.0,3.999999999999994,63.84999999999851,0.0,0.03605015673981191,0.0023510971786833857,
POOL-s4-b100,rl,1.0,2,results/es_pool/ckpt_seed4_gen00100.npz,100,4,BT-v3,10064,0,1.0,1,0,0,gun_kill,99.69999999999648,100.0,0.0,3.999999999999994,99.69999999999648,0.0,0.028112449799196786,0.03413654618473896,4330.996946671631
POOL-s4-b100,rl,1.0,2,results/es_pool/ckpt_seed4_gen00100.npz,100,4,BT-v3,10064,1,0.5,0,1,0,timeout,120.19999999999531,0.0,0.0,0.0,120.19999999999531,0.0,0.021214642262895173,0.0,
POOL-s4-b100,rl,1.0,2,results/es_pool/ckpt_seed4_gen00100.npz,100,4,BT-v3,10065,0,1.0,1,0,0,gun_kill,73.94999999999794,100.0,0.0,3.999999999999994,73.94999999999794,0.0,0.10094850948509485,0.023035230352303523,3542.953188097655
POOL-s4-b100,rl,1.0,2,results/es_pool/ckpt_seed4_gen00100.npz,100,4,BT-v3,10065,1,1.0,1,0,0,gun_kill,73.89999999999795,100.0,10.0,3.999999999999994,73.89999999999795,0.0,0.07859078590785908,0.023712737127371274,
POOL-s4-b100,rl,1.0,2,results/es_pool/ckpt_seed4_gen00100.npz,100,4,BT-v3,10066,0,1.0,1,0,0,gun_kill,90.74999999999699,100.0,6.25,3.999999999999994,90.74999999999699,0.0,0.061258278145695365,0.00717439293598234,3956.494285643914
POOL-s4-b100,rl,1.0,2,results/es_pool/ckpt_seed4_gen00100.npz,100,4,BT-v3,10066,1,1.0,1,0,0,gun_kill,76.4999999999978,100.0,0.0,3.999999999999994,76.4999999999978,0.0,0.07591623036649214,0.028795811518324606,
POOL-s4-b100,rl,1.0,2,results/es_pool/ckpt_seed4_gen00100.npz,100,4,BT-v3,10067,0,1.0,1,0,0,gun_kill,78.04999999999771,100.0,0.0,3.999999999999994,78.04999999999771,0.0,0.02564102564102564,0.004487179487179487,4277.095408033699
POOL-s4-b100,rl,1.0,2,results/es_pool/ckpt_seed4_gen00100.npz,100,4,BT-v3,10067,1,1.0,1,0,0,gun_kill,94.34999999999678,100.0,0.0,3.999999999999994,94.34999999999678,0.0,0.024946921443736732,0.0,
POOL-s4-b100,rl,1.0,2,results/es_pool/ckpt_seed4_gen00100.npz,100,4,BT-v3,10068,0,1.0,1,0,0,gun_kill,114.89999999999561,100.0,0.0,3.999999999999994,114.89999999999561,0.0,0.0627177700348432,0.0,4627.7175560664455
POOL-s4-b100,rl,1.0,2,results/es_pool/ckpt_seed4_gen00100.npz,100,4,BT-v3,10068,1,1.0,1,0,0,gun_kill,117.44999999999547,100.0,0.0,3.999999999999994,117.44999999999547,0.0,0.05025553662691652,0.0,
POOL-s4-b100,rl,1.0,2,results/es_pool/ckpt_seed4_gen00100.npz,100,4,BT-v3,10069,0,1.0,1,0,0,gun_kill,91.19999999999696,100.0,0.0,3.999999999999994,91.19999999999696,0.0,0.012087912087912088,0.007142857142857143,4451.865065145822
POOL-s4-b100,rl,1.0,2,results/es_pool/ckpt_seed4_gen00100.npz,100,4,BT-v3,10069,1,1.0,1,0,0,gun_kill,96.89999999999664,100.0,0.0,3.999999999999994,96.89999999999664,0.0,0.00981404958677686,0.03254132231404959,
POOL-s4-b100,rl,1.0,2,results/es_pool/ckpt_seed4_gen00100.npz,100,4,BT-v3,10070,0,1.0,1,0,0,gun_kill,85.59999999999728,100.0,0.0,3.999999999999994,85.59999999999728,0.0,0.01522248243559719,0.0,4584.601500277663
POOL-s4-b100,rl,1.0,2,results/es_pool/ckpt_seed4_gen00100.npz,100,4,BT-v3,10070,1,0.5,0,1,0,collision,4.249999999999993,3.75,8.75,0.15000000000000002,4.249999999999993,0.0,0.2261904761904762,0.08333333333333333,
POOL-s4-b100,rl,1.0,2,results/es_pool/ckpt_seed4_gen00100.npz,100,4,BT-v3,10071,0,1.0,1,0,0,gun_kill,93.19999999999685,100.0,0.0,3.999999999999994,93.19999999999685,0.0,0.0,0.02903225806451613,4429.318435069713
POOL-s4-b100,rl,1.0,2,results/es_pool/ckpt_seed4_gen00100.npz,100,4,BT-v3,10071,1,1.0,1,0,0,gun_kill,85.99999999999726,100.0,0.0,3.999999999999994,85.99999999999726,0.0,0.0,0.023892773892773892,
POOL-s4-b100,rl,1.0,2,results/es_pool/ckpt_seed4_gen00100.npz,100,4,BT-v3,10072,0,1.0,1,0,0,gun_kill,97.5499999999966,100.0,31.25,3.999999999999994,97.5499999999966,0.0,0.0,0.008726899383983572,4362.0308720205585
POOL-s4-b100,rl,1.0,2,results/es_pool/ckpt_seed4_gen00100.npz,100,4,BT-v3,10072,1,1.0,1,0,0,gun_kill,85.3499999999973,100.0,0.0,3.999999999999994,85.3499999999973,0.0,0.0,0.022887323943661973,
POOL-s4-b100,rl,1.0,2,results/es_pool/ckpt_seed4_gen00100.npz,100,4,BT-v3,10073,0,1.0,1,0,0,gun_kill,94.64999999999677,100.0,0.0,3.999999999999994,94.64999999999677,0.0,0.06025369978858351,0.03382663847780127,4077.8030883052015
POOL-s4-b100,rl,1.0,2,results/es_pool/ckpt_seed4_gen00100.npz,100,4,BT-v3,10073,1,1.0,1,0,0,gun_kill,91.24999999999696,100.0,0.0,3.999999999999994,91.24999999999696,0.0,0.07839912280701754,0.023574561403508772,
POOL-s4-b100,rl,1.0,2,results/es_pool/ckpt_seed4_gen00100.npz,100,4,BT-v3,10074,0,1.0,1,0,0,gun_kill,87.19999999999719,100.0,0.0,3.999999999999994,87.19999999999719,0.0,0.05919540229885058,0.0,4662.197821273587
POOL-s4-b100,rl,1.0,2,results/es_pool/ckpt_seed4_gen00100.npz,100,4,BT-v3,10074,1,1.0,1,0,0,gun_kill,93.49999999999683,100.0,0.0,3.999999999999994,93.49999999999683,0.0,0.06209850107066381,0.03372591006423983,
POOL-s4-b100,rl,1.0,2,results/es_pool/ckpt_seed4_gen00100.npz,100,4,BT-v3,10075,0,1.0,1,0,0,gun_kill,88.7999999999971,100.0,0.0,3.999999999999994,88.7999999999971,0.0,0.03329571106094808,0.040632054176072234,4525.046445665109
POOL-s4-b100,rl,1.0,2,results/es_pool/ckpt_seed4_gen00100.npz,100,4,BT-v3,10075,1,1.0,1,0,0,gun_kill,102.7499999999963,100.0,0.0,3.999999999999994,102.7499999999963,0.0,0.024366471734892786,0.022417153996101363,
POOL-s4-b100,rl,1.0,2,results/es_pool/ckpt_seed4_gen00100.npz,100,4,BT-v3,10076,0,1.0,1,0,0,gun_kill,82.74999999999744,100.0,0.0,3.999999999999994,82.74999999999744,0.0,0.031476997578692496,0.014527845036319613,4259.301564887397
POOL-s4-b100,rl,1.0,2,results/es_pool/ckpt_seed4_gen00100.npz,100,4,BT-v3,10076,1,1.0,1,0,0,gun_kill,92.99999999999686,100.0,0.0,3.999999999999994,92.99999999999686,0.0,0.028556034482758622,0.03017241379310345,
POOL-s4-b100,rl,1.0,2,results/es_pool/ckpt_seed4_gen00100.npz,100,4,BT-v3,10077,0,1.0,1,0,0,gun_kill,61.74999999999863,100.0,0.0,3.999999999999994,61.74999999999863,0.0,0.0349025974025974,0.0,3701.5370004789393
POOL-s4-b100,rl,1.0,2,results/es_pool/ckpt_seed4_gen00100.npz,100,4,BT-v3,10077,1,1.0,1,0,0,gun_kill,82.19999999999747,100.0,0.0,3.999999999999994,82.19999999999747,0.0,0.02804878048780488,0.027439024390243903,
POOL-s4-b100,rl,1.0,2,results/es_pool/ckpt_seed4_gen00100.npz,100,4,BT-v3,10078,0,1.0,1,0,0,gun_kill,99.3999999999965,100.0,0.0,3.999999999999994,99.3999999999965,0.0,0.046370967741935484,0.0,4625.888357450188
POOL-s4-b100,rl,1.0,2,results/es_pool/ckpt_seed4_gen00100.npz,100,4,BT-v3,10078,1,1.0,1,0,0,gun_kill,88.04999999999714,100.0,0.0,3.999999999999994,88.04999999999714,0.0,0.055113636363636365,0.04090909090909091,
POOL-s4-b100,rl,1.0,2,results/es_pool/ckpt_seed4_gen00100.npz,100,4,BT-v3,10079,0,1.0,1,0,0,gun_kill,78.89999999999766,100.0,0.0,3.999999999999994,78.89999999999766,0.0,0.0,0.025380710659898477,4363.78911874231
POOL-s4-b100,rl,1.0,2,results/es_pool/ckpt_seed4_gen00100.npz,100,4,BT-v3,10079,1,1.0,1,0,0,gun_kill,108.74999999999596,100.0,6.25,3.999999999999994,108.74999999999596,0.0,0.0,0.004143646408839779,
POOL-s4-b100,rl,1.0,2,results/es_pool/ckpt_seed4_gen00100.npz,100,4,BT-v3,10080,0,1.0,1,0,0,gun_kill,60.14999999999872,100.0,0.0,3.999999999999994,60.14999999999872,0.0,0.04833333333333333,0.0,3785.4695413483455
POOL-s4-b100,rl,1.0,2,results/es_pool/ckpt_seed4_gen00100.npz,100,4,BT-v3,10080,1,1.0,1,0,0,gun_kill,62.39999999999859,100.0,0.0,3.999999999999994,62.39999999999859,0.0,0.03938906752411576,0.006430868167202572,
POOL-s4-b100,rl,1.0,2,results/es_pool/ckpt_seed4_gen00100.npz,100,4,BT-v3,10081,0,1.0,1,0,0,gun_kill,95.19999999999673,100.0,0.0,3.999999999999994,95.19999999999673,0.0,0.0,0.011578947368421053,4463.429444815083
POOL-s4-b100,rl,1.0,2,results/es_pool/ckpt_seed4_gen00100.npz,100,4,BT-v3,10081,1,1.0,1,0,0,gun_kill,96.94999999999663,100.0,0.0,3.999999999999994,96.94999999999663,0.0,0.0,0.003615702479338843,
POOL-s4-b100,rl,1.0,2,results/es_pool/ckpt_seed4_gen00100.npz,100,4,BT-v3,10082,0,1.0,1,0,0,gun_kill,75.14999999999787,100.0,10.0,3.999999999999994,75.14999999999787,0.0,0.03333333333333333,0.010666666666666666,4175.188520567824
POOL-s4-b100,rl,1.0,2,results/es_pool/ckpt_seed4_gen00100.npz,100,4,BT-v3,10082,1,1.0,1,0,0,gun_kill,96.59999999999665,100.0,0.0,3.999999999999994,96.59999999999665,0.0,0.0254149377593361,0.030601659751037343,
POOL-s4-b100,rl,1.0,2,results/es_pool/ckpt_seed4_gen00100.npz,100,4,BT-v3,10083,0,1.0,1,0,0,gun_kill,79.59999999999762,100.0,0.0,3.999999999999994,79.59999999999762,0.0,0.1385390428211587,0.0025188916876574307,4377.756766430207
POOL-s4-b100,rl,1.0,2,results/es_pool/ckpt_seed4_gen00100.npz,100,4,BT-v3,10083,1,1.0,1,0,0,gun_kill,76.74999999999778,100.0,0.0,3.999999999999994,76.74999999999778,0.0,0.1514360313315927,0.0,
POOL-s4-b100,rl,1.0,2,results/es_pool/ckpt_seed4_gen00100.npz,100,4,BT-v3,10084,0,1.0,1,0,0,gun_kill,89.64999999999705,100.0,0.0,3.999999999999994,89.64999999999705,0.0,0.0,0.03404017857142857,4383.092938703763
POOL-s4-b100,rl,1.0,2,results/es_pool/ckpt_seed4_gen00100.npz,100,4,BT-v3,10084,1,1.0,1,0,0,gun_kill,81.19999999999753,100.0,0.0,3.999999999999994,81.19999999999753,0.0,0.0,0.0,
POOL-s4-b100,rl,1.0,2,results/es_pool/ckpt_seed4_gen00100.npz,100,4,BT-v3,10085,0,1.0,1,0,0,gun_kill,78.74999999999767,100.0,0.0,3.999999999999994,78.74999999999767,0.0,0.0,0.0,4270.34526922608
POOL-s4-b100,rl,1.0,2,results/es_pool/ckpt_seed4_gen00100.npz,100,4,BT-v3,10085,1,1.0,1,0,0,gun_kill,88.99999999999709,100.0,18.75,3.999999999999994,88.99999999999709,0.0,0.0,0.009009009009009009,
POOL-s4-b100,rl,1.0,2,results/es_pool/ckpt_seed4_gen00100.npz,100,4,BT-v3,10086,0,1.0,1,0,0,gun_kill,76.4999999999978,100.0,0.0,3.999999999999994,76.4999999999978,0.0,0.0,0.0,4263.105456867283
POOL-s4-b100,rl,1.0,2,results/es_pool/ckpt_seed4_gen00100.npz,100,4,BT-v3,10086,1,1.0,1,0,0,gun_kill,85.3499999999973,100.0,0.0,3.999999999999994,85.3499999999973,0.0,0.0,0.03051643192488263,
POOL-s4-b100,rl,1.0,2,results/es_pool/ckpt_seed4_gen00100.npz,100,4,BT-v3,10087,0,1.0,1,0,0,gun_kill,77.84999999999772,100.0,2.5,3.999999999999994,77.84999999999772,0.0,0.2512853470437018,0.004498714652956298,4452.192808430702
POOL-s4-b100,rl,1.0,2,results/es_pool/ckpt_seed4_gen00100.npz,100,4,BT-v3,10087,1,1.0,1,0,0,gun_kill,73.39999999999797,100.0,7.5,3.999999999999994,73.39999999999797,0.0,0.09084699453551913,0.0020491803278688526,
POOL-s4-b100,rl,1.0,2,results/es_pool/ckpt_seed4_gen00100.npz,100,4,BT-v3,10088,0,1.0,1,0,0,gun_kill,86.44999999999723,100.0,0.0,3.999999999999994,86.44999999999723,0.0,0.0,0.003472222222222222,3769.7090928568146
POOL-s4-b100,rl,1.0,2,results/es_pool/ckpt_seed4_gen00100.npz,100,4,BT-v3,10088,1,1.0,1,0,0,gun_kill,73.24999999999798,100.0,0.0,3.999999999999994,73.24999999999798,0.0,0.0,0.00273224043715847,
POOL-s4-b100,rl,1.0,2,results/es_pool/ckpt_seed4_gen00100.npz,100,4,BT-v3,10089,0,1.0,1,0,0,gun_kill,103.14999999999628,100.0,0.0,3.999999999999994,103.14999999999628,0.0,0.0,0.0,4829.0551473282485
POOL-s4-b100,rl,1.0,2,results/es_pool/ckpt_seed4_gen00100.npz,100,4,BT-v3,10089,1,1.0,1,0,0,gun_kill,90.19999999999702,100.0,0.0,3.999999999999994,90.19999999999702,0.0,0.0,0.005,
POOL-s4-b100,rl,1.0,2,results/es_pool/ckpt_seed4_gen00100.npz,100,4,BT-v3,10090,0,1.0,1,0,0,gun_kill,69.4499999999982,100.0,0.0,3.999999999999994,69.4499999999982,0.0,0.028097982708933718,0.03170028818443804,3530.788673179508
POOL-s4-b100,rl,1.0,2,results/es_pool/ckpt_seed4_gen00100.npz,100,4,BT-v3,10090,1,1.0,1,0,0,gun_kill,56.04999999999895,100.0,0.0,3.999999999999994,56.04999999999895,0.0,0.029464285714285714,0.005357142857142857,
POOL-s4-b100,rl,1.0,2,results/es_pool/ckpt_seed4_gen00100.npz,100,4,BT-v3,10091,0,0.5,0,1,0,timeout,120.19999999999531,95.0,0.0,3.7999999999999945,120.19999999999531,0.0,0.22129783693843594,0.004991680532445923,3295.9059882205715
POOL-s4-b100,rl,1.0,2,results/es_pool/ckpt_seed4_gen00100.npz,100,4,BT-v3,10091,1,0.5,0,1,0,timeout,120.19999999999531,50.0,2.5,2.000000000000001,120.19999999999531,0.0,0.27412645590682194,0.0,
POOL-s4-b100,rl,1.0,2,results/es_pool/ckpt_seed4_gen00100.npz,100,4,BT-v3,10092,0,1.0,1,0,0,gun_kill,83.3999999999974,100.0,7.5,3.999999999999994,83.3999999999974,0.0,0.0,0.004206730769230769,4515.872793766259
POOL-s4-b100,rl,1.0,2,results/es_pool/ckpt_seed4_gen00100.npz,100,4,BT-v3,10092,1,1.0,1,0,0,gun_kill,83.89999999999738,100.0,0.0,3.999999999999994,83.89999999999738,0.0,0.0,0.007756563245823389,
POOL-s4-b100,rl,1.0,2,results/es_pool/ckpt_seed4_gen00100.npz,100,4,BT-v3,10093,0,1.0,1,0,0,gun_kill,101.99999999999635,100.0,0.0,3.999999999999994,101.99999999999635,0.0,0.0,0.0,4667.927942460254
POOL-s4-b100,rl,1.0,2,results/es_pool/ckpt_seed4_gen00100.npz,100,4,BT-v3,10093,1,1.0,1,0,0,gun_kill,90.19999999999702,100.0,17.5,3.999999999999994,90.19999999999702,0.0,0.0,0.03333333333333333,
POOL-s4-b100,rl,1.0,2,results/es_pool/ckpt_seed4_gen00100.npz,100,4,BT-v3,10094,0,0.5,0,1,0,timeout,120.19999999999531,25.0,0.0,1.0000000000000002,120.19999999999531,0.0,0.12479201331114809,0.0,3004.112911076163
POOL-s4-b100,rl,1.0,2,results/es_pool/ckpt_seed4_gen00100.npz,100,4,BT-v3,10094,1,1.0,1,0,0,gun_kill,56.9499999999989,100.0,0.0,3.999999999999994,56.9499999999989,0.0,0.13468309859154928,0.0,
POOL-s4-b100,rl,1.0,2,results/es_pool/ckpt_seed4_gen00100.npz,100,4,BT-v3,10095,0,1.0,1,0,0,gun_kill,90.499999999997,100.0,0.0,3.999999999999994,90.499999999997,0.0,0.0,0.02820796460176991,4133.942287042897
POOL-s4-b100,rl,1.0,2,results/es_pool/ckpt_seed4_gen00100.npz,100,4,BT-v3,10095,1,1.0,1,0,0,gun_kill,90.34999999999701,100.0,0.0,3.999999999999994,90.34999999999701,0.0,0.0,0.002771618625277162,
POOL-s4-b100,rl,1.0,2,results/es_pool/ckpt_seed4_gen00100.npz,100,4,BT-v3,10096,0,1.0,1,0,0,gun_kill,72.09999999999805,100.0,0.0,3.999999999999994,72.09999999999805,0.0,0.1076388888888889,0.016666666666666666,3490.9735239926667
POOL-s4-b100,rl,1.0,2,results/es_pool/ckpt_seed4_gen00100.npz,100,4,BT-v3,10096,1,1.0,1,0,0,gun_kill,77.49999999999774,100.0,0.0,3.999999999999994,77.49999999999774,0.0,0.09043927648578812,0.0,
POOL-s4-b100,rl,1.0,2,results/es_pool/ckpt_seed4_gen00100.npz,100,4,BT-v3,10097,0,1.0,1,0,0,gun_kill,77.34999999999775,100.0,0.0,3.999999999999994,77.34999999999775,0.0,0.08484455958549222,0.0,4382.606434162079
POOL-s4-b100,rl,1.0,2,results/es_pool/ckpt_seed4_gen00100.npz,100,4,BT-v3,10097,1,1.0,1,0,0,gun_kill,73.29999999999798,100.0,0.0,3.999999999999994,73.29999999999798,0.0,0.12226775956284153,0.0,
POOL-s4-b100,rl,1.0,2,results/es_pool/ckpt_seed4_gen00100.npz,100,4,BT-v3,10098,0,1.0,1,0,0,gun_kill,66.64999999999836,100.0,0.0,3.999999999999994,66.64999999999836,0.0,0.0503003003003003,0.014264264264264264,3668.562791358197
POOL-s4-b100,rl,1.0,2,results/es_pool/ckpt_seed4_gen00100.npz,100,4,BT-v3,10098,1,1.0,1,0,0,gun_kill,87.49999999999717,100.0,0.0,3.999999999999994,87.49999999999717,0.0,0.03832951945080092,0.02631578947368421,
POOL-s4-b100,rl,1.0,2,results/es_pool/ckpt_seed4_gen00100.npz,100,4,BT-v3,10099,0,1.0,1,0,0,gun_kill,65.04999999999845,100.0,0.0,3.999999999999994,65.04999999999845,0.0,0.0,0.021538461538461538,3629.497157677214
POOL-s4-b100,rl,1.0,2,results/es_pool/ckpt_seed4_gen00100.npz,100,4,BT-v3,10099,1,1.0,1,0,0,gun_kill,61.04999999999867,100.0,0.0,3.999999999999994,61.04999999999867,0.0,0.0,0.009016393442622951,
BTO-s0-b300,bto,0.0,-1,results/es_bto/ckpt_seed0_gen00300.npz,300,0,BT-v2,10000,0,0.5,0,1,0,timeout,120.19999999999531,0.0,6.25,0.0,120.19999999999531,0.0,0.0262063227953411,0.0,4265.706221450846
BTO-s0-b300,bto,0.0,-1,results/es_bto/ckpt_seed0_gen00300.npz,300,0,BT-v2,10000,1,0.5,0,1,0,timeout,120.19999999999531,3.75,0.0,0.15000000000000002,120.19999999999531,0.0,0.030782029950083195,0.0,
BTO-s0-b300,bto,0.0,-1,results/es_bto/ckpt_seed0_gen00300.npz,300,0,BT-v2,10001,0,0.0,0,0,1,gun_kill,17.700000000000117,0.0,100.0,0.0,17.700000000000117,0.0,0.0,0.0,6017.564271378762
BTO-s0-b300,bto,0.0,-1,results/es_bto/ckpt_seed0_gen00300.npz,300,0,BT-v2,10001,1,1.0,1,0,0,gun_kill,18.00000000000012,100.0,0.0,3.999999999999994,18.00000000000012,0.0,0.0,0.0,
BTO-s0-b300,bto,0.0,-1,results/es_bto/ckpt_seed0_gen00300.npz,300,0,BT-v2,10002,0,0.5,0,1,0,timeout,120.19999999999531,0.0,37.5,0.0,120.19999999999531,0.0,0.05324459234608985,0.03119800332778702,3851.25913530035
BTO-s0-b300,bto,0.0,-1,results/es_bto/ckpt_seed0_gen00300.npz,300,0,BT-v2,10002,1,0.5,0,1,0,timeout,120.19999999999531,0.0,46.25,0.0,120.19999999999531,0.0,0.055324459234608984,0.008319467554076539,
BTO-s0-b300,bto,0.0,-1,results/es_bto/ckpt_seed0_gen00300.npz,300,0,BT-v2,10003,0,0.5,0,1,0,timeout,120.19999999999531,0.0,0.0,0.0,120.19999999999531,0.0,0.064891846921797,0.0033277870216306157,4697.973200401829
BTO-s0-b300,bto,0.0,-1,results/es_bto/ckpt_seed0_gen00300.npz,300,0,BT-v2,10003,1,0.5,0,1,0,timeout,120.19999999999531,0.0,0.0,0.0,120.19999999999531,0.0,0.0694675540765391,0.0,
BTO-s0-b300,bto,0.0,-1,results/es_bto/ckpt_seed0_gen00300.npz,300,0,BT-v2,10004,0,0.0,0,0,1,gun_kill,14.950000000000077,0.0,100.0,0.0,14.950000000000077,0.0,0.16554054054054054,0.0,5396.71493228038
BTO-s0-b300,bto,0.0,-1,results/es_bto/ckpt_seed0_gen00300.npz,300,0,BT-v2,10004,1,1.0,1,0,0,gun_kill,14.800000000000075,100.0,0.0,3.999999999999994,14.800000000000075,0.0,0.18493150684931506,0.0,
BTO-s0-b300,bto,0.0,-1,results/es_bto/ckpt_seed0_gen00300.npz,300,0,BT-v2,10005,0,0.0,0,0,1,gun_kill,116.54999999999552,0.0,100.0,0.0,116.54999999999552,0.0,0.10695876288659793,0.0,3736.459210727227
BTO-s0-b300,bto,0.0,-1,results/es_bto/ckpt_seed0_gen00300.npz,300,0,BT-v2,10005,1,0.5,0,1,0,timeout,120.19999999999531,6.25,66.25,0.25,120.19999999999531,0.0,0.12229617304492513,0.012895174708818636,
BTO-s0-b300,bto,0.0,-1,results/es_bto/ckpt_seed0_gen00300.npz,300,0,BT-v2,10006,0,0.5,0,1,0,timeout,120.19999999999531,0.0,71.25,0.0,120.19999999999531,0.0,0.021214642262895173,0.0,3930.006013365655
BTO-s0-b300,bto,0.0,-1,results/es_bto/ckpt_seed0_gen00300.npz,300,0,BT-v2,10006,1,0.5,0,1,0,timeout,120.19999999999531,0.0,0.0,0.0,120.19999999999531,0.0,0.037853577371048254,0.0,
BTO-s0-b300,bto,0.0,-1,results/es_bto/ckpt_seed0_gen00300.npz,300,0,BT-v2,10007,0,0.5,0,1,0,collision,16.6500000000001,0.0,0.0,0.0,16.6500000000001,0.0,0.16265060240963855,0.02710843373493976,4650.542783096603
BTO-s0-b300,bto,0.0,-1,results/es_bto/ckpt_seed0_gen00300.npz,300,0,BT-v2,10007,1,0.5,0,1,0,timeout,120.19999999999531,0.0,52.5,0.0,120.19999999999531,0.0,0.037853577371048254,0.007903494176372712,
BTO-s0-b300,bto,0.0,-1,results/es_bto/ckpt_seed0_gen00300.npz,300,0,BT-v2,10008,0,0.5,0,1,0,timeout,120.19999999999531,0.0,1.25,0.0,120.19999999999531,0.0,0.033277870216306155,0.0,4061.699530838072
BTO-s0-b300,bto,0.0,-1,results/es_bto/ckpt_seed0_gen00300.npz,300,0,BT-v2,10008,1,0.5,0,1,0,collision,7.099999999999983,1.25,0.0,0.05,7.099999999999983,0.0,0.5785714285714286,0.05714285714285714,
BTO-s0-b300,bto,0.0,-1,results/es_bto/ckpt_seed0_gen00300.npz,300,0,BT-v2,10009,0,0.5,0,1,0,timeout,120.19999999999531,0.0,7.5,0.0,120.19999999999531,0.0,0.02870216306156406,0.0,4680.406502819241
BTO-s0-b300,bto,0.0,-1,results/es_bto/ckpt_seed0_gen00300.npz,300,0,BT-v2,10009,1,0.5,0,1,0,timeout,120.19999999999531,8.75,0.0,0.35,120.19999999999531,0.0,0.028286189683860232,0.0,
BTO-s0-b300,bto,0.0,-1,results/es_bto/ckpt_seed0_gen00300.npz,300,0,BT-v2,10010,0,0.0,0,0,1,gun_kill,103.19999999999628,30.0,100.0,1.2000000000000004,103.19999999999628,0.0,0.11067961165048544,0.025728155339805825,3403.494170680385
BTO-s0-b300,bto,0.0,-1,results/es_bto/ckpt_seed0_gen00300.npz,300,0,BT-v2,10010,1,0.0,0,0,1,gun_kill,105.49999999999615,0.0,100.0,0.0,105.49999999999615,0.0,0.08918406072106262,0.017552182163187855,
BTO-s0-b300,bto,0.0,-1,results/es_bto/ckpt_seed0_gen00300.npz,300,0,BT-v2,10011,0,0.5,0,1,0,timeout,120.19999999999531,0.0,0.0,0.0,120.19999999999531,0.0,0.0,0.0,5233.207467437243
BTO-s0-b300,bto,0.0,-1,results/es_bto/ckpt_seed0_gen00300.npz,300,0,BT-v2,10011,1,0.5,0,1,0,timeout,120.19999999999531,0.0,0.0,0.0,120.19999999999531,0.0,0.0,0.0,
BTO-s0-b300,bto,0.0,-1,results/es_bto/ckpt_seed0_gen00300.npz,300,0,BT-v2,10012,0,0.0,0,0,1,gun_kill,116.8999999999955,0.0,100.0,0.0,116.8999999999955,0.0,0.07448630136986302,0.0,3598.308017894329
BTO-s0-b300,bto,0.0,-1,results/es_bto/ckpt_seed0_gen00300.npz,300,0,BT-v2,10012,1,0.0,0,0,1,gun_kill,109.29999999999593,0.0,100.0,0.0,109.29999999999593,0.0,0.10256410256410256,0.014652014652014652,
BTO-s0-b300,bto,0.0,-1,results/es_bto/ckpt_seed0_gen00300.npz,300,0,BT-v2,10013,0,0.5,0,1,0,timeout,120.19999999999531,0.0,0.0,0.0,120.19999999999531,0.0,0.0324459234608985,0.0,4583.572603126443
BTO-s0-b300,bto,0.0,-1,results/es_bto/ckpt_seed0_gen00300.npz,300,0,BT-v2,10013,1,0.5,0,1,0,timeout,120.19999999999531,0.0,0.0,0.0,120.19999999999531,0.0,0.03494176372712146,0.0,
BTO-s0-b300,bto,0.0,-1,results/es_bto/ckpt_seed0_gen00300.npz,300,0,BT-v2,10014,0,0.5,0,1,0,timeout,120.19999999999531,21.25,0.0,0.8500000000000002,120.19999999999531,0.0,0.0,0.010815307820299502,4570.336665836194
BTO-s0-b300,bto,0.0,-1,results/es_bto/ckpt_seed0_gen00300.npz,300,0,BT-v2,10014,1,0.5,0,1,0,collision,19.45000000000014,0.0,0.0,0.0,19.45000000000014,0.0,0.0,0.06443298969072164,
BTO-s0-b300,bto,0.0,-1,results/es_bto/ckpt_seed0_gen00300.npz,300,0,BT-v2,10015,0,0.0,0,0,1,gun_kill,119.64999999999534,0.0,100.0,0.0,119.64999999999534,0.0,0.012959866220735786,0.0,4005.791656326087
BTO-s0-b300,bto,0.0,-1,results/es_bto/ckpt_seed0_gen00300.npz,300,0,BT-v2,10015,1,0.0,0,0,1,gun_kill,114.59999999999563,16.25,100.0,0.65,114.59999999999563,0.0,0.013111888111888112,0.0026223776223776225,
BTO-s0-b300,bto,0.0,-1,results/es_bto/ckpt_seed0_gen00300.npz,300,0,BT-v2,10016,0,0.5,0,1,0,timeout,120.19999999999531,5.0,97.5,0.2,120.19999999999531,0.0,0.02745424292845258,0.0033277870216306157,3736.3893206554703
BTO-s0-b300,bto,0.0,-1,results/es_bto/ckpt_seed0_gen00300.npz,300,0,BT-v2,10016,1,0.5,0,1,0,timeout,120.19999999999531,0.0,70.0,0.0,120.19999999999531,0.0,0.019966722129783693,0.0,
BTO-s0-b300,bto,0.0,-1,results/es_bto/ckpt_seed0_gen00300.npz,300,0,BT-v2,10017,0,0.0,0,0,1,gun_kill,30.6000000000003,0.0,100.0,0.0,30.6000000000003,0.0,0.11348684210526316,0.0,5783.7803911401015
BTO-s0-b300,bto,0.0,-1,results/es_bto/ckpt_seed0_gen00300.npz,300,0,BT-v2,10017,1,1.0,1,0,0,gun_kill,30.750000000000302,100.0,0.0,3.999999999999994,30.750000000000302,0.0,0.16013071895424835,0.0,
BTO-s0-b300,bto,0.0,-1,results/es_bto/ckpt_seed0_gen00300.npz,300,0,BT-v2,10018,0,0.5,0,1,0,timeout,120.19999999999531,0.0,0.0,0.0,120.19999999999531,0.0,0.02745424292845258,0.0,4058.022505549517
BTO-s0-b300,bto,0.0,-1,results/es_bto/ckpt_seed0_gen00300.npz,300,0,BT-v2,10018,1,0.5,0,1,0,timeout,120.19999999999531,0.0,53.75,0.0,120.19999999999531,0.0,0.03577371048252912,0.0,
BTO-s0-b300,bto,0.0,-1,results/es_bto/ckpt_seed0_gen00300.npz,300,0,BT-v2,10019,0,0.5,0,1,0,timeout,120.19999999999531,0.0,0.0,0.0,120.19999999999531,0.0,0.010399334442595673,0.006239600665557404,4126.673699774785
BTO-s0-b300,bto,0.0,-1,results/es_bto/ckpt_seed0_gen00300.npz,300,0,BT-v2,10019,1,0.5,0,1,0,timeout,120.19999999999531,0.0,63.75,0.0,120.19999999999531,0.0,0.012895174708818636,0.0,
BTO-s0-b300,bto,0.0,-1,results/es_bto/ckpt_seed0_gen00300.npz,300,0,BT-v2,10020,0,0.5,0,1,0,timeout,120.19999999999531,0.0,0.0,0.0,120.19999999999531,0.0,0.0,0.012479201331114808,4799.334892676994
BTO-s0-b300,bto,0.0,-1,results/es_bto/ckpt_seed0_gen00300.npz,300,0,BT-v2,10020,1,0.5,0,1,0,timeout,120.19999999999531,0.0,0.0,0.0,120.19999999999531,0.0,0.0,0.0,
BTO-s0-b300,bto,0.0,-1,results/es_bto/ckpt_seed0_gen00300.npz,300,0,BT-v2,10021,0,0.5,0,1,0,timeout,120.19999999999531,0.0,96.25,0.0,120.19999999999531,0.0,0.09317803660565724,0.03618968386023295,3690.9262356663244
BTO-s0-b300,bto,0.0,-1,results/es_bto/ckpt_seed0_gen00300.npz,300,0,BT-v2,10021,1,0.5,0,1,0,timeout,120.19999999999531,7.5,95.0,0.3,120.19999999999531,0.0,0.0973377703826955,0.0024958402662229617,
BTO-s0-b300,bto,0.0,-1,results/es_bto/ckpt_seed0_gen00300.npz,300,0,BT-v2,10022,0,0.5,0,1,0,timeout,120.19999999999531,0.0,0.0,0.0,120.19999999999531,0.0,0.035357737104825294,0.0,4613.323261617213
BTO-s0-b300,bto,0.0,-1,results/es_bto/ckpt_seed0_gen00300.npz,300,0,BT-v2,10022,1,0.5,0,1,0,timeout,120.19999999999531,0.0,0.0,0.0,120.19999999999531,0.0,0.03494176372712146,0.0,
BTO-s0-b300,bto,0.0,-1,results/es_bto/ckpt_seed0_gen00300.npz,300,0,BT-v2,10023,0,0.5,0,1,0,timeout,120.19999999999531,0.0,0.0,0.0,120.19999999999531,0.0,0.035357737104825294,0.0,4714.831149061019
BTO-s0-b300,bto,0.0,-1,results/es_bto/ckpt_seed0_gen00300.npz,300,0,BT-v2,10023,1,0.5,0,1,0,timeout,120.19999999999531,0.0,0.0,0.0,120.19999999999531,0.0,0.03826955074875208,0.004159733777038269,
BTO-s0-b300,bto,0.0,-1,results/es_bto/ckpt_seed0_gen00300.npz,300,0,BT-v2,10024,0,0.5,0,1,0,timeout,120.19999999999531,6.25,87.5,0.25,120.19999999999531,0.0,0.06031613976705491,0.0,3725.079664189791
BTO-s0-b300,bto,0.0,-1,results/es_bto/ckpt_seed0_gen00300.npz,300,0,BT-v2,10024,1,0.0,0,0,1,gun_kill,103.69999999999625,0.0,100.0,0.0,103.69999999999625,0.0,0.056467181467181465,0.0,
BTO-s0-b300,bto,0.0,-1,results/es_bto/ckpt_seed0_gen00300.npz,300,0,BT-v2,10025,0,0.5,0,1,0,timeout,120.19999999999531,0.0,27.5,0.0,120.19999999999531,0.0,0.03369384359400998,0.0,5747.4512791969855
BTO-s0-b300,bto,0.0,-1,results/es_bto/ckpt_seed0_gen00300.npz,300,0,BT-v2,10025,1,0.5,0,1,0,timeout,120.19999999999531,31.25,0.0,1.2500000000000004,120.19999999999531,0.0,0.03369384359400998,0.0,
BTO-s0-b300,bto,0.0,-1,results/es_bto/ckpt_seed0_gen00300.npz,300,0,BT-v2,10026,0,0.5,0,1,0,timeout,120.19999999999531,3.75,0.0,0.15000000000000002,120.19999999999531,0.0,0.08153078202995008,0.0,4087.110035326476
BTO-s0-b300,bto,0.0,-1,results/es_bto/ckpt_seed0_gen00300.npz,300,0,BT-v2,10026,1,0.0,0,0,1,gun_kill,110.74999999999585,0.0,100.0,0.0,110.74999999999585,0.0,0.06826401446654612,0.0,
BTO-s0-b300,bto,0.0,-1,results/es_bto/ckpt_seed0_gen00300.npz,300,0,BT-v2,10027,0,0.0,0,0,1,gun_kill,102.9499999999963,0.0,100.0,0.0,102.9499999999963,0.0,0.1269455252918288,0.0,3365.1658063194755
BTO-s0-b300,bto,0.0,-1,results/es_bto/ckpt_seed0_gen00300.npz,300,0,BT-v2,10027,1,0.0,0,0,1,gun_kill,103.89999999999624,0.0,100.0,0.0,103.89999999999624,0.0,0.11608863198458574,0.0,
BTO-s0-b300,bto,0.0,-1,results/es_bto/ckpt_seed0_gen00300.npz,300,0,BT-v2,10028,0,0.0,0,0,1,gun_kill,111.5999999999958,0.0,100.0,0.0,111.5999999999958,0.0,0.013913824057450628,0.0058348294434470375,4128.32478977223
BTO-s0-b300,bto,0.0,-1,results/es_bto/ckpt_seed0_gen00300.npz,300,0,BT-v2,10028,1,0.5,0,1,0,timeout,120.19999999999531,25.0,0.0,1.0000000000000002,120.19999999999531,0.0,0.018302828618968387,0.005407653910149751,
BTO-s0-b300,bto,0.0,-1,results/es_bto/ckpt_seed0_gen00300.npz,300,0,BT-v2,10029,0,0.5,0,1,0,timeout,120.19999999999531,0.0,46.25,0.0,120.19999999999531,0.0,0.014559068219633943,0.0,4188.148086646977
BTO-s0-b300,bto,0.0,-1,results/es_bto/ckpt_seed0_gen00300.npz,300,0,BT-v2,10029,1,0.5,0,1,0,timeout,120.19999999999531,0.0,0.0,0.0,120.19999999999531,0.0,0.021214642262895173,0.0,
BTO-s0-b300,bto,0.0,-1,results/es_bto/ckpt_seed0_gen00300.npz,300,0,BT-v2,10030,0,0.5,0,1,0,timeout,120.19999999999531,0.0,96.25,0.0,120.19999999999531,0.0,0.10024958402662229,0.0029118136439267887,3904.258019445659
BTO-s0-b300,bto,0.0,-1,results/es_bto/ckpt_seed0_gen00300.npz,300,0,BT-v2,10030,1,0.5,0,1,0,timeout,120.19999999999531,0.0,33.75,0.0,120.19999999999531,0.0,0.07029950083194675,0.0,
BTO-s0-b300,bto,0.0,-1,results/es_bto/ckpt_seed0_gen00300.npz,300,0,BT-v2,10031,0,0.0,0,0,1,gun_kill,110.74999999999585,0.0,100.0,0.0,110.74999999999585,0.0,0.09358047016274865,0.0,3669.8216687792524
BTO-s0-b300,bto,0.0,-1,results/es_bto/ckpt_seed0_gen00300.npz,300,0,BT-v2,10031,1,0.0,0,0,1,gun_kill,100.59999999999643,0.0,100.0,0.0,100.59999999999643,0.0,0.09760956175298804,0.0,
BTO-s0-b300,bto,0.0,-1,results/es_bto/ckpt_seed0_gen00300.npz,300,0,BT-v2,10032,0,0.5,0,1,0,timeout,120.19999999999531,15.0,0.0,0.6,120.19999999999531,0.0,0.03993344425956739,0.0,3997.1803462622474
BTO-s0-b300,bto,0.0,-1,results/es_bto/ckpt_seed0_gen00300.npz,300,0,BT-v2,10032,1,0.5,0,1,0,timeout,120.19999999999531,0.0,17.5,0.0,120.19999999999531,0.0,0.03826955074875208,0.0,
BTO-s0-b300,bto,0.0,-1,results/es_bto/ckpt_seed0_gen00300.npz,300,0,BT-v2,10033,0,0.5,0,1,0,timeout,120.19999999999531,1.25,20.0,0.05,120.19999999999531,0.0,0.022878535773710483,0.0,4218.997049781624
BTO-s0-b300,bto,0.0,-1,results/es_bto/ckpt_seed0_gen00300.npz,300,0,BT-v2,10033,1,0.5,0,1,0,timeout,120.19999999999531,0.0,1.25,0.0,120.19999999999531,0.0,0.024958402662229616,0.0,
BTO-s0-b300,bto,0.0,-1,results/es_bto/ckpt_seed0_gen00300.npz,300,0,BT-v2,10034,0,0.5,0,1,0,timeout,120.19999999999531,0.0,20.0,0.0,120.19999999999531,0.0,0.02870216306156406,0.0,4493.364176759618
BTO-s0-b300,bto,0.0,-1,results/es_bto/ckpt_seed0_gen00300.npz,300,0,BT-v2,10034,1,0.5,0,1,0,timeout,120.19999999999531,5.0,0.0,0.2,120.19999999999531,0.0,0.02870216306156406,0.0,
BTO-s0-b300,bto,0.0,-1,results/es_bto/ckpt_seed0_gen00300.npz,300,0,BT-v2,10035,0,0.0,0,0,1,gun_kill,90.649999999997,0.0,100.0,0.0,90.649999999997,0.0,0.04194260485651214,0.005518763796909493,3881.654235545811
BTO-s0-b300,bto,0.0,-1,results/es_bto/ckpt_seed0_gen00300.npz,300,0,BT-v2,10035,1,0.0,0,0,1,gun_kill,116.59999999999552,21.25,100.0,0.8500000000000002,116.59999999999552,0.0,0.04896907216494845,0.003865979381443299,
BTO-s0-b300,bto,0.0,-1,results/es_bto/ckpt_seed0_gen00300.npz,300,0,BT-v2,10036,0,0.0,0,0,1,gun_kill,103.19999999999628,0.0,100.0,0.0,103.19999999999628,0.0,0.010679611650485437,0.013592233009708738,3826.34654985215
BTO-s0-b300,bto,0.0,-1,results/es_bto/ckpt_seed0_gen00300.npz,300,0,BT-v2,10036,1,0.0,0,0,1,gun_kill,119.79999999999534,0.0,100.0,0.0,119.79999999999534,0.0,0.026337792642140468,0.011705685618729096,
BTO-s0-b300,bto,0.0,-1,results/es_bto/ckpt_seed0_gen00300.npz,300,0,BT-v2,10037,0,0.5,0,1,0,timeout,120.19999999999531,0.0,66.25,0.0,120.19999999999531,0.0,0.06613976705490848,0.0,5925.182509155722
BTO-s0-b300,bto,0.0,-1,results/es_bto/ckpt_seed0_gen00300.npz,300,0,BT-v2,10037,1,0.5,0,1,0,timeout,120.19999999999531,63.75,0.0,2.549999999999999,120.19999999999531,0.0,0.08402662229617304,0.0,
BTO-s0-b300,bto,0.0,-1,results/es_bto/ckpt_seed0_gen00300.npz,300,0,BT-v2,10038,0,0.5,0,1,0,timeout,120.19999999999531,0.0,0.0,0.0,120.19999999999531,0.0,0.0262063227953411,0.007071547420965058,4774.913694491068
BTO-s0-b300,bto,0.0,-1,results/es_bto/ckpt_seed0_gen00300.npz,300,0,BT-v2,10038,1,0.5,0,1,0,timeout,120.19999999999531,0.0,0.0,0.0,120.19999999999531,0.0,0.0262063227953411,0.0029118136439267887,
BTO-s0-b300,bto,0.0,-1,results/es_bto/ckpt_seed0_gen00300.npz,300,0,BT-v2,10039,0,0.0,0,0,1,gun_kill,107.84999999999602,48.75,100.0,1.950000000000001,107.84999999999602,0.0,0.06493506493506493,0.0074211502782931356,3227.0565347185966
BTO-s0-b300,bto,0.0,-1,results/es_bto/ckpt_seed0_gen00300.npz,300,0,BT-v2,10039,1,0.0,0,0,1,gun_kill,74.19999999999793,0.0,100.0,0.0,74.19999999999793,0.0,0.05540540540540541,0.010135135135135136,
BTO-s0-b300,bto,0.0,-1,results/es_bto/ckpt_seed0_gen00300.npz,300,0,BT-v2,10040,0,0.5,0,1,0,timeout,120.19999999999531,0.0,81.25,0.0,120.19999999999531,0.0,0.014559068219633943,0.007071547420965058,4287.033214192207
BTO-s0-b300,bto,0.0,-1,results/es_bto/ckpt_seed0_gen00300.npz,300,0,BT-v2,10040,1,0.5,0,1,0,timeout,120.19999999999531,33.75,0.0,1.3500000000000005,120.19999999999531,0.0,0.008319467554076539,0.007071547420965058,
BTO-s0-b300,bto,0.0,-1,results/es_bto/ckpt_seed0_gen00300.npz,300,0,BT-v2,10041,0,0.5,0,1,0,timeout,120.19999999999531,0.0,33.75,0.0,120.19999999999531,0.0,0.024126455906821963,0.021630615640599003,3532.9010662510377
BTO-s0-b300,bto,0.0,-1,results/es_bto/ckpt_seed0_gen00300.npz,300,0,BT-v2,10041,1,0.5,0,1,0,timeout,120.19999999999531,0.0,83.75,0.0,120.19999999999531,0.0,0.0370216306156406,0.019550748752079867,
BTO-s0-b300,bto,0.0,-1,results/es_bto/ckpt_seed0_gen00300.npz,300,0,BT-v2,10042,0,0.5,0,1,0,collision,6.399999999999985,0.0,0.0,0.0,6.399999999999985,0.0,0.6693548387096774,0.056451612903225805,6875.763689370161
BTO-s0-b300,bto,0.0,-1,results/es_bto/ckpt_seed0_gen00300.npz,300,0,BT-v2,10042,1,0.5,0,1,0,timeout,120.19999999999531,0.0,0.0,0.0,120.19999999999531,0.0,0.05906821963394343,0.0,
BTO-s0-b300,bto,0.0,-1,results/es_bto/ckpt_seed0_gen00300.npz,300,0,BT-v2,10043,0,0.5,0,1,0,timeout,120.19999999999531,0.0,0.0,0.0,120.19999999999531,0.0,0.0,0.010815307820299502,4193.298167161234
BTO-s0-b300,bto,0.0,-1,results/es_bto/ckpt_seed0_gen00300.npz,300,0,BT-v2,10043,1,0.5,0,1,0,timeout,120.19999999999531,0.0,0.0,0.0,120.19999999999531,0.0,0.0,0.008319467554076539,
BTO-s0-b300,bto,0.0,-1,results/es_bto/ckpt_seed0_gen00300.npz,300,0,BT-v2,10044,0,0.5,0,1,0,timeout,120.19999999999531,0.0,32.5,0.0,120.19999999999531,0.0,0.0,0.0,4700.9820565203945
BTO-s0-b300,bto,0.0,-1,results/es_bto/ckpt_seed0_gen00300.npz,300,0,BT-v2,10044,1,0.5,0,1,0,timeout,120.19999999999531,33.75,0.0,1.3500000000000005,120.19999999999531,0.0,0.0,0.0,
BTO-s0-b300,bto,0.0,-1,results/es_bto/ckpt_seed0_gen00300.npz,300,0,BT-v2,10045,0,0.5,0,1,0,timeout,120.19999999999531,0.0,0.0,0.0,120.19999999999531,0.0,0.033277870216306155,0.0,5376.147504393098
BTO-s0-b300,bto,0.0,-1,results/es_bto/ckpt_seed0_gen00300.npz,300,0,BT-v2,10045,1,0.5,0,1,0,timeout,120.19999999999531,0.0,0.0,0.0,120.19999999999531,0.0,0.040349417637271213,0.0,
BTO-s0-b300,bto,0.0,-1,results/es_bto/ckpt_seed0_gen00300.npz,300,0,BT-v2,10046,0,0.5,0,1,0,timeout,120.19999999999531,0.0,0.0,0.0,120.19999999999531,0.0,0.09359400998336107,0.0,5487.958964471089
BTO-s0-b300,bto,0.0,-1,results/es_bto/ckpt_seed0_gen00300.npz,300,0,BT-v2,10046,1,0.5,0,1,0,timeout,120.19999999999531,0.0,0.0,0.0,120.19999999999531,0.0,0.11564059900166389,0.0,
BTO-s0-b300,bto,0.0,-1,results/es_bto/ckpt_seed0_gen00300.npz,300,0,BT-v2,10047,0,0.5,0,1,0,collision,8.699999999999989,0.0,0.0,0.0,8.699999999999989,0.0,0.11046511627906977,0.05232558139534884,4796.540030366582
BTO-s0-b300,bto,0.0,-1,results/es_bto/ckpt_seed0_gen00300.npz,300,0,BT-v2,10047,1,0.5,0,1,0,collision,8.649999999999988,0.0,0.0,0.0,8.649999999999988,0.0,0.11046511627906977,0.05232558139534884,
BTO-s0-b300,bto,0.0,-1,results/es_bto/ckpt_seed0_gen00300.npz,300,0,BT-v2,10048,0,0.5,0,1,0,timeout,120.19999999999531,0.0,47.5,0.0,120.19999999999531,0.0,0.02329450915141431,0.0,5612.0487710715115
BTO-s0-b300,bto,0.0,-1,results/es_bto/ckpt_seed0_gen00300.npz,300,0,BT-v2,10048,1,0.5,0,1,0,timeout,120.19999999999531,36.25,0.0,1.4500000000000006,120.19999999999531,0.0,0.029950083194675542,0.0,
BTO-s0-b300,bto,0.0,-1,results/es_bto/ckpt_seed0_gen00300.npz,300,0,BT-v2,10049,0,0.5,0,1,0,timeout,120.19999999999531,0.0,0.0,0.0,120.19999999999531,0.0,0.0524126455906822,0.0,4359.076955139407
BTO-s0-b300,bto,0.0,-1,results/es_bto/ckpt_seed0_gen00300.npz,300,0,BT-v2,10049,1,0.5,0,1,0,timeout,120.19999999999531,0.0,0.0,0.0,120.19999999999531,0.0,0.06572379367720466,0.019550748752079867,
BTO-s0-b300,bto,0.0,-1,results/es_bto/ckpt_seed0_gen00300.npz,300,0,BT-v2,10050,0,0.5,0,1,0,timeout,120.19999999999531,0.0,0.0,0.0,120.19999999999531,0.0,0.036605657237936774,0.0,4172.336596569828
BTO-s0-b300,bto,0.0,-1,results/es_bto/ckpt_seed0_gen00300.npz,300,0,BT-v2,10050,1,0.5,0,1,0,timeout,120.19999999999531,0.0,0.0,0.0,120.19999999999531,0.0,0.035357737104825294,0.0,
BTO-s0-b300,bto,0.0,-1,results/es_bto/ckpt_seed0_gen00300.npz,300,0,BT-v2,10051,0,0.5,0,1,0,timeout,120.19999999999531,0.0,82.5,0.0,120.19999999999531,0.0,0.09359400998336107,0.0,3839.222454486952
BTO-s0-b300,bto,0.0,-1,results/es_bto/ckpt_seed0_gen00300.npz,300,0,BT-v2,10051,1,0.0,0,0,1,gun_kill,119.59999999999535,6.25,100.0,0.25,119.59999999999535,0.0,0.10510887772194305,0.0,
BTO-s0-b300,bto,0.0,-1,results/es_bto/ckpt_seed0_gen00300.npz,300,0,BT-v2,10052,0,0.5,0,1,0,timeout,120.19999999999531,0.0,58.75,0.0,120.19999999999531,0.0,0.04076539101497504,0.012063227953410981,4068.5283337583132
BTO-s0-b300,bto,0.0,-1,results/es_bto/ckpt_seed0_gen00300.npz,300,0,BT-v2,10052,1,0.5,0,1,0,timeout,120.19999999999531,0.0,0.0,0.0,120.19999999999531,0.0,0.04326123128119801,0.0,
BTO-s0-b300,bto,0.0,-1,results/es_bto/ckpt_seed0_gen00300.npz,300,0,BT-v2,10053,0,0.5,0,1,0,timeout,120.19999999999531,0.0,0.0,0.0,120.19999999999531,0.0,0.0,0.0,4678.02881012109
BTO-s0-b300,bto,0.0,-1,results/es_bto/ckpt_seed0_gen00300.npz,300,0,BT-v2,10053,1,0.5,0,1,0,timeout,120.19999999999531,33.75,0.0,1.3500000000000005,120.19999999999531,0.0,0.0,0.015391014975041598,
BTO-s0-b300,bto,0.0,-1,results/es_bto/ckpt_seed0_gen00300.npz,300,0,BT-v2,10054,0,0.0,0,0,1,gun_kill,111.39999999999581,32.5,100.0,1.3000000000000005,111.39999999999581,0.0,0.027428057553956834,0.023381294964028777,3402.33686772843
BTO-s0-b300,bto,0.0,-1,results/es_bto/ckpt_seed0_gen00300.npz,300,0,BT-v2,10054,1,0.0,0,0,1,gun_kill,113.09999999999572,0.0,100.0,0.0,113.09999999999572,0.0,0.026106194690265486,0.01415929203539823,
BTO-s0-b300,bto,0.0,-1,results/es_bto/ckpt_seed0_gen00300.npz,300,0,BT-v2,10055,0,0.5,0,1,0,timeout,120.19999999999531,35.0,71.25,1.4000000000000006,120.19999999999531,0.0,0.03161397670549085,0.015391014975041598,3394.6685520895917
BTO-s0-b300,bto,0.0,-1,results/es_bto/ckpt_seed0_gen00300.npz,300,0,BT-v2,10055,1,0.5,0,1,0,collision,6.849999999999984,0.0,0.0,0.0,6.849999999999984,0.0,0.08823529411764706,0.051470588235294115,
BTO-s0-b300,bto,0.0,-1,results/es_bto/ckpt_seed0_gen00300.npz,300,0,BT-v2,10056,0,0.0,0,0,1,gun_kill,110.34999999999587,0.0,100.0,0.0,110.34999999999587,0.0,0.06669691470054447,0.025408348457350273,3880.393605239893
BTO-s0-b300,bto,0.0,-1,results/es_bto/ckpt_seed0_gen00300.npz,300,0,BT-v2,10056,1,0.0,0,0,1,gun_kill,119.09999999999538,21.25,100.0,0.8500000000000002,119.09999999999538,0.0,0.08067226890756303,0.018907563025210083,
BTO-s0-b300,bto,0.0,-1,results/es_bto/ckpt_seed0_gen00300.npz,300,0,BT-v2,10057,0,0.5,0,1,0,timeout,120.19999999999531,0.0,98.75,0.0,120.19999999999531,0.0,0.025790349417637273,0.0,3747.0943320687547
BTO-s0-b300,bto,0.0,-1,results/es_bto/ckpt_seed0_gen00300.npz,300,0,BT-v2,10057,1,0.0,0,0,1,gun_kill,116.24999999999554,0.0,100.0,0.0,116.24999999999554,0.0,0.02667814113597246,0.0,
BTO-s0-b300,bto,0.0,-1,results/es_bto/ckpt_seed0_gen00300.npz,300,0,BT-v2,10058,0,0.0,0,0,1,gun_kill,90.649999999997,0.0,100.0,0.0,90.649999999997,0.0,0.076158940397351,0.01545253863134658,3416.211280114841
BTO-s0-b300,bto,0.0,-1,results/es_bto/ckpt_seed0_gen00300.npz,300,0,BT-v2,10058,1,0.0,0,0,1,gun_kill,91.74999999999693,0.0,100.0,0.0,91.74999999999693,0.0,0.06823144104803494,0.017467248908296942,
BTO-s0-b300,bto,0.0,-1,results/es_bto/ckpt_seed0_gen00300.npz,300,0,BT-v2,10059,0,0.5,0,1,0,timeout,120.19999999999531,0.0,0.0,0.0,120.19999999999531,0.0,0.014975041597337771,0.0,4424.368873130025
BTO-s0-b300,bto,0.0,-1,results/es_bto/ckpt_seed0_gen00300.npz,300,0,BT-v2,10059,1,0.5,0,1,0,timeout,120.19999999999531,0.0,0.0,0.0,120.19999999999531,0.0,0.017054908485856904,0.0,
BTO-s0-b300,bto,0.0,-1,results/es_bto/ckpt_seed0_gen00300.npz,300,0,BT-v2,10060,0,0.5,0,1,0,timeout,120.19999999999531,26.25,0.0,1.0500000000000003,120.19999999999531,0.0,0.03951747088186356,0.022878535773710483,4509.68702510339
BTO-s0-b300,bto,0.0,-1,results/es_bto/ckpt_seed0_gen00300.npz,300,0,BT-v2,10060,1,0.5,0,1,0,timeout,120.19999999999531,0.0,0.0,0.0,120.19999999999531,0.0,0.033277870216306155,0.016638935108153077,
BTO-s0-b300,bto,0.0,-1,results/es_bto/ckpt_seed0_gen00300.npz,300,0,BT-v2,10061,0,0.5,0,1,0,timeout,120.19999999999531,0.0,28.75,0.0,120.19999999999531,0.0,0.07113144758735442,0.0066555740432612314,3924.768842535287
BTO-s0-b300,bto,0.0,-1,results/es_bto/ckpt_seed0_gen00300.npz,300,0,BT-v2,10061,1,0.5,0,1,0,timeout,120.19999999999531,0.0,97.5,0.0,120.19999999999531,0.0,0.07778702163061564,0.0024958402662229617,
BTO-s0-b300,bto,0.0,-1,results/es_bto/ckpt_seed0_gen00300.npz,300,0,BT-v2,10062,0,0.5,0,1,0,timeout,120.19999999999531,0.0,0.0,0.0,120.19999999999531,0.0,0.052828618968386025,0.0,4298.14839378981
BTO-s0-b300,bto,0.0,-1,results/es_bto/ckpt_seed0_gen00300.npz,300,0,BT-v2,10062,1,0.5,0,1,0,timeout,120.19999999999531,0.0,0.0,0.0,120.19999999999531,0.0,0.06697171381031614,0.0,
BTO-s0-b300,bto,0.0,-1,results/es_bto/ckpt_seed0_gen00300.npz,300,0,BT-v2,10063,0,0.0,0,0,1,gun_kill,116.7999999999955,0.0,100.0,0.0,116.7999999999955,0.0,0.04502572898799314,0.018867924528301886,3460.5560022464115
BTO-s0-b300,bto,0.0,-1,results/es_bto/ckpt_seed0_gen00300.npz,300,0,BT-v2,10063,1,0.0,0,0,1,gun_kill,117.04999999999549,5.0,100.0,0.2,117.04999999999549,0.0,0.041025641025641026,0.0,
BTO-s0-b300,bto,0.0,-1,results/es_bto/ckpt_seed0_gen00300.npz,300,0,BT-v2,10064,0,0.0,0,0,1,gun_kill,16.900000000000105,0.0,100.0,0.0,16.900000000000105,0.0,0.15773809523809523,0.0,5996.32091868908
BTO-s0-b300,bto,0.0,-1,results/es_bto/ckpt_seed0_gen00300.npz,300,0,BT-v2,10064,1,1.0,1,0,0,gun_kill,16.900000000000105,100.0,0.0,3.999999999999994,16.900000000000105,0.0,0.15476190476190477,0.0,
BTO-s0-b300,bto,0.0,-1,results/es_bto/ckpt_seed0_gen00300.npz,300,0,BT-v2,10065,0,0.5,0,1,0,timeout,120.19999999999531,17.5,73.75,0.7000000000000001,120.19999999999531,0.0,0.05574043261231281,0.0,3569.161982496097
BTO-s0-b300,bto,0.0,-1,results/es_bto/ckpt_seed0_gen00300.npz,300,0,BT-v2,10065,1,0.0,0,0,1,gun_kill,98.79999999999653,0.0,100.0,0.0,98.79999999999653,0.0,0.0552738336713996,0.0,
BTO-s0-b300,bto,0.0,-1,results/es_bto/ckpt_seed0_gen00300.npz,300,0,BT-v2,10066,0,0.0,0,0,1,gun_kill,106.64999999999608,0.0,100.0,0.0,106.64999999999608,0.0,0.07879924953095685,0.01172607879924953,3933.0811309071987
BTO-s0-b300,bto,0.0,-1,results/es_bto/ckpt_seed0_gen00300.npz,300,0,BT-v2,10066,1,0.5,0,1,0,timeout,120.19999999999531,11.25,95.0,0.44999999999999996,120.19999999999531,0.0,0.06447587354409318,0.010815307820299502,
BTO-s0-b300,bto,0.0,-1,results/es_bto/ckpt_seed0_gen00300.npz,300,0,BT-v2,10067,0,0.5,0,1,0,timeout,120.19999999999531,0.0,32.5,0.0,120.19999999999531,0.0,0.014975041597337771,0.0,5008.001852199836
BTO-s0-b300,bto,0.0,-1,results/es_bto/ckpt_seed0_gen00300.npz,300,0,BT-v2,10067,1,0.5,0,1,0,timeout,120.19999999999531,32.5,0.0,1.3000000000000005,120.19999999999531,0.0,0.015806988352745424,0.0,
BTO-s0-b300,bto,0.0,-1,results/es_bto/ckpt_seed0_gen00300.npz,300,0,BT-v2,10068,0,0.5,0,1,0,timeout,120.19999999999531,0.0,0.0,0.0,120.19999999999531,0.0,0.048252911813643926,0.01622296173044925,4238.851384096472
BTO-s0-b300,bto,0.0,-1,results/es_bto/ckpt_seed0_gen00300.npz,300,0,BT-v2,10068,1,0.5,0,1,0,timeout,120.19999999999531,0.0,0.0,0.0,120.19999999999531,0.0,0.04534109816971714,0.0066555740432612314,
BTO-s0-b300,bto,0.0,-1,results/es_bto/ckpt_seed0_gen00300.npz,300,0,BT-v2,10069,0,0.5,0,1,0,timeout,120.19999999999531,0.0,0.0,0.0,120.19999999999531,0.0,0.008319467554076539,0.0033277870216306157,4403.269723022631
BTO-s0-b300,bto,0.0,-1,results/es_bto/ckpt_seed0_gen00300.npz,300,0,BT-v2,10069,1,0.5,0,1,0,timeout,120.19999999999531,0.0,0.0,0.0,120.19999999999531,0.0,0.015806988352745424,0.006239600665557404,
BTO-s0-b300,bto,0.0,-1,results/es_bto/ckpt_seed0_gen00300.npz,300,0,BT-v2,10070,0,0.5,0,1,0,timeout,120.19999999999531,27.5,0.0,1.1000000000000003,120.19999999999531,0.0,0.010815307820299502,0.01622296173044925,4692.909076814852
BTO-s0-b300,bto,0.0,-1,results/es_bto/ckpt_seed0_gen00300.npz,300,0,BT-v2,10070,1,0.5,0,1,0,timeout,120.19999999999531,0.0,0.0,0.0,120.19999999999531,0.0,0.012063227953410981,0.01372712146422629,
BTO-s0-b300,bto,0.0,-1,results/es_bto/ckpt_seed0_gen00300.npz,300,0,BT-v2,10071,0,0.5,0,1,0,timeout,120.19999999999531,0.0,0.0,0.0,120.19999999999531,0.0,0.0,0.0,4207.994698551956
BTO-s0-b300,bto,0.0,-1,results/es_bto/ckpt_seed0_gen00300.npz,300,0,BT-v2,10071,1,0.5,0,1,0,timeout,120.19999999999531,5.0,0.0,0.2,120.19999999999531,0.0,0.0012479201331114808,0.016638935108153077,
BTO-s0-b300,bto,0.0,-1,results/es_bto/ckpt_seed0_gen00300.npz,300,0,BT-v2,10072,0,0.0,0,0,1,gun_kill,111.19999999999582,0.0,100.0,0.0,111.19999999999582,0.0,0.013963963963963964,0.01126126126126126,4075.0562850509123
BTO-s0-b300,bto,0.0,-1,results/es_bto/ckpt_seed0_gen00300.npz,300,0,BT-v2,10072,1,0.5,0,1,0,timeout,120.19999999999531,5.0,77.5,0.2,120.19999999999531,0.0,0.025374376039933443,0.009983361064891847,
BTO-s0-b300,bto,0.0,-1,results/es_bto/ckpt_seed0_gen00300.npz,300,0,BT-v2,10073,0,0.5,0,1,0,timeout,120.19999999999531,0.0,7.5,0.0,120.19999999999531,0.0,0.03826955074875208,0.0,4296.133433029538
BTO-s0-b300,bto,0.0,-1,results/es_bto/ckpt_seed0_gen00300.npz,300,0,BT-v2,10073,1,0.5,0,1,0,timeout,120.19999999999531,6.25,0.0,0.25,120.19999999999531,0.0,0.03826955074875208,0.007071547420965058,
BTO-s0-b300,bto,0.0,-1,results/es_bto/ckpt_seed0_gen00300.npz,300,0,BT-v2,10074,0,0.5,0,1,0,timeout,120.19999999999531,26.25,0.0,1.0500000000000003,120.19999999999531,0.0,0.05033277870216306,0.0,5130.949509719819
BTO-s0-b300,bto,0.0,-1,results/es_bto/ckpt_seed0_gen00300.npz,300,0,BT-v2,10074,1,0.5,0,1,0,timeout,120.19999999999531,0.0,5.0,0.0,120.19999999999531,0.0,0.04326123128119801,0.0,
BTO-s0-b300,bto,0.0,-1,results/es_bto/ckpt_seed0_gen00300.npz,300,0,BT-v2,10075,0,0.5,0,1,0,timeout,120.19999999999531,28.75,0.0,1.1500000000000004,120.19999999999531,0.0,0.03494176372712146,0.018302828618968387,4267.03816018775
BTO-s0-b300,bto,0.0,-1,results/es_bto/ckpt_seed0_gen00300.npz,300,0,BT-v2,10075,1,0.5,0,1,0,timeout,120.19999999999531,0.0,0.0,0.0,120.19999999999531,0.0,0.024126455906821963,0.009983361064891847,
BTO-s0-b300,bto,0.0,-1,results/es_bto/ckpt_seed0_gen00300.npz,300,0,BT-v2,10076,0,0.5,0,1,0,timeout,120.19999999999531,0.0,0.0,0.0,120.19999999999531,0.0,0.03410981697171381,0.007071547420965058,4308.797102935372
BTO-s0-b300,bto,0.0,-1,results/es_bto/ckpt_seed0_gen00300.npz,300,0,BT-v2,10076,1,0.5,0,1,0,timeout,120.19999999999531,0.0,0.0,0.0,120.19999999999531,0.0,0.020798668885191347,0.0,
BTO-s0-b300,bto,0.0,-1,results/es_bto/ckpt_seed0_gen00300.npz,300,0,BT-v2,10077,0,0.5,0,1,0,timeout,120.19999999999531,11.25,95.0,0.44999999999999996,120.19999999999531,0.0,0.064891846921797,0.0,3530.766616909482
BTO-s0-b300,bto,0.0,-1,results/es_bto/ckpt_seed0_gen00300.npz,300,0,BT-v2,10077,1,0.0,0,0,1,gun_kill,111.04999999999583,0.0,100.0,0.0,111.04999999999583,0.0,0.01891891891891892,0.0,
BTO-s0-b300,bto,0.0,-1,results/es_bto/ckpt_seed0_gen00300.npz,300,0,BT-v2,10078,0,0.5,0,1,0,timeout,120.19999999999531,0.0,0.0,0.0,120.19999999999531,0.0,0.04284525790349417,0.0,5002.897579212006
BTO-s0-b300,bto,0.0,-1,results/es_bto/ckpt_seed0_gen00300.npz,300,0,BT-v2,10078,1,0.5,0,1,0,timeout,120.19999999999531,0.0,0.0,0.0,120.19999999999531,0.0,0.03618968386023295,0.0,
BTO-s0-b300,bto,0.0,-1,results/es_bto/ckpt_seed0_gen00300.npz,300,0,BT-v2,10079,0,0.5,0,1,0,timeout,120.19999999999531,0.0,33.75,0.0,120.19999999999531,0.0,0.021630615640599003,0.005823627287853577,3905.534929925885
BTO-s0-b300,bto,0.0,-1,results/es_bto/ckpt_seed0_gen00300.npz,300,0,BT-v2,10079,1,0.0,0,0,1,gun_kill,112.39999999999576,0.0,100.0,0.0,112.39999999999576,0.0,0.0,0.006238859180035651,
BTO-s0-b300,bto,0.0,-1,results/es_bto/ckpt_seed0_gen00300.npz,300,0,BT-v2,10080,0,0.0,0,0,1,gun_kill,93.19999999999685,0.0,100.0,0.0,93.19999999999685,0.0,0.03870967741935484,0.00967741935483871,3781.952151211341
BTO-s0-b300,bto,0.0,-1,results/es_bto/ckpt_seed0_gen00300.npz,300,0,BT-v2,10080,1,0.0,0,0,1,gun_kill,119.89999999999533,3.75,100.0,0.15000000000000002,119.89999999999533,0.0,0.04757929883138564,0.01961602671118531,
BTO-s0-b300,bto,0.0,-1,results/es_bto/ckpt_seed0_gen00300.npz,300,0,BT-v2,10081,0,0.5,0,1,0,timeout,120.19999999999531,0.0,0.0,0.0,120.19999999999531,0.0,0.0,0.006239600665557404,4797.7587336621355
BTO-s0-b300,bto,0.0,-1,results/es_bto/ckpt_seed0_gen00300.npz,300,0,BT-v2,10081,1,0.5,0,1,0,timeout,120.19999999999531,0.0,0.0,0.0,120.19999999999531,0.0,0.0,0.008735440931780365,
BTO-s0-b300,bto,0.0,-1,results/es_bto/ckpt_seed0_gen00300.npz,300,0,BT-v2,10082,0,0.5,0,1,0,timeout,120.19999999999531,5.0,8.75,0.2,120.19999999999531,0.0,0.032029950083194675,0.026622296173044926,4243.508142187842
BTO-s0-b300,bto,0.0,-1,results/es_bto/ckpt_seed0_gen00300.npz,300,0,BT-v2,10082,1,0.5,0,1,0,timeout,120.19999999999531,8.75,0.0,0.35,120.19999999999531,0.0,0.027870216306156406,0.0,
BTO-s0-b300,bto,0.0,-1,results/es_bto/ckpt_seed0_gen00300.npz,300,0,BT-v2,10083,0,0.5,0,1,0,timeout,120.19999999999531,5.0,0.0,0.2,120.19999999999531,0.0,0.061148086522462564,0.0,4331.989346137672
BTO-s0-b300,bto,0.0,-1,results/es_bto/ckpt_seed0_gen00300.npz,300,0,BT-v2,10083,1,0.5,0,1,0,timeout,120.19999999999531,0.0,50.0,0.0,120.19999999999531,0.0,0.045757071547420966,0.015806988352745424,
BTO-s0-b300,bto,0.0,-1,results/es_bto/ckpt_seed0_gen00300.npz,300,0,BT-v2,10084,0,0.5,0,1,0,timeout,120.19999999999531,25.0,0.0,1.0000000000000002,120.19999999999531,0.0,0.014559068219633943,0.018302828618968387,4244.424376398937
BTO-s0-b300,bto,0.0,-1,results/es_bto/ckpt_seed0_gen00300.npz,300,0,BT-v2,10084,1,0.5,0,1,0,collision,4.94999999999999,0.0,0.0,0.0,4.94999999999999,0.0,0.0,0.07291666666666667,
BTO-s0-b300,bto,0.0,-1,results/es_bto/ckpt_seed0_gen00300.npz,300,0,BT-v2,10085,0,0.5,0,1,0,timeout,120.19999999999531,0.0,0.0,0.0,120.19999999999531,0.0,0.02204658901830283,0.0,4111.894237916124
BTO-s0-b300,bto,0.0,-1,results/es_bto/ckpt_seed0_gen00300.npz,300,0,BT-v2,10085,1,0.5,0,1,0,timeout,120.19999999999531,0.0,0.0,0.0,120.19999999999531,0.0,0.0,0.0033277870216306157,
BTO-s0-b300,bto,0.0,-1,results/es_bto/ckpt_seed0_gen00300.npz,300,0,BT-v2,10086,0,0.5,0,1,0,timeout,120.19999999999531,0.0,0.0,0.0,120.19999999999531,0.0,0.0,0.0,4253.205598667598
BTO-s0-b300,bto,0.0,-1,results/es_bto/ckpt_seed0_gen00300.npz,300,0,BT-v2,10086,1,0.5,0,1,0,timeout,120.19999999999531,0.0,0.0,0.0,120.19999999999531,0.0,0.016638935108153077,0.0,
BTO-s0-b300,bto,0.0,-1,results/es_bto/ckpt_seed0_gen00300.npz,300,0,BT-v2,10087,0,0.5,0,1,0,timeout,120.19999999999531,0.0,50.0,0.0,120.19999999999531,0.0,0.061148086522462564,0.0,3789.0657216606014
BTO-s0-b300,bto,0.0,-1,results/es_bto/ckpt_seed0_gen00300.npz,300,0,BT-v2,10087,1,0.5,0,1,0,timeout,120.19999999999531,37.5,43.75,1.5000000000000007,120.19999999999531,0.0,0.06530782029950083,0.023710482529118136,
BTO-s0-b300,bto,0.0,-1,results/es_bto/ckpt_seed0_gen00300.npz,300,0,BT-v2,10088,0,0.5,0,1,0,timeout,120.19999999999531,15.0,73.75,0.6,120.19999999999531,0.0,0.027870216306156406,0.010815307820299502,3914.928172309654
BTO-s0-b300,bto,0.0,-1,results/es_bto/ckpt_seed0_gen00300.npz,300,0,BT-v2,10088,1,0.5,0,1,0,timeout,120.19999999999531,0.0,42.5,0.0,120.19999999999531,0.0,0.01747088186356073,0.0,
BTO-s0-b300,bto,0.0,-1,results/es_bto/ckpt_seed0_gen00300.npz,300,0,BT-v2,10089,0,1.0,1,0,0,gun_kill,27.250000000000252,100.0,0.0,3.999999999999994,27.250000000000252,0.0,0.0,0.0,6311.727949624121
BTO-s0-b300,bto,0.0,-1,results/es_bto/ckpt_seed0_gen00300.npz,300,0,BT-v2,10089,1,0.0,0,0,1,gun_kill,27.80000000000026,0.0,100.0,0.0,27.80000000000026,0.0,0.0,0.0,
BTO-s0-b300,bto,0.0,-1,results/es_bto/ckpt_seed0_gen00300.npz,300,0,BT-v2,10090,0,0.0,0,0,1,gun_kill,109.09999999999594,0.0,100.0,0.0,109.09999999999594,0.0,0.03761467889908257,0.0,3441.316308429457
BTO-s0-b300,bto,0.0,-1,results/es_bto/ckpt_seed0_gen00300.npz,300,0,BT-v2,10090,1,0.0,0,0,1,gun_kill,101.39999999999638,0.0,100.0,0.0,101.39999999999638,0.0,0.02717391304347826,0.0,
BTO-s0-b300,bto,0.0,-1,results/es_bto/ckpt_seed0_gen00300.npz,300,0,BT-v2,10091,0,0.0,0,0,1,gun_kill,101.49999999999638,0.0,100.0,0.0,101.49999999999638,0.0,0.07741617357001973,0.0,3661.444952518597
BTO-s0-b300,bto,0.0,-1,results/es_bto/ckpt_seed0_gen00300.npz,300,0,BT-v2,10091,1,0.0,0,0,1,gun_kill,119.59999999999535,8.75,100.0,0.35,119.59999999999535,0.0,0.07328308207705192,0.0020938023450586263,
BTO-s0-b300,bto,0.0,-1,results/es_bto/ckpt_seed0_gen00300.npz,300,0,BT-v2,10092,0,0.5,0,1,0,timeout,120.19999999999531,0.0,6.25,0.0,120.19999999999531,0.0,0.0,0.0,4524.309636833374
BTO-s0-b300,bto,0.0,-1,results/es_bto/ckpt_seed0_gen00300.npz,300,0,BT-v2,10092,1,0.5,0,1,0,timeout,120.19999999999531,6.25,0.0,0.25,120.19999999999531,0.0,0.0,0.0,
BTO-s0-b300,bto,0.0,-1,results/es_bto/ckpt_seed0_gen00300.npz,300,0,BT-v2,10093,0,0.5,0,1,0,timeout,120.19999999999531,10.0,0.0,0.39999999999999997,120.19999999999531,0.0,0.0,0.0,4668.533467597956
BTO-s0-b300,bto,0.0,-1,results/es_bto/ckpt_seed0_gen00300.npz,300,0,BT-v2,10093,1,0.5,0,1,0,timeout,120.19999999999531,0.0,23.75,0.0,120.19999999999531,0.0,0.0,0.0,
BTO-s0-b300,bto,0.0,-1,results/es_bto/ckpt_seed0_gen00300.npz,300,0,BT-v2,10094,0,0.0,0,0,1,gun_kill,107.44999999999604,0.0,100.0,0.0,107.44999999999604,0.0,0.08054003724394786,0.008845437616387336,3542.6167768094824
BTO-s0-b300,bto,0.0,-1,results/es_bto/ckpt_seed0_gen00300.npz,300,0,BT-v2,10094,1,0.0,0,0,1,gun_kill,109.7999999999959,12.5,100.0,0.49999999999999994,109.7999999999959,0.0,0.0843978102189781,0.004562043795620438,
BTO-s0-b300,bto,0.0,-1,results/es_bto/ckpt_seed0_gen00300.npz,300,0,BT-v2,10095,0,0.5,0,1,0,timeout,120.19999999999531,0.0,63.75,0.0,120.19999999999531,0.0,0.006239600665557404,0.005823627287853577,4147.469468133723
BTO-s0-b300,bto,0.0,-1,results/es_bto/ckpt_seed0_gen00300.npz,300,0,BT-v2,10095,1,0.5,0,1,0,timeout,120.19999999999531,12.5,0.0,0.49999999999999994,120.19999999999531,0.0,0.0037437603993344427,0.0,
BTO-s0-b300,bto,0.0,-1,results/es_bto/ckpt_seed0_gen00300.npz,300,0,BT-v2,10096,0,0.5,0,1,0,timeout,120.19999999999531,0.0,65.0,0.0,120.19999999999531,0.0,0.07529118136439268,0.006239600665557404,3548.0257631859868
BTO-s0-b300,bto,0.0,-1,results/es_bto/ckpt_seed0_gen00300.npz,300,0,BT-v2,10096,1,0.5,0,1,0,timeout,120.19999999999531,13.75,85.0,0.5499999999999999,120.19999999999531,0.0,0.0740432612312812,0.0024958402662229617,
BTO-s0-b300,bto,0.0,-1,results/es_bto/ckpt_seed0_gen00300.npz,300,0,BT-v2,10097,0,0.5,0,1,0,timeout,120.19999999999531,0.0,0.0,0.0,120.19999999999531,0.0,0.04866888519134775,0.0,4604.714037205911
BTO-s0-b300,bto,0.0,-1,results/es_bto/ckpt_seed0_gen00300.npz,300,0,BT-v2,10097,1,0.5,0,1,0,timeout,120.19999999999531,0.0,0.0,0.0,120.19999999999531,0.0,0.06198003327787022,0.0,
BTO-s0-b300,bto,0.0,-1,results/es_bto/ckpt_seed0_gen00300.npz,300,0,BT-v2,10098,0,0.5,0,1,0,timeout,120.19999999999531,0.0,5.0,0.0,120.19999999999531,0.0,0.033277870216306155,0.007071547420965058,3873.644131998232
BTO-s0-b300,bto,0.0,-1,results/es_bto/ckpt_seed0_gen00300.npz,300,0,BT-v2,10098,1,0.5,0,1,0,collision,18.950000000000134,0.0,0.0,0.0,18.950000000000134,0.0,0.1356382978723404,0.026595744680851064,
BTO-s0-b300,bto,0.0,-1,results/es_bto/ckpt_seed0_gen00300.npz,300,0,BT-v2,10099,0,0.0,0,0,1,gun_kill,111.44999999999581,0.0,100.0,0.0,111.44999999999581,0.0,0.03411131059245961,0.017953321364452424,3467.239793921068
BTO-s0-b300,bto,0.0,-1,results/es_bto/ckpt_seed0_gen00300.npz,300,0,BT-v2,10099,1,0.0,0,0,1,gun_kill,111.49999999999581,0.0,100.0,0.0,111.49999999999581,0.0,0.02199281867145422,0.026481149012567325,
BTO-s0-b300,bto,0.0,-1,results/es_bto/ckpt_seed0_gen00300.npz,300,0,BT-v3,10000,0,1.0,1,0,0,gun_kill,113.94999999999567,100.0,0.0,3.999999999999994,113.94999999999567,0.0,0.025043936731107205,0.015817223198594025,4405.726792443213
BTO-s0-b300,bto,0.0,-1,results/es_bto/ckpt_seed0_gen00300.npz,300,0,BT-v3,10000,1,1.0,1,0,0,gun_kill,111.5999999999958,100.0,0.0,3.999999999999994,111.5999999999958,0.0,0.02872531418312388,0.0,
BTO-s0-b300,bto,0.0,-1,results/es_bto/ckpt_seed0_gen00300.npz,300,0,BT-v3,10001,0,0.5,0,1,0,timeout,120.19999999999531,0.0,57.5,0.0,120.19999999999531,0.0,0.0,0.0,5050.443024595703
BTO-s0-b300,bto,0.0,-1,results/es_bto/ckpt_seed0_gen00300.npz,300,0,BT-v3,10001,1,0.5,0,1,0,timeout,120.19999999999531,18.75,0.0,0.7500000000000001,120.19999999999531,0.0,0.0,0.0,
BTO-s0-b300,bto,0.0,-1,results/es_bto/ckpt_seed0_gen00300.npz,300,0,BT-v3,10002,0,1.0,1,0,0,gun_kill,102.8499999999963,100.0,0.0,3.999999999999994,102.8499999999963,0.0,0.038910505836575876,0.007782101167315175,4076.1671061119773
BTO-s0-b300,bto,0.0,-1,results/es_bto/ckpt_seed0_gen00300.npz,300,0,BT-v3,10002,1,1.0,1,0,0,gun_kill,111.79999999999579,100.0,0.0,3.999999999999994,111.79999999999579,0.0,0.035842293906810034,0.0,
BTO-s0-b300,bto,0.0,-1,results/es_bto/ckpt_seed0_gen00300.npz,300,0,BT-v3,10003,0,0.5,0,1,0,timeout,120.19999999999531,0.0,32.5,0.0,120.19999999999531,0.0,0.06530782029950083,0.0,5055.948652413039
BTO-s0-b300,bto,0.0,-1,results/es_bto/ckpt_seed0_gen00300.npz,300,0,BT-v3,10003,1,0.5,0,1,0,timeout,120.19999999999531,0.0,0.0,0.0,120.19999999999531,0.0,0.0694675540765391,0.0,
BTO-s0-b300,bto,0.0,-1,results/es_bto/ckpt_seed0_gen00300.npz,300,0,BT-v3,10004,0,0.5,0,1,0,timeout,120.19999999999531,0.0,62.5,0.0,120.19999999999531,0.0,0.02038269550748752,0.0,4873.163623464431
BTO-s0-b300,bto,0.0,-1,results/es_bto/ckpt_seed0_gen00300.npz,300,0,BT-v3,10004,1,1.0,1,0,0,gun_kill,113.99999999999567,100.0,0.0,3.999999999999994,113.99999999999567,0.0,0.023725834797891036,0.0,
BTO-s0-b300,bto,0.0,-1,results/es_bto/ckpt_seed0_gen00300.npz,300,0,BT-v3,10005,0,1.0,1,0,0,gun_kill,117.69999999999546,100.0,7.5,3.999999999999994,117.69999999999546,0.0,0.09013605442176871,0.0,3784.813948459982
BTO-s0-b300,bto,0.0,-1,results/es_bto/ckpt_seed0_gen00300.npz,300,0,BT-v3,10005,1,1.0,1,0,0,gun_kill,39.999999999999865,100.0,0.0,3.999999999999994,39.999999999999865,0.0,0.3391959798994975,0.0037688442211055275,
BTO-s0-b300,bto,0.0,-1,results/es_bto/ckpt_seed0_gen00300.npz,300,0,BT-v3,10006,0,1.0,1,0,0,gun_kill,107.74999999999602,100.0,15.0,3.999999999999994,107.74999999999602,0.0,0.00929368029739777,0.0,4032.9436755552842
BTO-s0-b300,bto,0.0,-1,results/es_bto/ckpt_seed0_gen00300.npz,300,0,BT-v3,10006,1,1.0,1,0,0,gun_kill,94.64999999999677,100.0,0.0,3.999999999999994,94.64999999999677,0.0,0.011099365750528542,0.0,
BTO-s0-b300,bto,0.0,-1,results/es_bto/ckpt_seed0_gen00300.npz,300,0,BT-v3,10007,0,1.0,1,0,0,gun_kill,108.94999999999595,100.0,7.5,3.999999999999994,108.94999999999595,0.0,0.024816176470588234,0.012408088235294117,3939.376802454589
BTO-s0-b300,bto,0.0,-1,results/es_bto/ckpt_seed0_gen00300.npz,300,0,BT-v3,10007,1,1.0,1,0,0,gun_kill,111.7499999999958,100.0,0.0,3.999999999999994,111.7499999999958,0.0,0.024193548387096774,0.0,
BTO-s0-b300,bto,0.0,-1,results/es_bto/ckpt_seed0_gen00300.npz,300,0,BT-v3,10008,0,0.5,0,1,0,timeout,120.19999999999531,96.25,11.25,3.8499999999999943,120.19999999999531,0.0,0.03119800332778702,0.0,3950.0063991960706
BTO-s0-b300,bto,0.0,-1,results/es_bto/ckpt_seed0_gen00300.npz,300,0,BT-v3,10008,1,1.0,1,0,0,gun_kill,99.64999999999648,100.0,0.0,3.999999999999994,99.64999999999648,0.0,0.04066265060240964,0.008032128514056224,
BTO-s0-b300,bto,0.0,-1,results/es_bto/ckpt_seed0_gen00300.npz,300,0,BT-v3,10009,0,0.5,0,1,0,timeout,120.19999999999531,38.75,2.5,1.5500000000000007,120.19999999999531,0.0,0.02870216306156406,0.014975041597337771,4567.394845690832
BTO-s0-b300,bto,0.0,-1,results/es_bto/ckpt_seed0_gen00300.npz,300,0,BT-v3,10009,1,1.0,1,0,0,gun_kill,119.99999999999532,100.0,0.0,3.999999999999994,119.99999999999532,0.0,0.028380634390651086,0.007512520868113523,
BTO-s0-b300,bto,0.0,-1,results/es_bto/ckpt_seed0_gen00300.npz,300,0,BT-v3,10010,0,1.0,1,0,0,gun_kill,83.74999999999739,100.0,0.0,3.999999999999994,83.74999999999739,0.0,0.0861244019138756,0.020933014354066987,3629.5288173390627
BTO-s0-b300,bto,0.0,-1,results/es_bto/ckpt_seed0_gen00300.npz,300,0,BT-v3,10010,1,1.0,1,0,0,gun_kill,87.0999999999972,100.0,21.25,3.999999999999994,87.0999999999972,0.0,0.0867816091954023,0.005747126436781609,
BTO-s0-b300,bto,0.0,-1,results/es_bto/ckpt_seed0_gen00300.npz,300,0,BT-v3,10011,0,0.5,0,1,0,timeout,120.19999999999531,85.0,13.75,3.399999999999996,120.19999999999531,0.0,0.0,0.01622296173044925,4310.643240571846
BTO-s0-b300,bto,0.0,-1,results/es_bto/ckpt_seed0_gen00300.npz,300,0,BT-v3,10011,1,1.0,1,0,0,gun_kill,115.1999999999956,100.0,0.0,3.999999999999994,115.1999999999956,0.0,0.0,0.009565217391304347,
BTO-s0-b300,bto,0.0,-1,results/es_bto/ckpt_seed0_gen00300.npz,300,0,BT-v3,10012,0,1.0,1,0,0,gun_kill,98.39999999999655,100.0,0.0,3.999999999999994,98.39999999999655,0.0,0.07637474541751528,0.0,3841.4435726918823
BTO-s0-b300,bto,0.0,-1,results/es_bto/ckpt_seed0_gen00300.npz,300,0,BT-v3,10012,1,1.0,1,0,0,gun_kill,106.59999999999609,100.0,0.0,3.999999999999994,106.59999999999609,0.0,0.08599624060150377,0.0,
BTO-s0-b300,bto,0.0,-1,results/es_bto/ckpt_seed0_gen00300.npz,300,0,BT-v3,10013,0,1.0,1,0,0,gun_kill,114.34999999999565,100.0,0.0,3.999999999999994,114.34999999999565,0.0,0.03415061295971979,0.016199649737302976,4186.218805970782
BTO-s0-b300,bto,0.0,-1,results/es_bto/ckpt_seed0_gen00300.npz,300,0,BT-v3,10013,1,1.0,1,0,0,gun_kill,115.0499999999956,100.0,0.0,3.999999999999994,115.0499999999956,0.0,0.036521739130434785,0.0,
BTO-s0-b300,bto,0.0,-1,results/es_bto/ckpt_seed0_gen00300.npz,300,0,BT-v3,10014,0,0.5,0,1,0,timeout,120.19999999999531,90.0,0.0,3.599999999999995,120.19999999999531,0.0,0.0,0.0,4336.256476472096
BTO-s0-b300,bto,0.0,-1,results/es_bto/ckpt_seed0_gen00300.npz,300,0,BT-v3,10014,1,1.0,1,0,0,gun_kill,117.69999999999546,100.0,0.0,3.999999999999994,117.69999999999546,0.0,0.0,0.0,
BTO-s0-b300,bto,0.0,-1,results/es_bto/ckpt_seed0_gen00300.npz,300,0,BT-v3,10015,0,0.5,0,1,0,timeout,120.19999999999531,55.0,33.75,2.2,120.19999999999531,0.0,0.0,0.0,4071.3762064108496
BTO-s0-b300,bto,0.0,-1,results/es_bto/ckpt_seed0_gen00300.npz,300,0,BT-v3,10015,1,1.0,1,0,0,gun_kill,89.99999999999703,100.0,0.0,3.999999999999994,89.99999999999703,0.0,0.0,0.01002227171492205,
BTO-s0-b300,bto,0.0,-1,results/es_bto/ckpt_seed0_gen00300.npz,300,0,BT-v3,10016,0,1.0,1,0,0,gun_kill,88.14999999999714,100.0,0.0,3.999999999999994,88.14999999999714,0.0,0.0,0.024431818181818183,4105.41781995349
BTO-s0-b300,bto,0.0,-1,results/es_bto/ckpt_seed0_gen00300.npz,300,0,BT-v3,10016,1,1.0,1,0,0,gun_kill,93.29999999999684,100.0,7.5,3.999999999999994,93.29999999999684,0.0,0.0,0.0,
BTO-s0-b300,bto,0.0,-1,results/es_bto/ckpt_seed0_gen00300.npz,300,0,BT-v3,10017,0,0.5,0,1,0,timeout,120.19999999999531,0.0,58.75,0.0,120.19999999999531,0.0,0.02870216306156406,0.0,5142.619046567081
BTO-s0-b300,bto,0.0,-1,results/es_bto/ckpt_seed0_gen00300.npz,300,0,BT-v3,10017,1,1.0,1,0,0,gun_kill,28.50000000000027,100.0,0.0,3.999999999999994,28.50000000000027,0.0,0.17077464788732394,0.0,
BTO-s0-b300,bto,0.0,-1,results/es_bto/ckpt_seed0_gen00300.npz,300,0,BT-v3,10018,0,1.0,1,0,0,gun_kill,114.39999999999564,100.0,0.0,3.999999999999994,114.39999999999564,0.0,0.01576182136602452,0.0,4058.0438081023754
BTO-s0-b300,bto,0.0,-1,results/es_bto/ckpt_seed0_gen00300.npz,300,0,BT-v3,10018,1,1.0,1,0,0,gun_kill,112.59999999999575,100.0,0.0,3.999999999999994,112.59999999999575,0.0,0.016459074733096084,0.017348754448398576,
BTO-s0-b300,bto,0.0,-1,results/es_bto/ckpt_seed0_gen00300.npz,300,0,BT-v3,10019,0,1.0,1,0,0,gun_kill,119.54999999999535,100.0,0.0,3.999999999999994,119.54999999999535,0.0,0.0,0.00628140703517588,4217.4563987312
BTO-s0-b300,bto,0.0,-1,results/es_bto/ckpt_seed0_gen00300.npz,300,0,BT-v3,10019,1,1.0,1,0,0,gun_kill,119.24999999999537,100.0,0.0,3.999999999999994,119.24999999999537,0.0,0.0,0.016778523489932886,
BTO-s0-b300,bto,0.0,-1,results/es_bto/ckpt_seed0_gen00300.npz,300,0,BT-v3,10020,0,0.5,0,1,0,collision,4.299999999999993,2.5,0.0,0.1,4.299999999999993,0.0,0.0,0.09523809523809523,7064.725273998793
BTO-s0-b300,bto,0.0,-1,results/es_bto/ckpt_seed0_gen00300.npz,300,0,BT-v3,10020,1,1.0,1,0,0,gun_kill,114.84999999999562,100.0,1.25,3.999999999999994,114.84999999999562,0.0,0.0,0.0156794425087108,
BTO-s0-b300,bto,0.0,-1,results/es_bto/ckpt_seed0_gen00300.npz,300,0,BT-v3,10021,0,0.5,0,1,0,collision,4.599999999999992,0.0,0.0,0.0,4.599999999999992,0.0,0.48863636363636365,0.06818181818181818,6528.834136407928
BTO-s0-b300,bto,0.0,-1,results/es_bto/ckpt_seed0_gen00300.npz,300,0,BT-v3,10021,1,1.0,1,0,0,gun_kill,89.09999999999708,100.0,0.0,3.999999999999994,89.09999999999708,0.0,0.09044943820224718,0.0028089887640449437,
BTO-s0-b300,bto,0.0,-1,results/es_bto/ckpt_seed0_gen00300.npz,300,0,BT-v3,10022,0,1.0,1,0,0,gun_kill,115.64999999999557,100.0,0.0,3.999999999999994,115.64999999999557,0.0,0.03676470588235294,0.0,4542.20061190575
BTO-s0-b300,bto,0.0,-1,results/es_bto/ckpt_seed0_gen00300.npz,300,0,BT-v3,10022,1,0.5,0,1,0,timeout,120.19999999999531,1.25,0.0,0.05,120.19999999999531,0.0,0.03494176372712146,0.013311148086522463,
BTO-s0-b300,bto,0.0,-1,results/es_bto/ckpt_seed0_gen00300.npz,300,0,BT-v3,10023,0,0.5,0,1,0,timeout,120.19999999999531,0.0,0.0,0.0,120.19999999999531,0.0,0.03494176372712146,0.0,5103.277184370962
BTO-s0-b300,bto,0.0,-1,results/es_bto/ckpt_seed0_gen00300.npz,300,0,BT-v3,10023,1,0.5,0,1,0,timeout,120.19999999999531,0.0,0.0,0.0,120.19999999999531,0.0,0.03826955074875208,0.0,
BTO-s0-b300,bto,0.0,-1,results/es_bto/ckpt_seed0_gen00300.npz,300,0,BT-v3,10024,0,1.0,1,0,0,gun_kill,86.14999999999725,100.0,0.0,3.999999999999994,86.14999999999725,0.0,0.044186046511627906,0.0,4198.7622399557085
BTO-s0-b300,bto,0.0,-1,results/es_bto/ckpt_seed0_gen00300.npz,300,0,BT-v3,10024,1,1.0,1,0,0,gun_kill,108.74999999999596,100.0,18.75,3.999999999999994,108.74999999999596,0.0,0.0363720073664825,0.0,
BTO-s0-b300,bto,0.0,-1,results/es_bto/ckpt_seed0_gen00300.npz,300,0,BT-v3,10025,0,0.5,0,1,0,timeout,120.19999999999531,0.0,28.75,0.0,120.19999999999531,0.0,0.03369384359400998,0.0,5519.895290448406
BTO-s0-b300,bto,0.0,-1,results/es_bto/ckpt_seed0_gen00300.npz,300,0,BT-v3,10025,1,0.5,0,1,0,timeout,120.19999999999531,0.0,0.0,0.0,120.19999999999531,0.0,0.03369384359400998,0.0,
BTO-s0-b300,bto,0.0,-1,results/es_bto/ckpt_seed0_gen00300.npz,300,0,BT-v3,10026,0,1.0,1,0,0,gun_kill,98.94999999999652,100.0,0.0,3.999999999999994,98.94999999999652,0.0,0.07692307692307693,0.0,4231.164979200811
BTO-s0-b300,bto,0.0,-1,results/es_bto/ckpt_seed0_gen00300.npz,300,0,BT-v3,10026,1,1.0,1,0,0,gun_kill,107.74999999999602,100.0,2.5,3.999999999999994,107.74999999999602,0.0,0.06273234200743494,0.0,
BTO-s0-b300,bto,0.0,-1,results/es_bto/ckpt_seed0_gen00300.npz,300,0,BT-v3,10027,0,1.0,1,0,0,gun_kill,39.449999999999896,100.0,0.0,3.999999999999994,39.449999999999896,0.0,0.2817258883248731,0.0,4436.983122036216
BTO-s0-b300,bto,0.0,-1,results/es_bto/ckpt_seed0_gen00300.npz,300,0,BT-v3,10027,1,1.0,1,0,0,gun_kill,51.39999999999922,100.0,23.75,3.999999999999994,51.39999999999922,0.0,0.2216796875,0.0029296875,
BTO-s0-b300,bto,0.0,-1,results/es_bto/ckpt_seed0_gen00300.npz,300,0,BT-v3,10028,0,1.0,1,0,0,gun_kill,112.34999999999576,100.0,17.5,3.999999999999994,112.34999999999576,0.0,0.0,0.005793226381461676,4069.582624345164
BTO-s0-b300,bto,0.0,-1,results/es_bto/ckpt_seed0_gen00300.npz,300,0,BT-v3,10028,1,1.0,1,0,0,gun_kill,111.5499999999958,100.0,0.0,3.999999999999994,111.5499999999958,0.0,0.0,0.0,
BTO-s0-b300,bto,0.0,-1,results/es_bto/ckpt_seed0_gen00300.npz,300,0,BT-v3,10029,0,1.0,1,0,0,gun_kill,109.19999999999594,100.0,0.0,3.999999999999994,109.19999999999594,0.0,0.0,0.0,4323.527009670001
BTO-s0-b300,bto,0.0,-1,results/es_bto/ckpt_seed0_gen00300.npz,300,0,BT-v3,10029,1,1.0,1,0,0,gun_kill,103.19999999999628,100.0,0.0,3.999999999999994,103.19999999999628,0.0,0.0,0.0,
BTO-s0-b300,bto,0.0,-1,results/es_bto/ckpt_seed0_gen00300.npz,300,0,BT-v3,10030,0,1.0,1,0,0,gun_kill,116.14999999999554,100.0,12.5,3.999999999999994,116.14999999999554,0.0,0.08017241379310344,0.02543103448275862,3761.0014694081524
BTO-s0-b300,bto,0.0,-1,results/es_bto/ckpt_seed0_gen00300.npz,300,0,BT-v3,10030,1,1.0,1,0,0,gun_kill,95.8499999999967,100.0,0.0,3.999999999999994,95.8499999999967,0.0,0.08820459290187892,0.0036534446764091857,
BTO-s0-b300,bto,0.0,-1,results/es_bto/ckpt_seed0_gen00300.npz,300,0,BT-v3,10031,0,1.0,1,0,0,gun_kill,87.84999999999715,100.0,0.0,3.999999999999994,87.84999999999715,0.0,0.1030751708428246,0.0,3970.9692115880057
BTO-s0-b300,bto,0.0,-1,results/es_bto/ckpt_seed0_gen00300.npz,300,0,BT-v3,10031,1,1.0,1,0,0,gun_kill,85.99999999999726,100.0,0.0,3.999999999999994,85.99999999999726,0.0,0.1048951048951049,0.0,
BTO-s0-b300,bto,0.0,-1,results/es_bto/ckpt_seed0_gen00300.npz,300,0,BT-v3,10032,0,1.0,1,0,0,gun_kill,109.19999999999594,100.0,0.0,3.999999999999994,109.19999999999594,0.0,0.02981651376146789,0.0,3999.701331713336
BTO-s0-b300,bto,0.0,-1,results/es_bto/ckpt_seed0_gen00300.npz,300,0,BT-v3,10032,1,1.0,1,0,0,gun_kill,95.8499999999967,100.0,0.0,3.999999999999994,95.8499999999967,0.0,0.03392484342379958,0.037578288100208766,
BTO-s0-b300,bto,0.0,-1,results/es_bto/ckpt_seed0_gen00300.npz,300,0,BT-v3,10033,0,0.5,0,1,0,timeout,120.19999999999531,35.0,0.0,1.4000000000000006,120.19999999999531,0.0,0.015391014975041598,0.0,4231.76625226587
BTO-s0-b300,bto,0.0,-1,results/es_bto/ckpt_seed0_gen00300.npz,300,0,BT-v3,10033,1,0.5,0,1,0,timeout,120.19999999999531,0.0,3.75,0.0,120.19999999999531,0.0,0.012063227953410981,0.0037437603993344427,
BTO-s0-b300,bto,0.0,-1,results/es_bto/ckpt_seed0_gen00300.npz,300,0,BT-v3,10034,0,0.5,0,1,0,timeout,120.19999999999531,0.0,23.75,0.0,120.19999999999531,0.0,0.02870216306156406,0.0,4711.986549979581
BTO-s0-b300,bto,0.0,-1,results/es_bto/ckpt_seed0_gen00300.npz,300,0,BT-v3,10034,1,0.5,0,1,0,timeout,120.19999999999531,6.25,0.0,0.25,120.19999999999531,0.0,0.02870216306156406,0.007071547420965058,
BTO-s0-b300,bto,0.0,-1,results/es_bto/ckpt_seed0_gen00300.npz,300,0,BT-v3,10035,0,1.0,1,0,0,gun_kill,111.89999999999579,100.0,26.25,3.999999999999994,111.89999999999579,0.0,0.020125223613595707,0.007155635062611807,3558.722651382118
BTO-s0-b300,bto,0.0,-1,results/es_bto/ckpt_seed0_gen00300.npz,300,0,BT-v3,10035,1,1.0,1,0,0,gun_kill,87.99999999999714,100.0,0.0,3.999999999999994,87.99999999999714,0.0,0.02562642369020501,0.0,
BTO-s0-b300,bto,0.0,-1,results/es_bto/ckpt_seed0_gen00300.npz,300,0,BT-v3,10036,0,0.5,0,1,0,timeout,120.19999999999531,86.25,15.0,3.4499999999999957,120.19999999999531,0.0,0.009151414309484194,0.006239600665557404,3673.0948076140066
BTO-s0-b300,bto,0.0,-1,results/es_bto/ckpt_seed0_gen00300.npz,300,0,BT-v3,10036,1,1.0,1,0,0,gun_kill,89.64999999999705,100.0,0.0,3.999999999999994,89.64999999999705,0.0,0.010602678571428572,0.01171875,
BTO-s0-b300,bto,0.0,-1,results/es_bto/ckpt_seed0_gen00300.npz,300,0,BT-v3,10037,0,1.0,1,0,0,gun_kill,101.54999999999637,100.0,0.0,3.999999999999994,101.54999999999637,0.0,0.07692307692307693,0.0,3928.9105787797266
BTO-s0-b300,bto,0.0,-1,results/es_bto/ckpt_seed0_gen00300.npz,300,0,BT-v3,10037,1,1.0,1,0,0,gun_kill,111.89999999999579,100.0,0.0,3.999999999999994,111.89999999999579,0.0,0.08765652951699464,0.0,
BTO-s0-b300,bto,0.0,-1,results/es_bto/ckpt_seed0_gen00300.npz,300,0,BT-v3,10038,0,0.5,0,1,0,timeout,120.19999999999531,0.0,11.25,0.0,120.19999999999531,0.0,0.0262063227953411,0.0,5183.420235244569
BTO-s0-b300,bto,0.0,-1,results/es_bto/ckpt_seed0_gen00300.npz,300,0,BT-v3,10038,1,1.0,1,0,0,gun_kill,119.99999999999532,100.0,0.0,3.999999999999994,119.99999999999532,0.0,0.026293823038397328,0.0070951585976627716,
BTO-s0-b300,bto,0.0,-1,results/es_bto/ckpt_seed0_gen00300.npz,300,0,BT-v3,10039,0,1.0,1,0,0,gun_kill,60.79999999999868,100.0,0.0,3.999999999999994,60.79999999999868,0.0,0.03712871287128713,0.0,3761.159428919258
BTO-s0-b300,bto,0.0,-1,results/es_bto/ckpt_seed0_gen00300.npz,300,0,BT-v3,10039,1,1.0,1,0,0,gun_kill,89.89999999999704,100.0,22.5,3.999999999999994,89.89999999999704,0.0,0.024498886414253896,0.0066815144766146995,
BTO-s0-b300,bto,0.0,-1,results/es_bto/ckpt_seed0_gen00300.npz,300,0,BT-v3,10040,0,1.0,1,0,0,gun_kill,116.69999999999551,100.0,21.25,3.999999999999994,116.69999999999551,0.0,0.0,0.005145797598627788,4427.511461535681
BTO-s0-b300,bto,0.0,-1,results/es_bto/ckpt_seed0_gen00300.npz,300,0,BT-v3,10040,1,1.0,1,0,0,gun_kill,106.4499999999961,100.0,0.0,3.999999999999994,106.4499999999961,0.0,0.0,0.005169172932330827,
BTO-s0-b300,bto,0.0,-1,results/es_bto/ckpt_seed0_gen00300.npz,300,0,BT-v3,10041,0,1.0,1,0,0,gun_kill,107.29999999999605,100.0,0.0,3.999999999999994,107.29999999999605,0.0,0.01912313432835821,0.0,3547.222154402777
BTO-s0-b300,bto,0.0,-1,results/es_bto/ckpt_seed0_gen00300.npz,300,0,BT-v3,10041,1,0.5,0,1,0,collision,7.599999999999981,0.0,0.0,0.0,7.599999999999981,0.0,0.2635135135135135,0.05405405405405406,
BTO-s0-b300,bto,0.0,-1,results/es_bto/ckpt_seed0_gen00300.npz,300,0,BT-v3,10042,0,1.0,1,0,0,gun_kill,119.79999999999534,100.0,0.0,3.999999999999994,119.79999999999534,0.0,0.04389632107023411,0.010451505016722408,4436.274467421665
BTO-s0-b300,bto,0.0,-1,results/es_bto/ckpt_seed0_gen00300.npz,300,0,BT-v3,10042,1,1.0,1,0,0,gun_kill,114.34999999999565,100.0,0.0,3.999999999999994,114.34999999999565,0.0,0.0446584938704028,0.0013134851138353765,
BTO-s0-b300,bto,0.0,-1,results/es_bto/ckpt_seed0_gen00300.npz,300,0,BT-v3,10043,0,1.0,1,0,0,gun_kill,85.84999999999727,100.0,0.0,3.999999999999994,85.84999999999727,0.0,0.0,0.023892773892773892,4831.6691135721585
BTO-s0-b300,bto,0.0,-1,results/es_bto/ckpt_seed0_gen00300.npz,300,0,BT-v3,10043,1,1.0,1,0,0,gun_kill,119.39999999999536,100.0,0.0,3.999999999999994,119.39999999999536,0.0,0.0,0.0,
BTO-s0-b300,bto,0.0,-1,results/es_bto/ckpt_seed0_gen00300.npz,300,0,BT-v3,10044,0,0.5,0,1,0,timeout,120.19999999999531,0.0,0.0,0.0,120.19999999999531,0.0,0.0,0.0,4629.65365595501
BTO-s0-b300,bto,0.0,-1,results/es_bto/ckpt_seed0_gen00300.npz,300,0,BT-v3,10044,1,0.5,0,1,0,timeout,120.19999999999531,42.5,0.0,1.7000000000000008,120.19999999999531,0.0,0.0,0.0,
BTO-s0-b300,bto,0.0,-1,results/es_bto/ckpt_seed0_gen00300.npz,300,0,BT-v3,10045,0,0.5,0,1,0,timeout,120.19999999999531,0.0,0.0,0.0,120.19999999999531,0.0,0.033277870216306155,0.0,5431.111254557103
BTO-s0-b300,bto,0.0,-1,results/es_bto/ckpt_seed0_gen00300.npz,300,0,BT-v3,10045,1,0.5,0,1,0,timeout,120.19999999999531,0.0,0.0,0.0,120.19999999999531,0.0,0.040349417637271213,0.0,
BTO-s0-b300,bto,0.0,-1,results/es_bto/ckpt_seed0_gen00300.npz,300,0,BT-v3,10046,0,1.0,1,0,0,gun_kill,98.44999999999655,100.0,0.0,3.999999999999994,98.44999999999655,0.0,0.11382113821138211,0.0,3867.3199763616108
BTO-s0-b300,bto,0.0,-1,results/es_bto/ckpt_seed0_gen00300.npz,300,0,BT-v3,10046,1,1.0,1,0,0,gun_kill,55.74999999999897,100.0,18.75,3.999999999999994,55.74999999999897,0.0,0.2751798561151079,0.0,
BTO-s0-b300,bto,0.0,-1,results/es_bto/ckpt_seed0_gen00300.npz,300,0,BT-v3,10047,0,1.0,1,0,0,gun_kill,94.79999999999676,100.0,0.0,3.999999999999994,94.79999999999676,0.0,0.01004228329809725,0.006871035940803382,3701.7143572124405
BTO-s0-b300,bto,0.0,-1,results/es_bto/ckpt_seed0_gen00300.npz,300,0,BT-v3,10047,1,1.0,1,0,0,gun_kill,104.94999999999618,100.0,0.0,3.999999999999994,104.94999999999618,0.0,0.009064885496183206,0.02814885496183206,
BTO-s0-b300,bto,0.0,-1,results/es_bto/ckpt_seed0_gen00300.npz,300,0,BT-v3,10048,0,0.5,0,1,0,timeout,120.19999999999531,0.0,92.5,0.0,120.19999999999531,0.0,0.02329450915141431,0.0,5838.308008439291
BTO-s0-b300,bto,0.0,-1,results/es_bto/ckpt_seed0_gen00300.npz,300,0,BT-v3,10048,1,1.0,1,0,0,gun_kill,24.150000000000208,100.0,0.0,3.999999999999994,24.150000000000208,0.0,0.15,0.0,
BTO-s0-b300,bto,0.0,-1,results/es_bto/ckpt_seed0_gen00300.npz,300,0,BT-v3,10049,0,0.5,0,1,0,timeout,120.19999999999531,82.5,0.0,3.2999999999999963,120.19999999999531,0.0,0.052828618968386025,0.0,4505.198959525757
BTO-s0-b300,bto,0.0,-1,results/es_bto/ckpt_seed0_gen00300.npz,300,0,BT-v3,10049,1,0.5,0,1,0,timeout,120.19999999999531,90.0,0.0,3.599999999999995,120.19999999999531,0.0,0.05574043261231281,0.0,
BTO-s0-b300,bto,0.0,-1,results/es_bto/ckpt_seed0_gen00300.npz,300,0,BT-v3,10050,0,1.0,1,0,0,gun_kill,113.3999999999957,100.0,0.0,3.999999999999994,113.3999999999957,0.0,0.02782685512367491,0.00530035335689046,3756.8619172074946
BTO-s0-b300,bto,0.0,-1,results/es_bto/ckpt_seed0_gen00300.npz,300,0,BT-v3,10050,1,1.0,1,0,0,gun_kill,115.54999999999558,100.0,0.0,3.999999999999994,115.54999999999558,0.0,0.02729636048526863,0.011265164644714038,
BTO-s0-b300,bto,0.0,-1,results/es_bto/ckpt_seed0_gen00300.npz,300,0,BT-v3,10051,0,1.0,1,0,0,gun_kill,107.84999999999602,100.0,0.0,3.999999999999994,107.84999999999602,0.0,0.07374768089053803,0.0055658627087198514,3878.821322032609
BTO-s0-b300,bto,0.0,-1,results/es_bto/ckpt_seed0_gen00300.npz,300,0,BT-v3,10051,1,1.0,1,0,0,gun_kill,103.84999999999624,100.0,0.0,3.999999999999994,103.84999999999624,0.0,0.0905587668593449,0.006262042389210019,
BTO-s0-b300,bto,0.0,-1,results/es_bto/ckpt_seed0_gen00300.npz,300,0,BT-v3,10052,0,1.0,1,0,0,gun_kill,111.99999999999578,100.0,0.0,3.999999999999994,111.99999999999578,0.0,0.02996422182468694,0.007155635062611807,4176.552837608305
BTO-s0-b300,bto,0.0,-1,results/es_bto/ckpt_seed0_gen00300.npz,300,0,BT-v3,10052,1,1.0,1,0,0,gun_kill,112.54999999999575,100.0,0.0,3.999999999999994,112.54999999999575,0.0,0.028469750889679714,0.0066725978647686835,
BTO-s0-b300,bto,0.0,-1,results/es_bto/ckpt_seed0_gen00300.npz,300,0,BT-v3,10053,0,1.0,1,0,0,gun_kill,119.54999999999535,100.0,0.0,3.999999999999994,119.54999999999535,0.0,0.0,0.015494137353433836,4587.312305242373
BTO-s0-b300,bto,0.0,-1,results/es_bto/ckpt_seed0_gen00300.npz,300,0,BT-v3,10053,1,0.5,0,1,0,timeout,120.19999999999531,17.5,10.0,0.7000000000000001,120.19999999999531,0.0,0.0,0.0,
BTO-s0-b300,bto,0.0,-1,results/es_bto/ckpt_seed0_gen00300.npz,300,0,BT-v3,10054,0,1.0,1,0,0,gun_kill,80.39999999999758,100.0,0.0,3.999999999999994,80.39999999999758,0.0,0.0,0.003117206982543641,3664.822117021773
BTO-s0-b300,bto,0.0,-1,results/es_bto/ckpt_seed0_gen00300.npz,300,0,BT-v3,10054,1,1.0,1,0,0,gun_kill,111.29999999999582,100.0,2.5,3.999999999999994,111.29999999999582,0.0,0.0,0.005845323741007194,
BTO-s0-b300,bto,0.0,-1,results/es_bto/ckpt_seed0_gen00300.npz,300,0,BT-v3,10055,0,1.0,1,0,0,gun_kill,93.84999999999681,100.0,0.0,3.999999999999994,93.84999999999681,0.0,0.006396588486140725,0.0,3517.8522780330045
BTO-s0-b300,bto,0.0,-1,results/es_bto/ckpt_seed0_gen00300.npz,300,0,BT-v3,10055,1,1.0,1,0,0,gun_kill,104.5499999999962,100.0,5.0,3.999999999999994,104.5499999999962,0.0,0.005747126436781609,0.0,
BTO-s0-b300,bto,0.0,-1,results/es_bto/ckpt_seed0_gen00300.npz,300,0,BT-v3,10056,0,1.0,1,0,0,gun_kill,95.09999999999674,100.0,0.0,3.999999999999994,95.09999999999674,0.0,0.06526315789473684,0.0036842105263157894,4018.6540609013614
BTO-s0-b300,bto,0.0,-1,results/es_bto/ckpt_seed0_gen00300.npz,300,0,BT-v3,10056,1,1.0,1,0,0,gun_kill,89.94999999999703,100.0,0.0,3.999999999999994,89.94999999999703,0.0,0.07628062360801782,0.01670378619153675,
BTO-s0-b300,bto,0.0,-1,results/es_bto/ckpt_seed0_gen00300.npz,300,0,BT-v3,10057,0,1.0,1,0,0,gun_kill,95.29999999999673,100.0,0.0,3.999999999999994,95.29999999999673,0.0,0.0,0.0,4074.2288694597037
BTO-s0-b300,bto,0.0,-1,results/es_bto/ckpt_seed0_gen00300.npz,300,0,BT-v3,10057,1,1.0,1,0,0,gun_kill,94.24999999999679,100.0,3.75,3.999999999999994,94.24999999999679,0.0,0.0,0.012208067940552018,
BTO-s0-b300,bto,0.0,-1,results/es_bto/ckpt_seed0_gen00300.npz,300,0,BT-v3,10058,0,1.0,1,0,0,gun_kill,92.1999999999969,100.0,0.0,3.999999999999994,92.1999999999969,0.0,0.06304347826086956,0.0,3447.8452846117852
BTO-s0-b300,bto,0.0,-1,results/es_bto/ckpt_seed0_gen00300.npz,300,0,BT-v3,10058,1,1.0,1,0,0,gun_kill,96.29999999999667,100.0,13.75,3.999999999999994,96.29999999999667,0.0,0.06548856548856549,0.0,
BTO-s0-b300,bto,0.0,-1,results/es_bto/ckpt_seed0_gen00300.npz,300,0,BT-v3,10059,0,0.5,0,1,0,timeout,120.19999999999531,56.25,0.0,2.25,120.19999999999531,0.0,0.0033277870216306157,0.0,4322.572843020948
BTO-s0-b300,bto,0.0,-1,results/es_bto/ckpt_seed0_gen00300.npz,300,0,BT-v3,10059,1,0.5,0,1,0,timeout,120.19999999999531,41.25,0.0,1.6500000000000008,120.19999999999531,0.0,0.0033277870216306157,0.0,
BTO-s0-b300,bto,0.0,-1,results/es_bto/ckpt_seed0_gen00300.npz,300,0,BT-v3,10060,0,1.0,1,0,0,gun_kill,112.54999999999575,100.0,0.0,3.999999999999994,112.54999999999575,0.0,0.03069395017793594,0.0,4512.321989980868
BTO-s0-b300,bto,0.0,-1,results/es_bto/ckpt_seed0_gen00300.npz,300,0,BT-v3,10060,1,0.5,0,1,0,collision,5.899999999999987,0.0,0.0,0.0,5.899999999999987,0.0,0.5689655172413793,0.05172413793103448,
BTO-s0-b300,bto,0.0,-1,results/es_bto/ckpt_seed0_gen00300.npz,300,0,BT-v3,10061,0,1.0,1,0,0,gun_kill,112.04999999999578,100.0,8.75,3.999999999999994,112.04999999999578,0.0,0.05267857142857143,0.0,3980.724318472746
BTO-s0-b300,bto,0.0,-1,results/es_bto/ckpt_seed0_gen00300.npz,300,0,BT-v3,10061,1,1.0,1,0,0,gun_kill,95.6999999999967,100.0,0.0,3.999999999999994,95.6999999999967,0.0,0.06380753138075314,0.025627615062761507,
BTO-s0-b300,bto,0.0,-1,results/es_bto/ckpt_seed0_gen00300.npz,300,0,BT-v3,10062,0,0.5,0,1,0,timeout,120.19999999999531,66.25,7.5,2.6499999999999986,120.19999999999531,0.0,0.054076539101497505,0.0,4246.022438010522
BTO-s0-b300,bto,0.0,-1,results/es_bto/ckpt_seed0_gen00300.npz,300,0,BT-v3,10062,1,1.0,1,0,0,gun_kill,112.24999999999577,100.0,0.0,3.999999999999994,112.24999999999577,0.0,0.058823529411764705,0.016042780748663103,
BTO-s0-b300,bto,0.0,-1,results/es_bto/ckpt_seed0_gen00300.npz,300,0,BT-v3,10063,0,1.0,1,0,0,gun_kill,88.49999999999712,100.0,7.5,3.999999999999994,88.49999999999712,0.0,0.025452488687782805,0.0,3636.3832050273336
BTO-s0-b300,bto,0.0,-1,results/es_bto/ckpt_seed0_gen00300.npz,300,0,BT-v3,10063,1,1.0,1,0,0,gun_kill,102.64999999999631,100.0,0.0,3.999999999999994,102.64999999999631,0.0,0.019980506822612085,0.0,
BTO-s0-b300,bto,0.0,-1,results/es_bto/ckpt_seed0_gen00300.npz,300,0,BT-v3,10064,0,0.5,0,1,0,timeout,120.19999999999531,0.0,77.5,0.0,120.19999999999531,0.0,0.02204658901830283,0.0,5103.464505749441
BTO-s0-b300,bto,0.0,-1,results/es_bto/ckpt_seed0_gen00300.npz,300,0,BT-v3,10064,1,0.5,0,1,0,timeout,120.19999999999531,27.5,0.0,1.1000000000000003,120.19999999999531,0.0,0.021630615640599003,0.0,
BTO-s0-b300,bto,0.0,-1,results/es_bto/ckpt_seed0_gen00300.npz,300,0,BT-v3,10065,0,1.0,1,0,0,gun_kill,98.24999999999656,100.0,0.0,3.999999999999994,98.24999999999656,0.0,0.038696537678207736,0.007128309572301426,3748.9880073951263
BTO-s0-b300,bto,0.0,-1,results/es_bto/ckpt_seed0_gen00300.npz,300,0,BT-v3,10065,1,0.5,0,1,0,timeout,120.19999999999531,85.0,8.75,3.399999999999996,120.19999999999531,0.0,0.03161397670549085,0.0,
BTO-s0-b300,bto,0.0,-1,results/es_bto/ckpt_seed0_gen00300.npz,300,0,BT-v3,10066,0,1.0,1,0,0,gun_kill,108.79999999999596,100.0,5.0,3.999999999999994,108.79999999999596,0.0,0.05570902394106814,0.016114180478821363,3731.1268911563434
BTO-s0-b300,bto,0.0,-1,results/es_bto/ckpt_seed0_gen00300.npz,300,0,BT-v3,10066,1,1.0,1,0,0,gun_kill,87.19999999999719,100.0,0.0,3.999999999999994,87.19999999999719,0.0,0.06091954022988506,0.005747126436781609,
BTO-s0-b300,bto,0.0,-1,results/es_bto/ckpt_seed0_gen00300.npz,300,0,BT-v3,10067,0,0.5,0,1,0,timeout,120.19999999999531,0.0,12.5,0.0,120.19999999999531,0.0,0.014975041597337771,0.0,6703.10881851645
BTO-s0-b300,bto,0.0,-1,results/es_bto/ckpt_seed0_gen00300.npz,300,0,BT-v3,10067,1,0.5,0,1,0,timeout,120.19999999999531,31.25,0.0,1.2500000000000004,120.19999999999531,0.0,0.015806988352745424,0.0,
BTO-s0-b300,bto,0.0,-1,results/es_bto/ckpt_seed0_gen00300.npz,300,0,BT-v3,10068,0,0.5,0,1,0,timeout,120.19999999999531,70.0,0.0,2.799999999999998,120.19999999999531,0.0,0.03951747088186356,0.0066555740432612314,4272.668990391119
BTO-s0-b300,bto,0.0,-1,results/es_bto/ckpt_seed0_gen00300.npz,300,0,BT-v3,10068,1,0.5,0,1,0,timeout,120.19999999999531,0.0,0.0,0.0,120.19999999999531,0.0,0.03951747088186356,0.009151414309484194,
BTO-s0-b300,bto,0.0,-1,results/es_bto/ckpt_seed0_gen00300.npz,300,0,BT-v3,10069,0,1.0,1,0,0,gun_kill,116.14999999999554,100.0,0.0,3.999999999999994,116.14999999999554,0.0,0.008620689655172414,0.01293103448275862,4293.768506985145
BTO-s0-b300,bto,0.0,-1,results/es_bto/ckpt_seed0_gen00300.npz,300,0,BT-v3,10069,1,1.0,1,0,0,gun_kill,117.19999999999548,100.0,0.0,3.999999999999994,117.19999999999548,0.0,0.008547008547008548,0.027777777777777776,
BTO-s0-b300,bto,0.0,-1,results/es_bto/ckpt_seed0_gen00300.npz,300,0,BT-v3,10070,0,1.0,1,0,0,gun_kill,111.89999999999579,100.0,0.0,3.999999999999994,111.89999999999579,0.0,0.011627906976744186,0.004472271914132379,4737.927085013961
BTO-s0-b300,bto,0.0,-1,results/es_bto/ckpt_seed0_gen00300.npz,300,0,BT-v3,10070,1,1.0,1,0,0,gun_kill,116.29999999999553,100.0,7.5,3.999999999999994,116.29999999999553,0.0,0.012478485370051634,0.011187607573149742,
BTO-s0-b300,bto,0.0,-1,results/es_bto/ckpt_seed0_gen00300.npz,300,0,BT-v3,10071,0,0.5,0,1,0,timeout,120.19999999999531,36.25,0.0,1.4500000000000006,120.19999999999531,0.0,0.0,0.0,4212.655196286909
BTO-s0-b300,bto,0.0,-1,results/es_bto/ckpt_seed0_gen00300.npz,300,0,BT-v3,10071,1,1.0,1,0,0,gun_kill,109.9499999999959,100.0,0.0,3.999999999999994,109.9499999999959,0.0,0.0,0.0,
BTO-s0-b300,bto,0.0,-1,results/es_bto/ckpt_seed0_gen00300.npz,300,0,BT-v3,10072,0,1.0,1,0,0,gun_kill,112.04999999999578,100.0,26.25,3.999999999999994,112.04999999999578,0.0,0.0,0.006696428571428571,4020.8961755841206
BTO-s0-b300,bto,0.0,-1,results/es_bto/ckpt_seed0_gen00300.npz,300,0,BT-v3,10072,1,1.0,1,0,0,gun_kill,94.74999999999676,100.0,0.0,3.999999999999994,94.74999999999676,0.0,0.0,0.0,
BTO-s0-b300,bto,0.0,-1,results/es_bto/ckpt_seed0_gen00300.npz,300,0,BT-v3,10073,0,0.5,0,1,0,timeout,120.19999999999531,0.0,8.75,0.0,120.19999999999531,0.0,0.03826955074875208,0.0,4476.991465530084
BTO-s0-b300,bto,0.0,-1,results/es_bto/ckpt_seed0_gen00300.npz,300,0,BT-v3,10073,1,0.5,0,1,0,collision,15.250000000000082,0.0,0.0,0.0,15.250000000000082,0.0,0.3026315789473684,0.029605263157894735,
BTO-s0-b300,bto,0.0,-1,results/es_bto/ckpt_seed0_gen00300.npz,300,0,BT-v3,10074,0,0.5,0,1,0,timeout,120.19999999999531,43.75,0.0,1.7500000000000009,120.19999999999531,0.0,0.05033277870216306,0.0,4941.12886331386
BTO-s0-b300,bto,0.0,-1,results/es_bto/ckpt_seed0_gen00300.npz,300,0,BT-v3,10074,1,0.5,0,1,0,timeout,120.19999999999531,0.0,0.0,0.0,120.19999999999531,0.0,0.04284525790349417,0.0,
BTO-s0-b300,bto,0.0,-1,results/es_bto/ckpt_seed0_gen00300.npz,300,0,BT-v3,10075,0,1.0,1,0,0,gun_kill,112.24999999999577,100.0,0.0,3.999999999999994,112.24999999999577,0.0,0.023172905525846704,0.016488413547237075,4600.885265425521
BTO-s0-b300,bto,0.0,-1,results/es_bto/ckpt_seed0_gen00300.npz,300,0,BT-v3,10075,1,0.5,0,1,0,timeout,120.19999999999531,80.0,0.0,3.1999999999999966,120.19999999999531,0.0,0.02329450915141431,0.0,
BTO-s0-b300,bto,0.0,-1,results/es_bto/ckpt_seed0_gen00300.npz,300,0,BT-v3,10076,0,0.5,0,1,0,timeout,120.19999999999531,90.0,0.0,3.599999999999995,120.19999999999531,0.0,0.020798668885191347,0.0,4240.599919167623
BTO-s0-b300,bto,0.0,-1,results/es_bto/ckpt_seed0_gen00300.npz,300,0,BT-v3,10076,1,0.5,0,1,0,timeout,120.19999999999531,0.0,0.0,0.0,120.19999999999531,0.0,0.020798668885191347,0.004159733777038269,
BTO-s0-b300,bto,0.0,-1,results/es_bto/ckpt_seed0_gen00300.npz,300,0,BT-v3,10077,0,1.0,1,0,0,gun_kill,90.14999999999702,100.0,0.0,3.999999999999994,90.14999999999702,0.0,0.02666666666666667,0.0,3571.580986289996
BTO-s0-b300,bto,0.0,-1,results/es_bto/ckpt_seed0_gen00300.npz,300,0,BT-v3,10077,1,1.0,1,0,0,gun_kill,104.14999999999623,100.0,0.0,3.999999999999994,104.14999999999623,0.0,0.020192307692307693,0.0,
BTO-s0-b300,bto,0.0,-1,results/es_bto/ckpt_seed0_gen00300.npz,300,0,BT-v3,10078,0,0.5,0,1,0,timeout,120.19999999999531,0.0,0.0,0.0,120.19999999999531,0.0,0.04284525790349417,0.0,4949.5319585466905
BTO-s0-b300,bto,0.0,-1,results/es_bto/ckpt_seed0_gen00300.npz,300,0,BT-v3,10078,1,0.5,0,1,0,timeout,120.19999999999531,37.5,0.0,1.5000000000000007,120.19999999999531,0.0,0.03618968386023295,0.0033277870216306157,
BTO-s0-b300,bto,0.0,-1,results/es_bto/ckpt_seed0_gen00300.npz,300,0,BT-v3,10079,0,1.0,1,0,0,gun_kill,95.99999999999669,100.0,0.0,3.999999999999994,95.99999999999669,0.0,0.0,0.003131524008350731,4257.283021738325
BTO-s0-b300,bto,0.0,-1,results/es_bto/ckpt_seed0_gen00300.npz,300,0,BT-v3,10079,1,1.0,1,0,0,gun_kill,112.14999999999577,100.0,8.75,3.999999999999994,112.14999999999577,0.0,0.0,0.005803571428571429,
BTO-s0-b300,bto,0.0,-1,results/es_bto/ckpt_seed0_gen00300.npz,300,0,BT-v3,10080,0,1.0,1,0,0,gun_kill,110.94999999999584,100.0,0.0,3.999999999999994,110.94999999999584,0.0,0.018501805054151624,0.0,3589.463907900288
BTO-s0-b300,bto,0.0,-1,results/es_bto/ckpt_seed0_gen00300.npz,300,0,BT-v3,10080,1,1.0,1,0,0,gun_kill,89.89999999999704,100.0,0.0,3.999999999999994,89.89999999999704,0.0,0.022828507795100223,0.013919821826280624,
BTO-s0-b300,bto,0.0,-1,results/es_bto/ckpt_seed0_gen00300.npz,300,0,BT-v3,10081,0,0.5,0,1,0,collision,20.65000000000016,0.0,0.0,0.0,20.65000000000016,0.0,0.0,0.019417475728155338,5930.365184656056
BTO-s0-b300,bto,0.0,-1,results/es_bto/ckpt_seed0_gen00300.npz,300,0,BT-v3,10081,1,0.5,0,1,0,timeout,120.19999999999531,0.0,6.25,0.0,120.19999999999531,0.0,0.0,0.0037437603993344427,
BTO-s0-b300,bto,0.0,-1,results/es_bto/ckpt_seed0_gen00300.npz,300,0,BT-v3,10082,0,1.0,1,0,0,gun_kill,113.3499999999957,100.0,0.0,3.999999999999994,113.3499999999957,0.0,0.02075971731448763,0.0,4136.978200193336
BTO-s0-b300,bto,0.0,-1,results/es_bto/ckpt_seed0_gen00300.npz,300,0,BT-v3,10082,1,1.0,1,0,0,gun_kill,113.79999999999568,100.0,0.0,3.999999999999994,113.79999999999568,0.0,0.02068661971830986,0.007922535211267605,
BTO-s0-b300,bto,0.0,-1,results/es_bto/ckpt_seed0_gen00300.npz,300,0,BT-v3,10083,0,1.0,1,0,0,gun_kill,110.44999999999587,100.0,0.0,3.999999999999994,110.44999999999587,0.0,0.05253623188405797,0.00588768115942029,4446.5455547573465
BTO-s0-b300,bto,0.0,-1,results/es_bto/ckpt_seed0_gen00300.npz,300,0,BT-v3,10083,1,1.0,1,0,0,gun_kill,110.09999999999589,100.0,0.0,3.999999999999994,110.09999999999589,0.0,0.04772727272727273,0.004090909090909091,
BTO-s0-b300,bto,0.0,-1,results/es_bto/ckpt_seed0_gen00300.npz,300,0,BT-v3,10084,0,1.0,1,0,0,gun_kill,107.49999999999604,100.0,0.0,3.999999999999994,107.49999999999604,0.0,0.0,0.008845437616387336,4439.350768926301
BTO-s0-b300,bto,0.0,-1,results/es_bto/ckpt_seed0_gen00300.npz,300,0,BT-v3,10084,1,0.5,0,1,0,collision,4.99999999999999,0.0,0.0,0.0,4.99999999999999,0.0,0.0,0.08333333333333333,
BTO-s0-b300,bto,0.0,-1,results/es_bto/ckpt_seed0_gen00300.npz,300,0,BT-v3,10085,0,1.0,1,0,0,gun_kill,97.99999999999658,100.0,0.0,3.999999999999994,97.99999999999658,0.0,0.0,0.007157464212678937,4345.932525073138
BTO-s0-b300,bto,0.0,-1,results/es_bto/ckpt_seed0_gen00300.npz,300,0,BT-v3,10085,1,0.5,0,1,0,timeout,120.19999999999531,92.5,13.75,3.699999999999995,120.19999999999531,0.0,0.0,0.0,
BTO-s0-b300,bto,0.0,-1,results/es_bto/ckpt_seed0_gen00300.npz,300,0,BT-v3,10086,0,1.0,1,0,0,gun_kill,110.19999999999588,100.0,0.0,3.999999999999994,110.19999999999588,0.0,0.0,0.0,4487.011608024979
BTO-s0-b300,bto,0.0,-1,results/es_bto/ckpt_seed0_gen00300.npz,300,0,BT-v3,10086,1,0.5,0,1,0,timeout,120.19999999999531,57.5,0.0,2.3,120.19999999999531,0.0,0.0,0.004575707154742097,
BTO-s0-b300,bto,0.0,-1,results/es_bto/ckpt_seed0_gen00300.npz,300,0,BT-v3,10087,0,0.5,0,1,0,timeout,120.19999999999531,85.0,0.0,3.399999999999996,120.19999999999531,0.0,0.033277870216306155,0.0037437603993344427,4013.0177013326734
BTO-s0-b300,bto,0.0,-1,results/es_bto/ckpt_seed0_gen00300.npz,300,0,BT-v3,10087,1,0.5,0,1,0,collision,3.999999999999994,0.0,0.0,0.0,3.999999999999994,0.0,0.4473684210526316,0.06578947368421052,
BTO-s0-b300,bto,0.0,-1,results/es_bto/ckpt_seed0_gen00300.npz,300,0,BT-v3,10088,0,1.0,1,0,0,gun_kill,114.54999999999563,100.0,0.0,3.999999999999994,114.54999999999563,0.0,0.0,0.003933566433566434,3983.6031277715556
BTO-s0-b300,bto,0.0,-1,results/es_bto/ckpt_seed0_gen00300.npz,300,0,BT-v3,10088,1,1.0,1,0,0,gun_kill,113.59999999999569,100.0,0.0,3.999999999999994,113.59999999999569,0.0,0.0,0.006172839506172839,
BTO-s0-b300,bto,0.0,-1,results/es_bto/ckpt_seed0_gen00300.npz,300,0,BT-v3,10089,0,1.0,1,0,0,gun_kill,26.45000000000024,100.0,0.0,3.999999999999994,26.45000000000024,0.0,0.0,0.0,6295.039332790229
BTO-s0-b300,bto,0.0,-1,results/es_bto/ckpt_seed0_gen00300.npz,300,0,BT-v3,10089,1,0.5,0,1,0,timeout,120.19999999999531,0.0,0.0,0.0,120.19999999999531,0.0,0.0,0.0,
BTO-s0-b300,bto,0.0,-1,results/es_bto/ckpt_seed0_gen00300.npz,300,0,BT-v3,10090,0,1.0,1,0,0,gun_kill,63.34999999999854,100.0,0.0,3.999999999999994,63.34999999999854,0.0,0.027689873417721517,0.03639240506329114,3915.755319584585
BTO-s0-b300,bto,0.0,-1,results/es_bto/ckpt_seed0_gen00300.npz,300,0,BT-v3,10090,1,1.0,1,0,0,gun_kill,92.59999999999688,100.0,0.0,3.999999999999994,92.59999999999688,0.0,0.01893939393939394,0.0,
BTO-s0-b300,bto,0.0,-1,results/es_bto/ckpt_seed0_gen00300.npz,300,0,BT-v3,10091,0,1.0,1,0,0,gun_kill,106.49999999999609,100.0,0.0,3.999999999999994,106.49999999999609,0.0,0.06954887218045112,0.01738721804511278,3673.1295569103604
BTO-s0-b300,bto,0.0,-1,results/es_bto/ckpt_seed0_gen00300.npz,300,0,BT-v3,10091,1,1.0,1,0,0,gun_kill,106.79999999999607,100.0,2.5,3.999999999999994,106.79999999999607,0.0,0.08067542213883677,0.0,
BTO-s0-b300,bto,0.0,-1,results/es_bto/ckpt_seed0_gen00300.npz,300,0,BT-v3,10092,0,0.5,0,1,0,collision,4.3499999999999925,0.0,6.25,0.0,4.3499999999999925,0.0,0.0,0.08333333333333333,6548.927757126896
BTO-s0-b300,bto,0.0,-1,results/es_bto/ckpt_seed0_gen00300.npz,300,0,BT-v3,10092,1,0.5,0,1,0,collision,4.3499999999999925,3.75,0.0,0.15000000000000002,4.3499999999999925,0.0,0.0,0.09523809523809523,
BTO-s0-b300,bto,0.0,-1,results/es_bto/ckpt_seed0_gen00300.npz,300,0,BT-v3,10093,0,1.0,1,0,0,gun_kill,108.69999999999597,100.0,0.0,3.999999999999994,108.69999999999597,0.0,0.0,0.0,5298.348328238286
BTO-s0-b300,bto,0.0,-1,results/es_bto/ckpt_seed0_gen00300.npz,300,0,BT-v3,10093,1,0.5,0,1,0,timeout,120.19999999999531,0.0,58.75,0.0,120.19999999999531,0.0,0.0,0.0,
BTO-s0-b300,bto,0.0,-1,results/es_bto/ckpt_seed0_gen00300.npz,300,0,BT-v3,10094,0,1.0,1,0,0,gun_kill,87.99999999999714,100.0,0.0,3.999999999999994,87.99999999999714,0.0,0.0785876993166287,0.0,3575.2881379820033
BTO-s0-b300,bto,0.0,-1,results/es_bto/ckpt_seed0_gen00300.npz,300,0,BT-v3,10094,1,1.0,1,0,0,gun_kill,94.39999999999678,100.0,0.0,3.999999999999994,94.39999999999678,0.0,0.07112526539278131,0.0,
BTO-s0-b300,bto,0.0,-1,results/es_bto/ckpt_seed0_gen00300.npz,300,0,BT-v3,10095,0,0.5,0,1,0,timeout,120.19999999999531,0.0,0.0,0.0,120.19999999999531,0.0,0.0,0.0,4601.5069869116
BTO-s0-b300,bto,0.0,-1,results/es_bto/ckpt_seed0_gen00300.npz,300,0,BT-v3,10095,1,1.0,1,0,0,gun_kill,110.99999999999584,100.0,0.0,3.999999999999994,110.99999999999584,0.0,0.0,0.00315884476534296,
BTO-s0-b300,bto,0.0,-1,results/es_bto/ckpt_seed0_gen00300.npz,300,0,BT-v3,10096,0,0.5,0,1,0,timeout,120.19999999999531,23.75,0.0,0.9500000000000003,120.19999999999531,0.0,0.05449251247920133,0.0,3734.1087082815684
BTO-s0-b300,bto,0.0,-1,results/es_bto/ckpt_seed0_gen00300.npz,300,0,BT-v3,10096,1,1.0,1,0,0,gun_kill,101.44999999999638,100.0,0.0,3.999999999999994,101.44999999999638,0.0,0.07347140039447732,0.0,
BTO-s0-b300,bto,0.0,-1,results/es_bto/ckpt_seed0_gen00300.npz,300,0,BT-v3,10097,0,1.0,1,0,0,gun_kill,112.64999999999574,100.0,0.0,3.999999999999994,112.64999999999574,0.0,0.0497335701598579,0.0,4350.3427155304635
BTO-s0-b300,bto,0.0,-1,results/es_bto/ckpt_seed0_gen00300.npz,300,0,BT-v3,10097,1,0.5,0,1,0,timeout,120.19999999999531,77.5,0.0,3.099999999999997,120.19999999999531,0.0,0.058652246256239604,0.0,
BTO-s0-b300,bto,0.0,-1,results/es_bto/ckpt_seed0_gen00300.npz,300,0,BT-v3,10098,0,1.0,1,0,0,gun_kill,103.74999999999625,100.0,0.0,3.999999999999994,103.74999999999625,0.0,0.024613899613899613,0.01447876447876448,3449.7469072587023
BTO-s0-b300,bto,0.0,-1,results/es_bto/ckpt_seed0_gen00300.npz,300,0,BT-v3,10098,1,1.0,1,0,0,gun_kill,104.24999999999622,100.0,0.0,3.999999999999994,104.24999999999622,0.0,0.024472168905950095,0.008637236084452975,
BTO-s0-b300,bto,0.0,-1,results/es_bto/ckpt_seed0_gen00300.npz,300,0,BT-v3,10099,0,1.0,1,0,0,gun_kill,105.49999999999615,100.0,0.0,3.999999999999994,105.49999999999615,0.0,0.0,0.009013282732447819,3617.4466698935644
BTO-s0-b300,bto,0.0,-1,results/es_bto/ckpt_seed0_gen00300.npz,300,0,BT-v3,10099,1,1.0,1,0,0,gun_kill,101.59999999999637,100.0,8.75,3.999999999999994,101.59999999999637,0.0,0.0,0.0,
BTO-s1-b300,bto,0.0,-1,results/es_bto/ckpt_seed1_gen00300.npz,300,1,BT-v2,10000,0,0.5,0,1,0,timeout,120.19999999999531,0.0,0.0,0.0,120.19999999999531,0.0,0.024126455906821963,0.0,4520.897806116362
BTO-s1-b300,bto,0.0,-1,results/es_bto/ckpt_seed1_gen00300.npz,300,1,BT-v2,10000,1,0.5,0,1,0,timeout,120.19999999999531,5.0,0.0,0.2,120.19999999999531,0.0,0.02454242928452579,0.0,
BTO-s1-b300,bto,0.0,-1,results/es_bto/ckpt_seed1_gen00300.npz,300,1,BT-v2,10001,0,0.5,0,1,0,timeout,120.19999999999531,0.0,90.0,0.0,120.19999999999531,0.0,0.0,0.0,5228.300095444514
BTO-s1-b300,bto,0.0,-1,results/es_bto/ckpt_seed1_gen00300.npz,300,1,BT-v2,10001,1,0.5,0,1,0,timeout,120.19999999999531,75.0,0.0,2.9999999999999973,120.19999999999531,0.0,0.0,0.0,
BTO-s1-b300,bto,0.0,-1,results/es_bto/ckpt_seed1_gen00300.npz,300,1,BT-v2,10002,0,0.0,0,0,1,gun_kill,116.14999999999554,0.0,100.0,0.0,116.14999999999554,0.0,0.04396551724137931,0.003017241379310345,3980.281753946317
BTO-s1-b300,bto,0.0,-1,results/es_bto/ckpt_seed1_gen00300.npz,300,1,BT-v2,10002,1,0.5,0,1,0,timeout,120.19999999999531,0.0,42.5,0.0,120.19999999999531,0.0,0.049500831946755405,0.008319467554076539,
BTO-s1-b300,bto,0.0,-1,results/es_bto/ckpt_seed1_gen00300.npz,300,1,BT-v2,10003,0,0.5,0,1,0,timeout,120.19999999999531,0.0,5.0,0.0,120.19999999999531,0.0,0.07362728785357738,0.0,5214.354985200729
BTO-s1-b300,bto,0.0,-1,results/es_bto/ckpt_seed1_gen00300.npz,300,1,BT-v2,10003,1,0.5,0,1,0,timeout,120.19999999999531,6.25,0.0,0.25,120.19999999999531,0.0,0.08153078202995008,0.0,
BTO-s1-b300,bto,0.0,-1,results/es_bto/ckpt_seed1_gen00300.npz,300,1,BT-v2,10004,0,0.0,0,0,1,gun_kill,20.80000000000016,0.0,100.0,0.0,20.80000000000016,0.0,0.09951456310679611,0.0,5546.149956970197
BTO-s1-b300,bto,0.0,-1,results/es_bto/ckpt_seed1_gen00300.npz,300,1,BT-v2,10004,1,0.5,0,1,0,timeout,120.19999999999531,40.0,0.0,1.6000000000000008,120.19999999999531,0.0,0.034525790349417634,0.0,
BTO-s1-b300,bto,0.0,-1,results/es_bto/ckpt_seed1_gen00300.npz,300,1,BT-v2,10005,0,0.5,0,1,0,timeout,120.19999999999531,0.0,78.75,0.0,120.19999999999531,0.0,0.16139767054908485,0.0,4004.987208638239
BTO-s1-b300,bto,0.0,-1,results/es_bto/ckpt_seed1_gen00300.npz,300,1,BT-v2,10005,1,0.0,0,0,1,gun_kill,117.04999999999549,18.75,100.0,0.7500000000000001,117.04999999999549,0.0,0.16623931623931623,0.014957264957264958,
BTO-s1-b300,bto,0.0,-1,results/es_bto/ckpt_seed1_gen00300.npz,300,1,BT-v2,10006,0,0.0,0,0,1,gun_kill,111.04999999999583,0.0,100.0,0.0,111.04999999999583,0.0,0.026126126126126126,0.0,4376.978976491552
BTO-s1-b300,bto,0.0,-1,results/es_bto/ckpt_seed1_gen00300.npz,300,1,BT-v2,10006,1,0.5,0,1,0,timeout,120.19999999999531,8.75,32.5,0.35,120.19999999999531,0.0,0.022878535773710483,0.0,
BTO-s1-b300,bto,0.0,-1,results/es_bto/ckpt_seed1_gen00300.npz,300,1,BT-v2,10007,0,0.5,0,1,0,timeout,120.19999999999531,0.0,56.25,0.0,120.19999999999531,0.0,0.01913477537437604,0.0,4673.247713037488
BTO-s1-b300,bto,0.0,-1,results/es_bto/ckpt_seed1_gen00300.npz,300,1,BT-v2,10007,1,0.5,0,1,0,timeout,120.19999999999531,0.0,11.25,0.0,120.19999999999531,0.0,0.06655574043261231,0.0037437603993344427,
BTO-s1-b300,bto,0.0,-1,results/es_bto/ckpt_seed1_gen00300.npz,300,1,BT-v2,10008,0,0.5,0,1,0,timeout,120.19999999999531,0.0,2.5,0.0,120.19999999999531,0.0,0.06198003327787022,0.0,4106.684984740372
BTO-s1-b300,bto,0.0,-1,results/es_bto/ckpt_seed1_gen00300.npz,300,1,BT-v2,10008,1,0.5,0,1,0,timeout,120.19999999999531,7.5,0.0,0.3,120.19999999999531,0.0,0.06697171381031614,0.0,
BTO-s1-b300,bto,0.0,-1,results/es_bto/ckpt_seed1_gen00300.npz,300,1,BT-v2,10009,0,0.5,0,1,0,timeout,120.19999999999531,0.0,0.0,0.0,120.19999999999531,0.0,0.027038269550748752,0.005407653910149751,4445.197222133432
BTO-s1-b300,bto,0.0,-1,results/es_bto/ckpt_seed1_gen00300.npz,300,1,BT-v2,10009,1,0.5,0,1,0,timeout,120.19999999999531,16.25,0.0,0.65,120.19999999999531,0.0,0.027038269550748752,0.004991680532445923,
BTO-s1-b300,bto,0.0,-1,results/es_bto/ckpt_seed1_gen00300.npz,300,1,BT-v2,10010,0,0.0,0,0,1,gun_kill,117.59999999999546,13.75,100.0,0.5499999999999999,117.59999999999546,0.0,0.09880749574105621,0.023424190800681432,3414.0158930174653
BTO-s1-b300,bto,0.0,-1,results/es_bto/ckpt_seed1_gen00300.npz,300,1,BT-v2,10010,1,0.0,0,0,1,gun_kill,86.34999999999724,0.0,100.0,0.0,86.34999999999724,0.0,0.11310904872389792,0.015661252900232018,
BTO-s1-b300,bto,0.0,-1,results/es_bto/ckpt_seed1_gen00300.npz,300,1,BT-v2,10011,0,0.5,0,1,0,timeout,120.19999999999531,0.0,0.0,0.0,120.19999999999531,0.0,0.0,0.0,5069.605557221189
BTO-s1-b300,bto,0.0,-1,results/es_bto/ckpt_seed1_gen00300.npz,300,1,BT-v2,10011,1,0.5,0,1,0,timeout,120.19999999999531,0.0,0.0,0.0,120.19999999999531,0.0,0.0024958402662229617,0.0,
BTO-s1-b300,bto,0.0,-1,results/es_bto/ckpt_seed1_gen00300.npz,300,1,BT-v2,10012,0,0.0,0,0,1,gun_kill,116.04999999999555,0.0,100.0,0.0,116.04999999999555,0.0,0.0939655172413793,0.0,3757.024224209335
BTO-s1-b300,bto,0.0,-1,results/es_bto/ckpt_seed1_gen00300.npz,300,1,BT-v2,10012,1,0.0,0,0,1,gun_kill,116.69999999999551,20.0,100.0,0.8000000000000002,116.69999999999551,0.0,0.13850771869639794,0.01758147512864494,
BTO-s1-b300,bto,0.0,-1,results/es_bto/ckpt_seed1_gen00300.npz,300,1,BT-v2,10013,0,0.5,0,1,0,timeout,120.19999999999531,0.0,0.0,0.0,120.19999999999531,0.0,0.033277870216306155,0.0,4398.880538257032
BTO-s1-b300,bto,0.0,-1,results/es_bto/ckpt_seed1_gen00300.npz,300,1,BT-v2,10013,1,0.5,0,1,0,timeout,120.19999999999531,0.0,88.75,0.0,120.19999999999531,0.0,0.051580698835274545,0.0,
BTO-s1-b300,bto,0.0,-1,results/es_bto/ckpt_seed1_gen00300.npz,300,1,BT-v2,10014,0,0.5,0,1,0,timeout,120.19999999999531,0.0,0.0,0.0,120.19999999999531,0.0,0.0,0.0,4649.380490008136
BTO-s1-b300,bto,0.0,-1,results/es_bto/ckpt_seed1_gen00300.npz,300,1,BT-v2,10014,1,0.5,0,1,0,timeout,120.19999999999531,0.0,0.0,0.0,120.19999999999531,0.0,0.0,0.004991680532445923,
BTO-s1-b300,bto,0.0,-1,results/es_bto/ckpt_seed1_gen00300.npz,300,1,BT-v2,10015,0,0.0,0,0,1,gun_kill,118.09999999999543,0.0,100.0,0.0,118.09999999999543,0.0,0.011440677966101695,0.0,4306.581318039495
BTO-s1-b300,bto,0.0,-1,results/es_bto/ckpt_seed1_gen00300.npz,300,1,BT-v2,10015,1,0.5,0,1,0,timeout,120.19999999999531,41.25,22.5,1.6500000000000008,120.19999999999531,0.0,0.011231281198003328,0.0,
BTO-s1-b300,bto,0.0,-1,results/es_bto/ckpt_seed1_gen00300.npz,300,1,BT-v2,10016,0,0.5,0,1,0,timeout,120.19999999999531,6.25,85.0,0.25,120.19999999999531,0.0,0.0324459234608985,0.004575707154742097,3927.3440653932244
BTO-s1-b300,bto,0.0,-1,results/es_bto/ckpt_seed1_gen00300.npz,300,1,BT-v2,10016,1,0.5,0,1,0,timeout,120.19999999999531,0.0,75.0,0.0,120.19999999999531,0.0,0.029118136439267885,0.0,
BTO-s1-b300,bto,0.0,-1,results/es_bto/ckpt_seed1_gen00300.npz,300,1,BT-v2,10017,0,0.0,0,0,1,gun_kill,24.450000000000212,0.0,100.0,0.0,24.450000000000212,0.0,0.13934426229508196,0.0,5776.620270962858
BTO-s1-b300,bto,0.0,-1,results/es_bto/ckpt_seed1_gen00300.npz,300,1,BT-v2,10017,1,0.5,0,1,0,timeout,120.19999999999531,68.75,0.0,2.7499999999999982,120.19999999999531,0.0,0.04409317803660566,0.0,
BTO-s1-b300,bto,0.0,-1,results/es_bto/ckpt_seed1_gen00300.npz,300,1,BT-v2,10018,0,0.5,0,1,0,timeout,120.19999999999531,0.0,93.75,0.0,120.19999999999531,0.0,0.02870216306156406,0.0,4063.786760870058
BTO-s1-b300,bto,0.0,-1,results/es_bto/ckpt_seed1_gen00300.npz,300,1,BT-v2,10018,1,0.5,0,1,0,timeout,120.19999999999531,0.0,42.5,0.0,120.19999999999531,0.0,0.029534109816971715,0.0,
BTO-s1-b300,bto,0.0,-1,results/es_bto/ckpt_seed1_gen00300.npz,300,1,BT-v2,10019,0,0.5,0,1,0,timeout,120.19999999999531,0.0,57.5,0.0,120.19999999999531,0.0,0.018718801996672214,0.01747088186356073,4250.913943102883
BTO-s1-b300,bto,0.0,-1,results/es_bto/ckpt_seed1_gen00300.npz,300,1,BT-v2,10019,1,0.5,0,1,0,timeout,120.19999999999531,0.0,0.0,0.0,120.19999999999531,0.0,0.007903494176372712,0.018718801996672214,
BTO-s1-b300,bto,0.0,-1,results/es_bto/ckpt_seed1_gen00300.npz,300,1,BT-v2,10020,0,0.5,0,1,0,timeout,120.19999999999531,0.0,0.0,0.0,120.19999999999531,0.0,0.0,0.0,4797.251923915959
BTO-s1-b300,bto,0.0,-1,results/es_bto/ckpt_seed1_gen00300.npz,300,1,BT-v2,10020,1,0.5,0,1,0,timeout,120.19999999999531,0.0,0.0,0.0,120.19999999999531,0.0,0.0,0.015391014975041598,
BTO-s1-b300,bto,0.0,-1,results/es_bto/ckpt_seed1_gen00300.npz,300,1,BT-v2,10021,0,0.5,0,1,0,timeout,120.19999999999531,0.0,42.5,0.0,120.19999999999531,0.0,0.10149750415973377,0.0,3820.3424186654593
BTO-s1-b300,bto,0.0,-1,results/es_bto/ckpt_seed1_gen00300.npz,300,1,BT-v2,10021,1,0.0,0,0,1,gun_kill,116.8499999999955,5.0,100.0,0.2,116.8499999999955,0.0,0.10316780821917808,0.0,
BTO-s1-b300,bto,0.0,-1,results/es_bto/ckpt_seed1_gen00300.npz,300,1,BT-v2,10022,0,0.5,0,1,0,timeout,120.19999999999531,3.75,0.0,0.15000000000000002,120.19999999999531,0.0,0.0370216306156406,0.013311148086522463,4687.62187481674
BTO-s1-b300,bto,0.0,-1,results/es_bto/ckpt_seed1_gen00300.npz,300,1,BT-v2,10022,1,0.5,0,1,0,timeout,120.19999999999531,0.0,0.0,0.0,120.19999999999531,0.0,0.03577371048252912,0.007903494176372712,
BTO-s1-b300,bto,0.0,-1,results/es_bto/ckpt_seed1_gen00300.npz,300,1,BT-v2,10023,0,0.5,0,1,0,timeout,120.19999999999531,0.0,0.0,0.0,120.19999999999531,0.0,0.036605657237936774,0.0,5051.6476604868085
BTO-s1-b300,bto,0.0,-1,results/es_bto/ckpt_seed1_gen00300.npz,300,1,BT-v2,10023,1,0.5,0,1,0,timeout,120.19999999999531,0.0,0.0,0.0,120.19999999999531,0.0,0.040349417637271213,0.0,
BTO-s1-b300,bto,0.0,-1,results/es_bto/ckpt_seed1_gen00300.npz,300,1,BT-v2,10024,0,0.0,0,0,1,gun_kill,107.14999999999606,13.75,100.0,0.5499999999999999,107.14999999999606,0.0,0.06448598130841121,0.004205607476635514,4002.9311105462793
BTO-s1-b300,bto,0.0,-1,results/es_bto/ckpt_seed1_gen00300.npz,300,1,BT-v2,10024,1,0.0,0,0,1,gun_kill,92.3999999999969,0.0,100.0,0.0,92.3999999999969,0.0,0.06778741865509762,0.0,
BTO-s1-b300,bto,0.0,-1,results/es_bto/ckpt_seed1_gen00300.npz,300,1,BT-v2,10025,0,0.5,0,1,0,timeout,120.19999999999531,0.0,0.0,0.0,120.19999999999531,0.0,0.03369384359400998,0.0024958402662229617,5287.490276427519
BTO-s1-b300,bto,0.0,-1,results/es_bto/ckpt_seed1_gen00300.npz,300,1,BT-v2,10025,1,0.5,0,1,0,timeout,120.19999999999531,8.75,0.0,0.35,120.19999999999531,0.0,0.03369384359400998,0.0,
BTO-s1-b300,bto,0.0,-1,results/es_bto/ckpt_seed1_gen00300.npz,300,1,BT-v2,10026,0,0.5,0,1,0,timeout,120.19999999999531,7.5,0.0,0.3,120.19999999999531,0.0,0.11772046589018303,0.0,4174.001934412773
BTO-s1-b300,bto,0.0,-1,results/es_bto/ckpt_seed1_gen00300.npz,300,1,BT-v2,10026,1,0.5,0,1,0,timeout,120.19999999999531,0.0,83.75,0.0,120.19999999999531,0.0,0.064891846921797,0.0,
BTO-s1-b300,bto,0.0,-1,results/es_bto/ckpt_seed1_gen00300.npz,300,1,BT-v2,10027,0,0.0,0,0,1,gun_kill,104.14999999999623,21.25,100.0,0.8500000000000002,104.14999999999623,0.0,0.23413461538461539,0.023557692307692307,3554.732165263328
BTO-s1-b300,bto,0.0,-1,results/es_bto/ckpt_seed1_gen00300.npz,300,1,BT-v2,10027,1,0.0,0,0,1,gun_kill,74.24999999999793,0.0,100.0,0.0,74.24999999999793,0.0,0.261455525606469,0.0,
BTO-s1-b300,bto,0.0,-1,results/es_bto/ckpt_seed1_gen00300.npz,300,1,BT-v2,10028,0,0.0,0,0,1,gun_kill,107.94999999999601,0.0,100.0,0.0,107.94999999999601,0.0,0.00046382189239332097,0.0027829313543599257,4286.057863206211
BTO-s1-b300,bto,0.0,-1,results/es_bto/ckpt_seed1_gen00300.npz,300,1,BT-v2,10028,1,0.5,0,1,0,timeout,120.19999999999531,35.0,67.5,1.4000000000000006,120.19999999999531,0.0,0.03036605657237937,0.007903494176372712,
BTO-s1-b300,bto,0.0,-1,results/es_bto/ckpt_seed1_gen00300.npz,300,1,BT-v2,10029,0,0.5,0,1,0,timeout,120.19999999999531,0.0,32.5,0.0,120.19999999999531,0.0,0.011231281198003328,0.0,4316.002863481368
BTO-s1-b300,bto,0.0,-1,results/es_bto/ckpt_seed1_gen00300.npz,300,1,BT-v2,10029,1,0.5,0,1,0,timeout,120.19999999999531,0.0,58.75,0.0,120.19999999999531,0.0,0.022878535773710483,0.0,
BTO-s1-b300,bto,0.0,-1,results/es_bto/ckpt_seed1_gen00300.npz,300,1,BT-v2,10030,0,0.0,0,0,1,gun_kill,112.79999999999573,0.0,100.0,0.0,112.79999999999573,0.0,0.12566607460035523,0.0,3980.082828924107
BTO-s1-b300,bto,0.0,-1,results/es_bto/ckpt_seed1_gen00300.npz,300,1,BT-v2,10030,1,0.0,0,0,1,gun_kill,112.44999999999575,0.0,100.0,0.0,112.44999999999575,0.0,0.12366548042704627,0.0,
BTO-s1-b300,bto,0.0,-1,results/es_bto/ckpt_seed1_gen00300.npz,300,1,BT-v2,10031,0,0.0,0,0,1,gun_kill,112.44999999999575,0.0,100.0,0.0,112.44999999999575,0.0,0.1298932384341637,0.0,3831.84856716668
BTO-s1-b300,bto,0.0,-1,results/es_bto/ckpt_seed1_gen00300.npz,300,1,BT-v2,10031,1,0.0,0,0,1,gun_kill,100.84999999999641,0.0,100.0,0.0,100.84999999999641,0.0,0.1349206349206349,0.0,
BTO-s1-b300,bto,0.0,-1,results/es_bto/ckpt_seed1_gen00300.npz,300,1,BT-v2,10032,0,0.5,0,1,0,collision,17.15000000000011,0.0,0.0,0.0,17.15000000000011,0.0,0.18235294117647058,0.026470588235294117,4744.812130845724
BTO-s1-b300,bto,0.0,-1,results/es_bto/ckpt_seed1_gen00300.npz,300,1,BT-v2,10032,1,0.5,0,1,0,collision,16.5000000000001,0.0,0.0,0.0,16.5000000000001,0.0,0.18902439024390244,0.03048780487804878,
BTO-s1-b300,bto,0.0,-1,results/es_bto/ckpt_seed1_gen00300.npz,300,1,BT-v2,10033,0,0.5,0,1,0,timeout,120.19999999999531,2.5,0.0,0.1,120.19999999999531,0.0,0.026622296173044926,0.0,4490.92366417355
BTO-s1-b300,bto,0.0,-1,results/es_bto/ckpt_seed1_gen00300.npz,300,1,BT-v2,10033,1,0.5,0,1,0,collision,4.149999999999993,0.0,1.25,0.0,4.149999999999993,0.0,0.425,0.0875,
BTO-s1-b300,bto,0.0,-1,results/es_bto/ckpt_seed1_gen00300.npz,300,1,BT-v2,10034,0,0.5,0,1,0,timeout,120.19999999999531,0.0,0.0,0.0,120.19999999999531,0.0,0.03868552412645591,0.005823627287853577,4371.564254785465
BTO-s1-b300,bto,0.0,-1,results/es_bto/ckpt_seed1_gen00300.npz,300,1,BT-v2,10034,1,0.5,0,1,0,timeout,120.19999999999531,8.75,0.0,0.35,120.19999999999531,0.0,0.0370216306156406,0.0074875207986688855,
BTO-s1-b300,bto,0.0,-1,results/es_bto/ckpt_seed1_gen00300.npz,300,1,BT-v2,10035,0,0.5,0,1,0,timeout,120.19999999999531,0.0,47.5,0.0,120.19999999999531,0.0,0.03369384359400998,0.0,3663.5150101468644
BTO-s1-b300,bto,0.0,-1,results/es_bto/ckpt_seed1_gen00300.npz,300,1,BT-v2,10035,1,0.0,0,0,1,gun_kill,107.14999999999606,23.75,100.0,0.9500000000000003,107.14999999999606,0.0,0.06495327102803738,0.01074766355140187,
BTO-s1-b300,bto,0.0,-1,results/es_bto/ckpt_seed1_gen00300.npz,300,1,BT-v2,10036,0,0.0,0,0,1,gun_kill,102.49999999999632,0.0,100.0,0.0,102.49999999999632,0.0,0.0205078125,0.01953125,3959.5129850168305
BTO-s1-b300,bto,0.0,-1,results/es_bto/ckpt_seed1_gen00300.npz,300,1,BT-v2,10036,1,0.0,0,0,1,gun_kill,119.99999999999532,0.0,100.0,0.0,119.99999999999532,0.0,0.025041736227045076,0.009599332220367279,
BTO-s1-b300,bto,0.0,-1,results/es_bto/ckpt_seed1_gen00300.npz,300,1,BT-v2,10037,0,0.0,0,0,1,gun_kill,108.29999999999599,0.0,100.0,0.0,108.29999999999599,0.0,0.09658040665434381,0.0,4234.666573849774
BTO-s1-b300,bto,0.0,-1,results/es_bto/ckpt_seed1_gen00300.npz,300,1,BT-v2,10037,1,0.5,0,1,0,timeout,120.19999999999531,0.0,0.0,0.0,120.19999999999531,0.0,0.15391014975041598,0.0,
BTO-s1-b300,bto,0.0,-1,results/es_bto/ckpt_seed1_gen00300.npz,300,1,BT-v2,10038,0,0.5,0,1,0,timeout,120.19999999999531,0.0,0.0,0.0,120.19999999999531,0.0,0.023710482529118136,0.0,5088.2907946070545
BTO-s1-b300,bto,0.0,-1,results/es_bto/ckpt_seed1_gen00300.npz,300,1,BT-v2,10038,1,0.5,0,1,0,timeout,120.19999999999531,5.0,0.0,0.2,120.19999999999531,0.0,0.023710482529118136,0.0,
BTO-s1-b300,bto,0.0,-1,results/es_bto/ckpt_seed1_gen00300.npz,300,1,BT-v2,10039,0,0.0,0,0,1,gun_kill,92.84999999999687,12.5,100.0,0.49999999999999994,92.84999999999687,0.0,0.07165948275862069,0.0,3473.739681232782
BTO-s1-b300,bto,0.0,-1,results/es_bto/ckpt_seed1_gen00300.npz,300,1,BT-v2,10039,1,0.0,0,0,1,gun_kill,73.59999999999796,0.0,100.0,0.0,73.59999999999796,0.0,0.05449591280653951,0.007493188010899182,
BTO-s1-b300,bto,0.0,-1,results/es_bto/ckpt_seed1_gen00300.npz,300,1,BT-v2,10040,0,0.0,0,0,1,gun_kill,109.19999999999594,0.0,100.0,0.0,109.19999999999594,0.0,0.01055045871559633,0.006880733944954129,4563.262467153872
BTO-s1-b300,bto,0.0,-1,results/es_bto/ckpt_seed1_gen00300.npz,300,1,BT-v2,10040,1,0.5,0,1,0,timeout,120.19999999999531,22.5,0.0,0.9000000000000002,120.19999999999531,0.0,0.022878535773710483,0.007071547420965058,
BTO-s1-b300,bto,0.0,-1,results/es_bto/ckpt_seed1_gen00300.npz,300,1,BT-v2,10041,0,0.0,0,0,1,gun_kill,110.29999999999588,0.0,100.0,0.0,110.29999999999588,0.0,0.044918330308529944,0.0,3679.4738719366655
BTO-s1-b300,bto,0.0,-1,results/es_bto/ckpt_seed1_gen00300.npz,300,1,BT-v2,10041,1,0.5,0,1,0,timeout,120.19999999999531,0.0,57.5,0.0,120.19999999999531,0.0,0.04326123128119801,0.0,
BTO-s1-b300,bto,0.0,-1,results/es_bto/ckpt_seed1_gen00300.npz,300,1,BT-v2,10042,0,0.5,0,1,0,timeout,120.19999999999531,0.0,0.0,0.0,120.19999999999531,0.0,0.04409317803660566,0.0012479201331114808,4342.046984134939
BTO-s1-b300,bto,0.0,-1,results/es_bto/ckpt_seed1_gen00300.npz,300,1,BT-v2,10042,1,0.5,0,1,0,timeout,120.19999999999531,0.0,0.0,0.0,120.19999999999531,0.0,0.05324459234608985,0.006239600665557404,
BTO-s1-b300,bto,0.0,-1,results/es_bto/ckpt_seed1_gen00300.npz,300,1,BT-v2,10043,0,0.5,0,1,0,timeout,120.19999999999531,0.0,0.0,0.0,120.19999999999531,0.0,0.00956738768718802,0.0,4305.881339037952
BTO-s1-b300,bto,0.0,-1,results/es_bto/ckpt_seed1_gen00300.npz,300,1,BT-v2,10043,1,0.5,0,1,0,timeout,120.19999999999531,0.0,0.0,0.0,120.19999999999531,0.0,0.00956738768718802,0.0033277870216306157,
BTO-s1-b300,bto,0.0,-1,results/es_bto/ckpt_seed1_gen00300.npz,300,1,BT-v2,10044,0,0.5,0,1,0,timeout,120.19999999999531,0.0,0.0,0.0,120.19999999999531,0.0,0.0,0.0,4401.4687817785425
BTO-s1-b300,bto,0.0,-1,results/es_bto/ckpt_seed1_gen00300.npz,300,1,BT-v2,10044,1,0.5,0,1,0,timeout,120.19999999999531,0.0,0.0,0.0,120.19999999999531,0.0,0.0,0.0,
BTO-s1-b300,bto,0.0,-1,results/es_bto/ckpt_seed1_gen00300.npz,300,1,BT-v2,10045,0,0.5,0,1,0,timeout,120.19999999999531,0.0,0.0,0.0,120.19999999999531,0.0,0.0324459234608985,0.0,5652.413842773863
BTO-s1-b300,bto,0.0,-1,results/es_bto/ckpt_seed1_gen00300.npz,300,1,BT-v2,10045,1,0.5,0,1,0,timeout,120.19999999999531,0.0,0.0,0.0,120.19999999999531,0.0,0.042429284525790346,0.0,
BTO-s1-b300,bto,0.0,-1,results/es_bto/ckpt_seed1_gen00300.npz,300,1,BT-v2,10046,0,0.0,0,0,1,gun_kill,113.3499999999957,0.0,100.0,0.0,113.3499999999957,0.0,0.21157243816254417,0.006183745583038869,3829.7196540752952
BTO-s1-b300,bto,0.0,-1,results/es_bto/ckpt_seed1_gen00300.npz,300,1,BT-v2,10046,1,0.0,0,0,1,gun_kill,111.5999999999958,0.0,100.0,0.0,111.5999999999958,0.0,0.18402154398563733,0.0,
BTO-s1-b300,bto,0.0,-1,results/es_bto/ckpt_seed1_gen00300.npz,300,1,BT-v2,10047,0,0.5,0,1,0,timeout,120.19999999999531,0.0,93.75,0.0,120.19999999999531,0.0,0.01913477537437604,0.007903494176372712,3707.440937941516
BTO-s1-b300,bto,0.0,-1,results/es_bto/ckpt_seed1_gen00300.npz,300,1,BT-v2,10047,1,0.5,0,1,0,collision,8.549999999999986,0.0,0.0,0.0,8.549999999999986,0.0,0.0,0.05357142857142857,
BTO-s1-b300,bto,0.0,-1,results/es_bto/ckpt_seed1_gen00300.npz,300,1,BT-v2,10048,0,0.5,0,1,0,timeout,120.19999999999531,0.0,92.5,0.0,120.19999999999531,0.0,0.021214642262895173,0.0,5068.1085214919185
BTO-s1-b300,bto,0.0,-1,results/es_bto/ckpt_seed1_gen00300.npz,300,1,BT-v2,10048,1,0.5,0,1,0,timeout,120.19999999999531,81.25,0.0,3.2499999999999964,120.19999999999531,0.0,0.029950083194675542,0.0,
BTO-s1-b300,bto,0.0,-1,results/es_bto/ckpt_seed1_gen00300.npz,300,1,BT-v2,10049,0,0.5,0,1,0,timeout,120.19999999999531,0.0,0.0,0.0,120.19999999999531,0.0,0.058652246256239604,0.0008319467554076539,4541.861141161682
BTO-s1-b300,bto,0.0,-1,results/es_bto/ckpt_seed1_gen00300.npz,300,1,BT-v2,10049,1,0.5,0,1,0,timeout,120.19999999999531,17.5,0.0,0.7000000000000001,120.19999999999531,0.0,0.07612312811980033,0.0,
BTO-s1-b300,bto,0.0,-1,results/es_bto/ckpt_seed1_gen00300.npz,300,1,BT-v2,10050,0,0.5,0,1,0,timeout,120.19999999999531,0.0,60.0,0.0,120.19999999999531,0.0,0.04284525790349417,0.0066555740432612314,4060.933591349396
BTO-s1-b300,bto,0.0,-1,results/es_bto/ckpt_seed1_gen00300.npz,300,1,BT-v2,10050,1,0.5,0,1,0,timeout,120.19999999999531,0.0,0.0,0.0,120.19999999999531,0.0,0.033277870216306155,0.0,
BTO-s1-b300,bto,0.0,-1,results/es_bto/ckpt_seed1_gen00300.npz,300,1,BT-v2,10051,0,0.0,0,0,1,gun_kill,119.94999999999533,10.0,100.0,0.39999999999999997,119.94999999999533,0.0,0.11101836393989983,0.00041736227045075126,4091.1040466450318
BTO-s1-b300,bto,0.0,-1,results/es_bto/ckpt_seed1_gen00300.npz,300,1,BT-v2,10051,1,0.5,0,1,0,timeout,120.19999999999531,23.75,57.5,0.9500000000000003,120.19999999999531,0.0,0.11397670549084858,0.02038269550748752,
BTO-s1-b300,bto,0.0,-1,results/es_bto/ckpt_seed1_gen00300.npz,300,1,BT-v2,10052,0,0.5,0,1,0,timeout,120.19999999999531,0.0,73.75,0.0,120.19999999999531,0.0,0.04866888519134775,0.005407653910149751,4039.2472457408917
BTO-s1-b300,bto,0.0,-1,results/es_bto/ckpt_seed1_gen00300.npz,300,1,BT-v2,10052,1,0.5,0,1,0,timeout,120.19999999999531,0.0,0.0,0.0,120.19999999999531,0.0,0.05199667221297837,0.0,
BTO-s1-b300,bto,0.0,-1,results/es_bto/ckpt_seed1_gen00300.npz,300,1,BT-v2,10053,0,0.5,0,1,0,timeout,120.19999999999531,0.0,0.0,0.0,120.19999999999531,0.0,0.0,0.006239600665557404,4887.438379525691
BTO-s1-b300,bto,0.0,-1,results/es_bto/ckpt_seed1_gen00300.npz,300,1,BT-v2,10053,1,0.5,0,1,0,timeout,120.19999999999531,0.0,2.5,0.0,120.19999999999531,0.0,0.0,0.0029118136439267887,
BTO-s1-b300,bto,0.0,-1,results/es_bto/ckpt_seed1_gen00300.npz,300,1,BT-v2,10054,0,0.0,0,0,1,gun_kill,114.74999999999562,0.0,100.0,0.0,114.74999999999562,0.0,0.017452006980802792,0.0231239092495637,3494.6906119106457
BTO-s1-b300,bto,0.0,-1,results/es_bto/ckpt_seed1_gen00300.npz,300,1,BT-v2,10054,1,0.0,0,0,1,gun_kill,113.94999999999567,0.0,100.0,0.0,113.94999999999567,0.0,0.032952548330404216,0.0,
BTO-s1-b300,bto,0.0,-1,results/es_bto/ckpt_seed1_gen00300.npz,300,1,BT-v2,10055,0,0.0,0,0,1,gun_kill,107.09999999999606,1.25,100.0,0.05,107.09999999999606,0.0,0.04532710280373832,0.0,3623.696088944899
BTO-s1-b300,bto,0.0,-1,results/es_bto/ckpt_seed1_gen00300.npz,300,1,BT-v2,10055,1,0.5,0,1,0,timeout,120.19999999999531,0.0,76.25,0.0,120.19999999999531,0.0,0.03494176372712146,0.0,
BTO-s1-b300,bto,0.0,-1,results/es_bto/ckpt_seed1_gen00300.npz,300,1,BT-v2,10056,0,0.0,0,0,1,gun_kill,105.24999999999616,0.0,100.0,0.0,105.24999999999616,0.0,0.0817490494296578,0.0038022813688212928,3970.0145032648984
BTO-s1-b300,bto,0.0,-1,results/es_bto/ckpt_seed1_gen00300.npz,300,1,BT-v2,10056,1,0.5,0,1,0,timeout,120.19999999999531,0.0,86.25,0.0,120.19999999999531,0.0,0.08569051580698835,0.0016638935108153079,
BTO-s1-b300,bto,0.0,-1,results/es_bto/ckpt_seed1_gen00300.npz,300,1,BT-v2,10057,0,0.5,0,1,0,timeout,120.19999999999531,0.0,63.75,0.0,120.19999999999531,0.0,0.023710482529118136,0.0,3897.3119605015313
BTO-s1-b300,bto,0.0,-1,results/es_bto/ckpt_seed1_gen00300.npz,300,1,BT-v2,10057,1,0.5,0,1,0,timeout,120.19999999999531,0.0,38.75,0.0,120.19999999999531,0.0,0.020798668885191347,0.0,
BTO-s1-b300,bto,0.0,-1,results/es_bto/ckpt_seed1_gen00300.npz,300,1,BT-v2,10058,0,0.0,0,0,1,gun_kill,104.6999999999962,0.0,100.0,0.0,104.6999999999962,0.0,0.08747609942638623,0.021510516252390057,3477.02779879211
BTO-s1-b300,bto,0.0,-1,results/es_bto/ckpt_seed1_gen00300.npz,300,1,BT-v2,10058,1,0.0,0,0,1,gun_kill,76.04999999999782,0.0,100.0,0.0,76.04999999999782,0.0,0.13421052631578947,0.018421052631578946,
BTO-s1-b300,bto,0.0,-1,results/es_bto/ckpt_seed1_gen00300.npz,300,1,BT-v2,10059,0,0.5,0,1,0,timeout,120.19999999999531,0.0,0.0,0.0,120.19999999999531,0.0,0.004991680532445923,0.0,4523.547208093857
BTO-s1-b300,bto,0.0,-1,results/es_bto/ckpt_seed1_gen00300.npz,300,1,BT-v2,10059,1,0.5,0,1,0,timeout,120.19999999999531,0.0,0.0,0.0,120.19999999999531,0.0,0.0066555740432612314,0.0,
BTO-s1-b300,bto,0.0,-1,results/es_bto/ckpt_seed1_gen00300.npz,300,1,BT-v2,10060,0,0.5,0,1,0,timeout,120.19999999999531,0.0,0.0,0.0,120.19999999999531,0.0,0.032029950083194675,0.0,4687.589065889383
BTO-s1-b300,bto,0.0,-1,results/es_bto/ckpt_seed1_gen00300.npz,300,1,BT-v2,10060,1,0.5,0,1,0,timeout,120.19999999999531,0.0,0.0,0.0,120.19999999999531,0.0,0.032029950083194675,0.0,
BTO-s1-b300,bto,0.0,-1,results/es_bto/ckpt_seed1_gen00300.npz,300,1,BT-v2,10061,0,0.5,0,1,0,timeout,120.19999999999531,0.0,38.75,0.0,120.19999999999531,0.0,0.07945091514143095,0.004159733777038269,4110.43804885616
BTO-s1-b300,bto,0.0,-1,results/es_bto/ckpt_seed1_gen00300.npz,300,1,BT-v2,10061,1,0.5,0,1,0,timeout,120.19999999999531,5.0,0.0,0.2,120.19999999999531,0.0,0.057820299500831944,0.0,
BTO-s1-b300,bto,0.0,-1,results/es_bto/ckpt_seed1_gen00300.npz,300,1,BT-v2,10062,0,0.5,0,1,0,timeout,120.19999999999531,0.0,0.0,0.0,120.19999999999531,0.0,0.05574043261231281,0.0029118136439267887,4544.950311591435
BTO-s1-b300,bto,0.0,-1,results/es_bto/ckpt_seed1_gen00300.npz,300,1,BT-v2,10062,1,0.5,0,1,0,timeout,120.19999999999531,23.75,0.0,0.9500000000000003,120.19999999999531,0.0,0.06738768718801996,0.0,
BTO-s1-b300,bto,0.0,-1,results/es_bto/ckpt_seed1_gen00300.npz,300,1,BT-v2,10063,0,0.0,0,0,1,gun_kill,104.6999999999962,0.0,100.0,0.0,104.6999999999962,0.0,0.04684512428298279,0.0,3648.116979358401
BTO-s1-b300,bto,0.0,-1,results/es_bto/ckpt_seed1_gen00300.npz,300,1,BT-v2,10063,1,0.0,0,0,1,gun_kill,105.99999999999612,10.0,100.0,0.39999999999999997,105.99999999999612,0.0,0.05718336483931947,0.004725897920604915,
BTO-s1-b300,bto,0.0,-1,results/es_bto/ckpt_seed1_gen00300.npz,300,1,BT-v2,10064,0,0.5,0,1,0,timeout,120.19999999999531,0.0,47.5,0.0,120.19999999999531,0.0,0.018718801996672214,0.0,5181.865787352109
BTO-s1-b300,bto,0.0,-1,results/es_bto/ckpt_seed1_gen00300.npz,300,1,BT-v2,10064,1,1.0,1,0,0,gun_kill,17.700000000000117,100.0,0.0,3.999999999999994,17.700000000000117,0.0,0.125,0.0,
BTO-s1-b300,bto,0.0,-1,results/es_bto/ckpt_seed1_gen00300.npz,300,1,BT-v2,10065,0,0.0,0,0,1,gun_kill,118.84999999999539,43.75,100.0,1.7500000000000009,118.84999999999539,0.0,0.04250841750841751,0.0,3887.714695422004
BTO-s1-b300,bto,0.0,-1,results/es_bto/ckpt_seed1_gen00300.npz,300,1,BT-v2,10065,1,0.0,0,0,1,gun_kill,116.34999999999553,0.0,100.0,0.0,116.34999999999553,0.0,0.04819277108433735,0.0,
BTO-s1-b300,bto,0.0,-1,results/es_bto/ckpt_seed1_gen00300.npz,300,1,BT-v2,10066,0,0.0,0,0,1,gun_kill,93.04999999999686,0.0,100.0,0.0,93.04999999999686,0.0,0.1,0.016666666666666666,4186.2773431603255
BTO-s1-b300,bto,0.0,-1,results/es_bto/ckpt_seed1_gen00300.npz,300,1,BT-v2,10066,1,0.0,0,0,1,gun_kill,109.19999999999594,3.75,100.0,0.15000000000000002,109.19999999999594,0.0,0.0798165137614679,0.011009174311926606,
BTO-s1-b300,bto,0.0,-1,results/es_bto/ckpt_seed1_gen00300.npz,300,1,BT-v2,10067,0,0.5,0,1,0,timeout,120.19999999999531,0.0,0.0,0.0,120.19999999999531,0.0,0.010815307820299502,0.0,5163.367479266748
BTO-s1-b300,bto,0.0,-1,results/es_bto/ckpt_seed1_gen00300.npz,300,1,BT-v2,10067,1,1.0,1,0,0,gun_kill,18.250000000000124,100.0,0.0,3.999999999999994,18.250000000000124,0.0,0.07417582417582418,0.0,
BTO-s1-b300,bto,0.0,-1,results/es_bto/ckpt_seed1_gen00300.npz,300,1,BT-v2,10068,0,0.5,0,1,0,timeout,120.19999999999531,0.0,0.0,0.0,120.19999999999531,0.0,0.042429284525790346,0.0,4814.678652498535
BTO-s1-b300,bto,0.0,-1,results/es_bto/ckpt_seed1_gen00300.npz,300,1,BT-v2,10068,1,0.5,0,1,0,timeout,120.19999999999531,0.0,0.0,0.0,120.19999999999531,0.0,0.042429284525790346,0.009151414309484194,
BTO-s1-b300,bto,0.0,-1,results/es_bto/ckpt_seed1_gen00300.npz,300,1,BT-v2,10069,0,0.5,0,1,0,timeout,120.19999999999531,3.75,0.0,0.15000000000000002,120.19999999999531,0.0,0.0,0.0024958402662229617,4800.578305617701
BTO-s1-b300,bto,0.0,-1,results/es_bto/ckpt_seed1_gen00300.npz,300,1,BT-v2,10069,1,0.5,0,1,0,timeout,120.19999999999531,0.0,13.75,0.0,120.19999999999531,0.0,0.0,0.0,
BTO-s1-b300,bto,0.0,-1,results/es_bto/ckpt_seed1_gen00300.npz,300,1,BT-v2,10070,0,0.5,0,1,0,timeout,120.19999999999531,5.0,0.0,0.2,120.19999999999531,0.0,0.005407653910149751,0.012063227953410981,4800.597754194207
BTO-s1-b300,bto,0.0,-1,results/es_bto/ckpt_seed1_gen00300.npz,300,1,BT-v2,10070,1,0.5,0,1,0,timeout,120.19999999999531,0.0,0.0,0.0,120.19999999999531,0.0,0.005407653910149751,0.0024958402662229617,
BTO-s1-b300,bto,0.0,-1,results/es_bto/ckpt_seed1_gen00300.npz,300,1,BT-v2,10071,0,0.5,0,1,0,timeout,120.19999999999531,0.0,0.0,0.0,120.19999999999531,0.0,0.0,0.0,4382.171268088288
BTO-s1-b300,bto,0.0,-1,results/es_bto/ckpt_seed1_gen00300.npz,300,1,BT-v2,10071,1,0.5,0,1,0,timeout,120.19999999999531,0.0,0.0,0.0,120.19999999999531,0.0,0.0,0.004575707154742097,
BTO-s1-b300,bto,0.0,-1,results/es_bto/ckpt_seed1_gen00300.npz,300,1,BT-v2,10072,0,0.0,0,0,1,gun_kill,109.49999999999592,0.0,100.0,0.0,109.49999999999592,0.0,0.0,0.003656307129798903,4200.883847673806
BTO-s1-b300,bto,0.0,-1,results/es_bto/ckpt_seed1_gen00300.npz,300,1,BT-v2,10072,1,0.5,0,1,0,timeout,120.19999999999531,17.5,28.75,0.7000000000000001,120.19999999999531,0.0,0.021630615640599003,0.008319467554076539,
BTO-s1-b300,bto,0.0,-1,results/es_bto/ckpt_seed1_gen00300.npz,300,1,BT-v2,10073,0,0.5,0,1,0,timeout,120.19999999999531,0.0,5.0,0.0,120.19999999999531,0.0,0.04076539101497504,0.0,4464.027388172022
BTO-s1-b300,bto,0.0,-1,results/es_bto/ckpt_seed1_gen00300.npz,300,1,BT-v2,10073,1,0.5,0,1,0,timeout,120.19999999999531,0.0,21.25,0.0,120.19999999999531,0.0,0.06156405990016639,0.007903494176372712,
BTO-s1-b300,bto,0.0,-1,results/es_bto/ckpt_seed1_gen00300.npz,300,1,BT-v2,10074,0,0.5,0,1,0,timeout,120.19999999999531,0.0,0.0,0.0,120.19999999999531,0.0,0.05574043261231281,0.0,5478.97286312929
BTO-s1-b300,bto,0.0,-1,results/es_bto/ckpt_seed1_gen00300.npz,300,1,BT-v2,10074,1,0.5,0,1,0,timeout,120.19999999999531,0.0,17.5,0.0,120.19999999999531,0.0,0.04534109816971714,0.0,
BTO-s1-b300,bto,0.0,-1,results/es_bto/ckpt_seed1_gen00300.npz,300,1,BT-v2,10075,0,0.5,0,1,0,timeout,120.19999999999531,15.0,0.0,0.6,120.19999999999531,0.0,0.029950083194675542,0.013311148086522463,4472.486784519647
BTO-s1-b300,bto,0.0,-1,results/es_bto/ckpt_seed1_gen00300.npz,300,1,BT-v2,10075,1,0.5,0,1,0,timeout,120.19999999999531,0.0,23.75,0.0,120.19999999999531,0.0,0.019966722129783693,0.0,
BTO-s1-b300,bto,0.0,-1,results/es_bto/ckpt_seed1_gen00300.npz,300,1,BT-v2,10076,0,0.5,0,1,0,timeout,120.19999999999531,0.0,0.0,0.0,120.19999999999531,0.0,0.01747088186356073,0.0029118136439267887,4384.182244411008
BTO-s1-b300,bto,0.0,-1,results/es_bto/ckpt_seed1_gen00300.npz,300,1,BT-v2,10076,1,0.5,0,1,0,timeout,120.19999999999531,0.0,0.0,0.0,120.19999999999531,0.0,0.01747088186356073,0.018302828618968387,
BTO-s1-b300,bto,0.0,-1,results/es_bto/ckpt_seed1_gen00300.npz,300,1,BT-v2,10077,0,0.5,0,1,0,timeout,120.19999999999531,35.0,87.5,1.4000000000000006,120.19999999999531,0.0,0.04866888519134775,0.0,3974.120448013501
BTO-s1-b300,bto,0.0,-1,results/es_bto/ckpt_seed1_gen00300.npz,300,1,BT-v2,10077,1,0.5,0,1,0,timeout,120.19999999999531,0.0,63.75,0.0,120.19999999999531,0.0,0.03119800332778702,0.0,
BTO-s1-b300,bto,0.0,-1,results/es_bto/ckpt_seed1_gen00300.npz,300,1,BT-v2,10078,0,0.5,0,1,0,timeout,120.19999999999531,0.0,0.0,0.0,120.19999999999531,0.0,0.04617304492512479,0.0,5061.252566090266
BTO-s1-b300,bto,0.0,-1,results/es_bto/ckpt_seed1_gen00300.npz,300,1,BT-v2,10078,1,0.5,0,1,0,timeout,120.19999999999531,0.0,0.0,0.0,120.19999999999531,0.0,0.035357737104825294,0.0,
BTO-s1-b300,bto,0.0,-1,results/es_bto/ckpt_seed1_gen00300.npz,300,1,BT-v2,10079,0,0.5,0,1,0,timeout,120.19999999999531,31.25,27.5,1.2500000000000004,120.19999999999531,0.0,0.03161397670549085,0.011647254575707155,4043.3332829454343
BTO-s1-b300,bto,0.0,-1,results/es_bto/ckpt_seed1_gen00300.npz,300,1,BT-v2,10079,1,0.0,0,0,1,gun_kill,107.34999999999604,0.0,100.0,0.0,107.34999999999604,0.0,0.01632462686567164,0.006063432835820896,
BTO-s1-b300,bto,0.0,-1,results/es_bto/ckpt_seed1_gen00300.npz,300,1,BT-v2,10080,0,0.0,0,0,1,gun_kill,91.09999999999697,0.0,100.0,0.0,91.09999999999697,0.0,0.03956043956043956,0.019230769230769232,3993.5045492933195
BTO-s1-b300,bto,0.0,-1,results/es_bto/ckpt_seed1_gen00300.npz,300,1,BT-v2,10080,1,0.5,0,1,0,timeout,120.19999999999531,20.0,46.25,0.8000000000000002,120.19999999999531,0.0,0.04201331114808652,0.01788685524126456,
BTO-s1-b300,bto,0.0,-1,results/es_bto/ckpt_seed1_gen00300.npz,300,1,BT-v2,10081,0,0.5,0,1,0,timeout,120.19999999999531,0.0,0.0,0.0,120.19999999999531,0.0,0.0,0.01747088186356073,4857.951542074502
BTO-s1-b300,bto,0.0,-1,results/es_bto/ckpt_seed1_gen00300.npz,300,1,BT-v2,10081,1,0.5,0,1,0,timeout,120.19999999999531,0.0,0.0,0.0,120.19999999999531,0.0,0.0,0.0020798668885191347,
BTO-s1-b300,bto,0.0,-1,results/es_bto/ckpt_seed1_gen00300.npz,300,1,BT-v2,10082,0,0.5,0,1,0,timeout,120.19999999999531,0.0,90.0,0.0,120.19999999999531,0.0,0.03868552412645591,0.0,4191.915298822233
BTO-s1-b300,bto,0.0,-1,results/es_bto/ckpt_seed1_gen00300.npz,300,1,BT-v2,10082,1,0.5,0,1,0,timeout,120.19999999999531,16.25,0.0,0.65,120.19999999999531,0.0,0.03036605657237937,0.03119800332778702,
BTO-s1-b300,bto,0.0,-1,results/es_bto/ckpt_seed1_gen00300.npz,300,1,BT-v2,10083,0,0.5,0,1,0,timeout,120.19999999999531,7.5,0.0,0.3,120.19999999999531,0.0,0.05449251247920133,0.0037437603993344427,4577.715831798025
BTO-s1-b300,bto,0.0,-1,results/es_bto/ckpt_seed1_gen00300.npz,300,1,BT-v2,10083,1,0.5,0,1,0,timeout,120.19999999999531,0.0,13.75,0.0,120.19999999999531,0.0,0.054076539101497505,0.0012479201331114808,
BTO-s1-b300,bto,0.0,-1,results/es_bto/ckpt_seed1_gen00300.npz,300,1,BT-v2,10084,0,0.5,0,1,0,timeout,120.19999999999531,5.0,0.0,0.2,120.19999999999531,0.0,0.011231281198003328,0.0,4459.692356004869
BTO-s1-b300,bto,0.0,-1,results/es_bto/ckpt_seed1_gen00300.npz,300,1,BT-v2,10084,1,0.5,0,1,0,timeout,120.19999999999531,7.5,0.0,0.3,120.19999999999531,0.0,0.011231281198003328,0.009983361064891847,
BTO-s1-b300,bto,0.0,-1,results/es_bto/ckpt_seed1_gen00300.npz,300,1,BT-v2,10085,0,0.5,0,1,0,timeout,120.19999999999531,0.0,0.0,0.0,120.19999999999531,0.0,0.0,0.004991680532445923,4465.574384081349
BTO-s1-b300,bto,0.0,-1,results/es_bto/ckpt_seed1_gen00300.npz,300,1,BT-v2,10085,1,0.5,0,1,0,timeout,120.19999999999531,0.0,0.0,0.0,120.19999999999531,0.0,0.0,0.0,
BTO-s1-b300,bto,0.0,-1,results/es_bto/ckpt_seed1_gen00300.npz,300,1,BT-v2,10086,0,0.5,0,1,0,timeout,120.19999999999531,0.0,20.0,0.0,120.19999999999531,0.0,0.0,0.01913477537437604,4736.27630001934
BTO-s1-b300,bto,0.0,-1,results/es_bto/ckpt_seed1_gen00300.npz,300,1,BT-v2,10086,1,0.5,0,1,0,timeout,120.19999999999531,0.0,0.0,0.0,120.19999999999531,0.0,0.0,0.0,
BTO-s1-b300,bto,0.0,-1,results/es_bto/ckpt_seed1_gen00300.npz,300,1,BT-v2,10087,0,0.5,0,1,0,timeout,120.19999999999531,0.0,87.5,0.0,120.19999999999531,0.0,0.06697171381031614,0.00041597337770382697,4036.4778849119903
BTO-s1-b300,bto,0.0,-1,results/es_bto/ckpt_seed1_gen00300.npz,300,1,BT-v2,10087,1,0.5,0,1,0,timeout,120.19999999999531,0.0,31.25,0.0,120.19999999999531,0.0,0.07029950083194675,0.004991680532445923,
BTO-s1-b300,bto,0.0,-1,results/es_bto/ckpt_seed1_gen00300.npz,300,1,BT-v2,10088,0,0.5,0,1,0,timeout,120.19999999999531,36.25,35.0,1.4500000000000006,120.19999999999531,0.0,0.023710482529118136,0.007903494176372712,4084.8605830923666
BTO-s1-b300,bto,0.0,-1,results/es_bto/ckpt_seed1_gen00300.npz,300,1,BT-v2,10088,1,0.0,0,0,1,gun_kill,113.2999999999957,0.0,100.0,0.0,113.2999999999957,0.0,0.008392226148409895,0.018551236749116608,
BTO-s1-b300,bto,0.0,-1,results/es_bto/ckpt_seed1_gen00300.npz,300,1,BT-v2,10089,0,0.5,0,1,0,timeout,120.19999999999531,0.0,0.0,0.0,120.19999999999531,0.0,0.0,0.0,5447.752456652177
BTO-s1-b300,bto,0.0,-1,results/es_bto/ckpt_seed1_gen00300.npz,300,1,BT-v2,10089,1,0.5,0,1,0,timeout,120.19999999999531,0.0,61.25,0.0,120.19999999999531,0.0,0.0,0.0,
BTO-s1-b300,bto,0.0,-1,results/es_bto/ckpt_seed1_gen00300.npz,300,1,BT-v2,10090,0,0.5,0,1,0,timeout,120.19999999999531,0.0,50.0,0.0,120.19999999999531,0.0,0.05948419301164726,0.0029118136439267887,3438.6291649142645
BTO-s1-b300,bto,0.0,-1,results/es_bto/ckpt_seed1_gen00300.npz,300,1,BT-v2,10090,1,0.0,0,0,1,gun_kill,90.29999999999701,0.0,100.0,0.0,90.29999999999701,0.0,0.03492239467849224,0.007206208425720621,
BTO-s1-b300,bto,0.0,-1,results/es_bto/ckpt_seed1_gen00300.npz,300,1,BT-v2,10091,0,0.0,0,0,1,gun_kill,108.29999999999599,2.5,100.0,0.1,108.29999999999599,0.0,0.10489833641404805,0.03188539741219963,3746.9305981090683
BTO-s1-b300,bto,0.0,-1,results/es_bto/ckpt_seed1_gen00300.npz,300,1,BT-v2,10091,1,0.5,0,1,0,timeout,120.19999999999531,0.0,95.0,0.0,120.19999999999531,0.0,0.08444259567387687,0.02454242928452579,
BTO-s1-b300,bto,0.0,-1,results/es_bto/ckpt_seed1_gen00300.npz,300,1,BT-v2,10092,0,0.5,0,1,0,timeout,120.19999999999531,0.0,6.25,0.0,120.19999999999531,0.0,0.0,0.0,4730.917596091341
BTO-s1-b300,bto,0.0,-1,results/es_bto/ckpt_seed1_gen00300.npz,300,1,BT-v2,10092,1,0.5,0,1,0,timeout,120.19999999999531,10.0,0.0,0.39999999999999997,120.19999999999531,0.0,0.0,0.004159733777038269,
BTO-s1-b300,bto,0.0,-1,results/es_bto/ckpt_seed1_gen00300.npz,300,1,BT-v2,10093,0,0.5,0,1,0,timeout,120.19999999999531,20.0,0.0,0.8000000000000002,120.19999999999531,0.0,0.0,0.006239600665557404,4480.5335656062725
BTO-s1-b300,bto,0.0,-1,results/es_bto/ckpt_seed1_gen00300.npz,300,1,BT-v2,10093,1,0.5,0,1,0,timeout,120.19999999999531,0.0,13.75,0.0,120.19999999999531,0.0,0.0,0.0,
BTO-s1-b300,bto,0.0,-1,results/es_bto/ckpt_seed1_gen00300.npz,300,1,BT-v2,10094,0,0.0,0,0,1,gun_kill,90.04999999999703,0.0,100.0,0.0,90.04999999999703,0.0,0.11833333333333333,0.01,3766.474670914799
BTO-s1-b300,bto,0.0,-1,results/es_bto/ckpt_seed1_gen00300.npz,300,1,BT-v2,10094,1,0.5,0,1,0,collision,10.300000000000011,21.25,0.0,0.8500000000000002,10.300000000000011,0.0,0.7892156862745098,0.04411764705882353,
BTO-s1-b300,bto,0.0,-1,results/es_bto/ckpt_seed1_gen00300.npz,300,1,BT-v2,10095,0,0.5,0,1,0,timeout,120.19999999999531,0.0,37.5,0.0,120.19999999999531,0.0,0.0,0.0,4653.909837139228
BTO-s1-b300,bto,0.0,-1,results/es_bto/ckpt_seed1_gen00300.npz,300,1,BT-v2,10095,1,0.5,0,1,0,timeout,120.19999999999531,40.0,0.0,1.6000000000000008,120.19999999999531,0.0,0.0,0.0,
BTO-s1-b300,bto,0.0,-1,results/es_bto/ckpt_seed1_gen00300.npz,300,1,BT-v2,10096,0,0.0,0,0,1,gun_kill,115.1999999999956,0.0,100.0,0.0,115.1999999999956,0.0,0.07695652173913044,0.0,3956.040475276421
BTO-s1-b300,bto,0.0,-1,results/es_bto/ckpt_seed1_gen00300.npz,300,1,BT-v2,10096,1,0.5,0,1,0,timeout,120.19999999999531,20.0,0.0,0.8000000000000002,120.19999999999531,0.0,0.12271214642262895,0.0,
BTO-s1-b300,bto,0.0,-1,results/es_bto/ckpt_seed1_gen00300.npz,300,1,BT-v2,10097,0,0.5,0,1,0,timeout,120.19999999999531,62.5,61.25,2.499999999999999,120.19999999999531,0.0,0.07820299500831947,0.018302828618968387,4269.235396731104
BTO-s1-b300,bto,0.0,-1,results/es_bto/ckpt_seed1_gen00300.npz,300,1,BT-v2,10097,1,0.5,0,1,0,timeout,120.19999999999531,0.0,0.0,0.0,120.19999999999531,0.0,0.08485856905158069,0.0066555740432612314,
BTO-s1-b300,bto,0.0,-1,results/es_bto/ckpt_seed1_gen00300.npz,300,1,BT-v2,10098,0,0.5,0,1,0,timeout,120.19999999999531,0.0,47.5,0.0,120.19999999999531,0.0,0.03494176372712146,0.0,3637.244644090989
BTO-s1-b300,bto,0.0,-1,results/es_bto/ckpt_seed1_gen00300.npz,300,1,BT-v2,10098,1,0.5,0,1,0,collision,18.450000000000127,0.0,0.0,0.0,18.450000000000127,0.0,0.11684782608695653,0.02717391304347826,
BTO-s1-b300,bto,0.0,-1,results/es_bto/ckpt_seed1_gen00300.npz,300,1,BT-v2,10099,0,0.5,0,1,0,timeout,120.19999999999531,0.0,48.75,0.0,120.19999999999531,0.0,0.02454242928452579,0.0037437603993344427,3582.344880934677
BTO-s1-b300,bto,0.0,-1,results/es_bto/ckpt_seed1_gen00300.npz,300,1,BT-v2,10099,1,0.0,0,0,1,gun_kill,110.44999999999587,0.0,100.0,0.0,110.44999999999587,0.0,0.014039855072463768,0.010416666666666666,
BTO-s1-b300,bto,0.0,-1,results/es_bto/ckpt_seed1_gen00300.npz,300,1,BT-v3,10000,0,1.0,1,0,0,gun_kill,109.34999999999593,100.0,0.0,3.999999999999994,109.34999999999593,0.0,0.026556776556776556,0.017857142857142856,4239.303583441084
BTO-s1-b300,bto,0.0,-1,results/es_bto/ckpt_seed1_gen00300.npz,300,1,BT-v3,10000,1,1.0,1,0,0,gun_kill,110.09999999999589,100.0,0.0,3.999999999999994,110.09999999999589,0.0,0.026818181818181817,0.016363636363636365,
BTO-s1-b300,bto,0.0,-1,results/es_bto/ckpt_seed1_gen00300.npz,300,1,BT-v3,10001,0,0.5,0,1,0,timeout,120.19999999999531,0.0,0.0,0.0,120.19999999999531,0.0,0.0,0.0,4969.7099774555445
BTO-s1-b300,bto,0.0,-1,results/es_bto/ckpt_seed1_gen00300.npz,300,1,BT-v3,10001,1,1.0,1,0,0,gun_kill,117.94999999999544,100.0,0.0,3.999999999999994,117.94999999999544,0.0,0.0,0.0,
BTO-s1-b300,bto,0.0,-1,results/es_bto/ckpt_seed1_gen00300.npz,300,1,BT-v3,10002,0,1.0,1,0,0,gun_kill,116.09999999999555,100.0,0.0,3.999999999999994,116.09999999999555,0.0,0.0353448275862069,0.014655172413793103,4006.4613817237696
BTO-s1-b300,bto,0.0,-1,results/es_bto/ckpt_seed1_gen00300.npz,300,1,BT-v3,10002,1,0.5,0,1,0,timeout,120.19999999999531,68.75,0.0,2.7499999999999982,120.19999999999531,0.0,0.03410981697171381,0.012895174708818636,
BTO-s1-b300,bto,0.0,-1,results/es_bto/ckpt_seed1_gen00300.npz,300,1,BT-v3,10003,0,0.5,0,1,0,timeout,120.19999999999531,0.0,31.25,0.0,120.19999999999531,0.0,0.07279534109816972,0.0,5204.077189881154
BTO-s1-b300,bto,0.0,-1,results/es_bto/ckpt_seed1_gen00300.npz,300,1,BT-v3,10003,1,0.5,0,1,0,timeout,120.19999999999531,7.5,0.0,0.3,120.19999999999531,0.0,0.0819467554076539,0.0,
BTO-s1-b300,bto,0.0,-1,results/es_bto/ckpt_seed1_gen00300.npz,300,1,BT-v3,10004,0,0.5,0,1,0,timeout,120.19999999999531,0.0,46.25,0.0,120.19999999999531,0.0,0.017054908485856904,0.0,4332.539709380841
BTO-s1-b300,bto,0.0,-1,results/es_bto/ckpt_seed1_gen00300.npz,300,1,BT-v3,10004,1,1.0,1,0,0,gun_kill,107.84999999999602,100.0,0.0,3.999999999999994,107.84999999999602,0.0,0.021335807050092765,0.0,
BTO-s1-b300,bto,0.0,-1,results/es_bto/ckpt_seed1_gen00300.npz,300,1,BT-v3,10005,0,1.0,1,0,0,gun_kill,104.24999999999622,100.0,5.0,3.999999999999994,104.24999999999622,0.0,0.14347408829174665,0.0014395393474088292,4136.472794998363
BTO-s1-b300,bto,0.0,-1,results/es_bto/ckpt_seed1_gen00300.npz,300,1,BT-v3,10005,1,0.5,0,1,0,timeout,120.19999999999531,82.5,0.0,3.2999999999999963,120.19999999999531,0.0,0.17803660565723795,0.0,
BTO-s1-b300,bto,0.0,-1,results/es_bto/ckpt_seed1_gen00300.npz,300,1,BT-v3,10006,0,1.0,1,0,0,gun_kill,111.24999999999582,100.0,13.75,3.999999999999994,111.24999999999582,0.0,0.0,0.0,4050.2992743099153
BTO-s1-b300,bto,0.0,-1,results/es_bto/ckpt_seed1_gen00300.npz,300,1,BT-v3,10006,1,1.0,1,0,0,gun_kill,113.74999999999568,100.0,0.0,3.999999999999994,113.74999999999568,0.0,0.0,0.0,
BTO-s1-b300,bto,0.0,-1,results/es_bto/ckpt_seed1_gen00300.npz,300,1,BT-v3,10007,0,0.5,0,1,0,timeout,120.19999999999531,68.75,3.75,2.7499999999999982,120.19999999999531,0.0,0.01913477537437604,0.0,4051.758755094344
BTO-s1-b300,bto,0.0,-1,results/es_bto/ckpt_seed1_gen00300.npz,300,1,BT-v3,10007,1,1.0,1,0,0,gun_kill,110.84999999999584,100.0,0.0,3.999999999999994,110.84999999999584,0.0,0.02075812274368231,0.0,
BTO-s1-b300,bto,0.0,-1,results/es_bto/ckpt_seed1_gen00300.npz,300,1,BT-v3,10008,0,1.0,1,0,0,gun_kill,112.39999999999576,100.0,13.75,3.999999999999994,112.39999999999576,0.0,0.03431372549019608,0.014705882352941176,4272.939739885224
BTO-s1-b300,bto,0.0,-1,results/es_bto/ckpt_seed1_gen00300.npz,300,1,BT-v3,10008,1,1.0,1,0,0,gun_kill,108.34999999999599,100.0,0.0,3.999999999999994,108.34999999999599,0.0,0.03927911275415896,0.019870609981515713,
BTO-s1-b300,bto,0.0,-1,results/es_bto/ckpt_seed1_gen00300.npz,300,1,BT-v3,10009,0,0.5,0,1,0,timeout,120.19999999999531,0.0,12.5,0.0,120.19999999999531,0.0,0.027038269550748752,0.0,4777.58188663252
BTO-s1-b300,bto,0.0,-1,results/es_bto/ckpt_seed1_gen00300.npz,300,1,BT-v3,10009,1,0.5,0,1,0,timeout,120.19999999999531,58.75,0.0,2.3499999999999996,120.19999999999531,0.0,0.027038269550748752,0.007903494176372712,
BTO-s1-b300,bto,0.0,-1,results/es_bto/ckpt_seed1_gen00300.npz,300,1,BT-v3,10010,0,1.0,1,0,0,gun_kill,70.39999999999814,100.0,0.0,3.999999999999994,70.39999999999814,0.0,0.1346153846153846,0.02849002849002849,3839.401751995732
BTO-s1-b300,bto,0.0,-1,results/es_bto/ckpt_seed1_gen00300.npz,300,1,BT-v3,10010,1,0.5,0,1,0,collision,3.999999999999994,0.0,16.25,0.0,3.999999999999994,0.0,0.5394736842105263,0.07894736842105263,
BTO-s1-b300,bto,0.0,-1,results/es_bto/ckpt_seed1_gen00300.npz,300,1,BT-v3,10011,0,0.5,0,1,0,timeout,120.19999999999531,0.0,0.0,0.0,120.19999999999531,0.0,0.0,0.0,4872.6578688663
BTO-s1-b300,bto,0.0,-1,results/es_bto/ckpt_seed1_gen00300.npz,300,1,BT-v3,10011,1,1.0,1,0,0,gun_kill,112.19999999999577,100.0,0.0,3.999999999999994,112.19999999999577,0.0,0.0,0.015178571428571428,
BTO-s1-b300,bto,0.0,-1,results/es_bto/ckpt_seed1_gen00300.npz,300,1,BT-v3,10012,0,1.0,1,0,0,gun_kill,90.19999999999702,100.0,0.0,3.999999999999994,90.19999999999702,0.0,0.09555555555555556,0.008333333333333333,4185.86633601709
BTO-s1-b300,bto,0.0,-1,results/es_bto/ckpt_seed1_gen00300.npz,300,1,BT-v3,10012,1,1.0,1,0,0,gun_kill,86.9999999999972,100.0,0.0,3.999999999999994,86.9999999999972,0.0,0.1434331797235023,0.00576036866359447,
BTO-s1-b300,bto,0.0,-1,results/es_bto/ckpt_seed1_gen00300.npz,300,1,BT-v3,10013,0,1.0,1,0,0,gun_kill,98.29999999999656,100.0,0.0,3.999999999999994,98.29999999999656,0.0,0.04073319755600815,0.015784114052953158,4273.08984706947
BTO-s1-b300,bto,0.0,-1,results/es_bto/ckpt_seed1_gen00300.npz,300,1,BT-v3,10013,1,0.5,0,1,0,timeout,120.19999999999531,52.5,0.0,2.1000000000000005,120.19999999999531,0.0,0.03577371048252912,0.0,
BTO-s1-b300,bto,0.0,-1,results/es_bto/ckpt_seed1_gen00300.npz,300,1,BT-v3,10014,0,1.0,1,0,0,gun_kill,109.34999999999593,100.0,0.0,3.999999999999994,109.34999999999593,0.0,0.0,0.0086996336996337,4499.038283058718
BTO-s1-b300,bto,0.0,-1,results/es_bto/ckpt_seed1_gen00300.npz,300,1,BT-v3,10014,1,0.5,0,1,0,timeout,120.19999999999531,43.75,0.0,1.7500000000000009,120.19999999999531,0.0,0.0,0.0,
BTO-s1-b300,bto,0.0,-1,results/es_bto/ckpt_seed1_gen00300.npz,300,1,BT-v3,10015,0,0.5,0,1,0,timeout,120.19999999999531,73.75,6.25,2.9499999999999975,120.19999999999531,0.0,0.0,0.0020798668885191347,3773.005361215385
BTO-s1-b300,bto,0.0,-1,results/es_bto/ckpt_seed1_gen00300.npz,300,1,BT-v3,10015,1,1.0,1,0,0,gun_kill,114.24999999999565,100.0,0.0,3.999999999999994,114.24999999999565,0.0,0.0,0.0,
BTO-s1-b300,bto,0.0,-1,results/es_bto/ckpt_seed1_gen00300.npz,300,1,BT-v3,10016,0,1.0,1,0,0,gun_kill,105.74999999999613,100.0,0.0,3.999999999999994,105.74999999999613,0.0,0.0,0.009943181818181818,3870.3959050386443
BTO-s1-b300,bto,0.0,-1,results/es_bto/ckpt_seed1_gen00300.npz,300,1,BT-v3,10016,1,1.0,1,0,0,gun_kill,108.94999999999595,100.0,8.75,3.999999999999994,108.94999999999595,0.0,0.0,0.011488970588235295,
BTO-s1-b300,bto,0.0,-1,results/es_bto/ckpt_seed1_gen00300.npz,300,1,BT-v3,10017,0,0.5,0,1,0,timeout,120.19999999999531,0.0,0.0,0.0,120.19999999999531,0.0,0.029534109816971715,0.0,4304.3273420685055
BTO-s1-b300,bto,0.0,-1,results/es_bto/ckpt_seed1_gen00300.npz,300,1,BT-v3,10017,1,0.5,0,1,0,timeout,120.19999999999531,80.0,0.0,3.1999999999999966,120.19999999999531,0.0,0.04367720465890183,0.0,
BTO-s1-b300,bto,0.0,-1,results/es_bto/ckpt_seed1_gen00300.npz,300,1,BT-v3,10018,0,0.5,0,1,0,timeout,120.19999999999531,46.25,0.0,1.850000000000001,120.19999999999531,0.0,0.010399334442595673,0.0,4084.7239845240415
BTO-s1-b300,bto,0.0,-1,results/es_bto/ckpt_seed1_gen00300.npz,300,1,BT-v3,10018,1,0.5,0,1,0,timeout,120.19999999999531,53.75,0.0,2.1500000000000004,120.19999999999531,0.0,0.010399334442595673,0.014559068219633943,
BTO-s1-b300,bto,0.0,-1,results/es_bto/ckpt_seed1_gen00300.npz,300,1,BT-v3,10019,0,1.0,1,0,0,gun_kill,115.0999999999956,100.0,0.0,3.999999999999994,115.0999999999956,0.0,0.0,0.025652173913043478,4340.617407355354
BTO-s1-b300,bto,0.0,-1,results/es_bto/ckpt_seed1_gen00300.npz,300,1,BT-v3,10019,1,1.0,1,0,0,gun_kill,111.5499999999958,100.0,0.0,3.999999999999994,111.5499999999958,0.0,0.0,0.01436265709156194,
BTO-s1-b300,bto,0.0,-1,results/es_bto/ckpt_seed1_gen00300.npz,300,1,BT-v3,10020,0,0.5,0,1,0,timeout,120.19999999999531,0.0,0.0,0.0,120.19999999999531,0.0,0.0,0.0037437603993344427,4956.72270117364
BTO-s1-b300,bto,0.0,-1,results/es_bto/ckpt_seed1_gen00300.npz,300,1,BT-v3,10020,1,0.5,0,1,0,timeout,120.19999999999531,0.0,1.25,0.0,120.19999999999531,0.0,0.0,0.0033277870216306157,
BTO-s1-b300,bto,0.0,-1,results/es_bto/ckpt_seed1_gen00300.npz,300,1,BT-v3,10021,0,0.5,0,1,0,collision,4.499999999999992,0.0,0.0,0.0,4.499999999999992,0.0,0.5568181818181818,0.056818181818181816,6555.742708681134
BTO-s1-b300,bto,0.0,-1,results/es_bto/ckpt_seed1_gen00300.npz,300,1,BT-v3,10021,1,1.0,1,0,0,gun_kill,105.54999999999615,100.0,0.0,3.999999999999994,105.54999999999615,0.0,0.09582542694497154,0.009962049335863378,
BTO-s1-b300,bto,0.0,-1,results/es_bto/ckpt_seed1_gen00300.npz,300,1,BT-v3,10022,0,1.0,1,0,0,gun_kill,116.9499999999955,100.0,0.0,3.999999999999994,116.9499999999955,0.0,0.03767123287671233,0.016695205479452056,4754.539405148909
BTO-s1-b300,bto,0.0,-1,results/es_bto/ckpt_seed1_gen00300.npz,300,1,BT-v3,10022,1,0.5,0,1,0,timeout,120.19999999999531,86.25,0.0,3.4499999999999957,120.19999999999531,0.0,0.03577371048252912,0.009151414309484194,
BTO-s1-b300,bto,0.0,-1,results/es_bto/ckpt_seed1_gen00300.npz,300,1,BT-v3,10023,0,0.5,0,1,0,timeout,120.19999999999531,0.0,0.0,0.0,120.19999999999531,0.0,0.036605657237936774,0.0,5063.093371557065
BTO-s1-b300,bto,0.0,-1,results/es_bto/ckpt_seed1_gen00300.npz,300,1,BT-v3,10023,1,0.5,0,1,0,timeout,120.19999999999531,0.0,0.0,0.0,120.19999999999531,0.0,0.040349417637271213,0.0,
BTO-s1-b300,bto,0.0,-1,results/es_bto/ckpt_seed1_gen00300.npz,300,1,BT-v3,10024,0,1.0,1,0,0,gun_kill,89.94999999999703,100.0,0.0,3.999999999999994,89.94999999999703,0.0,0.042316258351893093,0.0,4223.6283014263245
BTO-s1-b300,bto,0.0,-1,results/es_bto/ckpt_seed1_gen00300.npz,300,1,BT-v3,10024,1,1.0,1,0,0,gun_kill,113.04999999999572,100.0,17.5,3.999999999999994,113.04999999999572,0.0,0.035398230088495575,0.0,
BTO-s1-b300,bto,0.0,-1,results/es_bto/ckpt_seed1_gen00300.npz,300,1,BT-v3,10025,0,0.5,0,1,0,timeout,120.19999999999531,0.0,0.0,0.0,120.19999999999531,0.0,0.03369384359400998,0.0,5319.7666265126545
BTO-s1-b300,bto,0.0,-1,results/es_bto/ckpt_seed1_gen00300.npz,300,1,BT-v3,10025,1,0.5,0,1,0,timeout,120.19999999999531,8.75,0.0,0.35,120.19999999999531,0.0,0.03369384359400998,0.009151414309484194,
BTO-s1-b300,bto,0.0,-1,results/es_bto/ckpt_seed1_gen00300.npz,300,1,BT-v3,10026,0,1.0,1,0,0,gun_kill,95.99999999999669,100.0,0.0,3.999999999999994,95.99999999999669,0.0,0.08455114822546973,0.0,4292.931398828181
BTO-s1-b300,bto,0.0,-1,results/es_bto/ckpt_seed1_gen00300.npz,300,1,BT-v3,10026,1,1.0,1,0,0,gun_kill,117.94999999999544,100.0,22.5,3.999999999999994,117.94999999999544,0.0,0.05475382003395586,0.0,
BTO-s1-b300,bto,0.0,-1,results/es_bto/ckpt_seed1_gen00300.npz,300,1,BT-v3,10027,0,1.0,1,0,0,gun_kill,40.84999999999982,100.0,0.0,3.999999999999994,40.84999999999982,0.0,0.47181372549019607,0.0,4663.183638753839
BTO-s1-b300,bto,0.0,-1,results/es_bto/ckpt_seed1_gen00300.npz,300,1,BT-v3,10027,1,1.0,1,0,0,gun_kill,48.34999999999939,100.0,0.0,3.999999999999994,48.34999999999939,0.0,0.4118257261410788,0.0,
BTO-s1-b300,bto,0.0,-1,results/es_bto/ckpt_seed1_gen00300.npz,300,1,BT-v3,10028,0,1.0,1,0,0,gun_kill,113.54999999999569,100.0,15.0,3.999999999999994,113.54999999999569,0.0,0.0,0.0030864197530864196,4150.27885086078
BTO-s1-b300,bto,0.0,-1,results/es_bto/ckpt_seed1_gen00300.npz,300,1,BT-v3,10028,1,1.0,1,0,0,gun_kill,95.39999999999672,100.0,0.0,3.999999999999994,95.39999999999672,0.0,0.0,0.0015756302521008404,
BTO-s1-b300,bto,0.0,-1,results/es_bto/ckpt_seed1_gen00300.npz,300,1,BT-v3,10029,0,1.0,1,0,0,gun_kill,115.54999999999558,100.0,0.0,3.999999999999994,115.54999999999558,0.0,0.0,0.0,4323.846987164627
BTO-s1-b300,bto,0.0,-1,results/es_bto/ckpt_seed1_gen00300.npz,300,1,BT-v3,10029,1,1.0,1,0,0,gun_kill,102.99999999999629,100.0,0.0,3.999999999999994,102.99999999999629,0.0,0.0,0.0,
BTO-s1-b300,bto,0.0,-1,results/es_bto/ckpt_seed1_gen00300.npz,300,1,BT-v3,10030,0,1.0,1,0,0,gun_kill,101.54999999999637,100.0,13.75,3.999999999999994,101.54999999999637,0.0,0.11489151873767259,0.005917159763313609,4079.4326961463908
BTO-s1-b300,bto,0.0,-1,results/es_bto/ckpt_seed1_gen00300.npz,300,1,BT-v3,10030,1,1.0,1,0,0,gun_kill,80.99999999999754,100.0,0.0,3.999999999999994,80.99999999999754,0.0,0.13675742574257427,0.0,
BTO-s1-b300,bto,0.0,-1,results/es_bto/ckpt_seed1_gen00300.npz,300,1,BT-v3,10031,0,1.0,1,0,0,gun_kill,104.6499999999962,100.0,0.0,3.999999999999994,104.6499999999962,0.0,0.11998087954110899,0.0,3869.906428431757
BTO-s1-b300,bto,0.0,-1,results/es_bto/ckpt_seed1_gen00300.npz,300,1,BT-v3,10031,1,1.0,1,0,0,gun_kill,87.64999999999716,100.0,0.0,3.999999999999994,87.64999999999716,0.0,0.1404109589041096,0.0,
BTO-s1-b300,bto,0.0,-1,results/es_bto/ckpt_seed1_gen00300.npz,300,1,BT-v3,10032,0,0.5,0,1,0,timeout,120.19999999999531,95.0,0.0,3.7999999999999945,120.19999999999531,0.0,0.025790349417637273,0.0,4047.379535516396
BTO-s1-b300,bto,0.0,-1,results/es_bto/ckpt_seed1_gen00300.npz,300,1,BT-v3,10032,1,0.5,0,1,0,timeout,120.19999999999531,0.0,3.75,0.0,120.19999999999531,0.0,0.025790349417637273,0.009151414309484194,
BTO-s1-b300,bto,0.0,-1,results/es_bto/ckpt_seed1_gen00300.npz,300,1,BT-v3,10033,0,0.5,0,1,0,timeout,120.19999999999531,51.25,0.0,2.0500000000000007,120.19999999999531,0.0,0.015391014975041598,0.0,4478.128835083491
BTO-s1-b300,bto,0.0,-1,results/es_bto/ckpt_seed1_gen00300.npz,300,1,BT-v3,10033,1,1.0,1,0,0,gun_kill,112.89999999999573,100.0,3.75,3.999999999999994,112.89999999999573,0.0,0.015070921985815602,0.0,
BTO-s1-b300,bto,0.0,-1,results/es_bto/ckpt_seed1_gen00300.npz,300,1,BT-v3,10034,0,1.0,1,0,0,gun_kill,118.44999999999541,100.0,0.0,3.999999999999994,118.44999999999541,0.0,0.02787162162162162,0.016891891891891893,4349.302547909952
BTO-s1-b300,bto,0.0,-1,results/es_bto/ckpt_seed1_gen00300.npz,300,1,BT-v3,10034,1,0.5,0,1,0,timeout,120.19999999999531,15.0,0.0,0.6,120.19999999999531,0.0,0.02745424292845258,0.0,
BTO-s1-b300,bto,0.0,-1,results/es_bto/ckpt_seed1_gen00300.npz,300,1,BT-v3,10035,0,1.0,1,0,0,gun_kill,112.19999999999577,100.0,33.75,3.999999999999994,112.19999999999577,0.0,0.015625,0.004464285714285714,3682.1318645826846
BTO-s1-b300,bto,0.0,-1,results/es_bto/ckpt_seed1_gen00300.npz,300,1,BT-v3,10035,1,1.0,1,0,0,gun_kill,88.34999999999712,100.0,0.0,3.999999999999994,88.34999999999712,0.0,0.01984126984126984,0.0,
BTO-s1-b300,bto,0.0,-1,results/es_bto/ckpt_seed1_gen00300.npz,300,1,BT-v3,10036,0,0.5,0,1,0,timeout,120.19999999999531,60.0,16.25,2.3999999999999995,120.19999999999531,0.0,0.0,0.012895174708818636,3717.599145172707
BTO-s1-b300,bto,0.0,-1,results/es_bto/ckpt_seed1_gen00300.npz,300,1,BT-v3,10036,1,1.0,1,0,0,gun_kill,104.39999999999621,100.0,0.0,3.999999999999994,104.39999999999621,0.0,0.0,0.00527831094049904,
BTO-s1-b300,bto,0.0,-1,results/es_bto/ckpt_seed1_gen00300.npz,300,1,BT-v3,10037,0,1.0,1,0,0,gun_kill,95.44999999999672,100.0,0.0,3.999999999999994,95.44999999999672,0.0,0.09958071278825996,0.0,3646.257754502785
BTO-s1-b300,bto,0.0,-1,results/es_bto/ckpt_seed1_gen00300.npz,300,1,BT-v3,10037,1,1.0,1,0,0,gun_kill,110.74999999999585,100.0,0.0,3.999999999999994,110.74999999999585,0.0,0.11573236889692586,0.0,
BTO-s1-b300,bto,0.0,-1,results/es_bto/ckpt_seed1_gen00300.npz,300,1,BT-v3,10038,0,0.5,0,1,0,timeout,120.19999999999531,47.5,0.0,1.900000000000001,120.19999999999531,0.0,0.023710482529118136,0.004991680532445923,4739.3208585149905
BTO-s1-b300,bto,0.0,-1,results/es_bto/ckpt_seed1_gen00300.npz,300,1,BT-v3,10038,1,1.0,1,0,0,gun_kill,119.79999999999534,100.0,0.0,3.999999999999994,119.79999999999534,0.0,0.023829431438127092,0.019230769230769232,
BTO-s1-b300,bto,0.0,-1,results/es_bto/ckpt_seed1_gen00300.npz,300,1,BT-v3,10039,0,1.0,1,0,0,gun_kill,86.8999999999972,100.0,0.0,3.999999999999994,86.8999999999972,0.0,0.020161290322580645,0.0,3487.471921136568
BTO-s1-b300,bto,0.0,-1,results/es_bto/ckpt_seed1_gen00300.npz,300,1,BT-v3,10039,1,1.0,1,0,0,gun_kill,94.49999999999677,100.0,15.0,3.999999999999994,94.49999999999677,0.0,0.018008474576271187,0.0,
BTO-s1-b300,bto,0.0,-1,results/es_bto/ckpt_seed1_gen00300.npz,300,1,BT-v3,10040,0,0.5,0,1,0,timeout,120.19999999999531,48.75,20.0,1.950000000000001,120.19999999999531,0.0,0.0,0.0,4397.017970235873
BTO-s1-b300,bto,0.0,-1,results/es_bto/ckpt_seed1_gen00300.npz,300,1,BT-v3,10040,1,1.0,1,0,0,gun_kill,98.74999999999653,100.0,0.0,3.999999999999994,98.74999999999653,0.0,0.0,0.002028397565922921,
BTO-s1-b300,bto,0.0,-1,results/es_bto/ckpt_seed1_gen00300.npz,300,1,BT-v3,10041,0,1.0,1,0,0,gun_kill,95.7999999999967,100.0,0.0,3.999999999999994,95.7999999999967,0.0,0.015167364016736401,0.0,3816.862228201624
BTO-s1-b300,bto,0.0,-1,results/es_bto/ckpt_seed1_gen00300.npz,300,1,BT-v3,10041,1,1.0,1,0,0,gun_kill,109.24999999999594,100.0,0.0,3.999999999999994,109.24999999999594,0.0,0.013278388278388278,0.0,
BTO-s1-b300,bto,0.0,-1,results/es_bto/ckpt_seed1_gen00300.npz,300,1,BT-v3,10042,0,1.0,1,0,0,gun_kill,113.99999999999567,100.0,0.0,3.999999999999994,113.99999999999567,0.0,0.04261862917398945,0.005272407732864675,4645.415138328117
BTO-s1-b300,bto,0.0,-1,results/es_bto/ckpt_seed1_gen00300.npz,300,1,BT-v3,10042,1,0.5,0,1,0,timeout,120.19999999999531,82.5,0.0,3.2999999999999963,120.19999999999531,0.0,0.04492512479201331,0.0020798668885191347,
BTO-s1-b300,bto,0.0,-1,results/es_bto/ckpt_seed1_gen00300.npz,300,1,BT-v3,10043,0,1.0,1,0,0,gun_kill,117.19999999999548,100.0,0.0,3.999999999999994,117.19999999999548,0.0,0.0,0.011538461538461539,4303.321577804196
BTO-s1-b300,bto,0.0,-1,results/es_bto/ckpt_seed1_gen00300.npz,300,1,BT-v3,10043,1,1.0,1,0,0,gun_kill,113.4999999999957,100.0,0.0,3.999999999999994,113.4999999999957,0.0,0.0,0.018518518518518517,
BTO-s1-b300,bto,0.0,-1,results/es_bto/ckpt_seed1_gen00300.npz,300,1,BT-v3,10044,0,0.5,0,1,0,timeout,120.19999999999531,45.0,0.0,1.800000000000001,120.19999999999531,0.0,0.0,0.0,4704.157254119862
BTO-s1-b300,bto,0.0,-1,results/es_bto/ckpt_seed1_gen00300.npz,300,1,BT-v3,10044,1,1.0,1,0,0,gun_kill,115.84999999999556,100.0,0.0,3.999999999999994,115.84999999999556,0.0,0.0,0.0,
BTO-s1-b300,bto,0.0,-1,results/es_bto/ckpt_seed1_gen00300.npz,300,1,BT-v3,10045,0,0.5,0,1,0,timeout,120.19999999999531,0.0,0.0,0.0,120.19999999999531,0.0,0.0324459234608985,0.0,5537.412518841113
BTO-s1-b300,bto,0.0,-1,results/es_bto/ckpt_seed1_gen00300.npz,300,1,BT-v3,10045,1,0.5,0,1,0,timeout,120.19999999999531,0.0,0.0,0.0,120.19999999999531,0.0,0.042429284525790346,0.0,
BTO-s1-b300,bto,0.0,-1,results/es_bto/ckpt_seed1_gen00300.npz,300,1,BT-v3,10046,0,0.5,0,1,0,timeout,120.19999999999531,93.75,0.0,3.7499999999999947,120.19999999999531,0.0,0.32029950083194675,0.0,3789.2539418218557
BTO-s1-b300,bto,0.0,-1,results/es_bto/ckpt_seed1_gen00300.npz,300,1,BT-v3,10046,1,0.5,0,1,0,timeout,120.19999999999531,15.0,11.25,0.6,120.19999999999531,0.0,0.41722129783693845,0.0024958402662229617,
BTO-s1-b300,bto,0.0,-1,results/es_bto/ckpt_seed1_gen00300.npz,300,1,BT-v3,10047,0,1.0,1,0,0,gun_kill,96.24999999999667,100.0,0.0,3.999999999999994,96.24999999999667,0.0,0.0,0.012993762993762994,3826.9409107572683
BTO-s1-b300,bto,0.0,-1,results/es_bto/ckpt_seed1_gen00300.npz,300,1,BT-v3,10047,1,1.0,1,0,0,gun_kill,95.7999999999967,100.0,0.0,3.999999999999994,95.7999999999967,0.0,0.0,0.02981171548117155,
BTO-s1-b300,bto,0.0,-1,results/es_bto/ckpt_seed1_gen00300.npz,300,1,BT-v3,10048,0,0.5,0,1,0,timeout,120.19999999999531,0.0,55.0,0.0,120.19999999999531,0.0,0.021214642262895173,0.0,4782.989180367298
BTO-s1-b300,bto,0.0,-1,results/es_bto/ckpt_seed1_gen00300.npz,300,1,BT-v3,10048,1,1.0,1,0,0,gun_kill,111.09999999999583,100.0,0.0,3.999999999999994,111.09999999999583,0.0,0.032432432432432434,0.0,
BTO-s1-b300,bto,0.0,-1,results/es_bto/ckpt_seed1_gen00300.npz,300,1,BT-v3,10049,0,0.5,0,1,0,timeout,120.19999999999531,98.75,0.0,3.949999999999994,120.19999999999531,0.0,0.05906821963394343,0.0,4448.084773394393
BTO-s1-b300,bto,0.0,-1,results/es_bto/ckpt_seed1_gen00300.npz,300,1,BT-v3,10049,1,0.5,0,1,0,timeout,120.19999999999531,67.5,0.0,2.6999999999999984,120.19999999999531,0.0,0.06405990016638935,0.015391014975041598,
BTO-s1-b300,bto,0.0,-1,results/es_bto/ckpt_seed1_gen00300.npz,300,1,BT-v3,10050,0,1.0,1,0,0,gun_kill,92.74999999999687,100.0,0.0,3.999999999999994,92.74999999999687,0.0,0.03131749460043196,0.016198704103671708,4078.018448403507
BTO-s1-b300,bto,0.0,-1,results/es_bto/ckpt_seed1_gen00300.npz,300,1,BT-v3,10050,1,0.5,0,1,0,timeout,120.19999999999531,48.75,27.5,1.950000000000001,120.19999999999531,0.0,0.024126455906821963,0.01372712146422629,
BTO-s1-b300,bto,0.0,-1,results/es_bto/ckpt_seed1_gen00300.npz,300,1,BT-v3,10051,0,0.5,0,1,0,collision,4.149999999999993,0.0,1.25,0.0,4.149999999999993,0.0,0.5625,0.0625,6887.168962205362
BTO-s1-b300,bto,0.0,-1,results/es_bto/ckpt_seed1_gen00300.npz,300,1,BT-v3,10051,1,0.5,0,1,0,timeout,120.19999999999531,95.0,0.0,3.7999999999999945,120.19999999999531,0.0,0.09775374376039933,0.007903494176372712,
BTO-s1-b300,bto,0.0,-1,results/es_bto/ckpt_seed1_gen00300.npz,300,1,BT-v3,10052,0,1.0,1,0,0,gun_kill,110.99999999999584,100.0,0.0,3.999999999999994,110.99999999999584,0.0,0.02888086642599278,0.0058664259927797835,4243.059159150523
BTO-s1-b300,bto,0.0,-1,results/es_bto/ckpt_seed1_gen00300.npz,300,1,BT-v3,10052,1,1.0,1,0,0,gun_kill,113.54999999999569,100.0,0.0,3.999999999999994,113.54999999999569,0.0,0.026895943562610228,0.021164021164021163,
BTO-s1-b300,bto,0.0,-1,results/es_bto/ckpt_seed1_gen00300.npz,300,1,BT-v3,10053,0,0.5,0,1,0,timeout,120.19999999999531,26.25,0.0,1.0500000000000003,120.19999999999531,0.0,0.0,0.0,5272.023558765663
BTO-s1-b300,bto,0.0,-1,results/es_bto/ckpt_seed1_gen00300.npz,300,1,BT-v3,10053,1,0.5,0,1,0,timeout,120.19999999999531,0.0,5.0,0.0,120.19999999999531,0.0,0.0,0.00041597337770382697,
BTO-s1-b300,bto,0.0,-1,results/es_bto/ckpt_seed1_gen00300.npz,300,1,BT-v3,10054,0,1.0,1,0,0,gun_kill,79.8499999999976,100.0,0.0,3.999999999999994,79.8499999999976,0.0,0.0,0.03822055137844611,3931.0926705132497
BTO-s1-b300,bto,0.0,-1,results/es_bto/ckpt_seed1_gen00300.npz,300,1,BT-v3,10054,1,0.5,0,1,0,collision,10.450000000000014,0.0,0.0,0.0,10.450000000000014,0.0,0.0,0.04326923076923077,
BTO-s1-b300,bto,0.0,-1,results/es_bto/ckpt_seed1_gen00300.npz,300,1,BT-v3,10055,0,1.0,1,0,0,gun_kill,76.04999999999782,100.0,0.0,3.999999999999994,76.04999999999782,0.0,0.0,0.009868421052631578,3858.499330031378
BTO-s1-b300,bto,0.0,-1,results/es_bto/ckpt_seed1_gen00300.npz,300,1,BT-v3,10055,1,1.0,1,0,0,gun_kill,91.14999999999696,100.0,3.75,3.999999999999994,91.14999999999696,0.0,0.0,0.0,
BTO-s1-b300,bto,0.0,-1,results/es_bto/ckpt_seed1_gen00300.npz,300,1,BT-v3,10056,0,1.0,1,0,0,gun_kill,91.59999999999694,100.0,0.0,3.999999999999994,91.59999999999694,0.0,0.06947483588621445,0.025711159737417943,4197.8624296703765
BTO-s1-b300,bto,0.0,-1,results/es_bto/ckpt_seed1_gen00300.npz,300,1,BT-v3,10056,1,1.0,1,0,0,gun_kill,91.99999999999692,100.0,0.0,3.999999999999994,91.99999999999692,0.0,0.08224400871459694,0.026143790849673203,
BTO-s1-b300,bto,0.0,-1,results/es_bto/ckpt_seed1_gen00300.npz,300,1,BT-v3,10057,0,1.0,1,0,0,gun_kill,109.74999999999591,100.0,0.0,3.999999999999994,109.74999999999591,0.0,0.0,0.0,3990.1465857004555
BTO-s1-b300,bto,0.0,-1,results/es_bto/ckpt_seed1_gen00300.npz,300,1,BT-v3,10057,1,1.0,1,0,0,gun_kill,95.19999999999673,100.0,2.5,3.999999999999994,95.19999999999673,0.0,0.0,0.022631578947368423,
BTO-s1-b300,bto,0.0,-1,results/es_bto/ckpt_seed1_gen00300.npz,300,1,BT-v3,10058,0,1.0,1,0,0,gun_kill,75.94999999999783,100.0,0.0,3.999999999999994,75.94999999999783,0.0,0.08905013192612138,0.0,3612.940697451975
BTO-s1-b300,bto,0.0,-1,results/es_bto/ckpt_seed1_gen00300.npz,300,1,BT-v3,10058,1,1.0,1,0,0,gun_kill,101.0499999999964,100.0,16.25,3.999999999999994,101.0499999999964,0.0,0.07574257425742574,0.01485148514851485,
BTO-s1-b300,bto,0.0,-1,results/es_bto/ckpt_seed1_gen00300.npz,300,1,BT-v3,10059,0,0.5,0,1,0,timeout,120.19999999999531,75.0,0.0,2.9999999999999973,120.19999999999531,0.0,0.0,0.0,4438.820704721949
BTO-s1-b300,bto,0.0,-1,results/es_bto/ckpt_seed1_gen00300.npz,300,1,BT-v3,10059,1,0.5,0,1,0,timeout,120.19999999999531,70.0,0.0,2.799999999999998,120.19999999999531,0.0,0.0,0.0,
BTO-s1-b300,bto,0.0,-1,results/es_bto/ckpt_seed1_gen00300.npz,300,1,BT-v3,10060,0,1.0,1,0,0,gun_kill,106.94999999999607,100.0,0.0,3.999999999999994,106.94999999999607,0.0,0.03604868913857678,0.0023408239700374533,4497.938244525319
BTO-s1-b300,bto,0.0,-1,results/es_bto/ckpt_seed1_gen00300.npz,300,1,BT-v3,10060,1,1.0,1,0,0,gun_kill,114.64999999999563,100.0,0.0,3.999999999999994,114.64999999999563,0.0,0.033595113438045374,0.007417102966841187,
BTO-s1-b300,bto,0.0,-1,results/es_bto/ckpt_seed1_gen00300.npz,300,1,BT-v3,10061,0,1.0,1,0,0,gun_kill,120.09999999999532,100.0,15.0,3.999999999999994,120.09999999999532,0.0,0.055,0.0,4289.372551351935
BTO-s1-b300,bto,0.0,-1,results/es_bto/ckpt_seed1_gen00300.npz,300,1,BT-v3,10061,1,1.0,1,0,0,gun_kill,99.84999999999647,100.0,0.0,3.999999999999994,99.84999999999647,0.0,0.06963927855711423,0.013527054108216433,
BTO-s1-b300,bto,0.0,-1,results/es_bto/ckpt_seed1_gen00300.npz,300,1,BT-v3,10062,0,0.5,0,1,0,timeout,120.19999999999531,55.0,6.25,2.2,120.19999999999531,0.0,0.06364392678868552,0.0,4397.387417810473
BTO-s1-b300,bto,0.0,-1,results/es_bto/ckpt_seed1_gen00300.npz,300,1,BT-v3,10062,1,1.0,1,0,0,gun_kill,109.04999999999595,100.0,0.0,3.999999999999994,109.04999999999595,0.0,0.07247706422018349,0.021559633027522937,
BTO-s1-b300,bto,0.0,-1,results/es_bto/ckpt_seed1_gen00300.npz,300,1,BT-v3,10063,0,1.0,1,0,0,gun_kill,100.69999999999642,100.0,7.5,3.999999999999994,100.69999999999642,0.0,0.022365805168986085,0.010934393638170975,3765.717398135612
BTO-s1-b300,bto,0.0,-1,results/es_bto/ckpt_seed1_gen00300.npz,300,1,BT-v3,10063,1,1.0,1,0,0,gun_kill,88.99999999999709,100.0,0.0,3.999999999999994,88.99999999999709,0.0,0.02759009009009009,0.0,
BTO-s1-b300,bto,0.0,-1,results/es_bto/ckpt_seed1_gen00300.npz,300,1,BT-v3,10064,0,0.5,0,1,0,timeout,120.19999999999531,0.0,60.0,0.0,120.19999999999531,0.0,0.018718801996672214,0.0,5246.021087388794
BTO-s1-b300,bto,0.0,-1,results/es_bto/ckpt_seed1_gen00300.npz,300,1,BT-v3,10064,1,1.0,1,0,0,gun_kill,18.250000000000124,100.0,0.0,3.999999999999994,18.250000000000124,0.0,0.12087912087912088,0.0,
BTO-s1-b300,bto,0.0,-1,results/es_bto/ckpt_seed1_gen00300.npz,300,1,BT-v3,10065,0,1.0,1,0,0,gun_kill,84.69999999999733,100.0,0.0,3.999999999999994,84.69999999999733,0.0,0.04491725768321513,0.015957446808510637,3974.56436918927
BTO-s1-b300,bto,0.0,-1,results/es_bto/ckpt_seed1_gen00300.npz,300,1,BT-v3,10065,1,1.0,1,0,0,gun_kill,100.04999999999646,100.0,6.25,3.999999999999994,100.04999999999646,0.0,0.038,0.008,
BTO-s1-b300,bto,0.0,-1,results/es_bto/ckpt_seed1_gen00300.npz,300,1,BT-v3,10066,0,1.0,1,0,0,gun_kill,113.74999999999568,100.0,3.75,3.999999999999994,113.74999999999568,0.0,0.06205985915492958,0.007482394366197183,3799.8724022538036
BTO-s1-b300,bto,0.0,-1,results/es_bto/ckpt_seed1_gen00300.npz,300,1,BT-v3,10066,1,1.0,1,0,0,gun_kill,94.44999999999678,100.0,0.0,3.999999999999994,94.44999999999678,0.0,0.06197033898305085,0.0,
BTO-s1-b300,bto,0.0,-1,results/es_bto/ckpt_seed1_gen00300.npz,300,1,BT-v3,10067,0,0.5,0,1,0,timeout,120.19999999999531,0.0,0.0,0.0,120.19999999999531,0.0,0.010815307820299502,0.0,5127.547718871089
BTO-s1-b300,bto,0.0,-1,results/es_bto/ckpt_seed1_gen00300.npz,300,1,BT-v3,10067,1,0.5,0,1,0,timeout,120.19999999999531,0.0,0.0,0.0,120.19999999999531,0.0,0.011231281198003328,0.0,
BTO-s1-b300,bto,0.0,-1,results/es_bto/ckpt_seed1_gen00300.npz,300,1,BT-v3,10068,0,0.5,0,1,0,timeout,120.19999999999531,0.0,0.0,0.0,120.19999999999531,0.0,0.042429284525790346,0.0066555740432612314,4606.005814900055
BTO-s1-b300,bto,0.0,-1,results/es_bto/ckpt_seed1_gen00300.npz,300,1,BT-v3,10068,1,0.5,0,1,0,timeout,120.19999999999531,0.0,2.5,0.0,120.19999999999531,0.0,0.042429284525790346,0.0008319467554076539,
BTO-s1-b300,bto,0.0,-1,results/es_bto/ckpt_seed1_gen00300.npz,300,1,BT-v3,10069,0,1.0,1,0,0,gun_kill,117.19999999999548,100.0,0.0,3.999999999999994,117.19999999999548,0.0,0.0,0.019230769230769232,4266.300421090185
BTO-s1-b300,bto,0.0,-1,results/es_bto/ckpt_seed1_gen00300.npz,300,1,BT-v3,10069,1,1.0,1,0,0,gun_kill,110.09999999999589,100.0,0.0,3.999999999999994,110.09999999999589,0.0,0.0,0.023636363636363636,
BTO-s1-b300,bto,0.0,-1,results/es_bto/ckpt_seed1_gen00300.npz,300,1,BT-v3,10070,0,1.0,1,0,0,gun_kill,110.49999999999586,100.0,0.0,3.999999999999994,110.49999999999586,0.0,0.00588768115942029,0.011322463768115942,4798.774276440952
BTO-s1-b300,bto,0.0,-1,results/es_bto/ckpt_seed1_gen00300.npz,300,1,BT-v3,10070,1,0.5,0,1,0,timeout,120.19999999999531,40.0,8.75,1.6000000000000008,120.19999999999531,0.0,0.005407653910149751,0.018718801996672214,
BTO-s1-b300,bto,0.0,-1,results/es_bto/ckpt_seed1_gen00300.npz,300,1,BT-v3,10071,0,0.5,0,1,0,timeout,120.19999999999531,98.75,0.0,3.949999999999994,120.19999999999531,0.0,0.0,0.0,4368.965123471331
BTO-s1-b300,bto,0.0,-1,results/es_bto/ckpt_seed1_gen00300.npz,300,1,BT-v3,10071,1,1.0,1,0,0,gun_kill,110.44999999999587,100.0,0.0,3.999999999999994,110.44999999999587,0.0,0.0,0.010416666666666666,
BTO-s1-b300,bto,0.0,-1,results/es_bto/ckpt_seed1_gen00300.npz,300,1,BT-v3,10072,0,1.0,1,0,0,gun_kill,114.59999999999563,100.0,26.25,3.999999999999994,114.59999999999563,0.0,0.0,0.004370629370629371,4071.342274844176
BTO-s1-b300,bto,0.0,-1,results/es_bto/ckpt_seed1_gen00300.npz,300,1,BT-v3,10072,1,1.0,1,0,0,gun_kill,94.24999999999679,100.0,0.0,3.999999999999994,94.24999999999679,0.0,0.0,0.004777070063694267,
BTO-s1-b300,bto,0.0,-1,results/es_bto/ckpt_seed1_gen00300.npz,300,1,BT-v3,10073,0,0.5,0,1,0,timeout,120.19999999999531,0.0,0.0,0.0,120.19999999999531,0.0,0.04076539101497504,0.0033277870216306157,4318.606824383961
BTO-s1-b300,bto,0.0,-1,results/es_bto/ckpt_seed1_gen00300.npz,300,1,BT-v3,10073,1,0.5,0,1,0,timeout,120.19999999999531,12.5,0.0,0.49999999999999994,120.19999999999531,0.0,0.04118136439267887,0.0,
BTO-s1-b300,bto,0.0,-1,results/es_bto/ckpt_seed1_gen00300.npz,300,1,BT-v3,10074,0,0.5,0,1,0,timeout,120.19999999999531,0.0,0.0,0.0,120.19999999999531,0.0,0.05574043261231281,0.0,5275.040644681242
BTO-s1-b300,bto,0.0,-1,results/es_bto/ckpt_seed1_gen00300.npz,300,1,BT-v3,10074,1,0.5,0,1,0,timeout,120.19999999999531,0.0,0.0,0.0,120.19999999999531,0.0,0.045757071547420966,0.0,
BTO-s1-b300,bto,0.0,-1,results/es_bto/ckpt_seed1_gen00300.npz,300,1,BT-v3,10075,0,1.0,1,0,0,gun_kill,108.29999999999599,100.0,0.0,3.999999999999994,108.29999999999599,0.0,0.021256931608133085,0.012939001848428836,4544.062674666687
BTO-s1-b300,bto,0.0,-1,results/es_bto/ckpt_seed1_gen00300.npz,300,1,BT-v3,10075,1,0.5,0,1,0,timeout,120.19999999999531,0.0,25.0,0.0,120.19999999999531,0.0,0.019966722129783693,0.01622296173044925,
BTO-s1-b300,bto,0.0,-1,results/es_bto/ckpt_seed1_gen00300.npz,300,1,BT-v3,10076,0,1.0,1,0,0,gun_kill,118.04999999999544,100.0,0.0,3.999999999999994,118.04999999999544,0.0,0.017796610169491526,0.01864406779661017,4632.674400234735
BTO-s1-b300,bto,0.0,-1,results/es_bto/ckpt_seed1_gen00300.npz,300,1,BT-v3,10076,1,1.0,1,0,0,gun_kill,116.04999999999555,100.0,0.0,3.999999999999994,116.04999999999555,0.0,0.01810344827586207,0.02586206896551724,
BTO-s1-b300,bto,0.0,-1,results/es_bto/ckpt_seed1_gen00300.npz,300,1,BT-v3,10077,0,1.0,1,0,0,gun_kill,98.54999999999654,100.0,0.0,3.999999999999994,98.54999999999654,0.0,0.019308943089430895,0.0,4141.542689201907
BTO-s1-b300,bto,0.0,-1,results/es_bto/ckpt_seed1_gen00300.npz,300,1,BT-v3,10077,1,1.0,1,0,0,gun_kill,104.09999999999623,100.0,0.0,3.999999999999994,104.09999999999623,0.0,0.016346153846153847,0.0,
BTO-s1-b300,bto,0.0,-1,results/es_bto/ckpt_seed1_gen00300.npz,300,1,BT-v3,10078,0,1.0,1,0,0,gun_kill,118.84999999999539,100.0,0.0,3.999999999999994,118.84999999999539,0.0,0.04713804713804714,0.0,4696.495831047103
BTO-s1-b300,bto,0.0,-1,results/es_bto/ckpt_seed1_gen00300.npz,300,1,BT-v3,10078,1,0.5,0,1,0,timeout,120.19999999999531,86.25,0.0,3.4499999999999957,120.19999999999531,0.0,0.035357737104825294,0.0,
BTO-s1-b300,bto,0.0,-1,results/es_bto/ckpt_seed1_gen00300.npz,300,1,BT-v3,10079,0,1.0,1,0,0,gun_kill,96.09999999999668,100.0,0.0,3.999999999999994,96.09999999999668,0.0,0.0,0.005729166666666666,4305.200022794939
BTO-s1-b300,bto,0.0,-1,results/es_bto/ckpt_seed1_gen00300.npz,300,1,BT-v3,10079,1,1.0,1,0,0,gun_kill,115.49999999999558,100.0,0.0,3.999999999999994,115.49999999999558,0.0,0.0,0.0030329289428076256,
BTO-s1-b300,bto,0.0,-1,results/es_bto/ckpt_seed1_gen00300.npz,300,1,BT-v3,10080,0,1.0,1,0,0,gun_kill,94.39999999999678,100.0,0.0,3.999999999999994,94.39999999999678,0.0,0.01592356687898089,0.020700636942675158,3845.270753326869
BTO-s1-b300,bto,0.0,-1,results/es_bto/ckpt_seed1_gen00300.npz,300,1,BT-v3,10080,1,1.0,1,0,0,gun_kill,75.79999999999784,100.0,0.0,3.999999999999994,75.79999999999784,0.0,0.01984126984126984,0.03505291005291005,
BTO-s1-b300,bto,0.0,-1,results/es_bto/ckpt_seed1_gen00300.npz,300,1,BT-v3,10081,0,0.5,0,1,0,timeout,120.19999999999531,36.25,0.0,1.4500000000000006,120.19999999999531,0.0,0.0,0.013311148086522463,4866.219671891074
BTO-s1-b300,bto,0.0,-1,results/es_bto/ckpt_seed1_gen00300.npz,300,1,BT-v3,10081,1,0.5,0,1,0,timeout,120.19999999999531,0.0,0.0,0.0,120.19999999999531,0.0,0.0,0.0037437603993344427,
BTO-s1-b300,bto,0.0,-1,results/es_bto/ckpt_seed1_gen00300.npz,300,1,BT-v3,10082,0,1.0,1,0,0,gun_kill,105.74999999999613,100.0,12.5,3.999999999999994,105.74999999999613,0.0,0.017518939393939392,0.028882575757575756,4569.600167747867
BTO-s1-b300,bto,0.0,-1,results/es_bto/ckpt_seed1_gen00300.npz,300,1,BT-v3,10082,1,0.5,0,1,0,timeout,120.19999999999531,82.5,0.0,3.2999999999999963,120.19999999999531,0.0,0.015391014975041598,0.01747088186356073,
BTO-s1-b300,bto,0.0,-1,results/es_bto/ckpt_seed1_gen00300.npz,300,1,BT-v3,10083,0,1.0,1,0,0,gun_kill,106.69999999999608,100.0,0.0,3.999999999999994,106.69999999999608,0.0,0.053939962476547844,0.02298311444652908,4663.056218801507
BTO-s1-b300,bto,0.0,-1,results/es_bto/ckpt_seed1_gen00300.npz,300,1,BT-v3,10083,1,0.5,0,1,0,timeout,120.19999999999531,2.5,0.0,0.1,120.19999999999531,0.0,0.04658901830282862,0.010815307820299502,
BTO-s1-b300,bto,0.0,-1,results/es_bto/ckpt_seed1_gen00300.npz,300,1,BT-v3,10084,0,1.0,1,0,0,gun_kill,111.6499999999958,100.0,0.0,3.999999999999994,111.6499999999958,0.0,0.0,0.0013440860215053765,4455.507711064528
BTO-s1-b300,bto,0.0,-1,results/es_bto/ckpt_seed1_gen00300.npz,300,1,BT-v3,10084,1,1.0,1,0,0,gun_kill,59.699999999998745,100.0,0.0,3.999999999999994,59.699999999998745,0.0,0.0,0.031879194630872486,
BTO-s1-b300,bto,0.0,-1,results/es_bto/ckpt_seed1_gen00300.npz,300,1,BT-v3,10085,0,1.0,1,0,0,gun_kill,98.84999999999653,100.0,0.0,3.999999999999994,98.84999999999653,0.0,0.0,0.0,4455.71865408181
BTO-s1-b300,bto,0.0,-1,results/es_bto/ckpt_seed1_gen00300.npz,300,1,BT-v3,10085,1,0.5,0,1,0,timeout,120.19999999999531,87.5,8.75,3.4999999999999956,120.19999999999531,0.0,0.0,0.0074875207986688855,
BTO-s1-b300,bto,0.0,-1,results/es_bto/ckpt_seed1_gen00300.npz,300,1,BT-v3,10086,0,1.0,1,0,0,gun_kill,107.54999999999603,100.0,0.0,3.999999999999994,107.54999999999603,0.0,0.0,0.004655493482309125,4398.298979103054
BTO-s1-b300,bto,0.0,-1,results/es_bto/ckpt_seed1_gen00300.npz,300,1,BT-v3,10086,1,0.5,0,1,0,timeout,120.19999999999531,16.25,0.0,0.65,120.19999999999531,0.0,0.0,0.0,
BTO-s1-b300,bto,0.0,-1,results/es_bto/ckpt_seed1_gen00300.npz,300,1,BT-v3,10087,0,0.5,0,1,0,collision,3.999999999999994,0.0,0.0,0.0,3.999999999999994,0.0,0.5394736842105263,0.06578947368421052,6571.1881774371595
BTO-s1-b300,bto,0.0,-1,results/es_bto/ckpt_seed1_gen00300.npz,300,1,BT-v3,10087,1,1.0,1,0,0,gun_kill,109.8499999999959,100.0,0.0,3.999999999999994,109.8499999999959,0.0,0.0482695810564663,0.01912568306010929,
BTO-s1-b300,bto,0.0,-1,results/es_bto/ckpt_seed1_gen00300.npz,300,1,BT-v3,10088,0,0.5,0,1,0,timeout,120.19999999999531,52.5,0.0,2.1000000000000005,120.19999999999531,0.0,0.0,0.007903494176372712,3882.560308436435
BTO-s1-b300,bto,0.0,-1,results/es_bto/ckpt_seed1_gen00300.npz,300,1,BT-v3,10088,1,0.5,0,1,0,timeout,120.19999999999531,86.25,0.0,3.4499999999999957,120.19999999999531,0.0,0.0,0.011647254575707155,
BTO-s1-b300,bto,0.0,-1,results/es_bto/ckpt_seed1_gen00300.npz,300,1,BT-v3,10089,0,1.0,1,0,0,gun_kill,117.39999999999547,100.0,18.75,3.999999999999994,117.39999999999547,0.0,0.0,0.02218430034129693,4758.898034265724
BTO-s1-b300,bto,0.0,-1,results/es_bto/ckpt_seed1_gen00300.npz,300,1,BT-v3,10089,1,0.5,0,1,0,timeout,120.19999999999531,0.0,0.0,0.0,120.19999999999531,0.0,0.0,0.0,
BTO-s1-b300,bto,0.0,-1,results/es_bto/ckpt_seed1_gen00300.npz,300,1,BT-v3,10090,0,1.0,1,0,0,gun_kill,82.09999999999748,100.0,0.0,3.999999999999994,82.09999999999748,0.0,0.013414634146341463,0.01402439024390244,3716.365850705661
BTO-s1-b300,bto,0.0,-1,results/es_bto/ckpt_seed1_gen00300.npz,300,1,BT-v3,10090,1,1.0,1,0,0,gun_kill,72.59999999999802,100.0,0.0,3.999999999999994,72.59999999999802,0.0,0.015193370165745856,0.011740331491712707,
BTO-s1-b300,bto,0.0,-1,results/es_bto/ckpt_seed1_gen00300.npz,300,1,BT-v3,10091,0,1.0,1,0,0,gun_kill,90.69999999999699,100.0,0.0,3.999999999999994,90.69999999999699,0.0,0.1032008830022075,0.01434878587196468,3973.0388833277525
BTO-s1-b300,bto,0.0,-1,results/es_bto/ckpt_seed1_gen00300.npz,300,1,BT-v3,10091,1,1.0,1,0,0,gun_kill,104.5499999999962,100.0,3.75,3.999999999999994,104.5499999999962,0.0,0.09722222222222222,0.011015325670498084,
BTO-s1-b300,bto,0.0,-1,results/es_bto/ckpt_seed1_gen00300.npz,300,1,BT-v3,10092,0,0.5,0,1,0,timeout,120.19999999999531,0.0,6.25,0.0,120.19999999999531,0.0,0.0,0.007903494176372712,4650.567009988943
BTO-s1-b300,bto,0.0,-1,results/es_bto/ckpt_seed1_gen00300.npz,300,1,BT-v3,10092,1,1.0,1,0,0,gun_kill,111.14999999999583,100.0,0.0,3.999999999999994,111.14999999999583,0.0,0.0,0.022072072072072072,
BTO-s1-b300,bto,0.0,-1,results/es_bto/ckpt_seed1_gen00300.npz,300,1,BT-v3,10093,0,0.5,0,1,0,timeout,120.19999999999531,61.25,0.0,2.4499999999999993,120.19999999999531,0.0,0.0,0.0,5014.175491482216
BTO-s1-b300,bto,0.0,-1,results/es_bto/ckpt_seed1_gen00300.npz,300,1,BT-v3,10093,1,0.5,0,1,0,timeout,120.19999999999531,0.0,66.25,0.0,120.19999999999531,0.0,0.0,0.0,
BTO-s1-b300,bto,0.0,-1,results/es_bto/ckpt_seed1_gen00300.npz,300,1,BT-v3,10094,0,1.0,1,0,0,gun_kill,95.54999999999671,100.0,0.0,3.999999999999994,95.54999999999671,0.0,0.08962264150943396,0.0,3618.48911896848
BTO-s1-b300,bto,0.0,-1,results/es_bto/ckpt_seed1_gen00300.npz,300,1,BT-v3,10094,1,1.0,1,0,0,gun_kill,75.74999999999784,100.0,0.0,3.999999999999994,75.74999999999784,0.0,0.10648148148148148,0.0,
BTO-s1-b300,bto,0.0,-1,results/es_bto/ckpt_seed1_gen00300.npz,300,1,BT-v3,10095,0,0.5,0,1,0,timeout,120.19999999999531,7.5,0.0,0.3,120.19999999999531,0.0,0.0,0.0,4638.766145067362
BTO-s1-b300,bto,0.0,-1,results/es_bto/ckpt_seed1_gen00300.npz,300,1,BT-v3,10095,1,1.0,1,0,0,gun_kill,115.0499999999956,100.0,0.0,3.999999999999994,115.0499999999956,0.0,0.0,0.0,
BTO-s1-b300,bto,0.0,-1,results/es_bto/ckpt_seed1_gen00300.npz,300,1,BT-v3,10096,0,1.0,1,0,0,gun_kill,98.14999999999657,100.0,0.0,3.999999999999994,98.14999999999657,0.0,0.07908163265306123,0.0,3771.0130688981717
BTO-s1-b300,bto,0.0,-1,results/es_bto/ckpt_seed1_gen00300.npz,300,1,BT-v3,10096,1,1.0,1,0,0,gun_kill,100.19999999999645,100.0,0.0,3.999999999999994,100.19999999999645,0.0,0.0905,0.0,
BTO-s1-b300,bto,0.0,-1,results/es_bto/ckpt_seed1_gen00300.npz,300,1,BT-v3,10097,0,1.0,1,0,0,gun_kill,97.04999999999663,100.0,0.0,3.999999999999994,97.04999999999663,0.0,0.0634020618556701,0.0,4512.25349385198
BTO-s1-b300,bto,0.0,-1,results/es_bto/ckpt_seed1_gen00300.npz,300,1,BT-v3,10097,1,0.5,0,1,0,timeout,120.19999999999531,56.25,23.75,2.25,120.19999999999531,0.0,0.06863560732113144,0.0074875207986688855,
BTO-s1-b300,bto,0.0,-1,results/es_bto/ckpt_seed1_gen00300.npz,300,1,BT-v3,10098,0,0.5,0,1,0,collision,19.100000000000136,0.0,0.0,0.0,19.100000000000136,0.0,0.11315789473684211,0.02631578947368421,4658.104860405428
BTO-s1-b300,bto,0.0,-1,results/es_bto/ckpt_seed1_gen00300.npz,300,1,BT-v3,10098,1,1.0,1,0,0,gun_kill,119.74999999999534,100.0,0.0,3.999999999999994,119.74999999999534,0.0,0.01797658862876254,0.0225752508361204,
BTO-s1-b300,bto,0.0,-1,results/es_bto/ckpt_seed1_gen00300.npz,300,1,BT-v3,10099,0,1.0,1,0,0,gun_kill,114.69999999999563,100.0,0.0,3.999999999999994,114.69999999999563,0.0,0.0,0.019197207678883072,3642.8362890428853
BTO-s1-b300,bto,0.0,-1,results/es_bto/ckpt_seed1_gen00300.npz,300,1,BT-v3,10099,1,1.0,1,0,0,gun_kill,95.19999999999673,100.0,0.0,3.999999999999994,95.19999999999673,0.0,0.0,0.01631578947368421,
BTO-s2-b300,bto,0.0,-1,results/es_bto/ckpt_seed2_gen00300.npz,300,2,BT-v2,10000,0,0.5,0,1,0,timeout,120.19999999999531,0.0,17.5,0.0,120.19999999999531,0.0,0.023710482529118136,0.0,4447.399730520272
BTO-s2-b300,bto,0.0,-1,results/es_bto/ckpt_seed2_gen00300.npz,300,2,BT-v2,10000,1,0.5,0,1,0,timeout,120.19999999999531,2.5,0.0,0.1,120.19999999999531,0.0,0.027038269550748752,0.005823627287853577,
BTO-s2-b300,bto,0.0,-1,results/es_bto/ckpt_seed2_gen00300.npz,300,2,BT-v2,10001,0,0.5,0,1,0,timeout,120.19999999999531,0.0,56.25,0.0,120.19999999999531,0.0,0.0,0.0,5415.407621735283
BTO-s2-b300,bto,0.0,-1,results/es_bto/ckpt_seed2_gen00300.npz,300,2,BT-v2,10001,1,0.5,0,1,0,timeout,120.19999999999531,52.5,0.0,2.1000000000000005,120.19999999999531,0.0,0.0,0.0,
BTO-s2-b300,bto,0.0,-1,results/es_bto/ckpt_seed2_gen00300.npz,300,2,BT-v2,10002,0,0.5,0,1,0,timeout,120.19999999999531,0.0,51.25,0.0,120.19999999999531,0.0,0.05324459234608985,0.029534109816971715,3842.6830803667826
BTO-s2-b300,bto,0.0,-1,results/es_bto/ckpt_seed2_gen00300.npz,300,2,BT-v2,10002,1,0.5,0,1,0,timeout,120.19999999999531,0.0,33.75,0.0,120.19999999999531,0.0,0.05615640599001664,0.02870216306156406,
BTO-s2-b300,bto,0.0,-1,results/es_bto/ckpt_seed2_gen00300.npz,300,2,BT-v2,10003,0,0.5,0,1,0,timeout,120.19999999999531,0.0,0.0,0.0,120.19999999999531,0.0,0.06447587354409318,0.005823627287853577,4676.870571576285
BTO-s2-b300,bto,0.0,-1,results/es_bto/ckpt_seed2_gen00300.npz,300,2,BT-v2,10003,1,0.5,0,1,0,timeout,120.19999999999531,0.0,0.0,0.0,120.19999999999531,0.0,0.0694675540765391,0.007071547420965058,
BTO-s2-b300,bto,0.0,-1,results/es_bto/ckpt_seed2_gen00300.npz,300,2,BT-v2,10004,0,0.0,0,0,1,gun_kill,18.60000000000013,0.0,100.0,0.0,18.60000000000013,0.0,0.1331521739130435,0.0,5403.516286601135
BTO-s2-b300,bto,0.0,-1,results/es_bto/ckpt_seed2_gen00300.npz,300,2,BT-v2,10004,1,1.0,1,0,0,gun_kill,15.000000000000078,100.0,0.0,3.999999999999994,15.000000000000078,0.0,0.18243243243243243,0.0,
BTO-s2-b300,bto,0.0,-1,results/es_bto/ckpt_seed2_gen00300.npz,300,2,BT-v2,10005,0,0.0,0,0,1,gun_kill,117.74999999999545,0.0,100.0,0.0,117.74999999999545,0.0,0.11947278911564625,0.013605442176870748,3718.0864879921805
BTO-s2-b300,bto,0.0,-1,results/es_bto/ckpt_seed2_gen00300.npz,300,2,BT-v2,10005,1,0.5,0,1,0,timeout,120.19999999999531,23.75,90.0,0.9500000000000003,120.19999999999531,0.0,0.120216306156406,0.021214642262895173,
BTO-s2-b300,bto,0.0,-1,results/es_bto/ckpt_seed2_gen00300.npz,300,2,BT-v2,10006,0,0.5,0,1,0,timeout,120.19999999999531,0.0,82.5,0.0,120.19999999999531,0.0,0.021214642262895173,0.0,3932.259143184866
BTO-s2-b300,bto,0.0,-1,results/es_bto/ckpt_seed2_gen00300.npz,300,2,BT-v2,10006,1,0.5,0,1,0,timeout,120.19999999999531,0.0,51.25,0.0,120.19999999999531,0.0,0.03286189683860233,0.0,
BTO-s2-b300,bto,0.0,-1,results/es_bto/ckpt_seed2_gen00300.npz,300,2,BT-v2,10007,0,0.5,0,1,0,timeout,120.19999999999531,0.0,60.0,0.0,120.19999999999531,0.0,0.035357737104825294,0.024958402662229616,3556.6261100673046
BTO-s2-b300,bto,0.0,-1,results/es_bto/ckpt_seed2_gen00300.npz,300,2,BT-v2,10007,1,0.5,0,1,0,timeout,120.19999999999531,0.0,78.75,0.0,120.19999999999531,0.0,0.04866888519134775,0.02204658901830283,
BTO-s2-b300,bto,0.0,-1,results/es_bto/ckpt_seed2_gen00300.npz,300,2,BT-v2,10008,0,0.5,0,1,0,timeout,120.19999999999531,0.0,68.75,0.0,120.19999999999531,0.0,0.0524126455906822,0.008735440931780365,3853.503425114483
BTO-s2-b300,bto,0.0,-1,results/es_bto/ckpt_seed2_gen00300.npz,300,2,BT-v2,10008,1,0.5,0,1,0,timeout,120.19999999999531,2.5,0.0,0.1,120.19999999999531,0.0,0.057820299500831944,0.015806988352745424,
BTO-s2-b300,bto,0.0,-1,results/es_bto/ckpt_seed2_gen00300.npz,300,2,BT-v2,10009,0,0.5,0,1,0,timeout,120.19999999999531,0.0,7.5,0.0,120.19999999999531,0.0,0.02870216306156406,0.0,4939.953149258835
BTO-s2-b300,bto,0.0,-1,results/es_bto/ckpt_seed2_gen00300.npz,300,2,BT-v2,10009,1,0.5,0,1,0,timeout,120.19999999999531,18.75,0.0,0.7500000000000001,120.19999999999531,0.0,0.028286189683860232,0.0,
BTO-s2-b300,bto,0.0,-1,results/es_bto/ckpt_seed2_gen00300.npz,300,2,BT-v2,10010,0,0.0,0,0,1,gun_kill,103.39999999999627,16.25,100.0,0.65,103.39999999999627,0.0,0.0935077519379845,0.01695736434108527,3322.1144993046587
BTO-s2-b300,bto,0.0,-1,results/es_bto/ckpt_seed2_gen00300.npz,300,2,BT-v2,10010,1,0.5,0,1,0,timeout,120.19999999999531,3.75,91.25,0.15000000000000002,120.19999999999531,0.0,0.08111480865224625,0.022462562396006656,
BTO-s2-b300,bto,0.0,-1,results/es_bto/ckpt_seed2_gen00300.npz,300,2,BT-v2,10011,0,0.5,0,1,0,timeout,120.19999999999531,0.0,0.0,0.0,120.19999999999531,0.0,0.0,0.0,5231.286949602262
BTO-s2-b300,bto,0.0,-1,results/es_bto/ckpt_seed2_gen00300.npz,300,2,BT-v2,10011,1,0.5,0,1,0,timeout,120.19999999999531,0.0,0.0,0.0,120.19999999999531,0.0,0.0,0.0,
BTO-s2-b300,bto,0.0,-1,results/es_bto/ckpt_seed2_gen00300.npz,300,2,BT-v2,10012,0,0.0,0,0,1,gun_kill,118.6499999999954,0.0,100.0,0.0,118.6499999999954,0.0,0.08895446880269814,0.007588532883642495,3531.9914947334864
BTO-s2-b300,bto,0.0,-1,results/es_bto/ckpt_seed2_gen00300.npz,300,2,BT-v2,10012,1,0.0,0,0,1,gun_kill,112.39999999999576,15.0,100.0,0.6,112.39999999999576,0.0,0.10472370766488413,0.015151515151515152,
BTO-s2-b300,bto,0.0,-1,results/es_bto/ckpt_seed2_gen00300.npz,300,2,BT-v2,10013,0,0.5,0,1,0,timeout,120.19999999999531,0.0,0.0,0.0,120.19999999999531,0.0,0.0324459234608985,0.0,4607.33164625221
BTO-s2-b300,bto,0.0,-1,results/es_bto/ckpt_seed2_gen00300.npz,300,2,BT-v2,10013,1,0.5,0,1,0,timeout,120.19999999999531,0.0,0.0,0.0,120.19999999999531,0.0,0.03494176372712146,0.0,
BTO-s2-b300,bto,0.0,-1,results/es_bto/ckpt_seed2_gen00300.npz,300,2,BT-v2,10014,0,0.5,0,1,0,timeout,120.19999999999531,0.0,0.0,0.0,120.19999999999531,0.0,0.00956738768718802,0.008735440931780365,4398.069452817147
BTO-s2-b300,bto,0.0,-1,results/es_bto/ckpt_seed2_gen00300.npz,300,2,BT-v2,10014,1,0.5,0,1,0,timeout,120.19999999999531,8.75,0.0,0.35,120.19999999999531,0.0,0.0,0.0024958402662229617,
BTO-s2-b300,bto,0.0,-1,results/es_bto/ckpt_seed2_gen00300.npz,300,2,BT-v2,10015,0,0.0,0,0,1,gun_kill,118.09999999999543,0.0,100.0,0.0,118.09999999999543,0.0,0.013135593220338982,0.002542372881355932,3931.464337358548
BTO-s2-b300,bto,0.0,-1,results/es_bto/ckpt_seed2_gen00300.npz,300,2,BT-v2,10015,1,0.5,0,1,0,timeout,120.19999999999531,23.75,30.0,0.9500000000000003,120.19999999999531,0.0,0.021214642262895173,0.0066555740432612314,
BTO-s2-b300,bto,0.0,-1,results/es_bto/ckpt_seed2_gen00300.npz,300,2,BT-v2,10016,0,0.5,0,1,0,timeout,120.19999999999531,26.25,0.0,1.0500000000000003,120.19999999999531,0.0,0.023710482529118136,0.014975041597337771,3811.5373368888836
BTO-s2-b300,bto,0.0,-1,results/es_bto/ckpt_seed2_gen00300.npz,300,2,BT-v2,10016,1,0.5,0,1,0,timeout,120.19999999999531,0.0,83.75,0.0,120.19999999999531,0.0,0.021630615640599003,0.0,
BTO-s2-b300,bto,0.0,-1,results/es_bto/ckpt_seed2_gen00300.npz,300,2,BT-v2,10017,0,0.0,0,0,1,gun_kill,31.450000000000312,0.0,100.0,0.0,31.450000000000312,0.0,0.10987261146496816,0.0,5804.7673525194505
BTO-s2-b300,bto,0.0,-1,results/es_bto/ckpt_seed2_gen00300.npz,300,2,BT-v2,10017,1,1.0,1,0,0,gun_kill,28.800000000000274,100.0,0.0,3.999999999999994,28.800000000000274,0.0,0.16958041958041958,0.0,
BTO-s2-b300,bto,0.0,-1,results/es_bto/ckpt_seed2_gen00300.npz,300,2,BT-v2,10018,0,0.5,0,1,0,timeout,120.19999999999531,0.0,0.0,0.0,120.19999999999531,0.0,0.0324459234608985,0.0,4061.007420461951
BTO-s2-b300,bto,0.0,-1,results/es_bto/ckpt_seed2_gen00300.npz,300,2,BT-v2,10018,1,0.5,0,1,0,timeout,120.19999999999531,0.0,77.5,0.0,120.19999999999531,0.0,0.0324459234608985,0.0,
BTO-s2-b300,bto,0.0,-1,results/es_bto/ckpt_seed2_gen00300.npz,300,2,BT-v2,10019,0,0.5,0,1,0,timeout,120.19999999999531,0.0,0.0,0.0,120.19999999999531,0.0,0.0,0.020798668885191347,4204.873605252916
BTO-s2-b300,bto,0.0,-1,results/es_bto/ckpt_seed2_gen00300.npz,300,2,BT-v2,10019,1,0.5,0,1,0,timeout,120.19999999999531,20.0,0.0,0.8000000000000002,120.19999999999531,0.0,0.012895174708818636,0.01622296173044925,
BTO-s2-b300,bto,0.0,-1,results/es_bto/ckpt_seed2_gen00300.npz,300,2,BT-v2,10020,0,0.5,0,1,0,timeout,120.19999999999531,0.0,0.0,0.0,120.19999999999531,0.0,0.0,0.0024958402662229617,4652.1400893344835
BTO-s2-b300,bto,0.0,-1,results/es_bto/ckpt_seed2_gen00300.npz,300,2,BT-v2,10020,1,0.5,0,1,0,timeout,120.19999999999531,0.0,0.0,0.0,120.19999999999531,0.0,0.0,0.004159733777038269,
BTO-s2-b300,bto,0.0,-1,results/es_bto/ckpt_seed2_gen00300.npz,300,2,BT-v2,10021,0,0.5,0,1,0,collision,4.499999999999992,0.0,0.0,0.0,4.499999999999992,0.0,0.6590909090909091,0.056818181818181816,6477.899409185364
BTO-s2-b300,bto,0.0,-1,results/es_bto/ckpt_seed2_gen00300.npz,300,2,BT-v2,10021,1,0.0,0,0,1,gun_kill,115.39999999999559,6.25,100.0,0.25,115.39999999999559,0.0,0.07421875,0.004340277777777778,
BTO-s2-b300,bto,0.0,-1,results/es_bto/ckpt_seed2_gen00300.npz,300,2,BT-v2,10022,0,0.5,0,1,0,timeout,120.19999999999531,0.0,0.0,0.0,120.19999999999531,0.0,0.035357737104825294,0.015806988352745424,4615.179865817348
BTO-s2-b300,bto,0.0,-1,results/es_bto/ckpt_seed2_gen00300.npz,300,2,BT-v2,10022,1,0.5,0,1,0,timeout,120.19999999999531,0.0,0.0,0.0,120.19999999999531,0.0,0.03494176372712146,0.011647254575707155,
BTO-s2-b300,bto,0.0,-1,results/es_bto/ckpt_seed2_gen00300.npz,300,2,BT-v2,10023,0,0.5,0,1,0,timeout,120.19999999999531,0.0,0.0,0.0,120.19999999999531,0.0,0.035357737104825294,0.0,4797.623780196299
BTO-s2-b300,bto,0.0,-1,results/es_bto/ckpt_seed2_gen00300.npz,300,2,BT-v2,10023,1,0.5,0,1,0,timeout,120.19999999999531,0.0,0.0,0.0,120.19999999999531,0.0,0.03826955074875208,0.006239600665557404,
BTO-s2-b300,bto,0.0,-1,results/es_bto/ckpt_seed2_gen00300.npz,300,2,BT-v2,10024,0,0.5,0,1,0,timeout,120.19999999999531,6.25,97.5,0.25,120.19999999999531,0.0,0.048252911813643926,0.0,3714.917695781968
BTO-s2-b300,bto,0.0,-1,results/es_bto/ckpt_seed2_gen00300.npz,300,2,BT-v2,10024,1,0.0,0,0,1,gun_kill,105.94999999999612,0.0,100.0,0.0,105.94999999999612,0.0,0.052930056710775046,0.0,
BTO-s2-b300,bto,0.0,-1,results/es_bto/ckpt_seed2_gen00300.npz,300,2,BT-v2,10025,0,0.5,0,1,0,timeout,120.19999999999531,0.0,26.25,0.0,120.19999999999531,0.0,0.03369384359400998,0.0,5756.314328924823
BTO-s2-b300,bto,0.0,-1,results/es_bto/ckpt_seed2_gen00300.npz,300,2,BT-v2,10025,1,0.5,0,1,0,timeout,120.19999999999531,22.5,0.0,0.9000000000000002,120.19999999999531,0.0,0.03369384359400998,0.0,
BTO-s2-b300,bto,0.0,-1,results/es_bto/ckpt_seed2_gen00300.npz,300,2,BT-v2,10026,0,0.5,0,1,0,timeout,120.19999999999531,11.25,0.0,0.44999999999999996,120.19999999999531,0.0,0.10066555740432612,0.0,4008.7758805171593
BTO-s2-b300,bto,0.0,-1,results/es_bto/ckpt_seed2_gen00300.npz,300,2,BT-v2,10026,1,0.0,0,0,1,gun_kill,108.84999999999596,0.0,100.0,0.0,108.84999999999596,0.0,0.06893382352941177,0.0,
BTO-s2-b300,bto,0.0,-1,results/es_bto/ckpt_seed2_gen00300.npz,300,2,BT-v2,10027,0,0.0,0,0,1,gun_kill,90.34999999999701,0.0,100.0,0.0,90.34999999999701,0.0,0.1286031042128603,0.0,3483.3519195510908
BTO-s2-b300,bto,0.0,-1,results/es_bto/ckpt_seed2_gen00300.npz,300,2,BT-v2,10027,1,0.0,0,0,1,gun_kill,92.14999999999691,0.0,100.0,0.0,92.14999999999691,0.0,0.13043478260869565,0.0,
BTO-s2-b300,bto,0.0,-1,results/es_bto/ckpt_seed2_gen00300.npz,300,2,BT-v2,10028,0,0.0,0,0,1,gun_kill,111.5999999999958,0.0,100.0,0.0,111.5999999999958,0.0,0.013913824057450628,0.0058348294434470375,4126.061941739404
BTO-s2-b300,bto,0.0,-1,results/es_bto/ckpt_seed2_gen00300.npz,300,2,BT-v2,10028,1,0.5,0,1,0,timeout,120.19999999999531,23.75,30.0,0.9500000000000003,120.19999999999531,0.0,0.018302828618968387,0.004575707154742097,
BTO-s2-b300,bto,0.0,-1,results/es_bto/ckpt_seed2_gen00300.npz,300,2,BT-v2,10029,0,0.5,0,1,0,timeout,120.19999999999531,0.0,42.5,0.0,120.19999999999531,0.0,0.012895174708818636,0.0,4187.418827759
BTO-s2-b300,bto,0.0,-1,results/es_bto/ckpt_seed2_gen00300.npz,300,2,BT-v2,10029,1,0.5,0,1,0,timeout,120.19999999999531,0.0,0.0,0.0,120.19999999999531,0.0,0.02204658901830283,0.0,
BTO-s2-b300,bto,0.0,-1,results/es_bto/ckpt_seed2_gen00300.npz,300,2,BT-v2,10030,0,0.5,0,1,0,timeout,120.19999999999531,0.0,38.75,0.0,120.19999999999531,0.0,0.0910981697171381,0.0,4030.0797113870794
BTO-s2-b300,bto,0.0,-1,results/es_bto/ckpt_seed2_gen00300.npz,300,2,BT-v2,10030,1,0.0,0,0,1,gun_kill,114.24999999999565,0.0,100.0,0.0,114.24999999999565,0.0,0.08756567425569177,0.0,
BTO-s2-b300,bto,0.0,-1,results/es_bto/ckpt_seed2_gen00300.npz,300,2,BT-v2,10031,0,0.0,0,0,1,gun_kill,110.94999999999584,0.0,100.0,0.0,110.94999999999584,0.0,0.10018050541516245,0.0,3671.323070479904
BTO-s2-b300,bto,0.0,-1,results/es_bto/ckpt_seed2_gen00300.npz,300,2,BT-v2,10031,1,0.5,0,1,0,timeout,120.19999999999531,0.0,91.25,0.0,120.19999999999531,0.0,0.08777038269550749,0.0,
BTO-s2-b300,bto,0.0,-1,results/es_bto/ckpt_seed2_gen00300.npz,300,2,BT-v2,10032,0,0.5,0,1,0,timeout,120.19999999999531,18.75,0.0,0.7500000000000001,120.19999999999531,0.0,0.03993344425956739,0.0,3990.2743762023306
BTO-s2-b300,bto,0.0,-1,results/es_bto/ckpt_seed2_gen00300.npz,300,2,BT-v2,10032,1,0.5,0,1,0,timeout,120.19999999999531,0.0,7.5,0.0,120.19999999999531,0.0,0.039101497504159734,0.0,
BTO-s2-b300,bto,0.0,-1,results/es_bto/ckpt_seed2_gen00300.npz,300,2,BT-v2,10033,0,0.5,0,1,0,timeout,120.19999999999531,7.5,0.0,0.3,120.19999999999531,0.0,0.033277870216306155,0.008735440931780365,4244.5666097200665
BTO-s2-b300,bto,0.0,-1,results/es_bto/ckpt_seed2_gen00300.npz,300,2,BT-v2,10033,1,0.5,0,1,0,timeout,120.19999999999531,0.0,1.25,0.0,120.19999999999531,0.0,0.01747088186356073,0.004575707154742097,
BTO-s2-b300,bto,0.0,-1,results/es_bto/ckpt_seed2_gen00300.npz,300,2,BT-v2,10034,0,0.5,0,1,0,timeout,120.19999999999531,0.0,2.5,0.0,120.19999999999531,0.0,0.02870216306156406,0.0,4574.821712366946
BTO-s2-b300,bto,0.0,-1,results/es_bto/ckpt_seed2_gen00300.npz,300,2,BT-v2,10034,1,0.5,0,1,0,timeout,120.19999999999531,6.25,0.0,0.25,120.19999999999531,0.0,0.037853577371048254,0.007903494176372712,
BTO-s2-b300,bto,0.0,-1,results/es_bto/ckpt_seed2_gen00300.npz,300,2,BT-v2,10035,0,0.0,0,0,1,gun_kill,90.94999999999698,0.0,100.0,0.0,90.94999999999698,0.0,0.04405286343612335,0.005506607929515419,3878.899262382273
BTO-s2-b300,bto,0.0,-1,results/es_bto/ckpt_seed2_gen00300.npz,300,2,BT-v2,10035,1,0.0,0,0,1,gun_kill,117.44999999999547,21.25,100.0,0.8500000000000002,117.44999999999547,0.0,0.03577512776831346,0.002981260647359455,
BTO-s2-b300,bto,0.0,-1,results/es_bto/ckpt_seed2_gen00300.npz,300,2,BT-v2,10036,0,0.5,0,1,0,timeout,120.19999999999531,0.0,81.25,0.0,120.19999999999531,0.0,0.025374376039933443,0.012895174708818636,3785.0401129662073
BTO-s2-b300,bto,0.0,-1,results/es_bto/ckpt_seed2_gen00300.npz,300,2,BT-v2,10036,1,0.5,0,1,0,timeout,120.19999999999531,0.0,55.0,0.0,120.19999999999531,0.0,0.03119800332778702,0.01788685524126456,
BTO-s2-b300,bto,0.0,-1,results/es_bto/ckpt_seed2_gen00300.npz,300,2,BT-v2,10037,0,0.5,0,1,0,timeout,120.19999999999531,0.0,67.5,0.0,120.19999999999531,0.0,0.06613976705490848,0.0,5915.504259647437
BTO-s2-b300,bto,0.0,-1,results/es_bto/ckpt_seed2_gen00300.npz,300,2,BT-v2,10037,1,0.5,0,1,0,timeout,120.19999999999531,60.0,0.0,2.3999999999999995,120.19999999999531,0.0,0.08402662229617304,0.0,
BTO-s2-b300,bto,0.0,-1,results/es_bto/ckpt_seed2_gen00300.npz,300,2,BT-v2,10038,0,0.5,0,1,0,timeout,120.19999999999531,0.0,0.0,0.0,120.19999999999531,0.0,0.0262063227953411,0.007903494176372712,4761.623858359966
BTO-s2-b300,bto,0.0,-1,results/es_bto/ckpt_seed2_gen00300.npz,300,2,BT-v2,10038,1,0.5,0,1,0,timeout,120.19999999999531,0.0,0.0,0.0,120.19999999999531,0.0,0.025790349417637273,0.007071547420965058,
BTO-s2-b300,bto,0.0,-1,results/es_bto/ckpt_seed2_gen00300.npz,300,2,BT-v2,10039,0,0.0,0,0,1,gun_kill,103.29999999999627,31.25,100.0,1.2500000000000004,103.29999999999627,0.0,0.06637596899224807,0.007267441860465116,3255.0084373369396
BTO-s2-b300,bto,0.0,-1,results/es_bto/ckpt_seed2_gen00300.npz,300,2,BT-v2,10039,1,0.0,0,0,1,gun_kill,74.6499999999979,0.0,100.0,0.0,74.6499999999979,0.0,0.05294906166219839,0.010053619302949061,
BTO-s2-b300,bto,0.0,-1,results/es_bto/ckpt_seed2_gen00300.npz,300,2,BT-v2,10040,0,0.0,0,0,1,gun_kill,114.79999999999562,0.0,100.0,0.0,114.79999999999562,0.0,0.013525305410122163,0.007417102966841187,4373.562535357914
BTO-s2-b300,bto,0.0,-1,results/es_bto/ckpt_seed2_gen00300.npz,300,2,BT-v2,10040,1,0.5,0,1,0,timeout,120.19999999999531,23.75,0.0,0.9500000000000003,120.19999999999531,0.0,0.009151414309484194,0.007071547420965058,
BTO-s2-b300,bto,0.0,-1,results/es_bto/ckpt_seed2_gen00300.npz,300,2,BT-v2,10041,0,0.0,0,0,1,gun_kill,109.24999999999594,0.0,100.0,0.0,109.24999999999594,0.0,0.04716117216117216,0.02197802197802198,3474.0445135559767
BTO-s2-b300,bto,0.0,-1,results/es_bto/ckpt_seed2_gen00300.npz,300,2,BT-v2,10041,1,0.0,0,0,1,gun_kill,109.14999999999594,0.0,100.0,0.0,109.14999999999594,0.0,0.044036697247706424,0.01834862385321101,
BTO-s2-b300,bto,0.0,-1,results/es_bto/ckpt_seed2_gen00300.npz,300,2,BT-v2,10042,0,0.5,0,1,0,timeout,120.19999999999531,0.0,0.0,0.0,120.19999999999531,0.0,0.04908485856905158,0.006239600665557404,4255.64130979865
BTO-s2-b300,bto,0.0,-1,results/es_bto/ckpt_seed2_gen00300.npz,300,2,BT-v2,10042,1,0.5,0,1,0,timeout,120.19999999999531,3.75,0.0,0.15000000000000002,120.19999999999531,0.0,0.0478369384359401,0.004159733777038269,
BTO-s2-b300,bto,0.0,-1,results/es_bto/ckpt_seed2_gen00300.npz,300,2,BT-v2,10043,0,0.5,0,1,0,timeout,120.19999999999531,0.0,0.0,0.0,120.19999999999531,0.0,0.0,0.008319467554076539,4216.290422688428
BTO-s2-b300,bto,0.0,-1,results/es_bto/ckpt_seed2_gen00300.npz,300,2,BT-v2,10043,1,0.5,0,1,0,timeout,120.19999999999531,0.0,0.0,0.0,120.19999999999531,0.0,0.0,0.007903494176372712,
BTO-s2-b300,bto,0.0,-1,results/es_bto/ckpt_seed2_gen00300.npz,300,2,BT-v2,10044,0,0.5,0,1,0,timeout,120.19999999999531,0.0,33.75,0.0,120.19999999999531,0.0,0.0,0.0,4815.85422007339
BTO-s2-b300,bto,0.0,-1,results/es_bto/ckpt_seed2_gen00300.npz,300,2,BT-v2,10044,1,0.5,0,1,0,timeout,120.19999999999531,31.25,0.0,1.2500000000000004,120.19999999999531,0.0,0.0,0.0,
BTO-s2-b300,bto,0.0,-1,results/es_bto/ckpt_seed2_gen00300.npz,300,2,BT-v2,10045,0,0.5,0,1,0,timeout,120.19999999999531,0.0,0.0,0.0,120.19999999999531,0.0,0.033277870216306155,0.0,5407.401120560206
BTO-s2-b300,bto,0.0,-1,results/es_bto/ckpt_seed2_gen00300.npz,300,2,BT-v2,10045,1,0.5,0,1,0,timeout,120.19999999999531,0.0,0.0,0.0,120.19999999999531,0.0,0.03993344425956739,0.0,
BTO-s2-b300,bto,0.0,-1,results/es_bto/ckpt_seed2_gen00300.npz,300,2,BT-v2,10046,0,0.5,0,1,0,timeout,120.19999999999531,0.0,0.0,0.0,120.19999999999531,0.0,0.09317803660565724,0.0,4935.976385205978
BTO-s2-b300,bto,0.0,-1,results/es_bto/ckpt_seed2_gen00300.npz,300,2,BT-v2,10046,1,0.5,0,1,0,timeout,120.19999999999531,0.0,0.0,0.0,120.19999999999531,0.0,0.11522462562396006,0.0,
BTO-s2-b300,bto,0.0,-1,results/es_bto/ckpt_seed2_gen00300.npz,300,2,BT-v2,10047,0,0.5,0,1,0,collision,8.649999999999988,0.0,0.0,0.0,8.649999999999988,0.0,0.11046511627906977,0.05232558139534884,4786.899442496003
BTO-s2-b300,bto,0.0,-1,results/es_bto/ckpt_seed2_gen00300.npz,300,2,BT-v2,10047,1,0.5,0,1,0,collision,8.79999999999999,0.0,0.0,0.0,8.79999999999999,0.0,0.11046511627906977,0.05813953488372093,
BTO-s2-b300,bto,0.0,-1,results/es_bto/ckpt_seed2_gen00300.npz,300,2,BT-v2,10048,0,0.5,0,1,0,timeout,120.19999999999531,0.0,35.0,0.0,120.19999999999531,0.0,0.027038269550748752,0.0,4312.756565302133
BTO-s2-b300,bto,0.0,-1,results/es_bto/ckpt_seed2_gen00300.npz,300,2,BT-v2,10048,1,0.5,0,1,0,timeout,120.19999999999531,92.5,0.0,3.699999999999995,120.19999999999531,0.0,0.029950083194675542,0.0,
BTO-s2-b300,bto,0.0,-1,results/es_bto/ckpt_seed2_gen00300.npz,300,2,BT-v2,10049,0,0.5,0,1,0,timeout,120.19999999999531,0.0,0.0,0.0,120.19999999999531,0.0,0.0524126455906822,0.0037437603993344427,4452.3612096244815
BTO-s2-b300,bto,0.0,-1,results/es_bto/ckpt_seed2_gen00300.npz,300,2,BT-v2,10049,1,0.5,0,1,0,timeout,120.19999999999531,0.0,0.0,0.0,120.19999999999531,0.0,0.05574043261231281,0.004159733777038269,
BTO-s2-b300,bto,0.0,-1,results/es_bto/ckpt_seed2_gen00300.npz,300,2,BT-v2,10050,0,0.5,0,1,0,timeout,120.19999999999531,0.0,0.0,0.0,120.19999999999531,0.0,0.036605657237936774,0.0,4173.528655452421
BTO-s2-b300,bto,0.0,-1,results/es_bto/ckpt_seed2_gen00300.npz,300,2,BT-v2,10050,1,0.5,0,1,0,timeout,120.19999999999531,0.0,0.0,0.0,120.19999999999531,0.0,0.03410981697171381,0.0,
BTO-s2-b300,bto,0.0,-1,results/es_bto/ckpt_seed2_gen00300.npz,300,2,BT-v2,10051,0,0.5,0,1,0,timeout,120.19999999999531,32.5,61.25,1.3000000000000005,120.19999999999531,0.0,0.09900166389351081,0.02038269550748752,3810.538799336586
BTO-s2-b300,bto,0.0,-1,results/es_bto/ckpt_seed2_gen00300.npz,300,2,BT-v2,10051,1,0.5,0,1,0,timeout,120.19999999999531,22.5,73.75,0.9000000000000002,120.19999999999531,0.0,0.09816971713810316,0.011647254575707155,
BTO-s2-b300,bto,0.0,-1,results/es_bto/ckpt_seed2_gen00300.npz,300,2,BT-v2,10052,0,0.5,0,1,0,timeout,120.19999999999531,0.0,75.0,0.0,120.19999999999531,0.0,0.050748752079866885,0.0,3867.347168407763
BTO-s2-b300,bto,0.0,-1,results/es_bto/ckpt_seed2_gen00300.npz,300,2,BT-v2,10052,1,0.5,0,1,0,timeout,120.19999999999531,0.0,0.0,0.0,120.19999999999531,0.0,0.03618968386023295,0.009151414309484194,
BTO-s2-b300,bto,0.0,-1,results/es_bto/ckpt_seed2_gen00300.npz,300,2,BT-v2,10053,0,0.5,0,1,0,timeout,120.19999999999531,0.0,0.0,0.0,120.19999999999531,0.0,0.0,0.006239600665557404,4778.0598899662655
BTO-s2-b300,bto,0.0,-1,results/es_bto/ckpt_seed2_gen00300.npz,300,2,BT-v2,10053,1,0.5,0,1,0,timeout,120.19999999999531,40.0,0.0,1.6000000000000008,120.19999999999531,0.0,0.0,0.02038269550748752,
BTO-s2-b300,bto,0.0,-1,results/es_bto/ckpt_seed2_gen00300.npz,300,2,BT-v2,10054,0,0.0,0,0,1,gun_kill,112.19999999999577,0.0,100.0,0.0,112.19999999999577,0.0,0.01875,0.0017857142857142857,3377.4728733290176
BTO-s2-b300,bto,0.0,-1,results/es_bto/ckpt_seed2_gen00300.npz,300,2,BT-v2,10054,1,0.0,0,0,1,gun_kill,114.74999999999562,0.0,100.0,0.0,114.74999999999562,0.0,0.0274869109947644,0.017015706806282723,
BTO-s2-b300,bto,0.0,-1,results/es_bto/ckpt_seed2_gen00300.npz,300,2,BT-v2,10055,0,0.0,0,0,1,gun_kill,106.99999999999606,0.0,100.0,0.0,106.99999999999606,0.0,0.033707865168539325,0.00749063670411985,3399.2235440424965
BTO-s2-b300,bto,0.0,-1,results/es_bto/ckpt_seed2_gen00300.npz,300,2,BT-v2,10055,1,0.0,0,0,1,gun_kill,108.099999999996,5.0,100.0,0.2,108.099999999996,0.0,0.038425925925925926,0.0023148148148148147,
BTO-s2-b300,bto,0.0,-1,results/es_bto/ckpt_seed2_gen00300.npz,300,2,BT-v2,10056,0,0.5,0,1,0,collision,5.449999999999989,0.0,11.25,0.0,5.449999999999989,0.0,0.7222222222222222,0.05555555555555555,6221.222609550093
BTO-s2-b300,bto,0.0,-1,results/es_bto/ckpt_seed2_gen00300.npz,300,2,BT-v2,10056,1,0.5,0,1,0,timeout,120.19999999999531,13.75,72.5,0.5499999999999999,120.19999999999531,0.0,0.07945091514143095,0.015391014975041598,
BTO-s2-b300,bto,0.0,-1,results/es_bto/ckpt_seed2_gen00300.npz,300,2,BT-v2,10057,0,0.5,0,1,0,timeout,120.19999999999531,0.0,36.25,0.0,120.19999999999531,0.0,0.018718801996672214,0.0029118136439267887,3750.945679754274
BTO-s2-b300,bto,0.0,-1,results/es_bto/ckpt_seed2_gen00300.npz,300,2,BT-v2,10057,1,0.5,0,1,0,timeout,120.19999999999531,0.0,63.75,0.0,120.19999999999531,0.0,0.024126455906821963,0.0,
BTO-s2-b300,bto,0.0,-1,results/es_bto/ckpt_seed2_gen00300.npz,300,2,BT-v2,10058,0,0.0,0,0,1,gun_kill,110.44999999999587,0.0,100.0,0.0,110.44999999999587,0.0,0.07518115942028986,0.012228260869565218,3367.233289265408
BTO-s2-b300,bto,0.0,-1,results/es_bto/ckpt_seed2_gen00300.npz,300,2,BT-v2,10058,1,0.0,0,0,1,gun_kill,109.09999999999594,0.0,100.0,0.0,109.09999999999594,0.0,0.06926605504587156,0.0,
BTO-s2-b300,bto,0.0,-1,results/es_bto/ckpt_seed2_gen00300.npz,300,2,BT-v2,10059,0,0.5,0,1,0,timeout,120.19999999999531,0.0,0.0,0.0,120.19999999999531,0.0,0.017054908485856904,0.0,4390.676898729789
BTO-s2-b300,bto,0.0,-1,results/es_bto/ckpt_seed2_gen00300.npz,300,2,BT-v2,10059,1,0.5,0,1,0,timeout,120.19999999999531,0.0,0.0,0.0,120.19999999999531,0.0,0.01622296173044925,0.0,
BTO-s2-b300,bto,0.0,-1,results/es_bto/ckpt_seed2_gen00300.npz,300,2,BT-v2,10060,0,0.5,0,1,0,timeout,120.19999999999531,0.0,0.0,0.0,120.19999999999531,0.0,0.04742096505823627,0.004159733777038269,4440.494956376722
BTO-s2-b300,bto,0.0,-1,results/es_bto/ckpt_seed2_gen00300.npz,300,2,BT-v2,10060,1,0.5,0,1,0,timeout,120.19999999999531,0.0,0.0,0.0,120.19999999999531,0.0,0.035357737104825294,0.0,
BTO-s2-b300,bto,0.0,-1,results/es_bto/ckpt_seed2_gen00300.npz,300,2,BT-v2,10061,0,0.5,0,1,0,collision,11.700000000000031,0.0,0.0,0.0,11.700000000000031,0.0,0.5086206896551724,0.04310344827586207,5789.557473613244
BTO-s2-b300,bto,0.0,-1,results/es_bto/ckpt_seed2_gen00300.npz,300,2,BT-v2,10061,1,0.5,0,1,0,timeout,120.19999999999531,0.0,32.5,0.0,120.19999999999531,0.0,0.07113144758735442,0.004991680532445923,
BTO-s2-b300,bto,0.0,-1,results/es_bto/ckpt_seed2_gen00300.npz,300,2,BT-v2,10062,0,0.5,0,1,0,timeout,120.19999999999531,0.0,0.0,0.0,120.19999999999531,0.0,0.06572379367720466,0.0,4400.420482840258
BTO-s2-b300,bto,0.0,-1,results/es_bto/ckpt_seed2_gen00300.npz,300,2,BT-v2,10062,1,0.5,0,1,0,timeout,120.19999999999531,0.0,0.0,0.0,120.19999999999531,0.0,0.0740432612312812,0.004575707154742097,
BTO-s2-b300,bto,0.0,-1,results/es_bto/ckpt_seed2_gen00300.npz,300,2,BT-v2,10063,0,0.0,0,0,1,gun_kill,105.69999999999614,0.0,100.0,0.0,105.69999999999614,0.0,0.04924242424242424,0.01278409090909091,3479.9632443369574
BTO-s2-b300,bto,0.0,-1,results/es_bto/ckpt_seed2_gen00300.npz,300,2,BT-v2,10063,1,0.5,0,1,0,timeout,120.19999999999531,8.75,86.25,0.35,120.19999999999531,0.0,0.04492512479201331,0.022462562396006656,
BTO-s2-b300,bto,0.0,-1,results/es_bto/ckpt_seed2_gen00300.npz,300,2,BT-v2,10064,0,0.0,0,0,1,gun_kill,18.900000000000134,0.0,100.0,0.0,18.900000000000134,0.0,0.13829787234042554,0.0,5993.927653977373
BTO-s2-b300,bto,0.0,-1,results/es_bto/ckpt_seed2_gen00300.npz,300,2,BT-v2,10064,1,1.0,1,0,0,gun_kill,25.75000000000023,100.0,0.0,3.999999999999994,25.75000000000023,0.0,0.1015625,0.0,
BTO-s2-b300,bto,0.0,-1,results/es_bto/ckpt_seed2_gen00300.npz,300,2,BT-v2,10065,0,0.0,0,0,1,gun_kill,117.39999999999547,17.5,100.0,0.7000000000000001,117.39999999999547,0.0,0.05844709897610922,0.007679180887372013,3573.2573372287875
BTO-s2-b300,bto,0.0,-1,results/es_bto/ckpt_seed2_gen00300.npz,300,2,BT-v2,10065,1,0.5,0,1,0,timeout,120.19999999999531,0.0,98.75,0.0,120.19999999999531,0.0,0.06613976705490848,0.0,
BTO-s2-b300,bto,0.0,-1,results/es_bto/ckpt_seed2_gen00300.npz,300,2,BT-v2,10066,0,0.0,0,0,1,gun_kill,106.99999999999606,0.0,100.0,0.0,106.99999999999606,0.0,0.05664794007490637,0.008426966292134831,3956.256213472203
BTO-s2-b300,bto,0.0,-1,results/es_bto/ckpt_seed2_gen00300.npz,300,2,BT-v2,10066,1,0.5,0,1,0,timeout,120.19999999999531,36.25,67.5,1.4500000000000006,120.19999999999531,0.0,0.06156405990016639,0.012479201331114808,
BTO-s2-b300,bto,0.0,-1,results/es_bto/ckpt_seed2_gen00300.npz,300,2,BT-v2,10067,0,0.5,0,1,0,timeout,120.19999999999531,0.0,40.0,0.0,120.19999999999531,0.0,0.014975041597337771,0.0,5037.543576356004
BTO-s2-b300,bto,0.0,-1,results/es_bto/ckpt_seed2_gen00300.npz,300,2,BT-v2,10067,1,0.5,0,1,0,timeout,120.19999999999531,32.5,0.0,1.3000000000000005,120.19999999999531,0.0,0.015806988352745424,0.0,
BTO-s2-b300,bto,0.0,-1,results/es_bto/ckpt_seed2_gen00300.npz,300,2,BT-v2,10068,0,0.5,0,1,0,timeout,120.19999999999531,0.0,0.0,0.0,120.19999999999531,0.0,0.03951747088186356,0.010815307820299502,4350.592474562376
BTO-s2-b300,bto,0.0,-1,results/es_bto/ckpt_seed2_gen00300.npz,300,2,BT-v2,10068,1,0.5,0,1,0,timeout,120.19999999999531,0.0,0.0,0.0,120.19999999999531,0.0,0.04866888519134775,0.01788685524126456,
BTO-s2-b300,bto,0.0,-1,results/es_bto/ckpt_seed2_gen00300.npz,300,2,BT-v2,10069,0,0.5,0,1,0,timeout,120.19999999999531,0.0,0.0,0.0,120.19999999999531,0.0,0.008319467554076539,0.021214642262895173,4152.884473382862
BTO-s2-b300,bto,0.0,-1,results/es_bto/ckpt_seed2_gen00300.npz,300,2,BT-v2,10069,1,0.5,0,1,0,timeout,120.19999999999531,0.0,0.0,0.0,120.19999999999531,0.0,0.008319467554076539,0.021630615640599003,
BTO-s2-b300,bto,0.0,-1,results/es_bto/ckpt_seed2_gen00300.npz,300,2,BT-v2,10070,0,0.5,0,1,0,timeout,120.19999999999531,0.0,0.0,0.0,120.19999999999531,0.0,0.010815307820299502,0.007071547420965058,4777.3862416792
BTO-s2-b300,bto,0.0,-1,results/es_bto/ckpt_seed2_gen00300.npz,300,2,BT-v2,10070,1,0.5,0,1,0,timeout,120.19999999999531,0.0,0.0,0.0,120.19999999999531,0.0,0.012063227953410981,0.0,
BTO-s2-b300,bto,0.0,-1,results/es_bto/ckpt_seed2_gen00300.npz,300,2,BT-v2,10071,0,0.5,0,1,0,timeout,120.19999999999531,15.0,0.0,0.6,120.19999999999531,0.0,0.010815307820299502,0.004575707154742097,4290.107571925157
BTO-s2-b300,bto,0.0,-1,results/es_bto/ckpt_seed2_gen00300.npz,300,2,BT-v2,10071,1,0.5,0,1,0,timeout,120.19999999999531,0.0,0.0,0.0,120.19999999999531,0.0,0.0066555740432612314,0.012063227953410981,
BTO-s2-b300,bto,0.0,-1,results/es_bto/ckpt_seed2_gen00300.npz,300,2,BT-v2,10072,0,0.5,0,1,0,timeout,120.19999999999531,0.0,98.75,0.0,120.19999999999531,0.0,0.012479201331114808,0.015806988352745424,3952.722978964581
BTO-s2-b300,bto,0.0,-1,results/es_bto/ckpt_seed2_gen00300.npz,300,2,BT-v2,10072,1,0.5,0,1,0,timeout,120.19999999999531,5.0,48.75,0.2,120.19999999999531,0.0,0.025790349417637273,0.008735440931780365,
BTO-s2-b300,bto,0.0,-1,results/es_bto/ckpt_seed2_gen00300.npz,300,2,BT-v2,10073,0,0.5,0,1,0,timeout,120.19999999999531,0.0,6.25,0.0,120.19999999999531,0.0,0.04201331114808652,0.0,4240.142194767798
BTO-s2-b300,bto,0.0,-1,results/es_bto/ckpt_seed2_gen00300.npz,300,2,BT-v2,10073,1,0.5,0,1,0,timeout,120.19999999999531,16.25,0.0,0.65,120.19999999999531,0.0,0.04159733777038269,0.0024958402662229617,
BTO-s2-b300,bto,0.0,-1,results/es_bto/ckpt_seed2_gen00300.npz,300,2,BT-v2,10074,0,0.5,0,1,0,timeout,120.19999999999531,38.75,0.0,1.5500000000000007,120.19999999999531,0.0,0.05033277870216306,0.0,5043.784854626767
BTO-s2-b300,bto,0.0,-1,results/es_bto/ckpt_seed2_gen00300.npz,300,2,BT-v2,10074,1,0.5,0,1,0,timeout,120.19999999999531,0.0,5.0,0.0,120.19999999999531,0.0,0.04326123128119801,0.0,
BTO-s2-b300,bto,0.0,-1,results/es_bto/ckpt_seed2_gen00300.npz,300,2,BT-v2,10075,0,0.5,0,1,0,timeout,120.19999999999531,15.0,0.0,0.6,120.19999999999531,0.0,0.034525790349417634,0.017054908485856904,4266.2150000963375
BTO-s2-b300,bto,0.0,-1,results/es_bto/ckpt_seed2_gen00300.npz,300,2,BT-v2,10075,1,0.5,0,1,0,timeout,120.19999999999531,0.0,30.0,0.0,120.19999999999531,0.0,0.02329450915141431,0.03951747088186356,
BTO-s2-b300,bto,0.0,-1,results/es_bto/ckpt_seed2_gen00300.npz,300,2,BT-v2,10076,0,0.5,0,1,0,timeout,120.19999999999531,5.0,0.0,0.2,120.19999999999531,0.0,0.020798668885191347,0.0066555740432612314,4189.371870042535
BTO-s2-b300,bto,0.0,-1,results/es_bto/ckpt_seed2_gen00300.npz,300,2,BT-v2,10076,1,0.5,0,1,0,timeout,120.19999999999531,0.0,0.0,0.0,120.19999999999531,0.0,0.033277870216306155,0.005407653910149751,
BTO-s2-b300,bto,0.0,-1,results/es_bto/ckpt_seed2_gen00300.npz,300,2,BT-v2,10077,0,0.0,0,0,1,gun_kill,119.89999999999533,42.5,100.0,1.7000000000000008,119.89999999999533,0.0,0.04424040066777963,0.0,3536.2115446840885
BTO-s2-b300,bto,0.0,-1,results/es_bto/ckpt_seed2_gen00300.npz,300,2,BT-v2,10077,1,0.0,0,0,1,gun_kill,111.44999999999581,0.0,100.0,0.0,111.44999999999581,0.0,0.02154398563734291,0.0,
BTO-s2-b300,bto,0.0,-1,results/es_bto/ckpt_seed2_gen00300.npz,300,2,BT-v2,10078,0,0.5,0,1,0,timeout,120.19999999999531,0.0,0.0,0.0,120.19999999999531,0.0,0.04284525790349417,0.0,4945.1838252463585
BTO-s2-b300,bto,0.0,-1,results/es_bto/ckpt_seed2_gen00300.npz,300,2,BT-v2,10078,1,0.5,0,1,0,timeout,120.19999999999531,0.0,0.0,0.0,120.19999999999531,0.0,0.03618968386023295,0.0,
BTO-s2-b300,bto,0.0,-1,results/es_bto/ckpt_seed2_gen00300.npz,300,2,BT-v2,10079,0,0.5,0,1,0,timeout,120.19999999999531,0.0,38.75,0.0,120.19999999999531,0.0,0.025790349417637273,0.005823627287853577,3904.2073106033754
BTO-s2-b300,bto,0.0,-1,results/es_bto/ckpt_seed2_gen00300.npz,300,2,BT-v2,10079,1,0.0,0,0,1,gun_kill,111.6999999999958,0.0,100.0,0.0,111.6999999999958,0.0,0.0,0.0062724014336917565,
BTO-s2-b300,bto,0.0,-1,results/es_bto/ckpt_seed2_gen00300.npz,300,2,BT-v2,10080,0,0.5,0,1,0,timeout,120.19999999999531,0.0,70.0,0.0,120.19999999999531,0.0,0.021630615640599003,0.0,3603.774675258779
BTO-s2-b300,bto,0.0,-1,results/es_bto/ckpt_seed2_gen00300.npz,300,2,BT-v2,10080,1,0.5,0,1,0,timeout,120.19999999999531,13.75,52.5,0.5499999999999999,120.19999999999531,0.0,0.044509151414309486,0.021214642262895173,
BTO-s2-b300,bto,0.0,-1,results/es_bto/ckpt_seed2_gen00300.npz,300,2,BT-v2,10081,0,0.5,0,1,0,timeout,120.19999999999531,0.0,0.0,0.0,120.19999999999531,0.0,0.0,0.016638935108153077,4735.805804634001
BTO-s2-b300,bto,0.0,-1,results/es_bto/ckpt_seed2_gen00300.npz,300,2,BT-v2,10081,1,0.5,0,1,0,timeout,120.19999999999531,5.0,0.0,0.2,120.19999999999531,0.0,0.0,0.010399334442595673,
BTO-s2-b300,bto,0.0,-1,results/es_bto/ckpt_seed2_gen00300.npz,300,2,BT-v2,10082,0,0.5,0,1,0,timeout,120.19999999999531,0.0,15.0,0.0,120.19999999999531,0.0,0.027870216306156406,0.0,4063.1288751512866
BTO-s2-b300,bto,0.0,-1,results/es_bto/ckpt_seed2_gen00300.npz,300,2,BT-v2,10082,1,0.5,0,1,0,timeout,120.19999999999531,13.75,0.0,0.5499999999999999,120.19999999999531,0.0,0.04367720465890183,0.017054908485856904,
BTO-s2-b300,bto,0.0,-1,results/es_bto/ckpt_seed2_gen00300.npz,300,2,BT-v2,10083,0,0.5,0,1,0,timeout,120.19999999999531,13.75,0.0,0.5499999999999999,120.19999999999531,0.0,0.05615640599001664,0.004159733777038269,4453.041148352047
BTO-s2-b300,bto,0.0,-1,results/es_bto/ckpt_seed2_gen00300.npz,300,2,BT-v2,10083,1,0.5,0,1,0,timeout,120.19999999999531,0.0,16.25,0.0,120.19999999999531,0.0,0.05449251247920133,0.0,
BTO-s2-b300,bto,0.0,-1,results/es_bto/ckpt_seed2_gen00300.npz,300,2,BT-v2,10084,0,0.5,0,1,0,timeout,120.19999999999531,5.0,0.0,0.2,120.19999999999531,0.0,0.012895174708818636,0.0066555740432612314,4215.3682189055
BTO-s2-b300,bto,0.0,-1,results/es_bto/ckpt_seed2_gen00300.npz,300,2,BT-v2,10084,1,0.5,0,1,0,timeout,120.19999999999531,0.0,0.0,0.0,120.19999999999531,0.0,0.012895174708818636,0.0,
BTO-s2-b300,bto,0.0,-1,results/es_bto/ckpt_seed2_gen00300.npz,300,2,BT-v2,10085,0,0.5,0,1,0,timeout,120.19999999999531,0.0,43.75,0.0,120.19999999999531,0.0,0.0262063227953411,0.0029118136439267887,4049.168143913895
BTO-s2-b300,bto,0.0,-1,results/es_bto/ckpt_seed2_gen00300.npz,300,2,BT-v2,10085,1,0.5,0,1,0,timeout,120.19999999999531,0.0,0.0,0.0,120.19999999999531,0.0,0.0,0.0,
BTO-s2-b300,bto,0.0,-1,results/es_bto/ckpt_seed2_gen00300.npz,300,2,BT-v2,10086,0,0.5,0,1,0,timeout,120.19999999999531,0.0,0.0,0.0,120.19999999999531,0.0,0.0,0.0,4232.217079897339
BTO-s2-b300,bto,0.0,-1,results/es_bto/ckpt_seed2_gen00300.npz,300,2,BT-v2,10086,1,0.5,0,1,0,timeout,120.19999999999531,0.0,0.0,0.0,120.19999999999531,0.0,0.0,0.004159733777038269,
BTO-s2-b300,bto,0.0,-1,results/es_bto/ckpt_seed2_gen00300.npz,300,2,BT-v2,10087,0,0.5,0,1,0,timeout,120.19999999999531,0.0,32.5,0.0,120.19999999999531,0.0,0.07113144758735442,0.019966722129783693,3696.220440374062
BTO-s2-b300,bto,0.0,-1,results/es_bto/ckpt_seed2_gen00300.npz,300,2,BT-v2,10087,1,0.5,0,1,0,timeout,120.19999999999531,5.0,30.0,0.2,120.19999999999531,0.0,0.06738768718801996,0.004575707154742097,
BTO-s2-b300,bto,0.0,-1,results/es_bto/ckpt_seed2_gen00300.npz,300,2,BT-v2,10088,0,0.5,0,1,0,timeout,120.19999999999531,15.0,23.75,0.6,120.19999999999531,0.0,0.02204658901830283,0.019550748752079867,3822.7756753899453
BTO-s2-b300,bto,0.0,-1,results/es_bto/ckpt_seed2_gen00300.npz,300,2,BT-v2,10088,1,0.5,0,1,0,timeout,120.19999999999531,0.0,90.0,0.0,120.19999999999531,0.0,0.012895174708818636,0.01622296173044925,
BTO-s2-b300,bto,0.0,-1,results/es_bto/ckpt_seed2_gen00300.npz,300,2,BT-v2,10089,0,1.0,1,0,0,gun_kill,28.850000000000275,100.0,0.0,3.999999999999994,28.850000000000275,0.0,0.0,0.0,6327.219209068542
BTO-s2-b300,bto,0.0,-1,results/es_bto/ckpt_seed2_gen00300.npz,300,2,BT-v2,10089,1,0.0,0,0,1,gun_kill,27.300000000000253,0.0,100.0,0.0,27.300000000000253,0.0,0.0,0.0,
BTO-s2-b300,bto,0.0,-1,results/es_bto/ckpt_seed2_gen00300.npz,300,2,BT-v2,10090,0,0.0,0,0,1,gun_kill,108.99999999999595,0.0,100.0,0.0,108.99999999999595,0.0,0.03860294117647059,0.009650735294117647,3345.3027441817467
BTO-s2-b300,bto,0.0,-1,results/es_bto/ckpt_seed2_gen00300.npz,300,2,BT-v2,10090,1,0.0,0,0,1,gun_kill,90.14999999999702,0.0,100.0,0.0,90.14999999999702,0.0,0.02666666666666667,0.011666666666666667,
BTO-s2-b300,bto,0.0,-1,results/es_bto/ckpt_seed2_gen00300.npz,300,2,BT-v2,10091,0,0.5,0,1,0,timeout,120.19999999999531,0.0,96.25,0.0,120.19999999999531,0.0,0.10690515806988353,0.008735440931780365,3535.334216831317
BTO-s2-b300,bto,0.0,-1,results/es_bto/ckpt_seed2_gen00300.npz,300,2,BT-v2,10091,1,0.0,0,0,1,gun_kill,117.49999999999547,10.0,100.0,0.39999999999999997,117.49999999999547,0.0,0.05919931856899489,0.0,
BTO-s2-b300,bto,0.0,-1,results/es_bto/ckpt_seed2_gen00300.npz,300,2,BT-v2,10092,0,0.5,0,1,0,timeout,120.19999999999531,0.0,6.25,0.0,120.19999999999531,0.0,0.0,0.0020798668885191347,4656.91319702511
BTO-s2-b300,bto,0.0,-1,results/es_bto/ckpt_seed2_gen00300.npz,300,2,BT-v2,10092,1,0.5,0,1,0,timeout,120.19999999999531,5.0,0.0,0.2,120.19999999999531,0.0,0.0,0.005823627287853577,
BTO-s2-b300,bto,0.0,-1,results/es_bto/ckpt_seed2_gen00300.npz,300,2,BT-v2,10093,0,0.5,0,1,0,timeout,120.19999999999531,15.0,0.0,0.6,120.19999999999531,0.0,0.0,0.0016638935108153079,4583.539403136814
BTO-s2-b300,bto,0.0,-1,results/es_bto/ckpt_seed2_gen00300.npz,300,2,BT-v2,10093,1,0.5,0,1,0,timeout,120.19999999999531,0.0,17.5,0.0,120.19999999999531,0.0,0.0,0.0,
BTO-s2-b300,bto,0.0,-1,results/es_bto/ckpt_seed2_gen00300.npz,300,2,BT-v2,10094,0,0.0,0,0,1,gun_kill,94.0999999999968,0.0,100.0,0.0,94.0999999999968,0.0,0.08936170212765958,0.003723404255319149,3768.6323137042923
BTO-s2-b300,bto,0.0,-1,results/es_bto/ckpt_seed2_gen00300.npz,300,2,BT-v2,10094,1,0.0,0,0,1,gun_kill,106.4499999999961,12.5,100.0,0.49999999999999994,106.4499999999961,0.0,0.09257518796992481,0.01550751879699248,
BTO-s2-b300,bto,0.0,-1,results/es_bto/ckpt_seed2_gen00300.npz,300,2,BT-v2,10095,0,0.5,0,1,0,timeout,120.19999999999531,0.0,6.25,0.0,120.19999999999531,0.0,0.0,0.0,4418.935984397113
BTO-s2-b300,bto,0.0,-1,results/es_bto/ckpt_seed2_gen00300.npz,300,2,BT-v2,10095,1,0.5,0,1,0,timeout,120.19999999999531,17.5,0.0,0.7000000000000001,120.19999999999531,0.0,0.0,0.0066555740432612314,
BTO-s2-b300,bto,0.0,-1,results/es_bto/ckpt_seed2_gen00300.npz,300,2,BT-v2,10096,0,0.5,0,1,0,timeout,120.19999999999531,0.0,53.75,0.0,120.19999999999531,0.0,0.06364392678868552,0.0,3631.9997205215464
BTO-s2-b300,bto,0.0,-1,results/es_bto/ckpt_seed2_gen00300.npz,300,2,BT-v2,10096,1,0.0,0,0,1,gun_kill,116.49999999999552,15.0,100.0,0.6,116.49999999999552,0.0,0.06743986254295532,0.0,
BTO-s2-b300,bto,0.0,-1,results/es_bto/ckpt_seed2_gen00300.npz,300,2,BT-v2,10097,0,0.5,0,1,0,timeout,120.19999999999531,0.0,0.0,0.0,120.19999999999531,0.0,0.04866888519134775,0.0033277870216306157,4446.8447081304075
BTO-s2-b300,bto,0.0,-1,results/es_bto/ckpt_seed2_gen00300.npz,300,2,BT-v2,10097,1,0.5,0,1,0,timeout,120.19999999999531,0.0,0.0,0.0,120.19999999999531,0.0,0.06198003327787022,0.0,
BTO-s2-b300,bto,0.0,-1,results/es_bto/ckpt_seed2_gen00300.npz,300,2,BT-v2,10098,0,0.5,0,1,0,collision,18.800000000000132,0.0,0.0,0.0,18.800000000000132,0.0,0.13709677419354838,0.026881720430107527,4554.4730630227705
BTO-s2-b300,bto,0.0,-1,results/es_bto/ckpt_seed2_gen00300.npz,300,2,BT-v2,10098,1,0.5,0,1,0,collision,18.850000000000133,0.0,0.0,0.0,18.850000000000133,0.0,0.1356382978723404,0.026595744680851064,
BTO-s2-b300,bto,0.0,-1,results/es_bto/ckpt_seed2_gen00300.npz,300,2,BT-v2,10099,0,0.0,0,0,1,gun_kill,110.94999999999584,0.0,100.0,0.0,110.94999999999584,0.0,0.026173285198555957,0.013989169675090252,3469.0763177304643
BTO-s2-b300,bto,0.0,-1,results/es_bto/ckpt_seed2_gen00300.npz,300,2,BT-v2,10099,1,0.0,0,0,1,gun_kill,111.7499999999958,0.0,100.0,0.0,111.7499999999958,0.0,0.02867383512544803,0.017921146953405017,
BTO-s2-b300,bto,0.0,-1,results/es_bto/ckpt_seed2_gen00300.npz,300,2,BT-v3,10000,0,1.0,1,0,0,gun_kill,107.14999999999606,100.0,0.0,3.999999999999994,107.14999999999606,0.0,0.02663551401869159,0.024766355140186914,4089.3530787983464
BTO-s2-b300,bto,0.0,-1,results/es_bto/ckpt_seed2_gen00300.npz,300,2,BT-v3,10000,1,1.0,1,0,0,gun_kill,92.3999999999969,100.0,0.0,3.999999999999994,92.3999999999969,0.0,0.03470715835140998,0.021149674620390455,
BTO-s2-b300,bto,0.0,-1,results/es_bto/ckpt_seed2_gen00300.npz,300,2,BT-v3,10001,0,0.5,0,1,0,timeout,120.19999999999531,0.0,55.0,0.0,120.19999999999531,0.0,0.0,0.0,5003.437753013589
BTO-s2-b300,bto,0.0,-1,results/es_bto/ckpt_seed2_gen00300.npz,300,2,BT-v3,10001,1,0.5,0,1,0,timeout,120.19999999999531,32.5,0.0,1.3000000000000005,120.19999999999531,0.0,0.0,0.0,
BTO-s2-b300,bto,0.0,-1,results/es_bto/ckpt_seed2_gen00300.npz,300,2,BT-v3,10002,0,1.0,1,0,0,gun_kill,117.44999999999547,100.0,0.0,3.999999999999994,117.44999999999547,0.0,0.034071550255536626,0.0,4067.351748449743
BTO-s2-b300,bto,0.0,-1,results/es_bto/ckpt_seed2_gen00300.npz,300,2,BT-v3,10002,1,0.5,0,1,0,timeout,120.19999999999531,52.5,0.0,2.1000000000000005,120.19999999999531,0.0,0.033277870216306155,0.014975041597337771,
BTO-s2-b300,bto,0.0,-1,results/es_bto/ckpt_seed2_gen00300.npz,300,2,BT-v3,10003,0,0.5,0,1,0,timeout,120.19999999999531,0.0,32.5,0.0,120.19999999999531,0.0,0.064891846921797,0.0,5021.459348564184
BTO-s2-b300,bto,0.0,-1,results/es_bto/ckpt_seed2_gen00300.npz,300,2,BT-v3,10003,1,0.5,0,1,0,timeout,120.19999999999531,0.0,0.0,0.0,120.19999999999531,0.0,0.0694675540765391,0.0,
BTO-s2-b300,bto,0.0,-1,results/es_bto/ckpt_seed2_gen00300.npz,300,2,BT-v3,10004,0,0.0,0,0,1,gun_kill,14.200000000000067,0.0,100.0,0.0,14.200000000000067,0.0,0.175,0.0,5396.282492336416
BTO-s2-b300,bto,0.0,-1,results/es_bto/ckpt_seed2_gen00300.npz,300,2,BT-v3,10004,1,1.0,1,0,0,gun_kill,117.59999999999546,100.0,0.0,3.999999999999994,117.59999999999546,0.0,0.022998296422487224,0.0,
BTO-s2-b300,bto,0.0,-1,results/es_bto/ckpt_seed2_gen00300.npz,300,2,BT-v3,10005,0,1.0,1,0,0,gun_kill,103.39999999999627,100.0,7.5,3.999999999999994,103.39999999999627,0.0,0.09883720930232558,0.012596899224806201,4010.0963634406125
BTO-s2-b300,bto,0.0,-1,results/es_bto/ckpt_seed2_gen00300.npz,300,2,BT-v3,10005,1,1.0,1,0,0,gun_kill,41.79999999999976,100.0,0.0,3.999999999999994,41.79999999999976,0.0,0.32091346153846156,0.003605769230769231,
BTO-s2-b300,bto,0.0,-1,results/es_bto/ckpt_seed2_gen00300.npz,300,2,BT-v3,10006,0,1.0,1,0,0,gun_kill,107.999999999996,100.0,15.0,3.999999999999994,107.999999999996,0.0,0.00927643784786642,0.0,4027.3790518347328
BTO-s2-b300,bto,0.0,-1,results/es_bto/ckpt_seed2_gen00300.npz,300,2,BT-v3,10006,1,1.0,1,0,0,gun_kill,94.79999999999676,100.0,0.0,3.999999999999994,94.79999999999676,0.0,0.011099365750528542,0.0,
BTO-s2-b300,bto,0.0,-1,results/es_bto/ckpt_seed2_gen00300.npz,300,2,BT-v3,10007,0,1.0,1,0,0,gun_kill,109.7999999999959,100.0,13.75,3.999999999999994,109.7999999999959,0.0,0.024635036496350366,0.005930656934306569,3986.7196286212275
BTO-s2-b300,bto,0.0,-1,results/es_bto/ckpt_seed2_gen00300.npz,300,2,BT-v3,10007,1,1.0,1,0,0,gun_kill,110.64999999999586,100.0,0.0,3.999999999999994,110.64999999999586,0.0,0.024412296564195298,0.0,
BTO-s2-b300,bto,0.0,-1,results/es_bto/ckpt_seed2_gen00300.npz,300,2,BT-v3,10008,0,0.5,0,1,0,timeout,120.19999999999531,81.25,11.25,3.2499999999999964,120.19999999999531,0.0,0.03119800332778702,0.0,4051.077098573024
BTO-s2-b300,bto,0.0,-1,results/es_bto/ckpt_seed2_gen00300.npz,300,2,BT-v3,10008,1,1.0,1,0,0,gun_kill,106.49999999999609,100.0,0.0,3.999999999999994,106.49999999999609,0.0,0.03900375939849624,0.01832706766917293,
BTO-s2-b300,bto,0.0,-1,results/es_bto/ckpt_seed2_gen00300.npz,300,2,BT-v3,10009,0,0.5,0,1,0,timeout,120.19999999999531,3.75,2.5,0.15000000000000002,120.19999999999531,0.0,0.02870216306156406,0.006239600665557404,4442.033354949122
BTO-s2-b300,bto,0.0,-1,results/es_bto/ckpt_seed2_gen00300.npz,300,2,BT-v3,10009,1,0.5,0,1,0,collision,13.900000000000063,0.0,0.0,0.0,13.900000000000063,0.0,0.2463768115942029,0.028985507246376812,
BTO-s2-b300,bto,0.0,-1,results/es_bto/ckpt_seed2_gen00300.npz,300,2,BT-v3,10010,0,1.0,1,0,0,gun_kill,88.6499999999971,100.0,0.0,3.999999999999994,88.6499999999971,0.0,0.08295711060948081,0.009029345372460496,3419.4433528335485
BTO-s2-b300,bto,0.0,-1,results/es_bto/ckpt_seed2_gen00300.npz,300,2,BT-v3,10010,1,0.5,0,1,0,collision,3.949999999999994,0.0,15.0,0.0,3.949999999999994,0.0,0.6578947368421053,0.06578947368421052,
BTO-s2-b300,bto,0.0,-1,results/es_bto/ckpt_seed2_gen00300.npz,300,2,BT-v3,10011,0,0.5,0,1,0,collision,9.249999999999996,1.25,11.25,0.05,9.249999999999996,0.0,0.0,0.03804347826086957,6448.482702743372
BTO-s2-b300,bto,0.0,-1,results/es_bto/ckpt_seed2_gen00300.npz,300,2,BT-v3,10011,1,1.0,1,0,0,gun_kill,115.2499999999956,100.0,0.0,3.999999999999994,115.2499999999956,0.0,0.0,0.008680555555555556,
BTO-s2-b300,bto,0.0,-1,results/es_bto/ckpt_seed2_gen00300.npz,300,2,BT-v3,10012,0,1.0,1,0,0,gun_kill,108.74999999999596,100.0,0.0,3.999999999999994,108.74999999999596,0.0,0.06767955801104972,0.02255985267034991,3708.601593546362
BTO-s2-b300,bto,0.0,-1,results/es_bto/ckpt_seed2_gen00300.npz,300,2,BT-v3,10012,1,1.0,1,0,0,gun_kill,83.19999999999742,100.0,0.0,3.999999999999994,83.19999999999742,0.0,0.10361445783132531,0.0,
BTO-s2-b300,bto,0.0,-1,results/es_bto/ckpt_seed2_gen00300.npz,300,2,BT-v3,10013,0,1.0,1,0,0,gun_kill,112.79999999999573,100.0,0.0,3.999999999999994,112.79999999999573,0.0,0.03463587921847247,0.012433392539964476,4201.246987106339
BTO-s2-b300,bto,0.0,-1,results/es_bto/ckpt_seed2_gen00300.npz,300,2,BT-v3,10013,1,1.0,1,0,0,gun_kill,114.39999999999564,100.0,0.0,3.999999999999994,114.39999999999564,0.0,0.03677758318739054,0.0,
BTO-s2-b300,bto,0.0,-1,results/es_bto/ckpt_seed2_gen00300.npz,300,2,BT-v3,10014,0,1.0,1,0,0,gun_kill,110.69999999999585,100.0,0.0,3.999999999999994,110.69999999999585,0.0,0.0,0.0,4343.334907584556
BTO-s2-b300,bto,0.0,-1,results/es_bto/ckpt_seed2_gen00300.npz,300,2,BT-v3,10014,1,1.0,1,0,0,gun_kill,117.04999999999549,100.0,0.0,3.999999999999994,117.04999999999549,0.0,0.0,0.0017094017094017094,
BTO-s2-b300,bto,0.0,-1,results/es_bto/ckpt_seed2_gen00300.npz,300,2,BT-v3,10015,0,0.5,0,1,0,timeout,120.19999999999531,32.5,33.75,1.3000000000000005,120.19999999999531,0.0,0.0,0.0,4103.246745552358
BTO-s2-b300,bto,0.0,-1,results/es_bto/ckpt_seed2_gen00300.npz,300,2,BT-v3,10015,1,1.0,1,0,0,gun_kill,98.04999999999657,100.0,0.0,3.999999999999994,98.04999999999657,0.0,0.0,0.024489795918367346,
BTO-s2-b300,bto,0.0,-1,results/es_bto/ckpt_seed2_gen00300.npz,300,2,BT-v3,10016,0,1.0,1,0,0,gun_kill,109.64999999999591,100.0,0.0,3.999999999999994,109.64999999999591,0.0,0.0,0.01687956204379562,3678.19624149696
BTO-s2-b300,bto,0.0,-1,results/es_bto/ckpt_seed2_gen00300.npz,300,2,BT-v3,10016,1,1.0,1,0,0,gun_kill,105.94999999999612,100.0,7.5,3.999999999999994,105.94999999999612,0.0,0.0,0.01606805293005671,
BTO-s2-b300,bto,0.0,-1,results/es_bto/ckpt_seed2_gen00300.npz,300,2,BT-v3,10017,0,0.5,0,1,0,timeout,120.19999999999531,0.0,58.75,0.0,120.19999999999531,0.0,0.02870216306156406,0.0,5062.458204067627
BTO-s2-b300,bto,0.0,-1,results/es_bto/ckpt_seed2_gen00300.npz,300,2,BT-v3,10017,1,1.0,1,0,0,gun_kill,27.500000000000256,100.0,0.0,3.999999999999994,27.500000000000256,0.0,0.177007299270073,0.0,
BTO-s2-b300,bto,0.0,-1,results/es_bto/ckpt_seed2_gen00300.npz,300,2,BT-v3,10018,0,1.0,1,0,0,gun_kill,112.79999999999573,100.0,0.0,3.999999999999994,112.79999999999573,0.0,0.015985790408525755,0.0,4039.599552226051
BTO-s2-b300,bto,0.0,-1,results/es_bto/ckpt_seed2_gen00300.npz,300,2,BT-v3,10018,1,1.0,1,0,0,gun_kill,114.94999999999561,100.0,0.0,3.999999999999994,114.94999999999561,0.0,0.016114982578397212,0.0,
BTO-s2-b300,bto,0.0,-1,results/es_bto/ckpt_seed2_gen00300.npz,300,2,BT-v3,10019,0,1.0,1,0,0,gun_kill,68.09999999999827,100.0,0.0,3.999999999999994,68.09999999999827,0.0,0.0,0.030147058823529412,4842.242820767753
BTO-s2-b300,bto,0.0,-1,results/es_bto/ckpt_seed2_gen00300.npz,300,2,BT-v3,10019,1,1.0,1,0,0,gun_kill,120.04999999999532,100.0,0.0,3.999999999999994,120.04999999999532,0.0,0.0,0.011666666666666667,
BTO-s2-b300,bto,0.0,-1,results/es_bto/ckpt_seed2_gen00300.npz,300,2,BT-v3,10020,0,0.5,0,1,0,timeout,120.19999999999531,2.5,0.0,0.1,120.19999999999531,0.0,0.0,0.007903494176372712,4774.42262479471
BTO-s2-b300,bto,0.0,-1,results/es_bto/ckpt_seed2_gen00300.npz,300,2,BT-v3,10020,1,0.5,0,1,0,timeout,120.19999999999531,48.75,1.25,1.950000000000001,120.19999999999531,0.0,0.0,0.012479201331114808,
BTO-s2-b300,bto,0.0,-1,results/es_bto/ckpt_seed2_gen00300.npz,300,2,BT-v3,10021,0,1.0,1,0,0,gun_kill,89.64999999999705,100.0,0.0,3.999999999999994,89.64999999999705,0.0,0.08035714285714286,0.030691964285714284,4099.351639272549
BTO-s2-b300,bto,0.0,-1,results/es_bto/ckpt_seed2_gen00300.npz,300,2,BT-v3,10021,1,1.0,1,0,0,gun_kill,102.04999999999634,100.0,0.0,3.999999999999994,102.04999999999634,0.0,0.07941176470588235,0.0,
BTO-s2-b300,bto,0.0,-1,results/es_bto/ckpt_seed2_gen00300.npz,300,2,BT-v3,10022,0,1.0,1,0,0,gun_kill,115.34999999999559,100.0,0.0,3.999999999999994,115.34999999999559,0.0,0.03689236111111111,0.0013020833333333333,4588.505438409497
BTO-s2-b300,bto,0.0,-1,results/es_bto/ckpt_seed2_gen00300.npz,300,2,BT-v3,10022,1,1.0,1,0,0,gun_kill,114.94999999999561,100.0,0.0,3.999999999999994,114.94999999999561,0.0,0.036585365853658534,0.013501742160278746,
BTO-s2-b300,bto,0.0,-1,results/es_bto/ckpt_seed2_gen00300.npz,300,2,BT-v3,10023,0,0.5,0,1,0,timeout,120.19999999999531,0.0,0.0,0.0,120.19999999999531,0.0,0.03494176372712146,0.0,5069.315767228925
BTO-s2-b300,bto,0.0,-1,results/es_bto/ckpt_seed2_gen00300.npz,300,2,BT-v3,10023,1,0.5,0,1,0,timeout,120.19999999999531,0.0,0.0,0.0,120.19999999999531,0.0,0.03826955074875208,0.0,
BTO-s2-b300,bto,0.0,-1,results/es_bto/ckpt_seed2_gen00300.npz,300,2,BT-v3,10024,0,1.0,1,0,0,gun_kill,87.94999999999715,100.0,0.0,3.999999999999994,87.94999999999715,0.0,0.04328018223234624,0.0,4148.451057046204
BTO-s2-b300,bto,0.0,-1,results/es_bto/ckpt_seed2_gen00300.npz,300,2,BT-v3,10024,1,1.0,1,0,0,gun_kill,108.49999999999598,100.0,18.75,3.999999999999994,108.49999999999598,0.0,0.03643911439114391,0.0,
BTO-s2-b300,bto,0.0,-1,results/es_bto/ckpt_seed2_gen00300.npz,300,2,BT-v3,10025,0,0.5,0,1,0,timeout,120.19999999999531,0.0,47.5,0.0,120.19999999999531,0.0,0.03369384359400998,0.0,5617.392084264938
BTO-s2-b300,bto,0.0,-1,results/es_bto/ckpt_seed2_gen00300.npz,300,2,BT-v3,10025,1,1.0,1,0,0,gun_kill,92.3499999999969,100.0,0.0,3.999999999999994,92.3499999999969,0.0,0.04392624728850325,0.013015184381778741,
BTO-s2-b300,bto,0.0,-1,results/es_bto/ckpt_seed2_gen00300.npz,300,2,BT-v3,10026,0,1.0,1,0,0,gun_kill,97.6499999999966,100.0,0.0,3.999999999999994,97.6499999999966,0.0,0.07684426229508197,0.0,4195.625584505104
BTO-s2-b300,bto,0.0,-1,results/es_bto/ckpt_seed2_gen00300.npz,300,2,BT-v3,10026,1,1.0,1,0,0,gun_kill,109.7999999999959,100.0,7.5,3.999999999999994,109.7999999999959,0.0,0.061587591240875914,0.0,
BTO-s2-b300,bto,0.0,-1,results/es_bto/ckpt_seed2_gen00300.npz,300,2,BT-v3,10027,0,1.0,1,0,0,gun_kill,39.74999999999988,100.0,0.0,3.999999999999994,39.74999999999988,0.0,0.2803030303030303,0.0,4430.922859415889
BTO-s2-b300,bto,0.0,-1,results/es_bto/ckpt_seed2_gen00300.npz,300,2,BT-v3,10027,1,1.0,1,0,0,gun_kill,49.9499999999993,100.0,23.75,3.999999999999994,49.9499999999993,0.0,0.22791164658634538,0.002008032128514056,
BTO-s2-b300,bto,0.0,-1,results/es_bto/ckpt_seed2_gen00300.npz,300,2,BT-v3,10028,0,0.5,0,1,0,timeout,120.19999999999531,75.0,17.5,2.9999999999999973,120.19999999999531,0.0,0.0,0.005407653910149751,3952.9937163227664
BTO-s2-b300,bto,0.0,-1,results/es_bto/ckpt_seed2_gen00300.npz,300,2,BT-v3,10028,1,1.0,1,0,0,gun_kill,95.54999999999671,100.0,0.0,3.999999999999994,95.54999999999671,0.0,0.0,0.0,
BTO-s2-b300,bto,0.0,-1,results/es_bto/ckpt_seed2_gen00300.npz,300,2,BT-v3,10029,0,1.0,1,0,0,gun_kill,109.64999999999591,100.0,0.0,3.999999999999994,109.64999999999591,0.0,0.0,0.0,4310.422454842596
BTO-s2-b300,bto,0.0,-1,results/es_bto/ckpt_seed2_gen00300.npz,300,2,BT-v3,10029,1,1.0,1,0,0,gun_kill,104.09999999999623,100.0,0.0,3.999999999999994,104.09999999999623,0.0,0.0,0.0,
BTO-s2-b300,bto,0.0,-1,results/es_bto/ckpt_seed2_gen00300.npz,300,2,BT-v3,10030,0,1.0,1,0,0,gun_kill,113.24999999999571,100.0,12.5,3.999999999999994,113.24999999999571,0.0,0.08171378091872791,0.003975265017667844,3795.051441534702
BTO-s2-b300,bto,0.0,-1,results/es_bto/ckpt_seed2_gen00300.npz,300,2,BT-v3,10030,1,1.0,1,0,0,gun_kill,93.59999999999683,100.0,0.0,3.999999999999994,93.59999999999683,0.0,0.0904710920770878,0.0032119914346895075,
BTO-s2-b300,bto,0.0,-1,results/es_bto/ckpt_seed2_gen00300.npz,300,2,BT-v3,10031,0,0.5,0,1,0,timeout,120.19999999999531,91.25,0.0,3.649999999999995,120.19999999999531,0.0,0.07529118136439268,0.0,3526.7305806134705
BTO-s2-b300,bto,0.0,-1,results/es_bto/ckpt_seed2_gen00300.npz,300,2,BT-v3,10031,1,1.0,1,0,0,gun_kill,85.99999999999726,100.0,0.0,3.999999999999994,85.99999999999726,0.0,0.10431235431235432,0.0,
BTO-s2-b300,bto,0.0,-1,results/es_bto/ckpt_seed2_gen00300.npz,300,2,BT-v3,10032,0,1.0,1,0,0,gun_kill,103.84999999999624,100.0,0.0,3.999999999999994,103.84999999999624,0.0,0.0313102119460501,0.0,3995.1598816405412
BTO-s2-b300,bto,0.0,-1,results/es_bto/ckpt_seed2_gen00300.npz,300,2,BT-v3,10032,1,1.0,1,0,0,gun_kill,109.24999999999594,100.0,0.0,3.999999999999994,109.24999999999594,0.0,0.02976190476190476,0.010531135531135532,
BTO-s2-b300,bto,0.0,-1,results/es_bto/ckpt_seed2_gen00300.npz,300,2,BT-v3,10033,0,1.0,1,0,0,gun_kill,59.39999999999876,100.0,0.0,3.999999999999994,59.39999999999876,0.0,0.03800675675675676,0.03209459459459459,5441.148449928975
BTO-s2-b300,bto,0.0,-1,results/es_bto/ckpt_seed2_gen00300.npz,300,2,BT-v3,10033,1,1.0,1,0,0,gun_kill,112.74999999999574,100.0,3.75,3.999999999999994,112.74999999999574,0.0,0.017761989342806393,0.007992895204262877,
BTO-s2-b300,bto,0.0,-1,results/es_bto/ckpt_seed2_gen00300.npz,300,2,BT-v3,10034,0,0.5,0,1,0,timeout,120.19999999999531,0.0,17.5,0.0,120.19999999999531,0.0,0.02870216306156406,0.0,4693.95204162083
BTO-s2-b300,bto,0.0,-1,results/es_bto/ckpt_seed2_gen00300.npz,300,2,BT-v3,10034,1,0.5,0,1,0,timeout,120.19999999999531,90.0,0.0,3.599999999999995,120.19999999999531,0.0,0.02870216306156406,0.0066555740432612314,
BTO-s2-b300,bto,0.0,-1,results/es_bto/ckpt_seed2_gen00300.npz,300,2,BT-v3,10035,0,1.0,1,0,0,gun_kill,109.09999999999594,100.0,26.25,3.999999999999994,109.09999999999594,0.0,0.020642201834862386,0.007339449541284404,3586.018949621122
BTO-s2-b300,bto,0.0,-1,results/es_bto/ckpt_seed2_gen00300.npz,300,2,BT-v3,10035,1,1.0,1,0,0,gun_kill,84.59999999999734,100.0,0.0,3.999999999999994,84.59999999999734,0.0,0.02665876777251185,0.0,
BTO-s2-b300,bto,0.0,-1,results/es_bto/ckpt_seed2_gen00300.npz,300,2,BT-v3,10036,0,0.5,0,1,0,collision,14.700000000000074,0.0,11.25,0.0,14.700000000000074,0.0,0.07534246575342465,0.0821917808219178,5643.710985965684
BTO-s2-b300,bto,0.0,-1,results/es_bto/ckpt_seed2_gen00300.npz,300,2,BT-v3,10036,1,1.0,1,0,0,gun_kill,90.39999999999701,100.0,0.0,3.999999999999994,90.39999999999701,0.0,0.010532150776053215,0.007760532150776054,
BTO-s2-b300,bto,0.0,-1,results/es_bto/ckpt_seed2_gen00300.npz,300,2,BT-v3,10037,0,0.5,0,1,0,timeout,120.19999999999531,87.5,0.0,3.4999999999999956,120.19999999999531,0.0,0.064891846921797,0.0,3747.7098716156574
BTO-s2-b300,bto,0.0,-1,results/es_bto/ckpt_seed2_gen00300.npz,300,2,BT-v3,10037,1,1.0,1,0,0,gun_kill,113.24999999999571,100.0,0.0,3.999999999999994,113.24999999999571,0.0,0.09098939929328621,0.0,
BTO-s2-b300,bto,0.0,-1,results/es_bto/ckpt_seed2_gen00300.npz,300,2,BT-v3,10038,0,0.5,0,1,0,timeout,120.19999999999531,0.0,11.25,0.0,120.19999999999531,0.0,0.0262063227953411,0.0,5148.545479818757
BTO-s2-b300,bto,0.0,-1,results/es_bto/ckpt_seed2_gen00300.npz,300,2,BT-v3,10038,1,1.0,1,0,0,gun_kill,114.89999999999561,100.0,0.0,3.999999999999994,114.89999999999561,0.0,0.02700348432055749,0.014808362369337979,
BTO-s2-b300,bto,0.0,-1,results/es_bto/ckpt_seed2_gen00300.npz,300,2,BT-v3,10039,0,1.0,1,0,0,gun_kill,67.6499999999983,100.0,0.0,3.999999999999994,67.6499999999983,0.0,0.03328402366863906,0.0,3626.0752431874853
BTO-s2-b300,bto,0.0,-1,results/es_bto/ckpt_seed2_gen00300.npz,300,2,BT-v3,10039,1,1.0,1,0,0,gun_kill,92.3499999999969,100.0,21.25,3.999999999999994,92.3499999999969,0.0,0.02386117136659436,0.0070498915401301515,
BTO-s2-b300,bto,0.0,-1,results/es_bto/ckpt_seed2_gen00300.npz,300,2,BT-v3,10040,0,0.5,0,1,0,timeout,120.19999999999531,87.5,21.25,3.4999999999999956,120.19999999999531,0.0,0.0,0.007903494176372712,4337.060519589426
BTO-s2-b300,bto,0.0,-1,results/es_bto/ckpt_seed2_gen00300.npz,300,2,BT-v3,10040,1,1.0,1,0,0,gun_kill,104.29999999999622,100.0,0.0,3.999999999999994,104.29999999999622,0.0,0.0,0.004318618042226488,
BTO-s2-b300,bto,0.0,-1,results/es_bto/ckpt_seed2_gen00300.npz,300,2,BT-v3,10041,0,1.0,1,0,0,gun_kill,94.64999999999677,100.0,0.0,3.999999999999994,94.64999999999677,0.0,0.021141649048625793,0.02959830866807611,3803.2201744363424
BTO-s2-b300,bto,0.0,-1,results/es_bto/ckpt_seed2_gen00300.npz,300,2,BT-v3,10041,1,1.0,1,0,0,gun_kill,108.64999999999597,100.0,0.0,3.999999999999994,108.64999999999597,0.0,0.017955801104972375,0.015193370165745856,
BTO-s2-b300,bto,0.0,-1,results/es_bto/ckpt_seed2_gen00300.npz,300,2,BT-v3,10042,0,0.5,0,1,0,timeout,120.19999999999531,96.25,0.0,3.8499999999999943,120.19999999999531,0.0,0.04492512479201331,0.0,4217.744252821449
BTO-s2-b300,bto,0.0,-1,results/es_bto/ckpt_seed2_gen00300.npz,300,2,BT-v3,10042,1,1.0,1,0,0,gun_kill,110.54999999999586,100.0,0.0,3.999999999999994,110.54999999999586,0.0,0.050724637681159424,0.022644927536231884,
BTO-s2-b300,bto,0.0,-1,results/es_bto/ckpt_seed2_gen00300.npz,300,2,BT-v3,10043,0,0.5,0,1,0,timeout,120.19999999999531,58.75,0.0,2.3499999999999996,120.19999999999531,0.0,0.0,0.015391014975041598,4129.619422551772
BTO-s2-b300,bto,0.0,-1,results/es_bto/ckpt_seed2_gen00300.npz,300,2,BT-v3,10043,1,1.0,1,0,0,gun_kill,113.74999999999568,100.0,0.0,3.999999999999994,113.74999999999568,0.0,0.0,0.016285211267605633,
BTO-s2-b300,bto,0.0,-1,results/es_bto/ckpt_seed2_gen00300.npz,300,2,BT-v3,10044,0,1.0,1,0,0,gun_kill,118.14999999999543,100.0,0.0,3.999999999999994,118.14999999999543,0.0,0.0,0.019491525423728815,4306.707962832379
BTO-s2-b300,bto,0.0,-1,results/es_bto/ckpt_seed2_gen00300.npz,300,2,BT-v3,10044,1,0.5,0,1,0,timeout,120.19999999999531,45.0,0.0,1.800000000000001,120.19999999999531,0.0,0.0,0.0,
BTO-s2-b300,bto,0.0,-1,results/es_bto/ckpt_seed2_gen00300.npz,300,2,BT-v3,10045,0,0.5,0,1,0,timeout,120.19999999999531,0.0,0.0,0.0,120.19999999999531,0.0,0.03369384359400998,0.0,5297.728168449409
BTO-s2-b300,bto,0.0,-1,results/es_bto/ckpt_seed2_gen00300.npz,300,2,BT-v3,10045,1,0.5,0,1,0,timeout,120.19999999999531,0.0,0.0,0.0,120.19999999999531,0.0,0.040349417637271213,0.0,
BTO-s2-b300,bto,0.0,-1,results/es_bto/ckpt_seed2_gen00300.npz,300,2,BT-v3,10046,0,1.0,1,0,0,gun_kill,98.54999999999654,100.0,0.0,3.999999999999994,98.54999999999654,0.0,0.1133130081300813,0.0,3864.288195334962
BTO-s2-b300,bto,0.0,-1,results/es_bto/ckpt_seed2_gen00300.npz,300,2,BT-v3,10046,1,1.0,1,0,0,gun_kill,57.89999999999885,100.0,18.75,3.999999999999994,57.89999999999885,0.0,0.2577854671280277,0.0017301038062283738,
BTO-s2-b300,bto,0.0,-1,results/es_bto/ckpt_seed2_gen00300.npz,300,2,BT-v3,10047,0,0.5,0,1,0,collision,8.449999999999985,0.0,0.0,0.0,8.449999999999985,0.0,0.1130952380952381,0.05952380952380952,4794.85114240031
BTO-s2-b300,bto,0.0,-1,results/es_bto/ckpt_seed2_gen00300.npz,300,2,BT-v3,10047,1,1.0,1,0,0,gun_kill,95.99999999999669,100.0,0.0,3.999999999999994,95.99999999999669,0.0,0.009916492693110648,0.03444676409185804,
BTO-s2-b300,bto,0.0,-1,results/es_bto/ckpt_seed2_gen00300.npz,300,2,BT-v3,10048,0,0.5,0,1,0,timeout,120.19999999999531,0.0,92.5,0.0,120.19999999999531,0.0,0.02329450915141431,0.0,5892.934956024263
BTO-s2-b300,bto,0.0,-1,results/es_bto/ckpt_seed2_gen00300.npz,300,2,BT-v3,10048,1,1.0,1,0,0,gun_kill,100.79999999999642,100.0,0.0,3.999999999999994,100.79999999999642,0.0,0.03578528827037773,0.0,
BTO-s2-b300,bto,0.0,-1,results/es_bto/ckpt_seed2_gen00300.npz,300,2,BT-v3,10049,0,0.5,0,1,0,timeout,120.19999999999531,77.5,0.0,3.099999999999997,120.19999999999531,0.0,0.0524126455906822,0.0,4502.188094065522
BTO-s2-b300,bto,0.0,-1,results/es_bto/ckpt_seed2_gen00300.npz,300,2,BT-v3,10049,1,0.5,0,1,0,timeout,120.19999999999531,38.75,0.0,1.5500000000000007,120.19999999999531,0.0,0.05574043261231281,0.0020798668885191347,
BTO-s2-b300,bto,0.0,-1,results/es_bto/ckpt_seed2_gen00300.npz,300,2,BT-v3,10050,0,1.0,1,0,0,gun_kill,95.6999999999967,100.0,0.0,3.999999999999994,95.6999999999967,0.0,0.03294979079497908,0.006276150627615063,3939.434253731374
BTO-s2-b300,bto,0.0,-1,results/es_bto/ckpt_seed2_gen00300.npz,300,2,BT-v3,10050,1,1.0,1,0,0,gun_kill,100.19999999999645,100.0,0.0,3.999999999999994,100.19999999999645,0.0,0.031,0.0,
BTO-s2-b300,bto,0.0,-1,results/es_bto/ckpt_seed2_gen00300.npz,300,2,BT-v3,10051,0,1.0,1,0,0,gun_kill,102.64999999999631,100.0,0.0,3.999999999999994,102.64999999999631,0.0,0.08430799220272904,0.005360623781676413,4059.3789499356058
BTO-s2-b300,bto,0.0,-1,results/es_bto/ckpt_seed2_gen00300.npz,300,2,BT-v3,10051,1,1.0,1,0,0,gun_kill,98.44999999999655,100.0,0.0,3.999999999999994,98.44999999999655,0.0,0.10111788617886179,0.0020325203252032522,
BTO-s2-b300,bto,0.0,-1,results/es_bto/ckpt_seed2_gen00300.npz,300,2,BT-v3,10052,0,1.0,1,0,0,gun_kill,105.09999999999617,100.0,0.0,3.999999999999994,105.09999999999617,0.0,0.03190476190476191,0.024285714285714285,4136.767521566433
BTO-s2-b300,bto,0.0,-1,results/es_bto/ckpt_seed2_gen00300.npz,300,2,BT-v3,10052,1,0.5,0,1,0,timeout,120.19999999999531,61.25,0.0,2.4499999999999993,120.19999999999531,0.0,0.026622296173044926,0.0008319467554076539,
BTO-s2-b300,bto,0.0,-1,results/es_bto/ckpt_seed2_gen00300.npz,300,2,BT-v3,10053,0,1.0,1,0,0,gun_kill,117.44999999999547,100.0,0.0,3.999999999999994,117.44999999999547,0.0,0.0,0.014054514480408859,4658.208990679065
BTO-s2-b300,bto,0.0,-1,results/es_bto/ckpt_seed2_gen00300.npz,300,2,BT-v3,10053,1,1.0,1,0,0,gun_kill,118.89999999999539,100.0,10.0,3.999999999999994,118.89999999999539,0.0,0.0,0.014730639730639731,
BTO-s2-b300,bto,0.0,-1,results/es_bto/ckpt_seed2_gen00300.npz,300,2,BT-v3,10054,0,1.0,1,0,0,gun_kill,81.09999999999754,100.0,0.0,3.999999999999994,81.09999999999754,0.0,0.0,0.027160493827160494,3628.55281637835
BTO-s2-b300,bto,0.0,-1,results/es_bto/ckpt_seed2_gen00300.npz,300,2,BT-v3,10054,1,1.0,1,0,0,gun_kill,94.89999999999675,100.0,2.5,3.999999999999994,94.89999999999675,0.0,0.0,0.025843881856540084,
BTO-s2-b300,bto,0.0,-1,results/es_bto/ckpt_seed2_gen00300.npz,300,2,BT-v3,10055,0,1.0,1,0,0,gun_kill,76.4499999999978,100.0,0.0,3.999999999999994,76.4499999999978,0.0,0.007853403141361256,0.021596858638743454,3714.8808176538655
BTO-s2-b300,bto,0.0,-1,results/es_bto/ckpt_seed2_gen00300.npz,300,2,BT-v3,10055,1,1.0,1,0,0,gun_kill,106.89999999999607,100.0,5.0,3.999999999999994,106.89999999999607,0.0,0.0056179775280898875,0.010767790262172285,
BTO-s2-b300,bto,0.0,-1,results/es_bto/ckpt_seed2_gen00300.npz,300,2,BT-v3,10056,0,1.0,1,0,0,gun_kill,105.19999999999617,100.0,0.0,3.999999999999994,105.19999999999617,0.0,0.05714285714285714,0.012857142857142857,3775.9847162598912
BTO-s2-b300,bto,0.0,-1,results/es_bto/ckpt_seed2_gen00300.npz,300,2,BT-v3,10056,1,1.0,1,0,0,gun_kill,95.64999999999671,100.0,0.0,3.999999999999994,95.64999999999671,0.0,0.07740585774058577,0.006799163179916318,
BTO-s2-b300,bto,0.0,-1,results/es_bto/ckpt_seed2_gen00300.npz,300,2,BT-v3,10057,0,1.0,1,0,0,gun_kill,91.59999999999694,100.0,0.0,3.999999999999994,91.59999999999694,0.0,0.0,0.027899343544857767,4096.813020536235
BTO-s2-b300,bto,0.0,-1,results/es_bto/ckpt_seed2_gen00300.npz,300,2,BT-v3,10057,1,1.0,1,0,0,gun_kill,92.74999999999687,100.0,3.75,3.999999999999994,92.74999999999687,0.0,0.0,0.01565874730021598,
BTO-s2-b300,bto,0.0,-1,results/es_bto/ckpt_seed2_gen00300.npz,300,2,BT-v3,10058,0,1.0,1,0,0,gun_kill,86.44999999999723,100.0,0.0,3.999999999999994,86.44999999999723,0.0,0.06712962962962964,0.0,3378.6539415568577
BTO-s2-b300,bto,0.0,-1,results/es_bto/ckpt_seed2_gen00300.npz,300,2,BT-v3,10058,1,1.0,1,0,0,gun_kill,97.89999999999658,100.0,13.75,3.999999999999994,97.89999999999658,0.0,0.06390593047034765,0.0,
BTO-s2-b300,bto,0.0,-1,results/es_bto/ckpt_seed2_gen00300.npz,300,2,BT-v3,10059,0,0.5,0,1,0,timeout,120.19999999999531,46.25,0.0,1.850000000000001,120.19999999999531,0.0,0.0033277870216306157,0.0,4322.863338608978
BTO-s2-b300,bto,0.0,-1,results/es_bto/ckpt_seed2_gen00300.npz,300,2,BT-v3,10059,1,0.5,0,1,0,timeout,120.19999999999531,92.5,0.0,3.699999999999995,120.19999999999531,0.0,0.0033277870216306157,0.0,
BTO-s2-b300,bto,0.0,-1,results/es_bto/ckpt_seed2_gen00300.npz,300,2,BT-v3,10060,0,1.0,1,0,0,gun_kill,111.99999999999578,100.0,0.0,3.999999999999994,111.99999999999578,0.0,0.03577817531305903,0.012522361359570662,4503.619276249713
BTO-s2-b300,bto,0.0,-1,results/es_bto/ckpt_seed2_gen00300.npz,300,2,BT-v3,10060,1,1.0,1,0,0,gun_kill,112.64999999999574,100.0,0.0,3.999999999999994,112.64999999999574,0.0,0.03774422735346359,0.0017761989342806395,
BTO-s2-b300,bto,0.0,-1,results/es_bto/ckpt_seed2_gen00300.npz,300,2,BT-v3,10061,0,0.5,0,1,0,timeout,120.19999999999531,47.5,8.75,1.900000000000001,120.19999999999531,0.0,0.04866888519134775,0.0,3917.503127519486
BTO-s2-b300,bto,0.0,-1,results/es_bto/ckpt_seed2_gen00300.npz,300,2,BT-v3,10061,1,1.0,1,0,0,gun_kill,98.89999999999652,100.0,0.0,3.999999999999994,98.89999999999652,0.0,0.06174089068825911,0.02327935222672065,
BTO-s2-b300,bto,0.0,-1,results/es_bto/ckpt_seed2_gen00300.npz,300,2,BT-v3,10062,0,0.5,0,1,0,timeout,120.19999999999531,72.5,7.5,2.8999999999999977,120.19999999999531,0.0,0.057820299500831944,0.0,4266.870352564076
BTO-s2-b300,bto,0.0,-1,results/es_bto/ckpt_seed2_gen00300.npz,300,2,BT-v3,10062,1,1.0,1,0,0,gun_kill,115.74999999999557,100.0,0.0,3.999999999999994,115.74999999999557,0.0,0.056228373702422146,0.0038927335640138406,
BTO-s2-b300,bto,0.0,-1,results/es_bto/ckpt_seed2_gen00300.npz,300,2,BT-v3,10063,0,1.0,1,0,0,gun_kill,104.6999999999962,100.0,8.75,3.999999999999994,104.6999999999962,0.0,0.02390057361376673,0.02055449330783939,3477.569142091279
BTO-s2-b300,bto,0.0,-1,results/es_bto/ckpt_seed2_gen00300.npz,300,2,BT-v3,10063,1,1.0,1,0,0,gun_kill,105.29999999999616,100.0,0.0,3.999999999999994,105.29999999999616,0.0,0.02614068441064639,0.0,
BTO-s2-b300,bto,0.0,-1,results/es_bto/ckpt_seed2_gen00300.npz,300,2,BT-v3,10064,0,0.5,0,1,0,timeout,120.19999999999531,0.0,76.25,0.0,120.19999999999531,0.0,0.021630615640599003,0.0,4944.790634611128
BTO-s2-b300,bto,0.0,-1,results/es_bto/ckpt_seed2_gen00300.npz,300,2,BT-v3,10064,1,0.5,0,1,0,timeout,120.19999999999531,28.75,0.0,1.1500000000000004,120.19999999999531,0.0,0.021630615640599003,0.0,
BTO-s2-b300,bto,0.0,-1,results/es_bto/ckpt_seed2_gen00300.npz,300,2,BT-v3,10065,0,1.0,1,0,0,gun_kill,101.59999999999637,100.0,0.0,3.999999999999994,101.59999999999637,0.0,0.03747534516765286,0.0073964497041420114,3789.5406940381613
BTO-s2-b300,bto,0.0,-1,results/es_bto/ckpt_seed2_gen00300.npz,300,2,BT-v3,10065,1,1.0,1,0,0,gun_kill,109.64999999999591,100.0,23.75,3.999999999999994,109.64999999999591,0.0,0.03467153284671533,0.0,
BTO-s2-b300,bto,0.0,-1,results/es_bto/ckpt_seed2_gen00300.npz,300,2,BT-v3,10066,0,1.0,1,0,0,gun_kill,116.49999999999552,100.0,5.0,3.999999999999994,116.49999999999552,0.0,0.05197594501718213,0.015034364261168385,3639.395522842187
BTO-s2-b300,bto,0.0,-1,results/es_bto/ckpt_seed2_gen00300.npz,300,2,BT-v3,10066,1,1.0,1,0,0,gun_kill,88.6999999999971,100.0,0.0,3.999999999999994,88.6999999999971,0.0,0.05981941309255079,0.0056433408577878106,
BTO-s2-b300,bto,0.0,-1,results/es_bto/ckpt_seed2_gen00300.npz,300,2,BT-v3,10067,0,0.5,0,1,0,timeout,120.19999999999531,0.0,12.5,0.0,120.19999999999531,0.0,0.014975041597337771,0.0,6504.70664865775
BTO-s2-b300,bto,0.0,-1,results/es_bto/ckpt_seed2_gen00300.npz,300,2,BT-v3,10067,1,0.5,0,1,0,timeout,120.19999999999531,33.75,0.0,1.3500000000000005,120.19999999999531,0.0,0.015806988352745424,0.0,
BTO-s2-b300,bto,0.0,-1,results/es_bto/ckpt_seed2_gen00300.npz,300,2,BT-v3,10068,0,0.5,0,1,0,timeout,120.19999999999531,82.5,0.0,3.2999999999999963,120.19999999999531,0.0,0.03951747088186356,0.02204658901830283,4422.470935442729
BTO-s2-b300,bto,0.0,-1,results/es_bto/ckpt_seed2_gen00300.npz,300,2,BT-v3,10068,1,0.5,0,1,0,timeout,120.19999999999531,52.5,0.0,2.1000000000000005,120.19999999999531,0.0,0.03951747088186356,0.02329450915141431,
BTO-s2-b300,bto,0.0,-1,results/es_bto/ckpt_seed2_gen00300.npz,300,2,BT-v3,10069,0,1.0,1,0,0,gun_kill,81.7999999999975,100.0,0.0,3.999999999999994,81.7999999999975,0.0,0.012254901960784314,0.029411764705882353,4718.62546687995
BTO-s2-b300,bto,0.0,-1,results/es_bto/ckpt_seed2_gen00300.npz,300,2,BT-v3,10069,1,1.0,1,0,0,gun_kill,66.99999999999834,100.0,0.0,3.999999999999994,66.99999999999834,0.0,0.014970059880239521,0.036676646706586824,
BTO-s2-b300,bto,0.0,-1,results/es_bto/ckpt_seed2_gen00300.npz,300,2,BT-v3,10070,0,1.0,1,0,0,gun_kill,112.29999999999576,100.0,0.0,3.999999999999994,112.29999999999576,0.0,0.011586452762923352,0.0022281639928698753,4693.820649146621
BTO-s2-b300,bto,0.0,-1,results/es_bto/ckpt_seed2_gen00300.npz,300,2,BT-v3,10070,1,0.5,0,1,0,timeout,120.19999999999531,47.5,7.5,1.900000000000001,120.19999999999531,0.0,0.012063227953410981,0.0066555740432612314,
BTO-s2-b300,bto,0.0,-1,results/es_bto/ckpt_seed2_gen00300.npz,300,2,BT-v3,10071,0,1.0,1,0,0,gun_kill,81.54999999999751,100.0,0.0,3.999999999999994,81.54999999999751,0.0,0.0,0.022113022113022112,5015.914607524071
BTO-s2-b300,bto,0.0,-1,results/es_bto/ckpt_seed2_gen00300.npz,300,2,BT-v3,10071,1,1.0,1,0,0,gun_kill,97.19999999999662,100.0,0.0,3.999999999999994,97.19999999999662,0.0,0.0,0.005670103092783505,
BTO-s2-b300,bto,0.0,-1,results/es_bto/ckpt_seed2_gen00300.npz,300,2,BT-v3,10072,0,1.0,1,0,0,gun_kill,112.19999999999577,100.0,26.25,3.999999999999994,112.19999999999577,0.0,0.0,0.006696428571428571,4018.3957651366554
BTO-s2-b300,bto,0.0,-1,results/es_bto/ckpt_seed2_gen00300.npz,300,2,BT-v3,10072,1,1.0,1,0,0,gun_kill,109.39999999999593,100.0,0.0,3.999999999999994,109.39999999999593,0.0,0.0,0.0,
BTO-s2-b300,bto,0.0,-1,results/es_bto/ckpt_seed2_gen00300.npz,300,2,BT-v3,10073,0,0.5,0,1,0,timeout,120.19999999999531,0.0,7.5,0.0,120.19999999999531,0.0,0.03826955074875208,0.0,4491.164297040118
BTO-s2-b300,bto,0.0,-1,results/es_bto/ckpt_seed2_gen00300.npz,300,2,BT-v3,10073,1,0.5,0,1,0,collision,15.300000000000082,3.75,0.0,0.15000000000000002,15.300000000000082,0.0,0.3026315789473684,0.03289473684210526,
BTO-s2-b300,bto,0.0,-1,results/es_bto/ckpt_seed2_gen00300.npz,300,2,BT-v3,10074,0,0.5,0,1,0,timeout,120.19999999999531,40.0,0.0,1.6000000000000008,120.19999999999531,0.0,0.05033277870216306,0.0,5166.489750836731
BTO-s2-b300,bto,0.0,-1,results/es_bto/ckpt_seed2_gen00300.npz,300,2,BT-v3,10074,1,0.5,0,1,0,timeout,120.19999999999531,0.0,0.0,0.0,120.19999999999531,0.0,0.04284525790349417,0.0,
BTO-s2-b300,bto,0.0,-1,results/es_bto/ckpt_seed2_gen00300.npz,300,2,BT-v3,10075,0,1.0,1,0,0,gun_kill,113.19999999999571,100.0,0.0,3.999999999999994,113.19999999999571,0.0,0.023008849557522124,0.010176991150442478,4541.040867010354
BTO-s2-b300,bto,0.0,-1,results/es_bto/ckpt_seed2_gen00300.npz,300,2,BT-v3,10075,1,1.0,1,0,0,gun_kill,112.39999999999576,100.0,0.0,3.999999999999994,112.39999999999576,0.0,0.024955436720142603,0.0,
BTO-s2-b300,bto,0.0,-1,results/es_bto/ckpt_seed2_gen00300.npz,300,2,BT-v3,10076,0,0.5,0,1,0,timeout,120.19999999999531,91.25,0.0,3.649999999999995,120.19999999999531,0.0,0.020798668885191347,0.0016638935108153079,4267.709009096686
BTO-s2-b300,bto,0.0,-1,results/es_bto/ckpt_seed2_gen00300.npz,300,2,BT-v3,10076,1,0.5,0,1,0,timeout,120.19999999999531,68.75,0.0,2.7499999999999982,120.19999999999531,0.0,0.020798668885191347,0.0066555740432612314,
BTO-s2-b300,bto,0.0,-1,results/es_bto/ckpt_seed2_gen00300.npz,300,2,BT-v3,10077,0,1.0,1,0,0,gun_kill,75.84999999999783,100.0,0.0,3.999999999999994,75.84999999999783,0.0,0.0316622691292876,0.03496042216358839,3786.0846268897617
BTO-s2-b300,bto,0.0,-1,results/es_bto/ckpt_seed2_gen00300.npz,300,2,BT-v3,10077,1,1.0,1,0,0,gun_kill,109.59999999999592,100.0,0.0,3.999999999999994,109.59999999999592,0.0,0.019195612431444242,0.005941499085923218,
BTO-s2-b300,bto,0.0,-1,results/es_bto/ckpt_seed2_gen00300.npz,300,2,BT-v3,10078,0,0.5,0,1,0,timeout,120.19999999999531,0.0,0.0,0.0,120.19999999999531,0.0,0.04284525790349417,0.0,4947.635495244439
BTO-s2-b300,bto,0.0,-1,results/es_bto/ckpt_seed2_gen00300.npz,300,2,BT-v3,10078,1,1.0,1,0,0,gun_kill,63.69999999999852,100.0,0.0,3.999999999999994,63.69999999999852,0.0,0.06839622641509434,0.03380503144654088,
BTO-s2-b300,bto,0.0,-1,results/es_bto/ckpt_seed2_gen00300.npz,300,2,BT-v3,10079,0,1.0,1,0,0,gun_kill,95.49999999999672,100.0,0.0,3.999999999999994,95.49999999999672,0.0,0.0,0.007337526205450734,4249.929927508907
BTO-s2-b300,bto,0.0,-1,results/es_bto/ckpt_seed2_gen00300.npz,300,2,BT-v3,10079,1,0.5,0,1,0,timeout,120.19999999999531,97.5,8.75,3.899999999999994,120.19999999999531,0.0,0.0,0.005823627287853577,
BTO-s2-b300,bto,0.0,-1,results/es_bto/ckpt_seed2_gen00300.npz,300,2,BT-v3,10080,0,1.0,1,0,0,gun_kill,107.14999999999606,100.0,0.0,3.999999999999994,107.14999999999606,0.0,0.019158878504672898,0.0,3600.4415322150858
BTO-s2-b300,bto,0.0,-1,results/es_bto/ckpt_seed2_gen00300.npz,300,2,BT-v3,10080,1,1.0,1,0,0,gun_kill,77.39999999999775,100.0,0.0,3.999999999999994,77.39999999999775,0.0,0.02655440414507772,0.02072538860103627,
BTO-s2-b300,bto,0.0,-1,results/es_bto/ckpt_seed2_gen00300.npz,300,2,BT-v3,10081,0,0.0,0,0,1,gun_kill,23.000000000000192,0.0,100.0,0.0,23.000000000000192,0.0,0.0,0.0,5922.524185464947
BTO-s2-b300,bto,0.0,-1,results/es_bto/ckpt_seed2_gen00300.npz,300,2,BT-v3,10081,1,0.5,0,1,0,timeout,120.19999999999531,26.25,0.0,1.0500000000000003,120.19999999999531,0.0,0.0,0.014143094841930116,
BTO-s2-b300,bto,0.0,-1,results/es_bto/ckpt_seed2_gen00300.npz,300,2,BT-v3,10082,0,0.5,0,1,0,timeout,120.19999999999531,48.75,0.0,1.950000000000001,120.19999999999531,0.0,0.019550748752079867,0.012479201331114808,4000.649620334266
BTO-s2-b300,bto,0.0,-1,results/es_bto/ckpt_seed2_gen00300.npz,300,2,BT-v3,10082,1,1.0,1,0,0,gun_kill,62.94999999999856,100.0,0.0,3.999999999999994,62.94999999999856,0.0,0.037420382165605094,0.03423566878980892,
BTO-s2-b300,bto,0.0,-1,results/es_bto/ckpt_seed2_gen00300.npz,300,2,BT-v3,10083,0,1.0,1,0,0,gun_kill,110.44999999999587,100.0,0.0,3.999999999999994,110.44999999999587,0.0,0.049818840579710144,0.003170289855072464,4488.685029194326
BTO-s2-b300,bto,0.0,-1,results/es_bto/ckpt_seed2_gen00300.npz,300,2,BT-v3,10083,1,1.0,1,0,0,gun_kill,110.59999999999586,100.0,0.0,3.999999999999994,110.59999999999586,0.0,0.04574275362318841,0.008152173913043478,
BTO-s2-b300,bto,0.0,-1,results/es_bto/ckpt_seed2_gen00300.npz,300,2,BT-v3,10084,0,1.0,1,0,0,gun_kill,58.6999999999988,100.0,0.0,3.999999999999994,58.6999999999988,0.0,0.0,0.028156996587030716,5317.186439380509
BTO-s2-b300,bto,0.0,-1,results/es_bto/ckpt_seed2_gen00300.npz,300,2,BT-v3,10084,1,1.0,1,0,0,gun_kill,110.04999999999589,100.0,0.0,3.999999999999994,110.04999999999589,0.0,0.0,0.015,
BTO-s2-b300,bto,0.0,-1,results/es_bto/ckpt_seed2_gen00300.npz,300,2,BT-v3,10085,0,1.0,1,0,0,gun_kill,97.94999999999658,100.0,0.0,3.999999999999994,97.94999999999658,0.0,0.0,0.007668711656441718,4370.952935183894
BTO-s2-b300,bto,0.0,-1,results/es_bto/ckpt_seed2_gen00300.npz,300,2,BT-v3,10085,1,1.0,1,0,0,gun_kill,116.14999999999554,100.0,13.75,3.999999999999994,116.14999999999554,0.0,0.0,0.0,
BTO-s2-b300,bto,0.0,-1,results/es_bto/ckpt_seed2_gen00300.npz,300,2,BT-v3,10086,0,0.5,0,1,0,timeout,120.19999999999531,85.0,0.0,3.399999999999996,120.19999999999531,0.0,0.0,0.0,4504.754278801534
BTO-s2-b300,bto,0.0,-1,results/es_bto/ckpt_seed2_gen00300.npz,300,2,BT-v3,10086,1,1.0,1,0,0,gun_kill,119.84999999999533,100.0,0.0,3.999999999999994,119.84999999999533,0.0,0.0,0.017946577629382305,
BTO-s2-b300,bto,0.0,-1,results/es_bto/ckpt_seed2_gen00300.npz,300,2,BT-v3,10087,0,0.5,0,1,0,timeout,120.19999999999531,67.5,0.0,2.6999999999999984,120.19999999999531,0.0,0.039101497504159734,0.011231281198003328,3838.26950181079
BTO-s2-b300,bto,0.0,-1,results/es_bto/ckpt_seed2_gen00300.npz,300,2,BT-v3,10087,1,1.0,1,0,0,gun_kill,110.89999999999584,100.0,0.0,3.999999999999994,110.89999999999584,0.0,0.05144404332129964,0.0058664259927797835,
BTO-s2-b300,bto,0.0,-1,results/es_bto/ckpt_seed2_gen00300.npz,300,2,BT-v3,10088,0,1.0,1,0,0,gun_kill,99.2999999999965,100.0,0.0,3.999999999999994,99.2999999999965,0.0,0.0,0.015120967741935484,4190.069611869548
BTO-s2-b300,bto,0.0,-1,results/es_bto/ckpt_seed2_gen00300.npz,300,2,BT-v3,10088,1,0.5,0,1,0,timeout,120.19999999999531,75.0,0.0,2.9999999999999973,120.19999999999531,0.0,0.0,0.0,
BTO-s2-b300,bto,0.0,-1,results/es_bto/ckpt_seed2_gen00300.npz,300,2,BT-v3,10089,0,1.0,1,0,0,gun_kill,26.950000000000248,100.0,0.0,3.999999999999994,26.950000000000248,0.0,0.0,0.0,6297.144184852141
BTO-s2-b300,bto,0.0,-1,results/es_bto/ckpt_seed2_gen00300.npz,300,2,BT-v3,10089,1,0.5,0,1,0,timeout,120.19999999999531,0.0,0.0,0.0,120.19999999999531,0.0,0.0,0.0,
BTO-s2-b300,bto,0.0,-1,results/es_bto/ckpt_seed2_gen00300.npz,300,2,BT-v3,10090,0,1.0,1,0,0,gun_kill,93.64999999999682,100.0,0.0,3.999999999999994,93.64999999999682,0.0,0.018696581196581196,0.008012820512820512,3413.0539537240547
BTO-s2-b300,bto,0.0,-1,results/es_bto/ckpt_seed2_gen00300.npz,300,2,BT-v3,10090,1,1.0,1,0,0,gun_kill,72.44999999999803,100.0,0.0,3.999999999999994,72.44999999999803,0.0,0.024171270718232045,0.013121546961325966,
BTO-s2-b300,bto,0.0,-1,results/es_bto/ckpt_seed2_gen00300.npz,300,2,BT-v3,10091,0,1.0,1,0,0,gun_kill,89.69999999999705,100.0,0.0,3.999999999999994,89.69999999999705,0.0,0.07533482142857142,0.008370535714285714,3920.4267154097442
BTO-s2-b300,bto,0.0,-1,results/es_bto/ckpt_seed2_gen00300.npz,300,2,BT-v3,10091,1,1.0,1,0,0,gun_kill,89.89999999999704,100.0,2.5,3.999999999999994,89.89999999999704,0.0,0.08240534521158129,0.03229398663697105,
BTO-s2-b300,bto,0.0,-1,results/es_bto/ckpt_seed2_gen00300.npz,300,2,BT-v3,10092,0,1.0,1,0,0,gun_kill,113.69999999999568,100.0,6.25,3.999999999999994,113.69999999999568,0.0,0.0,0.010123239436619719,4667.1628054755565
BTO-s2-b300,bto,0.0,-1,results/es_bto/ckpt_seed2_gen00300.npz,300,2,BT-v3,10092,1,1.0,1,0,0,gun_kill,111.44999999999581,100.0,0.0,3.999999999999994,111.44999999999581,0.0,0.0,0.009425493716337522,
BTO-s2-b300,bto,0.0,-1,results/es_bto/ckpt_seed2_gen00300.npz,300,2,BT-v3,10093,0,0.5,0,1,0,timeout,120.19999999999531,40.0,0.0,1.6000000000000008,120.19999999999531,0.0,0.0,0.0,6685.079904011604
BTO-s2-b300,bto,0.0,-1,results/es_bto/ckpt_seed2_gen00300.npz,300,2,BT-v3,10093,1,0.5,0,1,0,timeout,120.19999999999531,0.0,83.75,0.0,120.19999999999531,0.0,0.0,0.0,
BTO-s2-b300,bto,0.0,-1,results/es_bto/ckpt_seed2_gen00300.npz,300,2,BT-v3,10094,0,1.0,1,0,0,gun_kill,92.94999999999686,100.0,0.0,3.999999999999994,92.94999999999686,0.0,0.0738146551724138,0.0,3506.0371180861725
BTO-s2-b300,bto,0.0,-1,results/es_bto/ckpt_seed2_gen00300.npz,300,2,BT-v3,10094,1,1.0,1,0,0,gun_kill,76.94999999999777,100.0,0.0,3.999999999999994,76.94999999999777,0.0,0.08658854166666667,0.0,
BTO-s2-b300,bto,0.0,-1,results/es_bto/ckpt_seed2_gen00300.npz,300,2,BT-v3,10095,0,0.5,0,1,0,timeout,120.19999999999531,12.5,0.0,0.49999999999999994,120.19999999999531,0.0,0.0,0.0,4535.7308809782735
BTO-s2-b300,bto,0.0,-1,results/es_bto/ckpt_seed2_gen00300.npz,300,2,BT-v3,10095,1,1.0,1,0,0,gun_kill,113.24999999999571,100.0,0.0,3.999999999999994,113.24999999999571,0.0,0.0,0.017226148409893994,
BTO-s2-b300,bto,0.0,-1,results/es_bto/ckpt_seed2_gen00300.npz,300,2,BT-v3,10096,0,0.5,0,1,0,timeout,120.19999999999531,0.0,0.0,0.0,120.19999999999531,0.0,0.05449251247920133,0.0,3730.3476183258317
BTO-s2-b300,bto,0.0,-1,results/es_bto/ckpt_seed2_gen00300.npz,300,2,BT-v3,10096,1,1.0,1,0,0,gun_kill,101.99999999999635,100.0,0.0,3.999999999999994,101.99999999999635,0.0,0.07269155206286837,0.0,
BTO-s2-b300,bto,0.0,-1,results/es_bto/ckpt_seed2_gen00300.npz,300,2,BT-v3,10097,0,1.0,1,0,0,gun_kill,99.44999999999649,100.0,0.0,3.999999999999994,99.44999999999649,0.0,0.056338028169014086,0.0,4456.868398160607
BTO-s2-b300,bto,0.0,-1,results/es_bto/ckpt_seed2_gen00300.npz,300,2,BT-v3,10097,1,0.5,0,1,0,timeout,120.19999999999531,88.75,0.0,3.5499999999999954,120.19999999999531,0.0,0.06239600665557404,0.0,
BTO-s2-b300,bto,0.0,-1,results/es_bto/ckpt_seed2_gen00300.npz,300,2,BT-v3,10098,0,1.0,1,0,0,gun_kill,100.84999999999641,100.0,0.0,3.999999999999994,100.84999999999641,0.0,0.025297619047619048,0.015376984126984126,3640.111207171176
BTO-s2-b300,bto,0.0,-1,results/es_bto/ckpt_seed2_gen00300.npz,300,2,BT-v3,10098,1,1.0,1,0,0,gun_kill,87.34999999999718,100.0,0.0,3.999999999999994,87.34999999999718,0.0,0.029243119266055047,0.03612385321100917,
BTO-s2-b300,bto,0.0,-1,results/es_bto/ckpt_seed2_gen00300.npz,300,2,BT-v3,10099,0,1.0,1,0,0,gun_kill,77.69999999999773,100.0,0.0,3.999999999999994,77.69999999999773,0.0,0.0,0.04188144329896907,3972.115245662823
BTO-s2-b300,bto,0.0,-1,results/es_bto/ckpt_seed2_gen00300.npz,300,2,BT-v3,10099,1,1.0,1,0,0,gun_kill,100.69999999999642,100.0,5.0,3.999999999999994,100.69999999999642,0.0,0.0,0.009443339960238568,
