opponent,cond_a,cond_b,mean_a,mean_b,diff,n,p_raw,p_holm,significant
BT-v2,BT-v1,BT-v2,0.3925,0.5,-0.10749999999999998,100,3.512772383446686e-08,7.559486169177269e-05,True
BT-v2,BT-v1,BT-v3,0.3925,0.2075,0.18500000000000003,100,3.155486673717696e-09,7.147177315970581e-06,True
BT-v2,BT-v1,BTO-s0-b300,0.3925,0.3875,0.0050000000000000044,100,0.8469757313755453,1.0,False
BT-v2,BT-v1,BTO-s1-b300,0.3925,0.375,0.017500000000000016,100,0.7620583682594938,1.0,False
BT-v2,BT-v1,BTO-s2-b300,0.3925,0.4,-0.007500000000000007,100,0.5963400140651849,1.0,False
BT-v2,BT-v1,POOL-s0-b100,0.3925,0.3325,0.06,100,0.03608597735094597,1.0,False
BT-v2,BT-v1,POOL-s0-b1000,0.3925,0.63,-0.2375,100,1.1754332070998803e-10,2.835144895524911e-07,True
BT-v2,BT-v1,POOL-s0-b200,0.3925,0.395,-0.0025000000000000022,100,0.8534735003417055,1.0,False
BT-v2,BT-v1,POOL-s0-b300,0.3925,0.3825,0.010000000000000009,100,0.7124025155971662,1.0,False
BT-v2,BT-v1,POOL-s0-b400,0.3925,0.5975,-0.20500000000000002,100,3.47652249705731e-08,7.484952936164388e-05,True
BT-v2,BT-v1,POOL-s0-b500,0.3925,0.4325,-0.03999999999999998,100,0.4127956817382854,1.0,False
BT-v2,BT-v1,POOL-s0-b600,0.3925,0.5925,-0.2,100,1.3416776410430414e-07,0.00027960562039336986,True
BT-v2,BT-v1,POOL-s0-b700,0.3925,0.4875,-0.09499999999999997,100,0.009953201065149825,1.0,False
BT-v2,BT-v1,POOL-s0-b800,0.3925,0.63,-0.2375,100,1.255785634936102e-10,3.02518759456107e-07,True
BT-v2,BT-v1,POOL-s0-b900,0.3925,0.73,-0.33749999999999997,100,4.1720373908708413e-16,1.1723425068347065e-12,True
BT-v2,BT-v1,POOL-s1-b100,0.3925,0.0325,0.36,100,3.992364076111606e-18,1.1745535111920346e-14,True
BT-v2,BT-v1,POOL-s1-b1000,0.3925,0.44,-0.04749999999999999,100,0.06776043377842352,1.0,False
BT-v2,BT-v1,POOL-s1-b200,0.3925,0.2475,0.14500000000000002,100,8.125005451643395e-06,0.014803759932894265,True
BT-v2,BT-v1,POOL-s1-b300,0.3925,0.285,0.10750000000000004,100,0.0007190680599115715,1.0,False
BT-v2,BT-v1,POOL-s1-b400,0.3925,0.2725,0.12,100,0.00028079645006946275,0.4339428423491867,False
BT-v2,BT-v1,POOL-s1-b500,0.3925,0.1925,0.2,100,5.140351627301229e-10,1.204384386276678e-06,True
BT-v2,BT-v1,POOL-s1-b600,0.3925,0.215,0.17750000000000002,100,3.265466412925149e-08,7.037080119853696e-05,True
BT-v2,BT-v1,POOL-s1-b700,0.3925,0.3,0.09250000000000003,100,0.002305726428192658,1.0,False
BT-v2,BT-v1,POOL-s1-b800,0.3925,0.32,0.07250000000000001,100,0.009426315424015732,1.0,False
BT-v2,BT-v1,POOL-s1-b900,0.3925,0.33,0.0625,100,0.03103171568496879,1.0,False
BT-v2,BT-v1,POOL-s2-b100,0.3925,0.0525,0.34,100,1.1244842792195287e-16,3.1935353529834613e-13,True
BT-v2,BT-v1,POOL-s2-b1000,0.3925,0.3,0.09250000000000003,100,0.0012669936182354096,1.0,False
BT-v2,BT-v1,POOL-s2-b200,0.3925,0.0425,0.35000000000000003,100,4.7961520690646815e-17,1.375056798200844e-13,True
BT-v2,BT-v1,POOL-s2-b300,0.3925,0.13,0.2625,100,5.24195002522191e-12,1.3351246714240205e-08,True
BT-v2,BT-v1,POOL-s2-b400,0.3925,0.4875,-0.09499999999999997,100,0.00048390762490000284,0.7287648830994042,False
BT-v2,BT-v1,POOL-s2-b500,0.3925,0.355,0.03750000000000003,100,0.16568882572202726,1.0,False
BT-v2,BT-v1,POOL-s2-b600,0.3925,0.3025,0.09000000000000002,100,0.003474459204404934,1.0,False
BT-v2,BT-v1,POOL-s2-b700,0.3925,0.3125,0.08000000000000002,100,0.021866466639242237,1.0,False
BT-v2,BT-v1,POOL-s2-b800,0.3925,0.2825,0.11000000000000004,100,0.00033506802773990347,0.5146644906084917,False
BT-v2,BT-v1,POOL-s2-b900,0.3925,0.265,0.1275,100,9.218010151086861e-05,0.15016138536120496,False
BT-v2,BT-v1,POOL-s3-b100,0.3925,0.12,0.2725,100,7.125089396468032e-13,1.8632108771763905e-09,True
BT-v2,BT-v1,POOL-s3-b1000,0.3925,0.31,0.08250000000000002,100,0.008894325942747576,1.0,False
BT-v2,BT-v1,POOL-s3-b200,0.3925,0.0875,0.30500000000000005,100,1.0334706944002032e-14,2.8368770561285578e-11,True
BT-v2,BT-v1,POOL-s3-b300,0.3925,0.165,0.2275,100,2.695847785248223e-10,6.38646340325304e-07,True
BT-v2,BT-v1,POOL-s3-b400,0.3925,0.325,0.0675,100,0.028873360728563998,1.0,False
BT-v2,BT-v1,POOL-s3-b500,0.3925,0.065,0.3275,100,1.834274582260978e-15,5.090111965774214e-12,True
BT-v2,BT-v1,POOL-s3-b600,0.3925,0.49,-0.09749999999999998,100,0.015106833578701533,1.0,False
BT-v2,BT-v1,POOL-s3-b700,0.3925,0.315,0.07750000000000001,100,0.008749560773549329,1.0,False
BT-v2,BT-v1,POOL-s3-b800,0.3925,0.4675,-0.07500000000000001,100,0.00506477789433875,1.0,False
BT-v2,BT-v1,POOL-s3-b900,0.3925,0.3375,0.05499999999999999,100,0.05784502652528821,1.0,False
BT-v2,BT-v1,POOL-s4-b100,0.3925,0.14,0.2525,100,1.2291585316240954e-11,3.083958755844855e-08,True
BT-v2,BT-v1,POOL-s4-b1000,0.3925,0.54,-0.14750000000000002,100,1.6998312821912863e-08,3.729429833127682e-05,True
BT-v2,BT-v1,POOL-s4-b200,0.3925,0.11,0.28250000000000003,100,8.785197533229553e-13,2.2911795166662676e-09,True
BT-v2,BT-v1,POOL-s4-b300,0.3925,0.16,0.2325,100,1.0461199092614857e-10,2.5274257007757496e-07,True
BT-v2,BT-v1,POOL-s4-b400,0.3925,0.24,0.15250000000000002,100,7.468508155967672e-07,0.0014742835099880185,True
BT-v2,BT-v1,POOL-s4-b500,0.3925,0.06,0.3325,100,4.463567842413254e-16,1.2533698501496416e-12,True
BT-v2,BT-v1,POOL-s4-b600,0.3925,0.0275,0.365,100,8.244156711766045e-17,2.349568713485493e-13,True
BT-v2,BT-v1,POOL-s4-b700,0.3925,0.215,0.17750000000000002,100,7.315704998500202e-07,0.0014455833077036398,True
BT-v2,BT-v1,POOL-s4-b800,0.3925,0.2875,0.10500000000000004,100,0.001423100109435948,1.0,False
BT-v2,BT-v1,POOL-s4-b900,0.3925,0.4,-0.007500000000000007,100,0.9457474987759833,1.0,False
BT-v2,BT-v2,BT-v3,0.5,0.2075,0.2925,100,3.2732849405648677e-16,9.233936817333492e-13,True
BT-v2,BT-v2,BTO-s0-b300,0.5,0.3875,0.11249999999999999,100,1.2247326483439957e-05,0.021824735793490004,True
BT-v2,BT-v2,BTO-s1-b300,0.5,0.375,0.125,100,2.1798290441998373e-07,0.0004477368856786466,True
BT-v2,BT-v2,BTO-s2-b300,0.5,0.4,0.09999999999999998,100,1.2261335652956365e-05,0.021837438797915287,True
BT-v2,BT-v2,POOL-s0-b100,0.5,0.3325,0.16749999999999998,100,6.245237726227367e-08,0.0001323365874187579,True
BT-v2,BT-v2,POOL-s0-b1000,0.5,0.63,-0.13,100,2.6129693029205453e-06,0.004959415736943195,True
BT-v2,BT-v2,POOL-s0-b200,0.5,0.395,0.10499999999999998,100,0.0005405069584158472,0.8102199306653549,False
BT-v2,BT-v2,POOL-s0-b300,0.5,0.3825,0.1175,100,0.0012439766012090473,1.0,False
BT-v2,BT-v2,POOL-s0-b400,0.5,0.5975,-0.09750000000000003,100,0.0010855365445812714,1.0,False
BT-v2,BT-v2,POOL-s0-b500,0.5,0.4325,0.0675,100,0.051007161871941924,1.0,False
BT-v2,BT-v2,POOL-s0-b600,0.5,0.5925,-0.09250000000000003,100,0.001624473929523666,1.0,False
BT-v2,BT-v2,POOL-s0-b700,0.5,0.4875,0.012500000000000011,100,0.6799498068326756,1.0,False
BT-v2,BT-v2,POOL-s0-b800,0.5,0.63,-0.13,100,4.9299406323791345e-06,0.009199269220019466,True
BT-v2,BT-v2,POOL-s0-b900,0.5,0.73,-0.22999999999999998,100,1.2834575366060482e-13,3.4281150802747547e-10,True
BT-v2,BT-v2,POOL-s1-b100,0.5,0.0325,0.4675,100,1.0307780754708698e-21,3.1686118039974537e-18,True
BT-v2,BT-v2,POOL-s1-b1000,0.5,0.44,0.06,100,0.002092059636051454,1.0,False
BT-v2,BT-v2,POOL-s1-b200,0.5,0.2475,0.2525,100,2.455702372907948e-12,6.320977907865058e-09,True
BT-v2,BT-v2,POOL-s1-b300,0.5,0.285,0.21500000000000002,100,2.7287185458889744e-09,6.210563410443306e-06,True
BT-v2,BT-v2,POOL-s1-b400,0.5,0.2725,0.22749999999999998,100,4.511482309914045e-10,1.0592960463678177e-06,True
BT-v2,BT-v2,POOL-s1-b500,0.5,0.1925,0.3075,100,8.893530425775023e-17,2.530209406132994e-13,True
BT-v2,BT-v2,POOL-s1-b600,0.5,0.215,0.28500000000000003,100,2.5332467074351932e-15,7.012026886180615e-12,True
BT-v2,BT-v2,POOL-s1-b700,0.5,0.3,0.2,100,1.19379524273859e-10,2.87824033024274e-07,True
BT-v2,BT-v2,POOL-s1-b800,0.5,0.32,0.18,100,3.1742876280843836e-10,7.484970227022977e-07,True
BT-v2,BT-v2,POOL-s1-b900,0.5,0.33,0.16999999999999998,100,5.418607785646932e-07,0.0010772192277866102,True
BT-v2,BT-v2,POOL-s2-b100,0.5,0.0525,0.4475,100,7.361592689071541e-21,2.2511750443180772e-17,True
BT-v2,BT-v2,POOL-s2-b1000,0.5,0.3,0.2,100,1.6483045209688083e-10,3.9526342412832024e-07,True
BT-v2,BT-v2,POOL-s2-b200,0.5,0.0425,0.4575,100,3.578093218595499e-21,1.0959699528558014e-17,True
BT-v2,BT-v2,POOL-s2-b300,0.5,0.13,0.37,100,5.4581645921110096e-18,1.5997880419477368e-14,True
BT-v2,BT-v2,POOL-s2-b400,0.5,0.4875,0.012500000000000011,100,0.7952421388926469,1.0,False
BT-v2,BT-v2,POOL-s2-b500,0.5,0.355,0.14500000000000002,100,1.786642705385022e-06,0.0034321406370446273,True
BT-v2,BT-v2,POOL-s2-b600,0.5,0.3025,0.1975,100,2.850449123179358e-09,6.476220407863502e-06,True
BT-v2,BT-v2,POOL-s2-b700,0.5,0.3125,0.1875,100,4.236309491971057e-08,9.078411241293975e-05,True
BT-v2,BT-v2,POOL-s2-b800,0.5,0.2825,0.21750000000000003,100,2.674254595959339e-10,6.337983392423634e-07,True
BT-v2,BT-v2,POOL-s2-b900,0.5,0.265,0.235,100,1.9302749240006566e-11,4.812175385533637e-08,True
BT-v2,BT-v2,POOL-s3-b100,0.5,0.12,0.38,100,7.815878724710985e-18,2.279110236125723e-14,True
BT-v2,BT-v2,POOL-s3-b1000,0.5,0.31,0.19,100,9.057481384593376e-10,2.0995241849487447e-06,True
BT-v2,BT-v2,POOL-s3-b200,0.5,0.0875,0.4125,100,1.4191659481426656e-19,4.310006984509275e-16,True
BT-v2,BT-v2,POOL-s3-b300,0.5,0.165,0.33499999999999996,100,3.3136864791627475e-16,9.341282184759784e-13,True
BT-v2,BT-v2,POOL-s3-b400,0.5,0.325,0.175,100,1.425944442085e-07,0.0002967390383978885,True
BT-v2,BT-v2,POOL-s3-b500,0.5,0.065,0.435,100,1.4903456754204618e-20,4.536612235979886e-17,True
BT-v2,BT-v2,POOL-s3-b600,0.5,0.49,0.010000000000000009,100,0.737794571334613,1.0,False
BT-v2,BT-v2,POOL-s3-b700,0.5,0.315,0.185,100,4.231647384939532e-09,9.542364853038645e-06,True
BT-v2,BT-v2,POOL-s3-b800,0.5,0.4675,0.03249999999999997,100,0.30104118871236596,1.0,False
BT-v2,BT-v2,POOL-s3-b900,0.5,0.3375,0.16249999999999998,100,3.5147240543817507e-08,7.560171440975146e-05,True
BT-v2,BT-v2,POOL-s4-b100,0.5,0.14,0.36,100,5.765106822728239e-17,1.6511265940293677e-13,True
BT-v2,BT-v2,POOL-s4-b1000,0.5,0.54,-0.040000000000000036,100,0.06657060375842949,1.0,False
BT-v2,BT-v2,POOL-s4-b200,0.5,0.11,0.39,100,3.367581862315053e-18,9.927631330104775e-15,True
BT-v2,BT-v2,POOL-s4-b300,0.5,0.16,0.33999999999999997,100,3.0873212106323447e-16,8.712420456404477e-13,True
BT-v2,BT-v2,POOL-s4-b400,0.5,0.24,0.26,100,9.750066729103396e-14,2.6110678700538896e-10,True
BT-v2,BT-v2,POOL-s4-b500,0.5,0.06,0.44,100,1.0709673756836324e-20,3.2643085610837116e-17,True
BT-v2,BT-v2,POOL-s4-b600,0.5,0.0275,0.4725,100,5.127809284451016e-22,1.5783396977540226e-18,True
BT-v2,BT-v2,POOL-s4-b700,0.5,0.215,0.28500000000000003,100,1.1892846833508385e-12,3.086193753295426e-09,True
BT-v2,BT-v2,POOL-s4-b800,0.5,0.2875,0.21250000000000002,100,1.3610767879064367e-08,3.0025353941215994e-05,True
BT-v2,BT-v2,POOL-s4-b900,0.5,0.4,0.09999999999999998,100,0.004578540804790017,1.0,False
BT-v2,BT-v3,BTO-s0-b300,0.2075,0.3875,-0.18000000000000002,100,2.6337045325359267e-11,6.534220945221634e-08,True
BT-v2,BT-v3,BTO-s1-b300,0.2075,0.375,-0.1675,100,2.678696249928357e-11,6.643166699822326e-08,True
BT-v2,BT-v3,BTO-s2-b300,0.2075,0.4,-0.19250000000000003,100,6.621776358245127e-13,1.7329188729527498e-09,True
BT-v2,BT-v3,POOL-s0-b100,0.2075,0.3325,-0.12500000000000003,100,0.005936035139408058,1.0,False
BT-v2,BT-v3,POOL-s0-b1000,0.2075,0.63,-0.4225,100,5.625397435819911e-18,1.648241448695234e-14,True
BT-v2,BT-v3,POOL-s0-b200,0.2075,0.395,-0.18750000000000003,100,1.0748026280306438e-06,0.0020990895325438473,True
BT-v2,BT-v3,POOL-s0-b300,0.2075,0.3825,-0.17500000000000002,100,0.00021620936565516595,0.34009733217557603,False
BT-v2,BT-v3,POOL-s0-b400,0.2075,0.5975,-0.39,100,4.721433562897559e-16,1.3248342577490552e-12,True
BT-v2,BT-v3,POOL-s0-b500,0.2075,0.4325,-0.225,100,1.741532357899517e-07,0.00035997473837783017,True
BT-v2,BT-v3,POOL-s0-b600,0.2075,0.5925,-0.385,100,4.2113606113031002e-16,1.1829711957150409e-12,True
BT-v2,BT-v3,POOL-s0-b700,0.2075,0.4875,-0.28,100,6.25167878631523e-12,1.5866760759668052e-08,True
BT-v2,BT-v3,POOL-s0-b800,0.2075,0.63,-0.4225,100,9.932957235699962e-18,2.890490555588689e-14,True
BT-v2,BT-v3,POOL-s0-b900,0.2075,0.73,-0.5225,100,2.456799429599679e-18,7.26966951218545e-15,True
BT-v2,BT-v3,POOL-s1-b100,0.2075,0.0325,0.175,100,7.649646938793792e-10,1.7770129838817978e-06,True
BT-v2,BT-v3,POOL-s1-b1000,0.2075,0.44,-0.2325,100,1.3345129978573688e-14,3.651227562137761e-11,True
BT-v2,BT-v3,POOL-s1-b200,0.2075,0.2475,-0.04000000000000001,100,0.5229444491160649,1.0,False
BT-v2,BT-v3,POOL-s1-b300,0.2075,0.285,-0.07749999999999999,100,0.10997821091450893,1.0,False
BT-v2,BT-v3,POOL-s1-b400,0.2075,0.2725,-0.06500000000000003,100,0.11919609538550853,1.0,False
BT-v2,BT-v3,POOL-s1-b500,0.2075,0.1925,0.014999999999999986,100,0.5846961341319238,1.0,False
BT-v2,BT-v3,POOL-s1-b600,0.2075,0.215,-0.007500000000000007,100,0.8539887580142093,1.0,False
BT-v2,BT-v3,POOL-s1-b700,0.2075,0.3,-0.0925,100,0.002230229029425045,1.0,False
BT-v2,BT-v3,POOL-s1-b800,0.2075,0.32,-0.11250000000000002,100,5.8169861796647884e-05,0.09656197058243549,False
BT-v2,BT-v3,POOL-s1-b900,0.2075,0.33,-0.12250000000000003,100,0.0005372264577388831,0.8058396866083246,False
BT-v2,BT-v3,POOL-s2-b100,0.2075,0.0525,0.155,100,1.2484101590815553e-08,2.7614832718884004e-05,True
BT-v2,BT-v3,POOL-s2-b1000,0.2075,0.3,-0.0925,100,0.00213227503827522,1.0,False
BT-v2,BT-v3,POOL-s2-b200,0.2075,0.0425,0.16499999999999998,100,3.111344419628733e-09,7.0534177992983385e-06,True
BT-v2,BT-v3,POOL-s2-b300,0.2075,0.13,0.07749999999999999,100,0.0027995166359777958,1.0,False
BT-v2,BT-v3,POOL-s2-b400,0.2075,0.4875,-0.28,100,5.653313510178277e-14,1.5235679909930456e-10,True
BT-v2,BT-v3,POOL-s2-b500,0.2075,0.355,-0.1475,100,3.920869691911278e-05,0.06618428039946238,False
BT-v2,BT-v3,POOL-s2-b600,0.2075,0.3025,-0.095,100,0.007088597484317615,1.0,False
BT-v2,BT-v3,POOL-s2-b700,0.2075,0.3125,-0.10500000000000001,100,0.0012986132206015979,1.0,False
BT-v2,BT-v3,POOL-s2-b800,0.2075,0.2825,-0.07499999999999998,100,0.059910689763665356,1.0,False
BT-v2,BT-v3,POOL-s2-b900,0.2075,0.265,-0.05750000000000002,100,0.10983505623555617,1.0,False
BT-v2,BT-v3,POOL-s3-b100,0.2075,0.12,0.0875,100,0.0008238835006285678,1.0,False
BT-v2,BT-v3,POOL-s3-b1000,0.2075,0.31,-0.10250000000000001,100,0.004341651474476558,1.0,False
BT-v2,BT-v3,POOL-s3-b200,0.2075,0.0875,0.12,100,1.662922245284283e-05,0.029284060739456226,True
BT-v2,BT-v3,POOL-s3-b300,0.2075,0.165,0.04249999999999998,100,0.16029927638243524,1.0,False
BT-v2,BT-v3,POOL-s3-b400,0.2075,0.325,-0.11750000000000002,100,0.00286989452413806,1.0,False
BT-v2,BT-v3,POOL-s3-b500,0.2075,0.065,0.1425,100,1.3487993815585027e-06,0.0026145038631325388,True
BT-v2,BT-v3,POOL-s3-b600,0.2075,0.49,-0.2825,100,6.438520314380036e-10,1.5014629373134245e-06,True
BT-v2,BT-v3,POOL-s3-b700,0.2075,0.315,-0.10750000000000001,100,0.00033390221942168776,0.5132077112511341,False
BT-v2,BT-v3,POOL-s3-b800,0.2075,0.4675,-0.26,100,1.8954674086389392e-10,4.526376171829787e-07,True
BT-v2,BT-v3,POOL-s3-b900,0.2075,0.3375,-0.13000000000000003,100,0.0009914167131611898,1.0,False
BT-v2,BT-v3,POOL-s4-b100,0.2075,0.14,0.06749999999999998,100,0.007037400896972248,1.0,False
BT-v2,BT-v3,POOL-s4-b1000,0.2075,0.54,-0.3325,100,3.7962658404087603e-16,1.068648834075066e-12,True
BT-v2,BT-v3,POOL-s4-b200,0.2075,0.11,0.09749999999999999,100,0.001556465280082482,1.0,False
BT-v2,BT-v3,POOL-s4-b300,0.2075,0.16,0.04749999999999999,100,0.06364715859803027,1.0,False
BT-v2,BT-v3,POOL-s4-b400,0.2075,0.24,-0.0325,100,0.39181422784460773,1.0,False
BT-v2,BT-v3,POOL-s4-b500,0.2075,0.06,0.1475,100,4.3701108810616186e-07,0.0008753332094766423,True
BT-v2,BT-v3,POOL-s4-b600,0.2075,0.0275,0.18,100,2.2157112673792452e-10,5.268961393827845e-07,True
BT-v2,BT-v3,POOL-s4-b700,0.2075,0.215,-0.007500000000000007,100,0.8073337514572766,1.0,False
BT-v2,BT-v3,POOL-s4-b800,0.2075,0.2875,-0.07999999999999999,100,0.16436268371875395,1.0,False
BT-v2,BT-v3,POOL-s4-b900,0.2075,0.4,-0.19250000000000003,100,1.1522341848033983e-05,0.02060194722428476,True
BT-v2,BTO-s0-b300,BTO-s1-b300,0.3875,0.375,0.012500000000000011,100,0.6081920842996675,1.0,False
BT-v2,BTO-s0-b300,BTO-s2-b300,0.3875,0.4,-0.012500000000000011,100,0.4995414768322751,1.0,False
BT-v2,BTO-s0-b300,POOL-s0-b100,0.3875,0.3325,0.05499999999999999,100,0.01940667733520802,1.0,False
BT-v2,BTO-s0-b300,POOL-s0-b1000,0.3875,0.63,-0.2425,100,1.149024735758881e-11,2.886350136226309e-08,True
BT-v2,BTO-s0-b300,POOL-s0-b200,0.3875,0.395,-0.007500000000000007,100,0.5627335720426284,1.0,False
BT-v2,BTO-s0-b300,POOL-s0-b300,0.3875,0.3825,0.0050000000000000044,100,0.5984518717556899,1.0,False
BT-v2,BTO-s0-b300,POOL-s0-b400,0.3875,0.5975,-0.21000000000000002,100,5.938526248846384e-09,1.3308237323664747e-05,True
BT-v2,BTO-s0-b300,POOL-s0-b500,0.3875,0.4325,-0.044999999999999984,100,0.35228107829408606,1.0,False
BT-v2,BTO-s0-b300,POOL-s0-b600,0.3875,0.5925,-0.20500000000000002,100,4.689299437639212e-08,0.00010002275700484439,True
BT-v2,BTO-s0-b300,POOL-s0-b700,0.3875,0.4875,-0.09999999999999998,100,0.003289157250380674,1.0,False
BT-v2,BTO-s0-b300,POOL-s0-b800,0.3875,0.63,-0.2425,100,4.4856572556565e-12,1.1447397316435388e-08,True
BT-v2,BTO-s0-b300,POOL-s0-b900,0.3875,0.73,-0.34249999999999997,100,2.422598535551988e-16,6.851108658541022e-13,True
BT-v2,BTO-s0-b300,POOL-s1-b100,0.3875,0.0325,0.355,100,1.3668988750380104e-17,3.96400673761023e-14,True
BT-v2,BTO-s0-b300,POOL-s1-b1000,0.3875,0.44,-0.05249999999999999,100,0.05431712135698008,1.0,False
BT-v2,BTO-s0-b300,POOL-s1-b200,0.3875,0.2475,0.14,100,8.713266492282185e-06,0.0157971521505076,True
BT-v2,BTO-s0-b300,POOL-s1-b300,0.3875,0.285,0.10250000000000004,100,0.0006992319753962264,1.0,False
BT-v2,BTO-s0-b300,POOL-s1-b400,0.3875,0.2725,0.11499999999999999,100,0.00030297099914426646,0.4671812806804589,False
BT-v2,BTO-s0-b300,POOL-s1-b500,0.3875,0.1925,0.195,100,2.767315337573751e-08,5.98293575983445e-05,True
BT-v2,BTO-s0-b300,POOL-s1-b600,0.3875,0.215,0.17250000000000001,100,5.436468983886264e-07,0.0010802263870982006,True
BT-v2,BTO-s0-b300,POOL-s1-b700,0.3875,0.3,0.08750000000000002,100,0.006219776460283841,1.0,False
BT-v2,BTO-s0-b300,POOL-s1-b800,0.3875,0.32,0.0675,100,0.006991282704212005,1.0,False
BT-v2,BTO-s0-b300,POOL-s1-b900,0.3875,0.33,0.057499999999999996,100,0.08375272140148325,1.0,False
BT-v2,BTO-s0-b300,POOL-s2-b100,0.3875,0.0525,0.335,100,2.8083575520116174e-17,8.099303180001505e-14,True
BT-v2,BTO-s0-b300,POOL-s2-b1000,0.3875,0.3,0.08750000000000002,100,0.0011450159079886952,1.0,False
BT-v2,BTO-s0-b300,POOL-s2-b200,0.3875,0.0425,0.34500000000000003,100,2.64962586933852e-17,7.652119510649647e-14,True
BT-v2,BTO-s0-b300,POOL-s2-b300,0.3875,0.13,0.2575,100,2.0522057560034307e-12,5.296743056244855e-09,True
BT-v2,BTO-s0-b300,POOL-s2-b400,0.3875,0.4875,-0.09999999999999998,100,0.0011088934852025176,1.0,False
BT-v2,BTO-s0-b300,POOL-s2-b500,0.3875,0.355,0.03250000000000003,100,0.19253504873951344,1.0,False
BT-v2,BTO-s0-b300,POOL-s2-b600,0.3875,0.3025,0.08500000000000002,100,0.0022300210996921564,1.0,False
BT-v2,BTO-s0-b300,POOL-s2-b700,0.3875,0.3125,0.07500000000000001,100,0.007846833332363955,1.0,False
BT-v2,BTO-s0-b300,POOL-s2-b800,0.3875,0.2825,0.10500000000000004,100,0.0007262765391119023,1.0,False
BT-v2,BTO-s0-b300,POOL-s2-b900,0.3875,0.265,0.1225,100,0.00010545979030648218,0.17031756134496873,False
BT-v2,BTO-s0-b300,POOL-s3-b100,0.3875,0.12,0.2675,100,8.245293152089917e-13,2.152021512695468e-09,True
BT-v2,BTO-s0-b300,POOL-s3-b1000,0.3875,0.31,0.07750000000000001,100,0.0018810994178315584,1.0,False
BT-v2,BTO-s0-b300,POOL-s3-b200,0.3875,0.0875,0.30000000000000004,100,3.0027663960478754e-15,8.305651851468424e-12,True
BT-v2,BTO-s0-b300,POOL-s3-b300,0.3875,0.165,0.2225,100,1.695324663766146e-09,3.887379454015773e-06,True
BT-v2,BTO-s0-b300,POOL-s3-b400,0.3875,0.325,0.0625,100,0.03624381215917096,1.0,False
BT-v2,BTO-s0-b300,POOL-s3-b500,0.3875,0.065,0.3225,100,5.726040700806865e-16,1.6044366043660837e-12,True
BT-v2,BTO-s0-b300,POOL-s3-b600,0.3875,0.49,-0.10249999999999998,100,0.003319358309491167,1.0,False
BT-v2,BTO-s0-b300,POOL-s3-b700,0.3875,0.315,0.07250000000000001,100,0.017151632924854516,1.0,False
BT-v2,BTO-s0-b300,POOL-s3-b800,0.3875,0.4675,-0.08000000000000002,100,0.006001107543166205,1.0,False
BT-v2,BTO-s0-b300,POOL-s3-b900,0.3875,0.3375,0.04999999999999999,100,0.08204735455106801,1.0,False
BT-v2,BTO-s0-b300,POOL-s4-b100,0.3875,0.14,0.2475,100,4.5321172022359225e-11,1.1144476200298133e-07,True
BT-v2,BTO-s0-b300,POOL-s4-b1000,0.3875,0.54,-0.15250000000000002,100,3.2457023974848847e-06,0.006134377531246432,True
BT-v2,BTO-s0-b300,POOL-s4-b200,0.3875,0.11,0.2775,100,3.2537054725856085e-12,8.342500831709501e-09,True
BT-v2,BTO-s0-b300,POOL-s4-b300,0.3875,0.16,0.2275,100,5.466968933514448e-10,1.2781773366556779e-06,True
BT-v2,BTO-s0-b300,POOL-s4-b400,0.3875,0.24,0.14750000000000002,100,5.01548548425619e-08,0.00010693015052434197,True
BT-v2,BTO-s0-b300,POOL-s4-b500,0.3875,0.06,0.3275,100,2.1923540084078344e-15,6.072820603289702e-12,True
BT-v2,BTO-s0-b300,POOL-s4-b600,0.3875,0.0275,0.36,100,1.0598193266714422e-17,3.081954601960554e-14,True
BT-v2,BTO-s0-b300,POOL-s4-b700,0.3875,0.215,0.17250000000000001,100,5.233527194931022e-06,0.00972912705537677,True
BT-v2,BTO-s0-b300,POOL-s4-b800,0.3875,0.2875,0.10000000000000003,100,0.0026649766938775738,1.0,False
BT-v2,BTO-s0-b300,POOL-s4-b900,0.3875,0.4,-0.012500000000000011,100,0.9444919307397499,1.0,False
BT-v2,BTO-s1-b300,BTO-s2-b300,0.375,0.4,-0.025000000000000022,100,0.1619400525884156,1.0,False
BT-v2,BTO-s1-b300,POOL-s0-b100,0.375,0.3325,0.04249999999999998,100,0.0753727476237177,1.0,False
BT-v2,BTO-s1-b300,POOL-s0-b1000,0.375,0.63,-0.255,100,2.464528457772344e-12,6.341231721848241e-09,True
BT-v2,BTO-s1-b300,POOL-s0-b200,0.375,0.395,-0.020000000000000018,100,0.9221192222652311,1.0,False
BT-v2,BTO-s1-b300,POOL-s0-b300,0.375,0.3825,-0.007500000000000007,100,0.8279217216294665,1.0,False
BT-v2,BTO-s1-b300,POOL-s0-b400,0.375,0.5975,-0.22250000000000003,100,1.3878377453105915e-09,3.19063897646905e-06,True
BT-v2,BTO-s1-b300,POOL-s0-b500,0.375,0.4325,-0.057499999999999996,100,0.2107549374805846,1.0,False
BT-v2,BTO-s1-b300,POOL-s0-b600,0.375,0.5925,-0.21750000000000003,100,1.0468481565200726e-08,2.3281903001006414e-05,True
BT-v2,BTO-s1-b300,POOL-s0-b700,0.375,0.4875,-0.11249999999999999,100,0.0004466305052321483,0.6770918459319368,False
BT-v2,BTO-s1-b300,POOL-s0-b800,0.375,0.63,-0.255,100,1.7433498845347261e-12,4.504816101637732e-09,True
BT-v2,BTO-s1-b300,POOL-s0-b900,0.375,0.73,-0.355,100,1.2704540300858472e-16,3.601737175293377e-13,True
BT-v2,BTO-s1-b300,POOL-s1-b100,0.375,0.0325,0.3425,100,4.624982420149277e-17,1.3273699545828425e-13,True
BT-v2,BTO-s1-b300,POOL-s1-b1000,0.375,0.44,-0.065,100,0.0046220669636887705,1.0,False
BT-v2,BTO-s1-b300,POOL-s1-b200,0.375,0.2475,0.1275,100,0.00012677272353800676,0.20308990310788683,False
BT-v2,BTO-s1-b300,POOL-s1-b300,0.375,0.285,0.09000000000000002,100,0.0024287320612068736,1.0,False
BT-v2,BTO-s1-b300,POOL-s1-b400,0.375,0.2725,0.10249999999999998,100,0.0018889262563877047,1.0,False
BT-v2,BTO-s1-b300,POOL-s1-b500,0.375,0.1925,0.1825,100,2.6662485469517126e-08,5.7724281041504574e-05,True
BT-v2,BTO-s1-b300,POOL-s1-b600,0.375,0.215,0.16,100,1.1537316443448818e-06,0.0022474692431838296,True
BT-v2,BTO-s1-b300,POOL-s1-b700,0.375,0.3,0.07500000000000001,100,0.014526059406635516,1.0,False
BT-v2,BTO-s1-b300,POOL-s1-b800,0.375,0.32,0.05499999999999999,100,0.014793913693353093,1.0,False
BT-v2,BTO-s1-b300,POOL-s1-b900,0.375,0.33,0.044999999999999984,100,0.16070891441544088,1.0,False
BT-v2,BTO-s1-b300,POOL-s2-b100,0.375,0.0525,0.3225,100,6.423147857821752e-17,1.8357356577654567e-13,True
BT-v2,BTO-s1-b300,POOL-s2-b1000,0.375,0.3,0.07500000000000001,100,0.005716530491988386,1.0,False
BT-v2,BTO-s1-b300,POOL-s2-b200,0.375,0.0425,0.3325,100,9.636313717823446e-17,2.739603989977206e-13,True
BT-v2,BTO-s1-b300,POOL-s2-b300,0.375,0.13,0.245,100,1.8566081551886078e-12,4.795618864852174e-09,True
BT-v2,BTO-s1-b300,POOL-s2-b400,0.375,0.4875,-0.11249999999999999,100,0.00031615693328622684,0.48688167726078935,False
BT-v2,BTO-s1-b300,POOL-s2-b500,0.375,0.355,0.020000000000000018,100,0.42673047414423915,1.0,False
BT-v2,BTO-s1-b300,POOL-s2-b600,0.375,0.3025,0.07250000000000001,100,0.007978124440820411,1.0,False
BT-v2,BTO-s1-b300,POOL-s2-b700,0.375,0.3125,0.0625,100,0.03083453825827857,1.0,False
BT-v2,BTO-s1-b300,POOL-s2-b800,0.375,0.2825,0.09250000000000003,100,0.0017250227471276042,1.0,False
BT-v2,BTO-s1-b300,POOL-s2-b900,0.375,0.265,0.10999999999999999,100,0.0004673433576979394,0.7061558134815864,False
BT-v2,BTO-s1-b300,POOL-s3-b100,0.375,0.12,0.255,100,7.929032687180876e-13,2.0702704346229265e-09,True
BT-v2,BTO-s1-b300,POOL-s3-b1000,0.375,0.31,0.065,100,0.006325152062233939,1.0,False
BT-v2,BTO-s1-b300,POOL-s3-b200,0.375,0.0875,0.2875,100,9.087727359292178e-15,2.4963987055975614e-11,True
BT-v2,BTO-s1-b300,POOL-s3-b300,0.375,0.165,0.21,100,5.433991122086898e-09,1.2204744060207174e-05,True
BT-v2,BTO-s1-b300,POOL-s3-b400,0.375,0.325,0.04999999999999999,100,0.07956836857423334,1.0,False
BT-v2,BTO-s1-b300,POOL-s3-b500,0.375,0.065,0.31,100,7.329833422046733e-16,2.050750441254844e-12,True
BT-v2,BTO-s1-b300,POOL-s3-b600,0.375,0.49,-0.11499999999999999,100,0.002228069615376788,1.0,False
BT-v2,BTO-s1-b300,POOL-s3-b700,0.375,0.315,0.06,100,0.044884830732842676,1.0,False
BT-v2,BTO-s1-b300,POOL-s3-b800,0.375,0.4675,-0.09250000000000003,100,0.004074012142544812,1.0,False
BT-v2,BTO-s1-b300,POOL-s3-b900,0.375,0.3375,0.03749999999999998,100,0.1377059542387443,1.0,False
BT-v2,BTO-s1-b300,POOL-s4-b100,0.375,0.14,0.235,100,6.220360240500342e-11,1.5190119707301835e-07,True
BT-v2,BTO-s1-b300,POOL-s4-b1000,0.375,0.54,-0.16500000000000004,100,4.1245235386497006e-07,0.0008277918742069949,True
BT-v2,BTO-s1-b300,POOL-s4-b200,0.375,0.11,0.265,100,6.590409962850922e-12,1.6713279665789938e-08,True
BT-v2,BTO-s1-b300,POOL-s4-b300,0.375,0.16,0.215,100,6.95951596193371e-10,1.618783412745781e-06,True
BT-v2,BTO-s1-b300,POOL-s4-b400,0.375,0.24,0.135,100,5.347338454529288e-07,0.0010635856186058754,True
BT-v2,BTO-s1-b300,POOL-s4-b500,0.375,0.06,0.315,100,2.4990633827804408e-14,6.794953337780018e-11,True
BT-v2,BTO-s1-b300,POOL-s4-b600,0.375,0.0275,0.3475,100,1.2796292802690451e-17,3.714763800621038e-14,True
BT-v2,BTO-s1-b300,POOL-s4-b700,0.375,0.215,0.16,100,1.4726024480021518e-05,0.026050337305158065,True
BT-v2,BTO-s1-b300,POOL-s4-b800,0.375,0.2875,0.08750000000000002,100,0.009084679772464669,1.0,False
BT-v2,BTO-s1-b300,POOL-s4-b900,0.375,0.4,-0.025000000000000022,100,0.6572800752852306,1.0,False
BT-v2,BTO-s2-b300,POOL-s0-b100,0.4,0.3325,0.0675,100,0.0053994148448548674,1.0,False
BT-v2,BTO-s2-b300,POOL-s0-b1000,0.4,0.63,-0.22999999999999998,100,8.323435424596456e-12,2.1024997882530646e-08,True
BT-v2,BTO-s2-b300,POOL-s0-b200,0.4,0.395,0.0050000000000000044,100,0.39175488551264304,1.0,False
BT-v2,BTO-s2-b300,POOL-s0-b300,0.4,0.3825,0.017500000000000016,100,0.47343085065295076,1.0,False
BT-v2,BTO-s2-b300,POOL-s0-b400,0.4,0.5975,-0.1975,100,1.2664067652202402e-08,2.798758951136731e-05,True
BT-v2,BTO-s2-b300,POOL-s0-b500,0.4,0.4325,-0.03249999999999997,100,0.47178368963073625,1.0,False
BT-v2,BTO-s2-b300,POOL-s0-b600,0.4,0.5925,-0.1925,100,3.0436371184661995e-08,6.568168901650059e-05,True
BT-v2,BTO-s2-b300,POOL-s0-b700,0.4,0.4875,-0.08749999999999997,100,0.009393510590028041,1.0,False
BT-v2,BTO-s2-b300,POOL-s0-b800,0.4,0.63,-0.22999999999999998,100,3.357888543408436e-12,8.60626833675582e-09,True
BT-v2,BTO-s2-b300,POOL-s0-b900,0.4,0.73,-0.32999999999999996,100,1.6789540206323813e-16,4.749760924369007e-13,True
BT-v2,BTO-s2-b300,POOL-s1-b100,0.4,0.0325,0.36750000000000005,100,3.306486007642775e-18,9.754133722546186e-15,True
BT-v2,BTO-s2-b300,POOL-s1-b1000,0.4,0.44,-0.03999999999999998,100,0.1345513287766543,1.0,False
BT-v2,BTO-s2-b300,POOL-s1-b200,0.4,0.2475,0.15250000000000002,100,4.026914309765187e-06,0.007574625816668317,True
BT-v2,BTO-s2-b300,POOL-s1-b300,0.4,0.285,0.11500000000000005,100,0.0006634086109930347,0.9791911098257192,False
BT-v2,BTO-s2-b300,POOL-s1-b400,0.4,0.2725,0.1275,100,9.675263983350357e-05,0.1571262870896098,False
BT-v2,BTO-s2-b300,POOL-s1-b500,0.4,0.1925,0.20750000000000002,100,1.4965879673214007e-09,3.4376625609372575e-06,True
BT-v2,BTO-s2-b300,POOL-s1-b600,0.4,0.215,0.18500000000000003,100,4.332322189573021e-08,9.266837163496693e-05,True
BT-v2,BTO-s2-b300,POOL-s1-b700,0.4,0.3,0.10000000000000003,100,0.0012133710377659967,1.0,False
BT-v2,BTO-s2-b300,POOL-s1-b800,0.4,0.32,0.08000000000000002,100,0.0005664401401698763,0.8434293687129458,False
BT-v2,BTO-s2-b300,POOL-s1-b900,0.4,0.33,0.07,100,0.03009500877252369,1.0,False
BT-v2,BTO-s2-b300,POOL-s2-b100,0.4,0.0525,0.34750000000000003,100,5.9139245394172896e-18,1.7315971051413825e-14,True
BT-v2,BTO-s2-b300,POOL-s2-b1000,0.4,0.3,0.10000000000000003,100,0.0001304108728402657,0.20878780741726535,False
BT-v2,BTO-s2-b300,POOL-s2-b200,0.4,0.0425,0.35750000000000004,100,4.2760414750869206e-18,1.2563009853805373e-14,True
BT-v2,BTO-s2-b300,POOL-s2-b300,0.4,0.13,0.27,100,2.040004256586526e-13,5.426411322520159e-10,True
BT-v2,BTO-s2-b300,POOL-s2-b400,0.4,0.4875,-0.08749999999999997,100,0.0005351305317910219,0.8032309282183239,False
BT-v2,BTO-s2-b300,POOL-s2-b500,0.4,0.355,0.04500000000000004,100,0.06997853185014197,1.0,False
BT-v2,BTO-s2-b300,POOL-s2-b600,0.4,0.3025,0.09750000000000003,100,0.0006743871609639096,0.9926979009388749,False
BT-v2,BTO-s2-b300,POOL-s2-b700,0.4,0.3125,0.08750000000000002,100,0.004410914761325837,1.0,False
BT-v2,BTO-s2-b300,POOL-s2-b800,0.4,0.2825,0.11750000000000005,100,0.00011589938134338762,0.18671390334419746,False
BT-v2,BTO-s2-b300,POOL-s2-b900,0.4,0.265,0.135,100,2.3287078401675993e-05,0.0404496551837112,True
BT-v2,BTO-s2-b300,POOL-s3-b100,0.4,0.12,0.28,100,2.0021591756758007e-13,5.331749884824657e-10,True
BT-v2,BTO-s2-b300,POOL-s3-b1000,0.4,0.31,0.09000000000000002,100,0.0006489881987757484,0.9598535459893319,False
BT-v2,BTO-s2-b300,POOL-s3-b200,0.4,0.0875,0.3125,100,7.329343964456197e-16,2.050750441254844e-12,True
BT-v2,BTO-s2-b300,POOL-s3-b300,0.4,0.165,0.23500000000000001,100,2.9086931980156373e-10,6.873242026910951e-07,True
BT-v2,BTO-s2-b300,POOL-s3-b400,0.4,0.325,0.07500000000000001,100,0.014979908209023235,1.0,False
BT-v2,BTO-s2-b300,POOL-s3-b500,0.4,0.065,0.335,100,1.3354806278773485e-16,3.7847520994044053e-13,True
BT-v2,BTO-s2-b300,POOL-s3-b600,0.4,0.49,-0.08999999999999997,100,0.008706189404368006,1.0,False
BT-v2,BTO-s2-b300,POOL-s3-b700,0.4,0.315,0.08500000000000002,100,0.0031063573014798516,1.0,False
BT-v2,BTO-s2-b300,POOL-s3-b800,0.4,0.4675,-0.0675,100,0.01227615852653137,1.0,False
BT-v2,BTO-s2-b300,POOL-s3-b900,0.4,0.3375,0.0625,100,0.025220876827639658,1.0,False
BT-v2,BTO-s2-b300,POOL-s4-b100,0.4,0.14,0.26,100,3.897793005403128e-12,9.970554507821202e-09,True
BT-v2,BTO-s2-b300,POOL-s4-b1000,0.4,0.54,-0.14,100,6.00010120814556e-07,0.0011898200695752645,True
BT-v2,BTO-s2-b300,POOL-s4-b200,0.4,0.11,0.29000000000000004,100,1.3920519161566109e-13,3.7126024603896814e-10,True
BT-v2,BTO-s2-b300,POOL-s4-b300,0.4,0.16,0.24000000000000002,100,2.4200203251304448e-11,6.018590548599416e-08,True
BT-v2,BTO-s2-b300,POOL-s4-b400,0.4,0.24,0.16000000000000003,100,2.280299582899987e-08,4.971053090721972e-05,True
BT-v2,BTO-s2-b300,POOL-s4-b500,0.4,0.06,0.34,100,2.7365259357257113e-16,7.727949242489409e-13,True
BT-v2,BTO-s2-b300,POOL-s4-b600,0.4,0.0275,0.3725,100,1.6703048925743665e-18,4.975838274979038e-15,True
BT-v2,BTO-s2-b300,POOL-s4-b700,0.4,0.215,0.18500000000000003,100,4.2543094893870305e-07,0.0008534144835710383,True
BT-v2,BTO-s2-b300,POOL-s4-b800,0.4,0.2875,0.11250000000000004,100,0.0008943220090939659,1.0,False
BT-v2,BTO-s2-b300,POOL-s4-b900,0.4,0.4,0.0,100,0.7120748682406698,1.0,False
BT-v2,POOL-s0-b100,POOL-s0-b1000,0.3325,0.63,-0.2975,100,2.6818708012630652e-11,6.648357716331138e-08,True
BT-v2,POOL-s0-b100,POOL-s0-b200,0.3325,0.395,-0.0625,100,0.019414958026363,1.0,False
BT-v2,POOL-s0-b100,POOL-s0-b300,0.3325,0.3825,-0.04999999999999999,100,0.04373848745254721,1.0,False
BT-v2,POOL-s0-b100,POOL-s0-b400,0.3325,0.5975,-0.265,100,1.5765012655361926e-11,3.944406166371554e-08,True
BT-v2,POOL-s0-b100,POOL-s0-b500,0.3325,0.4325,-0.09999999999999998,100,0.003705678006084091,1.0,False
BT-v2,POOL-s0-b100,POOL-s0-b600,0.3325,0.5925,-0.26,100,2.028404609690677e-09,4.638961342362578e-06,True
BT-v2,POOL-s0-b100,POOL-s0-b700,0.3325,0.4875,-0.15499999999999997,100,8.187044302838436e-05,0.13451313789563552,False
BT-v2,POOL-s0-b100,POOL-s0-b800,0.3325,0.63,-0.2975,100,7.792494522450931e-11,1.8943554184078214e-07,True
BT-v2,POOL-s0-b100,POOL-s0-b900,0.3325,0.73,-0.39749999999999996,100,8.81122455753537e-16,2.4618561413753823e-12,True
BT-v2,POOL-s0-b100,POOL-s1-b100,0.3325,0.0325,0.30000000000000004,100,5.980336728631185e-14,1.609906647347515e-10,True
BT-v2,POOL-s0-b100,POOL-s1-b1000,0.3325,0.44,-0.10749999999999998,100,9.126144141731156e-05,0.14875614951021784,False
BT-v2,POOL-s0-b100,POOL-s1-b200,0.3325,0.2475,0.08500000000000002,100,0.021187879671566878,1.0,False
BT-v2,POOL-s0-b100,POOL-s1-b300,0.3325,0.285,0.04750000000000004,100,0.14093583399241788,1.0,False
BT-v2,POOL-s0-b100,POOL-s1-b400,0.3325,0.2725,0.06,100,0.19975243379395602,1.0,False
BT-v2,POOL-s0-b100,POOL-s1-b500,0.3325,0.1925,0.14,100,2.141720864045274e-06,0.004091329381363301,True
BT-v2,POOL-s0-b100,POOL-s1-b600,0.3325,0.215,0.11750000000000002,100,2.956467266642855e-05,0.05076254296825782,False
BT-v2,POOL-s0-b100,POOL-s1-b700,0.3325,0.3,0.03250000000000003,100,0.43137453439069506,1.0,False
BT-v2,POOL-s0-b100,POOL-s1-b800,0.3325,0.32,0.012500000000000011,100,0.7714986740282699,1.0,False
BT-v2,POOL-s0-b100,POOL-s1-b900,0.3325,0.33,0.0025000000000000022,100,0.8916794779579457,1.0,False
BT-v2,POOL-s0-b100,POOL-s2-b100,0.3325,0.0525,0.28,100,4.915572738610024e-13,1.2913209584328534e-09,True
BT-v2,POOL-s0-b100,POOL-s2-b1000,0.3325,0.3,0.03250000000000003,100,0.5713353825485835,1.0,False
BT-v2,POOL-s0-b100,POOL-s2-b200,0.3325,0.0425,0.29000000000000004,100,3.012766341246879e-14,8.182673382826524e-11,True
BT-v2,POOL-s0-b100,POOL-s2-b300,0.3325,0.13,0.2025,100,3.895228668012322e-09,8.795426332371824e-06,True
BT-v2,POOL-s0-b100,POOL-s2-b400,0.3325,0.4875,-0.15499999999999997,100,9.560424449592164e-06,0.017256566131513856,True
BT-v2,POOL-s0-b100,POOL-s2-b500,0.3325,0.355,-0.022499999999999964,100,0.19697342977893928,1.0,False
BT-v2,POOL-s0-b100,POOL-s2-b600,0.3325,0.3025,0.030000000000000027,100,0.6615314436066486,1.0,False
BT-v2,POOL-s0-b100,POOL-s2-b700,0.3325,0.3125,0.020000000000000018,100,0.7278622875588803,1.0,False
BT-v2,POOL-s0-b100,POOL-s2-b800,0.3325,0.2825,0.050000000000000044,100,0.1572494675261351,1.0,False
BT-v2,POOL-s0-b100,POOL-s2-b900,0.3325,0.265,0.0675,100,0.0631221215326723,1.0,False
BT-v2,POOL-s0-b100,POOL-s3-b100,0.3325,0.12,0.21250000000000002,100,1.8408550419608917e-08,4.029631686852392e-05,True
BT-v2,POOL-s0-b100,POOL-s3-b1000,0.3325,0.31,0.02250000000000002,100,0.7291882337507338,1.0,False
BT-v2,POOL-s0-b100,POOL-s3-b200,0.3325,0.0875,0.24500000000000002,100,2.6998142906509247e-11,6.68743999794234e-08,True
BT-v2,POOL-s0-b100,POOL-s3-b300,0.3325,0.165,0.1675,100,1.878484244213731e-06,0.0036029327804019363,True
BT-v2,POOL-s0-b100,POOL-s3-b400,0.3325,0.325,0.007500000000000007,100,0.8425118861255515,1.0,False
BT-v2,POOL-s0-b100,POOL-s3-b500,0.3325,0.065,0.2675,100,6.527225984017826e-12,1.6559572321453222e-08,True
BT-v2,POOL-s0-b100,POOL-s3-b600,0.3325,0.49,-0.15749999999999997,100,0.0010331541880910715,1.0,False
BT-v2,POOL-s0-b100,POOL-s3-b700,0.3325,0.315,0.017500000000000016,100,0.5582670449477565,1.0,False
BT-v2,POOL-s0-b100,POOL-s3-b800,0.3325,0.4675,-0.135,100,0.00019675735379772716,0.31028634693901574,False
BT-v2,POOL-s0-b100,POOL-s3-b900,0.3325,0.3375,-0.0050000000000000044,100,0.7637372667041663,1.0,False
BT-v2,POOL-s0-b100,POOL-s4-b100,0.3325,0.14,0.1925,100,4.126975512435532e-06,0.007754586987866365,True
BT-v2,POOL-s0-b100,POOL-s4-b1000,0.3325,0.54,-0.20750000000000002,100,4.664942050219135e-09,1.0500784555043273e-05,True
BT-v2,POOL-s0-b100,POOL-s4-b200,0.3325,0.11,0.22250000000000003,100,3.6379056868374944e-08,7.817859321013776e-05,True
BT-v2,POOL-s0-b100,POOL-s4-b300,0.3325,0.16,0.17250000000000001,100,4.924192896972703e-06,0.009193468138648036,True
BT-v2,POOL-s0-b100,POOL-s4-b400,0.3325,0.24,0.09250000000000003,100,0.02948035456962913,1.0,False
BT-v2,POOL-s0-b100,POOL-s4-b500,0.3325,0.06,0.2725,100,5.383541229801718e-11,1.3205826636703615e-07,True
BT-v2,POOL-s0-b100,POOL-s4-b600,0.3325,0.0275,0.305,100,1.0442311938574428e-15,2.9113165684745505e-12,True
BT-v2,POOL-s0-b100,POOL-s4-b700,0.3325,0.215,0.11750000000000002,100,0.002297386925700927,1.0,False
BT-v2,POOL-s0-b100,POOL-s4-b800,0.3325,0.2875,0.04500000000000004,100,0.32004206382173583,1.0,False
BT-v2,POOL-s0-b100,POOL-s4-b900,0.3325,0.4,-0.0675,100,0.10084610123802269,1.0,False
BT-v2,POOL-s0-b1000,POOL-s0-b200,0.63,0.395,0.235,100,2.712783997076592e-10,6.421159721080293e-07,True
BT-v2,POOL-s0-b1000,POOL-s0-b300,0.63,0.3825,0.2475,100,4.189764081912065e-09,9.45210776879362e-06,True
BT-v2,POOL-s0-b1000,POOL-s0-b400,0.63,0.5975,0.03249999999999997,100,0.23917403560611283,1.0,False
BT-v2,POOL-s0-b1000,POOL-s0-b500,0.63,0.4325,0.1975,100,5.155412303107797e-07,0.0010279892132396948,True
BT-v2,POOL-s0-b1000,POOL-s0-b600,0.63,0.5925,0.03749999999999998,100,0.22798395452253806,1.0,False
BT-v2,POOL-s0-b1000,POOL-s0-b700,0.63,0.4875,0.14250000000000002,100,0.00047513522610099324,0.7165039209602978,False
BT-v2,POOL-s0-b1000,POOL-s0-b800,0.63,0.63,0.0,100,0.5811323656482488,1.0,False
BT-v2,POOL-s0-b1000,POOL-s0-b900,0.63,0.73,-0.09999999999999998,100,0.0012313530595069277,1.0,False
BT-v2,POOL-s0-b1000,POOL-s1-b100,0.63,0.0325,0.5975,100,3.376133810289564e-18,9.949466338923345e-15,True
BT-v2,POOL-s0-b1000,POOL-s1-b1000,0.63,0.44,0.19,100,1.7378342802371155e-10,4.1621131011678915e-07,True
BT-v2,POOL-s0-b1000,POOL-s1-b200,0.63,0.2475,0.3825,100,1.3406798786654638e-14,3.6667594681500434e-11,True
BT-v2,POOL-s0-b1000,POOL-s1-b300,0.63,0.285,0.34500000000000003,100,2.0615512537008127e-13,5.481664783590461e-10,True
BT-v2,POOL-s0-b1000,POOL-s1-b400,0.63,0.2725,0.3575,100,2.3831909499965187e-14,6.487045765890523e-11,True
BT-v2,POOL-s0-b1000,POOL-s1-b500,0.63,0.1925,0.4375,100,2.9931189942706224e-17,8.623175822493663e-14,True
BT-v2,POOL-s0-b1000,POOL-s1-b600,0.63,0.215,0.41500000000000004,100,6.807471212411439e-17,1.944213778264707e-13,True
BT-v2,POOL-s0-b1000,POOL-s1-b700,0.63,0.3,0.33,100,3.869294657799744e-14,1.0489657817295107e-10,True
BT-v2,POOL-s0-b1000,POOL-s1-b800,0.63,0.32,0.31,100,3.444395943656828e-14,9.351534987028289e-11,True
BT-v2,POOL-s0-b1000,POOL-s1-b900,0.63,0.33,0.3,100,8.770875361335209e-13,2.2883213817723562e-09,True
BT-v2,POOL-s0-b1000,POOL-s2-b100,0.63,0.0525,0.5775,100,3.3239193970966912e-18,9.802238302038143e-15,True
BT-v2,POOL-s0-b1000,POOL-s2-b1000,0.63,0.3,0.33,100,1.2310988794806613e-14,3.3732109297770124e-11,True
BT-v2,POOL-s0-b1000,POOL-s2-b200,0.63,0.0425,0.5875,100,2.1143658463775156e-18,6.266980368662956e-15,True
BT-v2,POOL-s0-b1000,POOL-s2-b300,0.63,0.13,0.5,100,6.318683335938575e-18,1.848846744095627e-14,True
BT-v2,POOL-s0-b1000,POOL-s2-b400,0.63,0.4875,0.14250000000000002,100,2.7851471906905918e-05,0.047932383151785087,True
BT-v2,POOL-s0-b1000,POOL-s2-b500,0.63,0.355,0.275,100,1.6949612611014163e-12,4.383169821208262e-09,True
BT-v2,POOL-s0-b1000,POOL-s2-b600,0.63,0.3025,0.3275,100,2.0248594977054446e-13,5.388901068683332e-10,True
BT-v2,POOL-s0-b1000,POOL-s2-b700,0.63,0.3125,0.3175,100,8.729290964102924e-14,2.3429416947652246e-10,True
BT-v2,POOL-s0-b1000,POOL-s2-b800,0.63,0.2825,0.34750000000000003,100,1.183611839192767e-13,3.162610834323074e-10,True
BT-v2,POOL-s0-b1000,POOL-s2-b900,0.63,0.265,0.365,100,9.310136102062022e-14,2.4960474889628284e-10,True
BT-v2,POOL-s0-b1000,POOL-s3-b100,0.63,0.12,0.51,100,2.94982837479668e-17,8.501405376164032e-14,True
BT-v2,POOL-s0-b1000,POOL-s3-b1000,0.63,0.31,0.32,100,3.591139158035271e-11,8.86293144203105e-08,True
BT-v2,POOL-s0-b1000,POOL-s3-b200,0.63,0.0875,0.5425,100,9.389561947855353e-18,2.7342404392154787e-14,True
BT-v2,POOL-s0-b1000,POOL-s3-b300,0.63,0.165,0.46499999999999997,100,1.1915822009207357e-16,3.381710286213048e-13,True
BT-v2,POOL-s0-b1000,POOL-s3-b400,0.63,0.325,0.305,100,1.7882664281440145e-11,4.4635130046474604e-08,True
BT-v2,POOL-s0-b1000,POOL-s3-b500,0.63,0.065,0.565,100,4.186078399276106e-18,1.230707049387175e-14,True
BT-v2,POOL-s0-b1000,POOL-s3-b600,0.63,0.49,0.14,100,0.0023094393501807233,1.0,False
BT-v2,POOL-s0-b1000,POOL-s3-b700,0.63,0.315,0.315,100,4.880142320686177e-14,1.3195904835135424e-10,True
BT-v2,POOL-s0-b1000,POOL-s3-b800,0.63,0.4675,0.16249999999999998,100,1.3128327642274953e-06,0.002548208395365568,True
BT-v2,POOL-s0-b1000,POOL-s3-b900,0.63,0.3375,0.2925,100,6.923816938485579e-10,1.6118645832794429e-06,True
BT-v2,POOL-s0-b1000,POOL-s4-b100,0.63,0.14,0.49,100,1.1543995119675599e-14,3.1653634618150494e-11,True
BT-v2,POOL-s0-b1000,POOL-s4-b1000,0.63,0.54,0.08999999999999997,100,0.0016081481654057173,1.0,False
BT-v2,POOL-s0-b1000,POOL-s4-b200,0.63,0.11,0.52,100,4.6791215027471226e-17,1.3424399591381494e-13,True
BT-v2,POOL-s0-b1000,POOL-s4-b300,0.63,0.16,0.47,100,1.2980352208679278e-17,3.7656001757378585e-14,True
BT-v2,POOL-s0-b1000,POOL-s4-b400,0.63,0.24,0.39,100,5.321325037265521e-13,1.3963156897784726e-09,True
BT-v2,POOL-s0-b1000,POOL-s4-b500,0.63,0.06,0.5700000000000001,100,5.942737787856636e-17,1.7008115548845694e-13,True
BT-v2,POOL-s0-b1000,POOL-s4-b600,0.63,0.0275,0.6025,100,1.9353530647741215e-18,5.746063249314367e-15,True
BT-v2,POOL-s0-b1000,POOL-s4-b700,0.63,0.215,0.41500000000000004,100,1.074521454324541e-14,2.94848687066654e-11,True
BT-v2,POOL-s0-b1000,POOL-s4-b800,0.63,0.2875,0.3425,100,1.2850085429935691e-11,3.221516417284878e-08,True
BT-v2,POOL-s0-b1000,POOL-s4-b900,0.63,0.4,0.22999999999999998,100,2.432619424331552e-07,0.0004986869819879682,True
BT-v2,POOL-s0-b200,POOL-s0-b300,0.395,0.3825,0.012500000000000011,100,0.7540604429028388,1.0,False
BT-v2,POOL-s0-b200,POOL-s0-b400,0.395,0.5975,-0.2025,100,2.766308305675777e-09,6.293351395412393e-06,True
BT-v2,POOL-s0-b200,POOL-s0-b500,0.395,0.4325,-0.03749999999999998,100,0.2415839847756469,1.0,False
BT-v2,POOL-s0-b200,POOL-s0-b600,0.395,0.5925,-0.1975,100,2.092454150695074e-08,4.567827410967347e-05,True
BT-v2,POOL-s0-b200,POOL-s0-b700,0.395,0.4875,-0.09249999999999997,100,0.017277013820686957,1.0,False
BT-v2,POOL-s0-b200,POOL-s0-b800,0.395,0.63,-0.235,100,3.384179457135064e-10,7.973126801010211e-07,True
BT-v2,POOL-s0-b200,POOL-s0-b900,0.395,0.73,-0.33499999999999996,100,3.060498918644218e-15,8.462279510051262e-12,True
BT-v2,POOL-s0-b200,POOL-s1-b100,0.395,0.0325,0.36250000000000004,100,1.9690689849414027e-15,5.458259226257568e-12,True
BT-v2,POOL-s0-b200,POOL-s1-b1000,0.395,0.44,-0.044999999999999984,100,0.038729996983630444,1.0,False
BT-v2,POOL-s0-b200,POOL-s1-b200,0.395,0.2475,0.14750000000000002,100,1.977448226073405e-06,0.003788790801156644,True
BT-v2,POOL-s0-b200,POOL-s1-b300,0.395,0.285,0.11000000000000004,100,0.00012017475196576917,0.19312082640899106,False
BT-v2,POOL-s0-b200,POOL-s1-b400,0.395,0.2725,0.1225,100,0.0002683245085679447,0.41617131278888225,False
BT-v2,POOL-s0-b200,POOL-s1-b500,0.395,0.1925,0.2025,100,2.302756667968433e-10,5.469047086425028e-07,True
BT-v2,POOL-s0-b200,POOL-s1-b600,0.395,0.215,0.18000000000000002,100,6.217858207036207e-08,0.00013186017082106067,True
BT-v2,POOL-s0-b200,POOL-s1-b700,0.395,0.3,0.09500000000000003,100,0.0015508511205968006,1.0,False
BT-v2,POOL-s0-b200,POOL-s1-b800,0.395,0.32,0.07500000000000001,100,0.030193650220990825,1.0,False
BT-v2,POOL-s0-b200,POOL-s1-b900,0.395,0.33,0.065,100,0.025874736840657938,1.0,False
BT-v2,POOL-s0-b200,POOL-s2-b100,0.395,0.0525,0.3425,100,1.1328651604596735e-15,3.1561623370406505e-12,True
BT-v2,POOL-s0-b200,POOL-s2-b1000,0.395,0.3,0.09500000000000003,100,0.005617787382680715,1.0,False
BT-v2,POOL-s0-b200,POOL-s2-b200,0.395,0.0425,0.35250000000000004,100,2.559862300307503e-16,7.231610998368697e-13,True
BT-v2,POOL-s0-b200,POOL-s2-b300,0.395,0.13,0.265,100,1.0521686589466731e-11,2.6504128518866696e-08,True
BT-v2,POOL-s0-b200,POOL-s2-b400,0.395,0.4875,-0.09249999999999997,100,0.0035724743346603888,1.0,False
BT-v2,POOL-s0-b200,POOL-s2-b500,0.395,0.355,0.040000000000000036,100,0.21342154283404002,1.0,False
BT-v2,POOL-s0-b200,POOL-s2-b600,0.395,0.3025,0.09250000000000003,100,0.007012254223884245,1.0,False
BT-v2,POOL-s0-b200,POOL-s2-b700,0.395,0.3125,0.08250000000000002,100,0.09418176854361511,1.0,False
BT-v2,POOL-s0-b200,POOL-s2-b800,0.395,0.2825,0.11250000000000004,100,0.00017013305664672149,0.26949076172840686,False
BT-v2,POOL-s0-b200,POOL-s2-b900,0.395,0.265,0.13,100,0.00017236751487928188,0.2728577760539032,False
BT-v2,POOL-s0-b200,POOL-s3-b100,0.395,0.12,0.275,100,1.6392515774077997e-11,4.098128943519499e-08,True
BT-v2,POOL-s0-b200,POOL-s3-b1000,0.395,0.31,0.08500000000000002,100,0.06763269988632663,1.0,False
BT-v2,POOL-s0-b200,POOL-s3-b200,0.395,0.0875,0.3075,100,1.9921474850947974e-14,5.430594044368418e-11,True
BT-v2,POOL-s0-b200,POOL-s3-b300,0.395,0.165,0.23,100,1.0226993713794906e-09,2.3614128485152438e-06,True
BT-v2,POOL-s0-b200,POOL-s3-b400,0.395,0.325,0.07,100,0.09465652413628022,1.0,False
BT-v2,POOL-s0-b200,POOL-s3-b500,0.395,0.065,0.33,100,3.840038161228317e-14,1.0414183493251196e-10,True
BT-v2,POOL-s0-b200,POOL-s3-b600,0.395,0.49,-0.09499999999999997,100,0.03659675510474102,1.0,False
BT-v2,POOL-s0-b200,POOL-s3-b700,0.395,0.315,0.08000000000000002,100,0.011362168858554095,1.0,False
BT-v2,POOL-s0-b200,POOL-s3-b800,0.395,0.4675,-0.07250000000000001,100,0.04233097566400101,1.0,False
BT-v2,POOL-s0-b200,POOL-s3-b900,0.395,0.3375,0.057499999999999996,100,0.15497325012253044,1.0,False
BT-v2,POOL-s0-b200,POOL-s4-b100,0.395,0.14,0.255,100,5.473065840425574e-08,0.0001164668410842562,True
BT-v2,POOL-s0-b200,POOL-s4-b1000,0.395,0.54,-0.14500000000000002,100,3.4691729737086625e-05,0.05904532401252144,False
BT-v2,POOL-s0-b200,POOL-s4-b200,0.395,0.11,0.28500000000000003,100,5.167360673475572e-10,1.2101958697279789e-06,True
BT-v2,POOL-s0-b200,POOL-s4-b300,0.395,0.16,0.23500000000000001,100,4.986760424605066e-11,1.2252470363254647e-07,True
BT-v2,POOL-s0-b200,POOL-s4-b400,0.395,0.24,0.15500000000000003,100,0.0002707311949270213,0.41936262094195603,False
BT-v2,POOL-s0-b200,POOL-s4-b500,0.395,0.06,0.335,100,1.1613861085755368e-12,3.0149583378620935e-09,True
BT-v2,POOL-s0-b200,POOL-s4-b600,0.395,0.0275,0.3675,100,1.0891372629990425e-16,3.09423896418028e-13,True
BT-v2,POOL-s0-b200,POOL-s4-b700,0.395,0.215,0.18000000000000002,100,1.7075052327793039e-06,0.0032835325626346013,True
BT-v2,POOL-s0-b200,POOL-s4-b800,0.395,0.2875,0.10750000000000004,100,0.0016109500502083367,1.0,False
BT-v2,POOL-s0-b200,POOL-s4-b900,0.395,0.4,-0.0050000000000000044,100,0.8726367780005313,1.0,False
BT-v2,POOL-s0-b300,POOL-s0-b400,0.3825,0.5975,-0.21500000000000002,100,1.2177497102579564e-08,2.6973156082213737e-05,True
BT-v2,POOL-s0-b300,POOL-s0-b500,0.3825,0.4325,-0.04999999999999999,100,0.33345847405653606,1.0,False
BT-v2,POOL-s0-b300,POOL-s0-b600,0.3825,0.5925,-0.21000000000000002,100,6.021770769401376e-07,0.0011935149664953528,True
BT-v2,POOL-s0-b300,POOL-s0-b700,0.3825,0.4875,-0.10499999999999998,100,0.02212126088773619,1.0,False
BT-v2,POOL-s0-b300,POOL-s0-b800,0.3825,0.63,-0.2475,100,1.4706096474054412e-08,3.236811833939376e-05,True
BT-v2,POOL-s0-b300,POOL-s0-b900,0.3825,0.73,-0.3475,100,7.855261415415377e-14,2.1107087423221118e-10,True
BT-v2,POOL-s0-b300,POOL-s1-b100,0.3825,0.0325,0.35,100,9.590358946031003e-13,2.495411397757267e-09,True
BT-v2,POOL-s0-b300,POOL-s1-b1000,0.3825,0.44,-0.057499999999999996,100,0.0859875851450931,1.0,False
BT-v2,POOL-s0-b300,POOL-s1-b200,0.3825,0.2475,0.135,100,0.00017265622295744258,0.27314214471867415,False
BT-v2,POOL-s0-b300,POOL-s1-b300,0.3825,0.285,0.09750000000000003,100,0.007678473344083346,1.0,False
BT-v2,POOL-s0-b300,POOL-s1-b400,0.3825,0.2725,0.10999999999999999,100,0.008308986123832119,1.0,False
BT-v2,POOL-s0-b300,POOL-s1-b500,0.3825,0.1925,0.19,100,2.3019042508949192e-08,5.0157195438934934e-05,True
BT-v2,POOL-s0-b300,POOL-s1-b600,0.3825,0.215,0.1675,100,1.395588069081999e-06,0.002697671737535504,True
BT-v2,POOL-s0-b300,POOL-s1-b700,0.3825,0.3,0.08250000000000002,100,0.02145914021994433,1.0,False
BT-v2,POOL-s0-b300,POOL-s1-b800,0.3825,0.32,0.0625,100,0.11871067995494203,1.0,False
BT-v2,POOL-s0-b300,POOL-s1-b900,0.3825,0.33,0.05249999999999999,100,0.13284514016778984,1.0,False
BT-v2,POOL-s0-b300,POOL-s2-b100,0.3825,0.0525,0.33,100,9.095273401138819e-12,2.294737479107324e-08,True
BT-v2,POOL-s0-b300,POOL-s2-b1000,0.3825,0.3,0.08250000000000002,100,0.033224959745822284,1.0,False
BT-v2,POOL-s0-b300,POOL-s2-b200,0.3825,0.0425,0.34,100,3.28508712818395e-13,8.689055454046549e-10,True
BT-v2,POOL-s0-b300,POOL-s2-b300,0.3825,0.13,0.2525,100,1.0174845032607332e-09,2.3514066870355545e-06,True
BT-v2,POOL-s0-b300,POOL-s2-b400,0.3825,0.4875,-0.10499999999999998,100,0.006528764152915872,1.0,False
BT-v2,POOL-s0-b300,POOL-s2-b500,0.3825,0.355,0.027500000000000024,100,0.32718969589379643,1.0,False
BT-v2,POOL-s0-b300,POOL-s2-b600,0.3825,0.3025,0.08000000000000002,100,0.05957515644969589,1.0,False
BT-v2,POOL-s0-b300,POOL-s2-b700,0.3825,0.3125,0.07,100,0.22953522194292264,1.0,False
BT-v2,POOL-s0-b300,POOL-s2-b800,0.3825,0.2825,0.10000000000000003,100,0.008410090362443709,1.0,False
BT-v2,POOL-s0-b300,POOL-s2-b900,0.3825,0.265,0.1175,100,0.005711375767624438,1.0,False
BT-v2,POOL-s0-b300,POOL-s3-b100,0.3825,0.12,0.2625,100,7.637290063528237e-08,0.0001612231932410811,True
BT-v2,POOL-s0-b300,POOL-s3-b1000,0.3825,0.31,0.07250000000000001,100,0.23257779855767424,1.0,False
BT-v2,POOL-s0-b300,POOL-s3-b200,0.3825,0.0875,0.29500000000000004,100,6.46499446864149e-11,1.5761656514547953e-07,True
BT-v2,POOL-s0-b300,POOL-s3-b300,0.3825,0.165,0.2175,100,4.236314321110287e-08,9.078411241293975e-05,True
BT-v2,POOL-s0-b300,POOL-s3-b400,0.3825,0.325,0.057499999999999996,100,0.186396031442703,1.0,False
BT-v2,POOL-s0-b300,POOL-s3-b500,0.3825,0.065,0.3175,100,7.540094602019159e-11,1.8337510072110594e-07,True
BT-v2,POOL-s0-b300,POOL-s3-b600,0.3825,0.49,-0.10749999999999998,100,0.03241770934717251,1.0,False
BT-v2,POOL-s0-b300,POOL-s3-b700,0.3825,0.315,0.0675,100,0.06560400716558293,1.0,False
BT-v2,POOL-s0-b300,POOL-s3-b800,0.3825,0.4675,-0.08500000000000002,100,0.05516159264349181,1.0,False
BT-v2,POOL-s0-b300,POOL-s3-b900,0.3825,0.3375,0.044999999999999984,100,0.4452618124542417,1.0,False
BT-v2,POOL-s0-b300,POOL-s4-b100,0.3825,0.14,0.2425,100,1.092474654000246e-06,0.00213251052460848,True
BT-v2,POOL-s0-b300,POOL-s4-b1000,0.3825,0.54,-0.15750000000000003,100,8.243910389750868e-05,0.13536500859970926,False
BT-v2,POOL-s0-b300,POOL-s4-b200,0.3825,0.11,0.2725,100,4.3254761540836525e-08,9.256518969739017e-05,True
BT-v2,POOL-s0-b300,POOL-s4-b300,0.3825,0.16,0.2225,100,2.4053631140288233e-09,5.486633263099746e-06,True
BT-v2,POOL-s0-b300,POOL-s4-b400,0.3825,0.24,0.14250000000000002,100,0.006376735466535357,1.0,False
BT-v2,POOL-s0-b300,POOL-s4-b500,0.3825,0.06,0.3225,100,6.067217821087058e-11,1.482828035473677e-07,True
BT-v2,POOL-s0-b300,POOL-s4-b600,0.3825,0.0275,0.355,100,4.7695592344458575e-14,1.290642728841049e-10,True
BT-v2,POOL-s0-b300,POOL-s4-b700,0.3825,0.215,0.1675,100,6.787071745649489e-05,0.11205455452067306,False
BT-v2,POOL-s0-b300,POOL-s4-b800,0.3825,0.2875,0.09500000000000003,100,0.03217995275460558,1.0,False
BT-v2,POOL-s0-b300,POOL-s4-b900,0.3825,0.4,-0.017500000000000016,100,0.8498800437037172,1.0,False
BT-v2,POOL-s0-b400,POOL-s0-b500,0.5975,0.4325,0.16500000000000004,100,9.21528874820044e-07,0.0018061965946472862,True
BT-v2,POOL-s0-b400,POOL-s0-b600,0.5975,0.5925,0.0050000000000000044,100,0.5664632298206054,1.0,False
BT-v2,POOL-s0-b400,POOL-s0-b700,0.5975,0.4875,0.11000000000000004,100,0.003927872340021311,1.0,False
BT-v2,POOL-s0-b400,POOL-s0-b800,0.5975,0.63,-0.03249999999999997,100,0.20972346806438102,1.0,False
BT-v2,POOL-s0-b400,POOL-s0-b900,0.5975,0.73,-0.13249999999999995,100,1.3922633386108468e-05,0.02471267426034253,True
BT-v2,POOL-s0-b400,POOL-s1-b100,0.5975,0.0325,0.5650000000000001,100,8.499088948186246e-18,2.477484428396291e-14,True
BT-v2,POOL-s0-b400,POOL-s1-b1000,0.5975,0.44,0.15750000000000003,100,1.0641106593230734e-08,2.363389774356546e-05,True
BT-v2,POOL-s0-b400,POOL-s1-b200,0.5975,0.2475,0.35000000000000003,100,7.455514349232881e-14,2.0040422570737984e-10,True
BT-v2,POOL-s0-b400,POOL-s1-b300,0.5975,0.285,0.31250000000000006,100,9.839220736646853e-12,2.4804675477086717e-08,True
BT-v2,POOL-s0-b400,POOL-s1-b400,0.5975,0.2725,0.325,100,1.1369612317848126e-11,2.857183575475234e-08,True
BT-v2,POOL-s0-b400,POOL-s1-b500,0.5975,0.1925,0.405,100,6.72480179099903e-17,1.9212758716884228e-13,True
BT-v2,POOL-s0-b400,POOL-s1-b600,0.5975,0.215,0.38250000000000006,100,5.991390353688079e-17,1.7141367801901595e-13,True
BT-v2,POOL-s0-b400,POOL-s1-b700,0.5975,0.3,0.29750000000000004,100,6.365210935294031e-14,1.712878262687624e-10,True
BT-v2,POOL-s0-b400,POOL-s1-b800,0.5975,0.32,0.2775,100,3.8037208426806206e-14,1.0319494646192524e-10,True
BT-v2,POOL-s0-b400,POOL-s1-b900,0.5975,0.33,0.2675,100,9.007234166946702e-12,2.2734259037373476e-08,True
BT-v2,POOL-s0-b400,POOL-s2-b100,0.5975,0.0525,0.545,100,3.398730689112938e-18,1.0012660610126715e-14,True
BT-v2,POOL-s0-b400,POOL-s2-b1000,0.5975,0.3,0.29750000000000004,100,1.4374189111220553e-13,3.8307213981402775e-10,True
BT-v2,POOL-s0-b400,POOL-s2-b200,0.5975,0.0425,0.555,100,2.988078306378817e-18,8.826783317043026e-15,True
BT-v2,POOL-s0-b400,POOL-s2-b300,0.5975,0.13,0.4675,100,4.808678804653854e-18,1.4113472291659062e-14,True
BT-v2,POOL-s0-b400,POOL-s2-b400,0.5975,0.4875,0.11000000000000004,100,0.0022243222382486057,1.0,False
BT-v2,POOL-s0-b400,POOL-s2-b500,0.5975,0.355,0.24250000000000005,100,5.0989430974020704e-11,1.2523004247219486e-07,True
BT-v2,POOL-s0-b400,POOL-s2-b600,0.5975,0.3025,0.29500000000000004,100,1.370516882160963e-10,3.2960931015971165e-07,True
BT-v2,POOL-s0-b400,POOL-s2-b700,0.5975,0.3125,0.28500000000000003,100,1.8753556449159145e-10,4.48022463570412e-07,True
BT-v2,POOL-s0-b400,POOL-s2-b800,0.5975,0.2825,0.31500000000000006,100,3.545038150789926e-13,9.365990794386985e-10,True
BT-v2,POOL-s0-b400,POOL-s2-b900,0.5975,0.265,0.3325,100,3.439499831830731e-13,9.090598055528621e-10,True
BT-v2,POOL-s0-b400,POOL-s3-b100,0.5975,0.12,0.47750000000000004,100,6.039830612086936e-16,1.6917565544455508e-12,True
BT-v2,POOL-s0-b400,POOL-s3-b1000,0.5975,0.31,0.28750000000000003,100,5.775443312082976e-09,1.2954309413694475e-05,True
BT-v2,POOL-s0-b400,POOL-s3-b200,0.5975,0.0875,0.51,100,2.289944194523317e-17,6.624808554755956e-14,True
BT-v2,POOL-s0-b400,POOL-s3-b300,0.5975,0.165,0.4325,100,4.128022487634286e-16,1.1603871212739979e-12,True
BT-v2,POOL-s0-b400,POOL-s3-b400,0.5975,0.325,0.2725,100,6.123840929196653e-10,1.4293044728744988e-06,True
BT-v2,POOL-s0-b400,POOL-s3-b500,0.5975,0.065,0.5325,100,9.064205294670553e-18,2.641309422866999e-14,True
BT-v2,POOL-s0-b400,POOL-s3-b600,0.5975,0.49,0.10750000000000004,100,0.01388774972072246,1.0,False
BT-v2,POOL-s0-b400,POOL-s3-b700,0.5975,0.315,0.28250000000000003,100,1.0040332511983646e-11,2.530163793019879e-08,True
BT-v2,POOL-s0-b400,POOL-s3-b800,0.5975,0.4675,0.13,100,5.753264354976105e-05,0.09567678622325262,False
BT-v2,POOL-s0-b400,POOL-s3-b900,0.5975,0.3375,0.26,100,2.648896330081649e-07,0.000541434409868689,True
BT-v2,POOL-s0-b400,POOL-s4-b100,0.5975,0.14,0.4575,100,1.5442801265488657e-14,4.2143404653518544e-11,True
BT-v2,POOL-s0-b400,POOL-s4-b1000,0.5975,0.54,0.057499999999999996,100,0.060694339512815235,1.0,False
BT-v2,POOL-s0-b400,POOL-s4-b200,0.5975,0.11,0.48750000000000004,100,3.886545469208475e-16,1.093673895035265e-12,True
BT-v2,POOL-s0-b400,POOL-s4-b300,0.5975,0.16,0.4375,100,2.0973664472977216e-17,6.071875864926904e-14,True
BT-v2,POOL-s0-b400,POOL-s4-b400,0.5975,0.24,0.35750000000000004,100,4.083943891631199e-12,1.0430392699226082e-08,True
BT-v2,POOL-s0-b400,POOL-s4-b500,0.5975,0.06,0.5375000000000001,100,9.325469164400691e-17,2.652163430355557e-13,True
BT-v2,POOL-s0-b400,POOL-s4-b600,0.5975,0.0275,0.5700000000000001,100,3.0370525504187543e-18,8.96841618138658e-15,True
BT-v2,POOL-s0-b400,POOL-s4-b700,0.5975,0.215,0.38250000000000006,100,5.009627473723122e-14,1.3531003806526153e-10,True
BT-v2,POOL-s0-b400,POOL-s4-b800,0.5975,0.2875,0.31000000000000005,100,2.8202613933354226e-11,6.971686164325164e-08,True
BT-v2,POOL-s0-b400,POOL-s4-b900,0.5975,0.4,0.1975,100,5.357220520594268e-05,0.08935843828351239,False
BT-v2,POOL-s0-b500,POOL-s0-b600,0.4325,0.5925,-0.16000000000000003,100,5.5975730555466435e-05,0.09319959137485162,False
BT-v2,POOL-s0-b500,POOL-s0-b700,0.4325,0.4875,-0.05499999999999999,100,0.13753712502153262,1.0,False
BT-v2,POOL-s0-b500,POOL-s0-b800,0.4325,0.63,-0.1975,100,1.4419103058963842e-06,0.0027828868903800215,True
BT-v2,POOL-s0-b500,POOL-s0-b900,0.4325,0.73,-0.2975,100,7.788104080582771e-12,1.9711691427954995e-08,True
BT-v2,POOL-s0-b500,POOL-s1-b100,0.4325,0.0325,0.4,100,1.440350037421256e-14,3.9335959521974506e-11,True
BT-v2,POOL-s0-b500,POOL-s1-b1000,0.4325,0.44,-0.007500000000000007,100,0.7480136908140642,1.0,False
BT-v2,POOL-s0-b500,POOL-s1-b200,0.4325,0.2475,0.185,100,1.0310926303938856e-05,0.018501425111152277,True
BT-v2,POOL-s0-b500,POOL-s1-b300,0.4325,0.285,0.14750000000000002,100,0.0004419264381578366,0.6704024066854382,False
BT-v2,POOL-s0-b500,POOL-s1-b400,0.4325,0.2725,0.15999999999999998,100,3.296482093940163e-05,0.05630391416449798,False
BT-v2,POOL-s0-b500,POOL-s1-b500,0.4325,0.1925,0.24,100,4.280314426959168e-09,9.647828718365965e-06,True
BT-v2,POOL-s0-b500,POOL-s1-b600,0.4325,0.215,0.2175,100,1.3811115778762853e-08,3.0453510292172092e-05,True
BT-v2,POOL-s0-b500,POOL-s1-b700,0.4325,0.3,0.1325,100,0.0005910189679633883,0.878254186393595,False
BT-v2,POOL-s0-b500,POOL-s1-b800,0.4325,0.32,0.11249999999999999,100,0.0042316432392482525,1.0,False
BT-v2,POOL-s0-b500,POOL-s1-b900,0.4325,0.33,0.10249999999999998,100,0.0033352520683369376,1.0,False
BT-v2,POOL-s0-b500,POOL-s2-b100,0.4325,0.0525,0.38,100,4.4199753436821405e-14,1.1969293230691238e-10,True
BT-v2,POOL-s0-b500,POOL-s2-b1000,0.4325,0.3,0.1325,100,0.0005297048492792338,0.7966760933159677,False
BT-v2,POOL-s0-b500,POOL-s2-b200,0.4325,0.0425,0.39,100,8.4704321175172e-15,2.32936883231723e-11,True
BT-v2,POOL-s0-b500,POOL-s2-b300,0.4325,0.13,0.3025,100,5.328940114264693e-12,1.3562152590803644e-08,True
BT-v2,POOL-s0-b500,POOL-s2-b400,0.4325,0.4875,-0.05499999999999999,100,0.1559403359323957,1.0,False
BT-v2,POOL-s0-b500,POOL-s2-b500,0.4325,0.355,0.07750000000000001,100,0.020352067164974164,1.0,False
BT-v2,POOL-s0-b500,POOL-s2-b600,0.4325,0.3025,0.13,100,0.0013088305811920957,1.0,False
BT-v2,POOL-s0-b500,POOL-s2-b700,0.4325,0.3125,0.12,100,0.003494580566128954,1.0,False
BT-v2,POOL-s0-b500,POOL-s2-b800,0.4325,0.2825,0.15000000000000002,100,0.0001824503391615645,0.28845398621443347,False
BT-v2,POOL-s0-b500,POOL-s2-b900,0.4325,0.265,0.16749999999999998,100,4.895426585684465e-05,0.08209630384192848,False
BT-v2,POOL-s0-b500,POOL-s3-b100,0.4325,0.12,0.3125,100,5.087699713533221e-10,1.192556812852187e-06,True
BT-v2,POOL-s0-b500,POOL-s3-b1000,0.4325,0.31,0.1225,100,0.023433199131637276,1.0,False
BT-v2,POOL-s0-b500,POOL-s3-b200,0.4325,0.0875,0.345,100,1.5666431358820373e-13,4.173537313989747e-10,True
BT-v2,POOL-s0-b500,POOL-s3-b300,0.4325,0.165,0.26749999999999996,100,5.466228464165141e-11,1.3403192194132926e-07,True
BT-v2,POOL-s0-b500,POOL-s3-b400,0.4325,0.325,0.10749999999999998,100,0.007214258295319861,1.0,False
BT-v2,POOL-s0-b500,POOL-s3-b500,0.4325,0.065,0.3675,100,2.6208339239137364e-13,6.942589064447487e-10,True
BT-v2,POOL-s0-b500,POOL-s3-b600,0.4325,0.49,-0.057499999999999996,100,0.2579422316654594,1.0,False
BT-v2,POOL-s0-b500,POOL-s3-b700,0.4325,0.315,0.1175,100,0.0010202056995077488,1.0,False
BT-v2,POOL-s0-b500,POOL-s3-b800,0.4325,0.4675,-0.03500000000000003,100,0.4634685868596098,1.0,False
BT-v2,POOL-s0-b500,POOL-s3-b900,0.4325,0.3375,0.09499999999999997,100,0.056845572849939116,1.0,False
BT-v2,POOL-s0-b500,POOL-s4-b100,0.4325,0.14,0.2925,100,2.4298804237020222e-08,5.277700280280792e-05,True
BT-v2,POOL-s0-b500,POOL-s4-b1000,0.4325,0.54,-0.10750000000000004,100,0.007925235728846894,1.0,False
BT-v2,POOL-s0-b500,POOL-s4-b200,0.4325,0.11,0.3225,100,6.527144032828186e-10,1.5201718452456846e-06,True
BT-v2,POOL-s0-b500,POOL-s4-b300,0.4325,0.16,0.27249999999999996,100,4.003723598574341e-11,9.849160052492879e-08,True
BT-v2,POOL-s0-b500,POOL-s4-b400,0.4325,0.24,0.1925,100,0.00012153083180523505,0.19517851587920748,False
BT-v2,POOL-s0-b500,POOL-s4-b500,0.4325,0.06,0.3725,100,1.7240974907817157e-12,4.456792013670735e-09,True
BT-v2,POOL-s0-b500,POOL-s4-b600,0.4325,0.0275,0.40499999999999997,100,1.5239114673061663e-15,4.239521702045755e-12,True
BT-v2,POOL-s0-b500,POOL-s4-b700,0.4325,0.215,0.2175,100,2.91042261537107e-07,0.0005922710022280128,True
BT-v2,POOL-s0-b500,POOL-s4-b800,0.4325,0.2875,0.14500000000000002,100,0.0024207410216532453,1.0,False
BT-v2,POOL-s0-b500,POOL-s4-b900,0.4325,0.4,0.03249999999999997,100,0.5609967792224289,1.0,False
BT-v2,POOL-s0-b600,POOL-s0-b700,0.5925,0.4875,0.10500000000000004,100,0.006607994292886426,1.0,False
BT-v2,POOL-s0-b600,POOL-s0-b800,0.5925,0.63,-0.03749999999999998,100,0.5154413591056948,1.0,False
BT-v2,POOL-s0-b600,POOL-s0-b900,0.5925,0.73,-0.13749999999999996,100,1.2891389639444067e-05,0.02294667355821044,True
BT-v2,POOL-s0-b600,POOL-s1-b100,0.5925,0.0325,0.56,100,9.741759126730113e-18,2.835826081791136e-14,True
BT-v2,POOL-s0-b600,POOL-s1-b1000,0.5925,0.44,0.15250000000000002,100,1.4205821506944796e-06,0.00274314413299104,True
BT-v2,POOL-s0-b600,POOL-s1-b200,0.5925,0.2475,0.34500000000000003,100,9.246854335379458e-13,2.408805554366349e-09,True
BT-v2,POOL-s0-b600,POOL-s1-b300,0.5925,0.285,0.30750000000000005,100,1.7503727094963957e-10,4.1903922665343713e-07,True
BT-v2,POOL-s0-b600,POOL-s1-b400,0.5925,0.2725,0.32,100,2.1663859700301786e-12,5.587109416707831e-09,True
BT-v2,POOL-s0-b600,POOL-s1-b500,0.5925,0.1925,0.4,100,2.8773587990596416e-15,7.961651796998029e-12,True
BT-v2,POOL-s0-b600,POOL-s1-b600,0.5925,0.215,0.37750000000000006,100,3.775775754180309e-14,1.0247455396845358e-10,True
BT-v2,POOL-s0-b600,POOL-s1-b700,0.5925,0.3,0.29250000000000004,100,3.655699313115612e-12,9.362245940889082e-09,True
BT-v2,POOL-s0-b600,POOL-s1-b800,0.5925,0.32,0.2725,100,8.030444318308212e-11,1.9505949249170648e-07,True
BT-v2,POOL-s0-b600,POOL-s1-b900,0.5925,0.33,0.2625,100,2.0491704571554555e-10,4.885222369858606e-07,True
BT-v2,POOL-s0-b600,POOL-s2-b100,0.5925,0.0525,0.54,100,6.109621426950878e-18,1.788286191668522e-14,True
BT-v2,POOL-s0-b600,POOL-s2-b1000,0.5925,0.3,0.29250000000000004,100,1.1415443791531098e-12,2.9645907526606263e-09,True
BT-v2,POOL-s0-b600,POOL-s2-b200,0.5925,0.0425,0.55,100,6.623573353507497e-18,1.9360704912302414e-14,True
BT-v2,POOL-s0-b600,POOL-s2-b300,0.5925,0.13,0.4625,100,1.1999739499821898e-16,3.4043260960994725e-13,True
BT-v2,POOL-s0-b600,POOL-s2-b400,0.5925,0.4875,0.10500000000000004,100,0.002284847799276613,1.0,False
BT-v2,POOL-s0-b600,POOL-s2-b500,0.5925,0.355,0.23750000000000004,100,2.514095156625963e-09,5.724594671637318e-06,True
BT-v2,POOL-s0-b600,POOL-s2-b600,0.5925,0.3025,0.29000000000000004,100,1.363799536069168e-10,3.281301683782418e-07,True
BT-v2,POOL-s0-b600,POOL-s2-b700,0.5925,0.3125,0.28,100,7.988437770966115e-11,1.941190378344766e-07,True
BT-v2,POOL-s0-b600,POOL-s2-b800,0.5925,0.2825,0.31000000000000005,100,2.830177454244564e-11,6.993368489438318e-08,True
BT-v2,POOL-s0-b600,POOL-s2-b900,0.5925,0.265,0.3275,100,8.189350654595718e-12,2.071086780547257e-08,True
BT-v2,POOL-s0-b600,POOL-s3-b100,0.5925,0.12,0.47250000000000003,100,3.2535959749203795e-17,9.363849215820853e-14,True
BT-v2,POOL-s0-b600,POOL-s3-b1000,0.5925,0.31,0.28250000000000003,100,2.658497666265915e-10,6.303297966716484e-07,True
BT-v2,POOL-s0-b600,POOL-s3-b200,0.5925,0.0875,0.505,100,3.000267054127052e-17,8.640769115885909e-14,True
BT-v2,POOL-s0-b600,POOL-s3-b300,0.5925,0.165,0.4275,100,1.235805563476573e-15,3.4404826887187794e-12,True
BT-v2,POOL-s0-b600,POOL-s3-b400,0.5925,0.325,0.2675,100,7.491969805001116e-09,1.670709266515249e-05,True
BT-v2,POOL-s0-b600,POOL-s3-b500,0.5925,0.065,0.5275000000000001,100,2.7540813345613175e-17,7.945524650209401e-14,True
BT-v2,POOL-s0-b600,POOL-s3-b600,0.5925,0.49,0.10250000000000004,100,0.015760450215047114,1.0,False
BT-v2,POOL-s0-b600,POOL-s3-b700,0.5925,0.315,0.2775,100,2.141841589636215e-10,5.097582983334192e-07,True
BT-v2,POOL-s0-b600,POOL-s3-b800,0.5925,0.4675,0.125,100,0.000546336251450692,0.8184117046731366,False
BT-v2,POOL-s0-b600,POOL-s3-b900,0.5925,0.3375,0.255,100,4.642650742516892e-08,9.912059335273564e-05,True
BT-v2,POOL-s0-b600,POOL-s4-b100,0.5925,0.14,0.4525,100,2.4349456688708726e-14,6.625487164997644e-11,True
BT-v2,POOL-s0-b600,POOL-s4-b1000,0.5925,0.54,0.05249999999999999,100,0.04760993514501786,1.0,False
BT-v2,POOL-s0-b600,POOL-s4-b200,0.5925,0.11,0.48250000000000004,100,1.5163447821831861e-16,4.2927720783605997e-13,True
BT-v2,POOL-s0-b600,POOL-s4-b300,0.5925,0.16,0.4325,100,1.35080597446847e-15,3.759293026945752e-12,True
BT-v2,POOL-s0-b600,POOL-s4-b400,0.5925,0.24,0.35250000000000004,100,1.5454069536238223e-11,3.868153604920427e-08,True
BT-v2,POOL-s0-b600,POOL-s4-b500,0.5925,0.06,0.5325,100,2.5917079778256675e-17,7.490036055916179e-14,True
BT-v2,POOL-s0-b600,POOL-s4-b600,0.5925,0.0275,0.5650000000000001,100,1.0774535054850493e-17,3.132157340445038e-14,True
BT-v2,POOL-s0-b600,POOL-s4-b700,0.5925,0.215,0.37750000000000006,100,3.942053984138884e-12,1.0075889983458988e-08,True
BT-v2,POOL-s0-b600,POOL-s4-b800,0.5925,0.2875,0.30500000000000005,100,2.1365009344595566e-10,5.087008724948204e-07,True
BT-v2,POOL-s0-b600,POOL-s4-b900,0.5925,0.4,0.1925,100,2.9424105991584722e-05,0.050550614093542556,False
BT-v2,POOL-s0-b700,POOL-s0-b800,0.4875,0.63,-0.14250000000000002,100,0.00024932242774587264,0.3889429872835613,False
BT-v2,POOL-s0-b700,POOL-s0-b900,0.4875,0.73,-0.2425,100,1.8012170643984953e-08,3.944665371032705e-05,True
BT-v2,POOL-s0-b700,POOL-s1-b100,0.4875,0.0325,0.45499999999999996,100,4.33778076364528e-17,1.2458106353189243e-13,True
BT-v2,POOL-s0-b700,POOL-s1-b1000,0.4875,0.44,0.04749999999999999,100,0.18936872091061174,1.0,False
BT-v2,POOL-s0-b700,POOL-s1-b200,0.4875,0.2475,0.24,100,2.877674222311832e-07,0.0005861822390849201,True
BT-v2,POOL-s0-b700,POOL-s1-b300,0.4875,0.285,0.2025,100,1.1233972419061519e-05,0.020097576657701056,True
BT-v2,POOL-s0-b700,POOL-s1-b400,0.4875,0.2725,0.21499999999999997,100,1.2631285914285894e-06,0.0024567851103286065,True
BT-v2,POOL-s0-b700,POOL-s1-b500,0.4875,0.1925,0.295,100,1.1360820396254602e-10,2.7413659616162355e-07,True
BT-v2,POOL-s0-b700,POOL-s1-b600,0.4875,0.215,0.27249999999999996,100,1.0965351601834757e-09,2.530803149703462e-06,True
BT-v2,POOL-s0-b700,POOL-s1-b700,0.4875,0.3,0.1875,100,5.1039583914135665e-06,0.009498466566420647,True
BT-v2,POOL-s0-b700,POOL-s1-b800,0.4875,0.32,0.16749999999999998,100,1.780032223834353e-05,0.03125736585053124,True
BT-v2,POOL-s0-b700,POOL-s1-b900,0.4875,0.33,0.15749999999999997,100,0.00034996427228817256,0.5364952294177685,False
BT-v2,POOL-s0-b700,POOL-s2-b100,0.4875,0.0525,0.435,100,5.306005853019764e-16,1.4878040411867419e-12,True
BT-v2,POOL-s0-b700,POOL-s2-b1000,0.4875,0.3,0.1875,100,2.182113405387306e-06,0.00416347237747898,True
BT-v2,POOL-s0-b700,POOL-s2-b200,0.4875,0.0425,0.445,100,9.793357518836016e-17,2.7832722068531955e-13,True
BT-v2,POOL-s0-b700,POOL-s2-b300,0.4875,0.13,0.3575,100,2.46179969122968e-13,6.523769181758651e-10,True
BT-v2,POOL-s0-b700,POOL-s2-b400,0.4875,0.4875,0.0,100,0.9401311560373515,1.0,False
BT-v2,POOL-s0-b700,POOL-s2-b500,0.4875,0.355,0.1325,100,0.000665391076256746,0.9807864464024436,False
BT-v2,POOL-s0-b700,POOL-s2-b600,0.4875,0.3025,0.185,100,9.350655689515262e-06,0.016887284175264562,True
BT-v2,POOL-s0-b700,POOL-s2-b700,0.4875,0.3125,0.175,100,7.1329554824996285e-06,0.013096106265869318,True
BT-v2,POOL-s0-b700,POOL-s2-b800,0.4875,0.2825,0.20500000000000002,100,9.23080592373379e-07,0.0018083148804594496,True
BT-v2,POOL-s0-b700,POOL-s2-b900,0.4875,0.265,0.22249999999999998,100,1.5694636798075077e-07,0.00032566371356005785,True
BT-v2,POOL-s0-b700,POOL-s3-b100,0.4875,0.12,0.3675,100,5.806258699041251e-14,1.5642060935217132e-10,True
BT-v2,POOL-s0-b700,POOL-s3-b1000,0.4875,0.31,0.1775,100,1.186461227085034e-05,0.021190197515738706,True
BT-v2,POOL-s0-b700,POOL-s3-b200,0.4875,0.0875,0.4,100,1.6806681002656942e-15,4.665534646337567e-12,True
BT-v2,POOL-s0-b700,POOL-s3-b300,0.4875,0.165,0.3225,100,3.833882323867299e-11,9.442852163685157e-08,True
BT-v2,POOL-s0-b700,POOL-s3-b400,0.4875,0.325,0.16249999999999998,100,4.6181534642840474e-05,0.07767734126925768,False
BT-v2,POOL-s0-b700,POOL-s3-b500,0.4875,0.065,0.4225,100,9.227293330739577e-16,2.57626029794249e-12,True
BT-v2,POOL-s0-b700,POOL-s3-b600,0.4875,0.49,-0.0025000000000000022,100,0.9141661627129777,1.0,False
BT-v2,POOL-s0-b700,POOL-s3-b700,0.4875,0.315,0.1725,100,1.0220500380500656e-05,0.01837645968414018,True
BT-v2,POOL-s0-b700,POOL-s3-b800,0.4875,0.4675,0.019999999999999962,100,0.6065034798589657,1.0,False
BT-v2,POOL-s0-b700,POOL-s3-b900,0.4875,0.3375,0.14999999999999997,100,0.0001987412383283366,0.3132161916054585,False
BT-v2,POOL-s0-b700,POOL-s4-b100,0.4875,0.14,0.3475,100,5.271137021578134e-12,1.342031485693793e-08,True
BT-v2,POOL-s0-b700,POOL-s4-b1000,0.4875,0.54,-0.05250000000000005,100,0.16484527511212066,1.0,False
BT-v2,POOL-s0-b700,POOL-s4-b200,0.4875,0.11,0.3775,100,1.0529972061679575e-13,2.8178205237054543e-10,True
BT-v2,POOL-s0-b700,POOL-s4-b300,0.4875,0.16,0.3275,100,1.6196024692731805e-11,4.050625775652225e-08,True
BT-v2,POOL-s0-b700,POOL-s4-b400,0.4875,0.24,0.2475,100,5.9101776076329206e-08,0.0001256503759382759,True
BT-v2,POOL-s0-b700,POOL-s4-b500,0.4875,0.06,0.4275,100,1.0409665323721009e-15,2.9032556587857892e-12,True
BT-v2,POOL-s0-b700,POOL-s4-b600,0.4875,0.0275,0.45999999999999996,100,4.728831851191952e-17,1.3562289749218517e-13,True
BT-v2,POOL-s0-b700,POOL-s4-b700,0.4875,0.215,0.27249999999999996,100,2.4585700227123503e-09,5.603081081761446e-06,True
BT-v2,POOL-s0-b700,POOL-s4-b800,0.4875,0.2875,0.2,100,8.659324236457752e-06,0.01571866677280353,True
BT-v2,POOL-s0-b700,POOL-s4-b900,0.4875,0.4,0.08749999999999997,100,0.08542180315975163,1.0,False
BT-v2,POOL-s0-b800,POOL-s0-b900,0.63,0.73,-0.09999999999999998,100,0.0010271303909388004,1.0,False
BT-v2,POOL-s0-b800,POOL-s1-b100,0.63,0.0325,0.5975,100,1.788329772515347e-18,5.320281073233158e-15,True
BT-v2,POOL-s0-b800,POOL-s1-b1000,0.63,0.44,0.19,100,9.295117120709215e-10,2.153678636868325e-06,True
BT-v2,POOL-s0-b800,POOL-s1-b200,0.63,0.2475,0.3825,100,2.3603780847333187e-14,6.427309524728827e-11,True
BT-v2,POOL-s0-b800,POOL-s1-b300,0.63,0.285,0.34500000000000003,100,5.2270931563535205e-14,1.4113151522154506e-10,True
BT-v2,POOL-s0-b800,POOL-s1-b400,0.63,0.2725,0.3575,100,1.3502317256726028e-13,3.603768475820177e-10,True
BT-v2,POOL-s0-b800,POOL-s1-b500,0.63,0.1925,0.4375,100,8.244100749071906e-17,2.349568713485493e-13,True
BT-v2,POOL-s0-b800,POOL-s1-b600,0.63,0.215,0.41500000000000004,100,2.481337550217398e-16,7.014741254464584e-13,True
BT-v2,POOL-s0-b800,POOL-s1-b700,0.63,0.3,0.33,100,4.7521400389707696e-14,1.2864043085493874e-10,True
BT-v2,POOL-s0-b800,POOL-s1-b800,0.63,0.32,0.31,100,8.380383151354755e-14,2.2509709144538872e-10,True
BT-v2,POOL-s0-b800,POOL-s1-b900,0.63,0.33,0.3,100,5.993147599908595e-13,1.569605356416061e-09,True
BT-v2,POOL-s0-b800,POOL-s2-b100,0.63,0.0525,0.5775,100,2.0955824604363653e-18,6.213401995193823e-15,True
BT-v2,POOL-s0-b800,POOL-s2-b1000,0.63,0.3,0.33,100,3.3037993735815384e-13,8.735245543749588e-10,True
BT-v2,POOL-s0-b800,POOL-s2-b200,0.63,0.0425,0.5875,100,2.0742230335067075e-18,6.152145517380895e-15,True
BT-v2,POOL-s0-b800,POOL-s2-b300,0.63,0.13,0.5,100,5.17930506598283e-18,1.518572245346166e-14,True
BT-v2,POOL-s0-b800,POOL-s2-b400,0.63,0.4875,0.14250000000000002,100,1.4481265562786594e-05,0.02563184004613227,True
BT-v2,POOL-s0-b800,POOL-s2-b500,0.63,0.355,0.275,100,1.151051897932319e-11,2.8902913157080532e-08,True
BT-v2,POOL-s0-b800,POOL-s2-b600,0.63,0.3025,0.3275,100,1.2297725591877527e-12,3.1888002459738428e-09,True
BT-v2,POOL-s0-b800,POOL-s2-b700,0.63,0.3125,0.3175,100,2.4081128144552304e-13,6.383907071120816e-10,True
BT-v2,POOL-s0-b800,POOL-s2-b800,0.63,0.2825,0.34750000000000003,100,3.1093657328089304e-13,8.233600460478048e-10,True
BT-v2,POOL-s0-b800,POOL-s2-b900,0.63,0.265,0.365,100,5.891585888540331e-14,1.5866040797839112e-10,True
BT-v2,POOL-s0-b800,POOL-s3-b100,0.63,0.12,0.51,100,4.4192503424583175e-17,1.268766773319783e-13,True
BT-v2,POOL-s0-b800,POOL-s3-b1000,0.63,0.31,0.32,100,5.989494068037528e-12,1.5213314932815322e-08,True
BT-v2,POOL-s0-b800,POOL-s3-b200,0.63,0.0875,0.5425,100,4.278191743357564e-18,1.2565049150241165e-14,True
BT-v2,POOL-s0-b800,POOL-s3-b300,0.63,0.165,0.46499999999999997,100,1.5104950275278394e-16,4.277721917958841e-13,True
BT-v2,POOL-s0-b800,POOL-s3-b400,0.63,0.325,0.305,100,2.2713584830166863e-11,5.653411264228532e-08,True
BT-v2,POOL-s0-b800,POOL-s3-b500,0.63,0.065,0.565,100,6.979945500462839e-18,2.038144086135149e-14,True
BT-v2,POOL-s0-b800,POOL-s3-b600,0.63,0.49,0.14,100,0.0014867409799694527,1.0,False
BT-v2,POOL-s0-b800,POOL-s3-b700,0.63,0.315,0.315,100,4.0606209040248436e-13,1.0687554219393388e-09,True
BT-v2,POOL-s0-b800,POOL-s3-b800,0.63,0.4675,0.16249999999999998,100,1.3235467221206393e-07,0.0002759594915621533,True
BT-v2,POOL-s0-b800,POOL-s3-b900,0.63,0.3375,0.2925,100,3.654110079620115e-10,8.598121017346131e-07,True
BT-v2,POOL-s0-b800,POOL-s4-b100,0.63,0.14,0.49,100,3.99104925079792e-16,1.1226821542494549e-12,True
BT-v2,POOL-s0-b800,POOL-s4-b1000,0.63,0.54,0.08999999999999997,100,0.0017657306095069352,1.0,False
BT-v2,POOL-s0-b800,POOL-s4-b200,0.63,0.11,0.52,100,2.736423978480863e-17,7.897319601895771e-14,True
BT-v2,POOL-s0-b800,POOL-s4-b300,0.63,0.16,0.47,100,2.5825577937015133e-17,7.466174581591075e-14,True
BT-v2,POOL-s0-b800,POOL-s4-b400,0.63,0.24,0.39,100,3.3239027947465123e-15,9.18726732467936e-12,True
BT-v2,POOL-s0-b800,POOL-s4-b500,0.63,0.06,0.5700000000000001,100,9.072700461284306e-18,2.6428776443721183e-14,True
BT-v2,POOL-s0-b800,POOL-s4-b600,0.63,0.0275,0.6025,100,1.8919301010844634e-18,5.622816260423025e-15,True
BT-v2,POOL-s0-b800,POOL-s4-b700,0.63,0.215,0.41500000000000004,100,7.1730567538883e-15,1.9761771356962267e-11,True
BT-v2,POOL-s0-b800,POOL-s4-b800,0.63,0.2875,0.3425,100,1.5639291408325082e-12,4.050576474756196e-09,True
BT-v2,POOL-s0-b800,POOL-s4-b900,0.63,0.4,0.22999999999999998,100,1.3483774435959458e-06,0.0026145038631325388,True
BT-v2,POOL-s0-b900,POOL-s1-b100,0.73,0.0325,0.6975,100,1.6297394094279689e-18,4.858253179504775e-15,True
BT-v2,POOL-s0-b900,POOL-s1-b1000,0.73,0.44,0.29,100,1.1389475542798216e-16,3.233472106600413e-13,True
BT-v2,POOL-s0-b900,POOL-s1-b200,0.73,0.2475,0.4825,100,1.0179483215155545e-17,2.961211667288748e-14,True
BT-v2,POOL-s0-b900,POOL-s1-b300,0.73,0.285,0.445,100,1.5753754984296412e-15,4.379543885634402e-12,True
BT-v2,POOL-s0-b900,POOL-s1-b400,0.73,0.2725,0.45749999999999996,100,2.503366473168535e-16,7.07451365317428e-13,True
BT-v2,POOL-s0-b900,POOL-s1-b500,0.73,0.1925,0.5375,100,1.9173156297037608e-18,5.6963447358498735e-15,True
BT-v2,POOL-s0-b900,POOL-s1-b600,0.73,0.215,0.515,100,2.287729049591875e-18,6.7739657158415425e-15,True
BT-v2,POOL-s0-b900,POOL-s1-b700,0.73,0.3,0.43,100,2.6091988264658275e-17,7.537975409659776e-14,True
BT-v2,POOL-s0-b900,POOL-s1-b800,0.73,0.32,0.41,100,1.686207806585578e-17,4.8883164312915903e-14,True
BT-v2,POOL-s0-b900,POOL-s1-b900,0.73,0.33,0.39999999999999997,100,4.1938750379865486e-17,1.2053196859173342e-13,True
BT-v2,POOL-s0-b900,POOL-s2-b100,0.73,0.0525,0.6775,100,1.3072670806547002e-18,3.907421304076899e-15,True
BT-v2,POOL-s0-b900,POOL-s2-b1000,0.73,0.3,0.43,100,2.188375959513634e-17,6.333160026832457e-14,True
BT-v2,POOL-s0-b900,POOL-s2-b200,0.73,0.0425,0.6875,100,1.3968722530686188e-18,4.172457419915965e-15,True
BT-v2,POOL-s0-b900,POOL-s2-b300,0.73,0.13,0.6,100,1.6897607723813281e-18,5.0304178193792136e-15,True
BT-v2,POOL-s0-b900,POOL-s2-b400,0.73,0.4875,0.2425,100,1.0789512445532884e-11,2.7157202825406268e-08,True
BT-v2,POOL-s0-b900,POOL-s2-b500,0.73,0.355,0.375,100,3.663345875336225e-16,1.0315981984946809e-12,True
BT-v2,POOL-s0-b900,POOL-s2-b600,0.73,0.3025,0.4275,100,4.698110991830853e-16,1.3187597554069204e-12,True
BT-v2,POOL-s0-b900,POOL-s2-b700,0.73,0.3125,0.4175,100,7.016057357302128e-16,1.9637944543088656e-12,True
BT-v2,POOL-s0-b900,POOL-s2-b800,0.73,0.2825,0.4475,100,8.078230988309506e-17,2.30310365476704e-13,True
BT-v2,POOL-s0-b900,POOL-s2-b900,0.73,0.265,0.46499999999999997,100,4.009282324183097e-18,1.1791299315422489e-14,True
BT-v2,POOL-s0-b900,POOL-s3-b100,0.73,0.12,0.61,100,4.4979856750509354e-18,1.3206085941949546e-14,True
BT-v2,POOL-s0-b900,POOL-s3-b1000,0.73,0.31,0.42,100,1.031931331294189e-15,2.879088414310787e-12,True
BT-v2,POOL-s0-b900,POOL-s3-b200,0.73,0.0875,0.6425,100,1.6334802915189368e-18,4.867771268726432e-15,True
BT-v2,POOL-s0-b900,POOL-s3-b300,0.73,0.165,0.565,100,4.2611251864152365e-18,1.252344692287438e-14,True
BT-v2,POOL-s0-b900,POOL-s3-b400,0.73,0.325,0.40499999999999997,100,1.907053772489953e-15,5.288260111114639e-12,True
BT-v2,POOL-s0-b900,POOL-s3-b500,0.73,0.065,0.665,100,1.8006793500081e-18,5.353419707574081e-15,True
BT-v2,POOL-s0-b900,POOL-s3-b600,0.73,0.49,0.24,100,3.7252169749631246e-07,0.0007506312204550696,True
BT-v2,POOL-s0-b900,POOL-s3-b700,0.73,0.315,0.415,100,2.868386628504168e-16,8.097455452267266e-13,True
BT-v2,POOL-s0-b900,POOL-s3-b800,0.73,0.4675,0.26249999999999996,100,3.7111520340437154e-11,9.147989763917758e-08,True
BT-v2,POOL-s0-b900,POOL-s3-b900,0.73,0.3375,0.39249999999999996,100,1.0412567179025884e-13,2.787444233825229e-10,True
BT-v2,POOL-s0-b900,POOL-s4-b100,0.73,0.14,0.59,100,2.699832620732595e-17,7.794416776055002e-14,True
BT-v2,POOL-s0-b900,POOL-s4-b1000,0.73,0.54,0.18999999999999995,100,6.201251011648629e-09,1.3872198513057984e-05,True
BT-v2,POOL-s0-b900,POOL-s4-b200,0.73,0.11,0.62,100,4.851527450888121e-18,1.4234381540905748e-14,True
BT-v2,POOL-s0-b900,POOL-s4-b300,0.73,0.16,0.57,100,3.4937573911610394e-18,1.028911551696926e-14,True
BT-v2,POOL-s0-b900,POOL-s4-b400,0.73,0.24,0.49,100,7.959762873396757e-17,2.270124371492755e-13,True
BT-v2,POOL-s0-b900,POOL-s4-b500,0.73,0.06,0.6699999999999999,100,3.1630310112360486e-18,9.334104514157579e-15,True
BT-v2,POOL-s0-b900,POOL-s4-b600,0.73,0.0275,0.7025,100,1.462849981445094e-18,4.363681494650715e-15,True
BT-v2,POOL-s0-b900,POOL-s4-b700,0.73,0.215,0.515,100,3.227264465005444e-17,9.291294394750673e-14,True
BT-v2,POOL-s0-b900,POOL-s4-b800,0.73,0.2875,0.4425,100,1.6323788239917485e-15,4.5331159942250855e-12,True
BT-v2,POOL-s0-b900,POOL-s4-b900,0.73,0.4,0.32999999999999996,100,2.441928224975651e-11,6.068191639064492e-08,True
BT-v2,POOL-s1-b100,POOL-s1-b1000,0.0325,0.44,-0.4075,100,2.824851055880267e-18,8.35025972118207e-15,True
BT-v2,POOL-s1-b100,POOL-s1-b200,0.0325,0.2475,-0.215,100,5.328355941408459e-10,1.2473681258837203e-06,True
BT-v2,POOL-s1-b100,POOL-s1-b300,0.0325,0.285,-0.25249999999999995,100,6.873275406936684e-11,1.6743298891297764e-07,True
BT-v2,POOL-s1-b100,POOL-s1-b400,0.0325,0.2725,-0.24000000000000002,100,2.1662192210481333e-10,5.153435526873509e-07,True
BT-v2,POOL-s1-b100,POOL-s1-b500,0.0325,0.1925,-0.16,100,2.882187726235442e-09,6.545448326280688e-06,True
BT-v2,POOL-s1-b100,POOL-s1-b600,0.0325,0.215,-0.1825,100,8.6191759020578e-11,2.091012073839222e-07,True
BT-v2,POOL-s1-b100,POOL-s1-b700,0.0325,0.3,-0.26749999999999996,100,6.686643620761671e-14,1.7980384696228133e-10,True
BT-v2,POOL-s1-b100,POOL-s1-b800,0.0325,0.32,-0.2875,100,8.833676326359069e-16,2.467245797952088e-12,True
BT-v2,POOL-s1-b100,POOL-s1-b900,0.0325,0.33,-0.2975,100,1.2136215938287746e-12,3.1481344143918414e-09,True
BT-v2,POOL-s1-b100,POOL-s2-b100,0.0325,0.0525,-0.019999999999999997,100,0.24750387539837704,1.0,False
BT-v2,POOL-s1-b100,POOL-s2-b1000,0.0325,0.3,-0.26749999999999996,100,2.103440550887618e-14,5.729772060617871e-11,True
BT-v2,POOL-s1-b100,POOL-s2-b200,0.0325,0.0425,-0.010000000000000002,100,0.5147973162846587,1.0,False
BT-v2,POOL-s1-b100,POOL-s2-b300,0.0325,0.13,-0.0975,100,0.0005322603498944442,0.7994550455414551,False
BT-v2,POOL-s1-b100,POOL-s2-b400,0.0325,0.4875,-0.45499999999999996,100,6.770430997508831e-19,2.043993118147916e-15,True
BT-v2,POOL-s1-b100,POOL-s2-b500,0.0325,0.355,-0.3225,100,3.4571995808478657e-15,9.548785242301805e-12,True
BT-v2,POOL-s1-b100,POOL-s2-b600,0.0325,0.3025,-0.27,100,3.6179443846149336e-13,9.55499111976804e-10,True
BT-v2,POOL-s1-b100,POOL-s2-b700,0.0325,0.3125,-0.28,100,1.5686453038776354e-12,4.061222691739198e-09,True
BT-v2,POOL-s1-b100,POOL-s2-b800,0.0325,0.2825,-0.24999999999999997,100,1.0549885307577212e-11,2.656461120447942e-08,True
BT-v2,POOL-s1-b100,POOL-s2-b900,0.0325,0.265,-0.2325,100,1.7725555515298262e-11,4.4260712121699764e-08,True
BT-v2,POOL-s1-b100,POOL-s3-b100,0.0325,0.12,-0.0875,100,0.0003434642892256069,0.5268742196720809,False
BT-v2,POOL-s1-b100,POOL-s3-b1000,0.0325,0.31,-0.27749999999999997,100,1.3462080903969421e-14,3.68053291914524e-11,True
BT-v2,POOL-s1-b100,POOL-s3-b200,0.0325,0.0875,-0.05499999999999999,100,0.015201609687604265,1.0,False
BT-v2,POOL-s1-b100,POOL-s3-b300,0.0325,0.165,-0.1325,100,3.823437229657572e-05,0.06466073405484106,False
BT-v2,POOL-s1-b100,POOL-s3-b400,0.0325,0.325,-0.2925,100,6.580658530529705e-14,1.7701971447124906e-10,True
BT-v2,POOL-s1-b100,POOL-s3-b500,0.0325,0.065,-0.0325,100,0.34563695287563656,1.0,False
BT-v2,POOL-s1-b100,POOL-s3-b600,0.0325,0.49,-0.4575,100,1.8654933578979588e-17,5.4043342578303864e-14,True
BT-v2,POOL-s1-b100,POOL-s3-b700,0.0325,0.315,-0.2825,100,4.932414130477703e-14,1.3327382980550755e-10,True
BT-v2,POOL-s1-b100,POOL-s3-b800,0.0325,0.4675,-0.43500000000000005,100,7.679783521813171e-18,2.240192853312902e-14,True
BT-v2,POOL-s1-b100,POOL-s3-b900,0.0325,0.3375,-0.30500000000000005,100,3.445327864798185e-15,9.519440890437385e-12,True
BT-v2,POOL-s1-b100,POOL-s4-b100,0.0325,0.14,-0.10750000000000001,100,0.0002941086850651287,0.4538097010554936,False
BT-v2,POOL-s1-b100,POOL-s4-b1000,0.0325,0.54,-0.5075000000000001,100,4.542457214203218e-19,1.3759102901821547e-15,True
BT-v2,POOL-s1-b100,POOL-s4-b200,0.0325,0.11,-0.0775,100,0.018240612778735885,1.0,False
BT-v2,POOL-s1-b100,POOL-s4-b300,0.0325,0.16,-0.1275,100,6.302523306640424e-05,0.10430676072489903,False
BT-v2,POOL-s1-b100,POOL-s4-b400,0.0325,0.24,-0.2075,100,3.9830629901998615e-11,9.80231801888186e-08,True
BT-v2,POOL-s1-b100,POOL-s4-b500,0.0325,0.06,-0.027499999999999997,100,0.37324442662084134,1.0,False
BT-v2,POOL-s1-b100,POOL-s4-b600,0.0325,0.0275,0.005000000000000001,100,0.6295597883463353,1.0,False
BT-v2,POOL-s1-b100,POOL-s4-b700,0.0325,0.215,-0.1825,100,1.538209181286493e-07,0.00031933222603507594,True
BT-v2,POOL-s1-b100,POOL-s4-b800,0.0325,0.2875,-0.255,100,6.278271639161384e-11,1.5325261071192938e-07,True
BT-v2,POOL-s1-b100,POOL-s4-b900,0.0325,0.4,-0.36750000000000005,100,4.921057806515682e-14,1.330161925101189e-10,True
BT-v2,POOL-s1-b1000,POOL-s1-b200,0.44,0.2475,0.1925,100,1.4455437555842144e-08,3.18308734979644e-05,True
BT-v2,POOL-s1-b1000,POOL-s1-b300,0.44,0.285,0.15500000000000003,100,4.875825475304322e-06,0.009108041987868474,True
BT-v2,POOL-s1-b1000,POOL-s1-b400,0.44,0.2725,0.16749999999999998,100,1.705337447831254e-06,0.003281069249627333,True
BT-v2,POOL-s1-b1000,POOL-s1-b500,0.44,0.1925,0.2475,100,5.396319086209951e-15,1.4883048039767044e-11,True
BT-v2,POOL-s1-b1000,POOL-s1-b600,0.44,0.215,0.225,100,4.780147066535067e-13,1.2562226490854156e-09,True
BT-v2,POOL-s1-b1000,POOL-s1-b700,0.44,0.3,0.14,100,3.2978573667445987e-07,0.0006674863310291068,True
BT-v2,POOL-s1-b1000,POOL-s1-b800,0.44,0.32,0.12,100,5.034840797365182e-08,0.00010729245739185203,True
BT-v2,POOL-s1-b1000,POOL-s1-b900,0.44,0.33,0.10999999999999999,100,0.0002806874788804571,0.4339428423491867,False
BT-v2,POOL-s1-b1000,POOL-s2-b100,0.44,0.0525,0.3875,100,6.602475075181314e-19,1.994738904794613e-15,True
BT-v2,POOL-s1-b1000,POOL-s2-b1000,0.44,0.3,0.14,100,1.4189819874405536e-07,0.0002954320497851233,True
BT-v2,POOL-s1-b1000,POOL-s2-b200,0.44,0.0425,0.3975,100,4.354280374126138e-19,1.3193469533602199e-15,True
BT-v2,POOL-s1-b1000,POOL-s2-b300,0.44,0.13,0.31,100,3.6431049717198794e-16,1.02626267053349e-12,True
BT-v2,POOL-s1-b1000,POOL-s2-b400,0.44,0.4875,-0.04749999999999999,100,0.029246707145205057,1.0,False
BT-v2,POOL-s1-b1000,POOL-s2-b500,0.44,0.355,0.08500000000000002,100,0.0012252473999080876,1.0,False
BT-v2,POOL-s1-b1000,POOL-s2-b600,0.44,0.3025,0.1375,100,2.533622910021285e-06,0.004813883529040442,True
BT-v2,POOL-s1-b1000,POOL-s2-b700,0.44,0.3125,0.1275,100,1.801942623395948e-05,0.031624093040598884,True
BT-v2,POOL-s1-b1000,POOL-s2-b800,0.44,0.2825,0.15750000000000003,100,1.5175218703185644e-07,0.0003153410446521977,True
BT-v2,POOL-s1-b1000,POOL-s2-b900,0.44,0.265,0.175,100,2.8224611848625263e-09,6.418276734377385e-06,True
BT-v2,POOL-s1-b1000,POOL-s3-b100,0.44,0.12,0.32,100,7.661796476907705e-15,2.1085263904450003e-11,True
BT-v2,POOL-s1-b1000,POOL-s3-b1000,0.44,0.31,0.13,100,6.321728426571511e-05,0.10449817089122708,False
BT-v2,POOL-s1-b1000,POOL-s3-b200,0.44,0.0875,0.35250000000000004,100,5.3042992722484554e-17,1.5196817414991825e-13,True
BT-v2,POOL-s1-b1000,POOL-s3-b300,0.44,0.165,0.275,100,9.431596671867227e-14,2.5276679080604167e-10,True
BT-v2,POOL-s1-b1000,POOL-s3-b400,0.44,0.325,0.11499999999999999,100,0.0001595925720572115,0.25311381928273746,False
BT-v2,POOL-s1-b1000,POOL-s3-b500,0.44,0.065,0.375,100,7.006693159668148e-18,2.0452537333071326e-14,True
BT-v2,POOL-s1-b1000,POOL-s3-b600,0.44,0.49,-0.04999999999999999,100,0.21017726298258,1.0,False
BT-v2,POOL-s1-b1000,POOL-s3-b700,0.44,0.315,0.125,100,1.0935690158161953e-05,0.019585821073268058,True
BT-v2,POOL-s1-b1000,POOL-s3-b800,0.44,0.4675,-0.027500000000000024,100,0.45776253237440656,1.0,False
BT-v2,POOL-s1-b1000,POOL-s3-b900,0.44,0.3375,0.10249999999999998,100,0.0011475695876589005,1.0,False
BT-v2,POOL-s1-b1000,POOL-s4-b100,0.44,0.14,0.3,100,1.0047665071232594e-12,2.6123929185204742e-09,True
BT-v2,POOL-s1-b1000,POOL-s4-b1000,0.44,0.54,-0.10000000000000003,100,9.008586342858552e-05,0.146930043252023,False
BT-v2,POOL-s1-b1000,POOL-s4-b200,0.44,0.11,0.33,100,8.958526624488419e-15,2.4626989690718662e-11,True
BT-v2,POOL-s1-b1000,POOL-s4-b300,0.44,0.16,0.28,100,2.8650969327717444e-14,7.78446836634083e-11,True
BT-v2,POOL-s1-b1000,POOL-s4-b400,0.44,0.24,0.2,100,1.8349774741155915e-10,4.3855961631362635e-07,True
BT-v2,POOL-s1-b1000,POOL-s4-b500,0.44,0.06,0.38,100,3.493042293185093e-17,1.0045989635200328e-13,True
BT-v2,POOL-s1-b1000,POOL-s4-b600,0.44,0.0275,0.4125,100,2.1836121286754236e-19,6.627262810529911e-16,True
BT-v2,POOL-s1-b1000,POOL-s4-b700,0.44,0.215,0.225,100,1.621761034598008e-09,3.7203198133678304e-06,True
BT-v2,POOL-s1-b1000,POOL-s4-b800,0.44,0.2875,0.15250000000000002,100,1.1556813621254126e-05,0.020652025941181124,True
BT-v2,POOL-s1-b1000,POOL-s4-b900,0.44,0.4,0.03999999999999998,100,0.2560567013171725,1.0,False
BT-v2,POOL-s1-b200,POOL-s1-b300,0.2475,0.285,-0.03749999999999998,100,0.33182350454683174,1.0,False
BT-v2,POOL-s1-b200,POOL-s1-b400,0.2475,0.2725,-0.025000000000000022,100,0.404005317697127,1.0,False
BT-v2,POOL-s1-b200,POOL-s1-b500,0.2475,0.1925,0.05499999999999999,100,0.03683255178687171,1.0,False
BT-v2,POOL-s1-b200,POOL-s1-b600,0.2475,0.215,0.0325,100,0.2870546480953887,1.0,False
BT-v2,POOL-s1-b200,POOL-s1-b700,0.2475,0.3,-0.05249999999999999,100,0.040263819891916464,1.0,False
BT-v2,POOL-s1-b200,POOL-s1-b800,0.2475,0.32,-0.07250000000000001,100,0.026930001278642163,1.0,False
BT-v2,POOL-s1-b200,POOL-s1-b900,0.2475,0.33,-0.08250000000000002,100,0.019172867670773974,1.0,False
BT-v2,POOL-s1-b200,POOL-s2-b100,0.2475,0.0525,0.195,100,1.2251706305223588e-08,2.7125277759765023e-05,True
BT-v2,POOL-s1-b200,POOL-s2-b1000,0.2475,0.3,-0.05249999999999999,100,0.09557742225808011,1.0,False
BT-v2,POOL-s1-b200,POOL-s2-b200,0.2475,0.0425,0.205,100,3.5416311636168494e-10,8.336999759154064e-07,True
BT-v2,POOL-s1-b200,POOL-s2-b300,0.2475,0.13,0.1175,100,0.0012603185750007517,1.0,False
BT-v2,POOL-s1-b200,POOL-s2-b400,0.2475,0.4875,-0.24,100,1.1805054597456806e-09,2.719884579254048e-06,True
BT-v2,POOL-s1-b200,POOL-s2-b500,0.2475,0.355,-0.10749999999999998,100,0.0004129091750609728,0.6288606736178616,False
BT-v2,POOL-s1-b200,POOL-s2-b600,0.2475,0.3025,-0.05499999999999999,100,0.034520714122694016,1.0,False
BT-v2,POOL-s1-b200,POOL-s2-b700,0.2475,0.3125,-0.065,100,0.041285349547963056,1.0,False
BT-v2,POOL-s1-b200,POOL-s2-b800,0.2475,0.2825,-0.034999999999999976,100,0.22013005394339702,1.0,False
BT-v2,POOL-s1-b200,POOL-s2-b900,0.2475,0.265,-0.017500000000000016,100,0.5332604060643809,1.0,False
BT-v2,POOL-s1-b200,POOL-s3-b100,0.2475,0.12,0.1275,100,0.0009337717306002107,1.0,False
BT-v2,POOL-s1-b200,POOL-s3-b1000,0.2475,0.31,-0.0625,100,0.06052761700432271,1.0,False
BT-v2,POOL-s1-b200,POOL-s3-b200,0.2475,0.0875,0.16,100,8.161756824974818e-07,0.0016037852161075517,True
BT-v2,POOL-s1-b200,POOL-s3-b300,0.2475,0.165,0.08249999999999999,100,0.0015589145224198936,1.0,False
BT-v2,POOL-s1-b200,POOL-s3-b400,0.2475,0.325,-0.07750000000000001,100,0.02693480294021791,1.0,False
BT-v2,POOL-s1-b200,POOL-s3-b500,0.2475,0.065,0.1825,100,2.939094046448339e-07,0.0005978117290475922,True
BT-v2,POOL-s1-b200,POOL-s3-b600,0.2475,0.49,-0.2425,100,3.8439040917402574e-07,0.0007741622840764878,True
BT-v2,POOL-s1-b200,POOL-s3-b700,0.2475,0.315,-0.0675,100,0.03211188744599215,1.0,False
BT-v2,POOL-s1-b200,POOL-s3-b800,0.2475,0.4675,-0.22000000000000003,100,5.775438882610109e-09,1.2954309413694475e-05,True
BT-v2,POOL-s1-b200,POOL-s3-b900,0.2475,0.3375,-0.09000000000000002,100,0.02434167690362882,1.0,False
BT-v2,POOL-s1-b200,POOL-s4-b100,0.2475,0.14,0.10749999999999998,100,0.0051349197210215185,1.0,False
BT-v2,POOL-s1-b200,POOL-s4-b1000,0.2475,0.54,-0.29250000000000004,100,2.8881722990169232e-12,7.416826463875459e-09,True
BT-v2,POOL-s1-b200,POOL-s4-b200,0.2475,0.11,0.1375,100,0.0002683593596580487,0.41617131278888225,False
BT-v2,POOL-s1-b200,POOL-s4-b300,0.2475,0.16,0.0875,100,0.01678847558444488,1.0,False
BT-v2,POOL-s1-b200,POOL-s4-b400,0.2475,0.24,0.007500000000000007,100,0.7713901790631981,1.0,False
BT-v2,POOL-s1-b200,POOL-s4-b500,0.2475,0.06,0.1875,100,3.041053236613208e-07,0.0006176379123561425,True
BT-v2,POOL-s1-b200,POOL-s4-b600,0.2475,0.0275,0.22,100,9.463476884759247e-11,2.2920541014886895e-07,True
BT-v2,POOL-s1-b200,POOL-s4-b700,0.2475,0.215,0.0325,100,0.29528261249541987,1.0,False
BT-v2,POOL-s1-b200,POOL-s4-b800,0.2475,0.2875,-0.03999999999999998,100,0.1952900162039346,1.0,False
BT-v2,POOL-s1-b200,POOL-s4-b900,0.2475,0.4,-0.15250000000000002,100,0.0004738125515324155,0.7154569528139474,False
BT-v2,POOL-s1-b300,POOL-s1-b400,0.285,0.2725,0.012499999999999956,100,0.9523332875373098,1.0,False
BT-v2,POOL-s1-b300,POOL-s1-b500,0.285,0.1925,0.09249999999999997,100,0.006922444939944693,1.0,False
BT-v2,POOL-s1-b300,POOL-s1-b600,0.285,0.215,0.06999999999999998,100,0.03131185168611454,1.0,False
BT-v2,POOL-s1-b300,POOL-s1-b700,0.285,0.3,-0.015000000000000013,100,0.3574875871930602,1.0,False
BT-v2,POOL-s1-b300,POOL-s1-b800,0.285,0.32,-0.03500000000000003,100,0.13521458630248948,1.0,False
BT-v2,POOL-s1-b300,POOL-s1-b900,0.285,0.33,-0.04500000000000004,100,0.22507761554225358,1.0,False
BT-v2,POOL-s1-b300,POOL-s2-b100,0.285,0.0525,0.23249999999999998,100,3.341193637679314e-09,7.557780008430608e-06,True
BT-v2,POOL-s1-b300,POOL-s2-b1000,0.285,0.3,-0.015000000000000013,100,0.4356118642694896,1.0,False
BT-v2,POOL-s1-b300,POOL-s2-b200,0.285,0.0425,0.24249999999999997,100,1.773004019727579e-10,4.242798619208097e-07,True
BT-v2,POOL-s1-b300,POOL-s2-b300,0.285,0.13,0.15499999999999997,100,0.00013581261338864743,0.21689274358166993,False
BT-v2,POOL-s1-b300,POOL-s2-b400,0.285,0.4875,-0.2025,100,5.051643516067616e-07,0.001008308045807096,True
BT-v2,POOL-s1-b300,POOL-s2-b500,0.285,0.355,-0.07,100,0.019637574694114167,1.0,False
BT-v2,POOL-s1-b300,POOL-s2-b600,0.285,0.3025,-0.017500000000000016,100,0.4916036380225486,1.0,False
BT-v2,POOL-s1-b300,POOL-s2-b700,0.285,0.3125,-0.027500000000000024,100,0.18755997618286846,1.0,False
BT-v2,POOL-s1-b300,POOL-s2-b800,0.285,0.2825,0.0025000000000000022,100,0.6966304972175008,1.0,False
BT-v2,POOL-s1-b300,POOL-s2-b900,0.285,0.265,0.019999999999999962,100,0.9776996170281781,1.0,False
BT-v2,POOL-s1-b300,POOL-s3-b100,0.285,0.12,0.16499999999999998,100,7.607869380065599e-05,0.1253016086896804,False
BT-v2,POOL-s1-b300,POOL-s3-b1000,0.285,0.31,-0.025000000000000022,100,0.2687732917547194,1.0,False
BT-v2,POOL-s1-b300,POOL-s3-b200,0.285,0.0875,0.19749999999999998,100,2.0591165412979376e-07,0.0004235446109482834,True
BT-v2,POOL-s1-b300,POOL-s3-b300,0.285,0.165,0.11999999999999997,100,0.0006069719145482018,0.8989254054458868,False
BT-v2,POOL-s1-b300,POOL-s3-b400,0.285,0.325,-0.040000000000000036,100,0.3094819440336253,1.0,False
BT-v2,POOL-s1-b300,POOL-s3-b500,0.285,0.065,0.21999999999999997,100,2.7710547071049514e-08,5.9882492220538004e-05,True
BT-v2,POOL-s1-b300,POOL-s3-b600,0.285,0.49,-0.20500000000000002,100,7.160583309649775e-06,0.013132509789897688,True
BT-v2,POOL-s1-b300,POOL-s3-b700,0.285,0.315,-0.030000000000000027,100,0.2457585763390333,1.0,False
BT-v2,POOL-s1-b300,POOL-s3-b800,0.285,0.4675,-0.18250000000000005,100,1.4810230580317443e-06,0.002856893478943235,True
BT-v2,POOL-s1-b300,POOL-s3-b900,0.285,0.3375,-0.05250000000000005,100,0.10918611285776982,1.0,False
BT-v2,POOL-s1-b300,POOL-s4-b100,0.285,0.14,0.14499999999999996,100,0.0007381170986124364,1.0,False
BT-v2,POOL-s1-b300,POOL-s4-b1000,0.285,0.54,-0.25500000000000006,100,1.0049299473144609e-09,2.3233980381910334e-06,True
BT-v2,POOL-s1-b300,POOL-s4-b200,0.285,0.11,0.175,100,2.809521767952271e-05,0.04832377440877906,True
BT-v2,POOL-s1-b300,POOL-s4-b300,0.285,0.16,0.12499999999999997,100,0.0005648907751339837,0.8416872549496357,False
BT-v2,POOL-s1-b300,POOL-s4-b400,0.285,0.24,0.044999999999999984,100,0.4591380236910908,1.0,False
BT-v2,POOL-s1-b300,POOL-s4-b500,0.285,0.06,0.22499999999999998,100,2.301844673654655e-08,5.0157195438934934e-05,True
BT-v2,POOL-s1-b300,POOL-s4-b600,0.285,0.0275,0.25749999999999995,100,7.48565294952346e-12,1.896115892114292e-08,True
BT-v2,POOL-s1-b300,POOL-s4-b700,0.285,0.215,0.06999999999999998,100,0.07825862494156186,1.0,False
BT-v2,POOL-s1-b300,POOL-s4-b800,0.285,0.2875,-0.0025000000000000022,100,0.7618570877682405,1.0,False
BT-v2,POOL-s1-b300,POOL-s4-b900,0.285,0.4,-0.11500000000000005,100,0.006655166258359997,1.0,False
BT-v2,POOL-s1-b400,POOL-s1-b500,0.2725,0.1925,0.08000000000000002,100,0.01148373597850672,1.0,False
BT-v2,POOL-s1-b400,POOL-s1-b600,0.2725,0.215,0.05750000000000002,100,0.11771377462742791,1.0,False
BT-v2,POOL-s1-b400,POOL-s1-b700,0.2725,0.3,-0.02749999999999997,100,0.3471336334840237,1.0,False
BT-v2,POOL-s1-b400,POOL-s1-b800,0.2725,0.32,-0.04749999999999999,100,0.15638342517992285,1.0,False
BT-v2,POOL-s1-b400,POOL-s1-b900,0.2725,0.33,-0.057499999999999996,100,0.04282084965166264,1.0,False
BT-v2,POOL-s1-b400,POOL-s2-b100,0.2725,0.0525,0.22000000000000003,100,1.4161191347989494e-08,3.1197104539620856e-05,True
BT-v2,POOL-s1-b400,POOL-s2-b1000,0.2725,0.3,-0.02749999999999997,100,0.3537356614936452,1.0,False
BT-v2,POOL-s1-b400,POOL-s2-b200,0.2725,0.0425,0.23,100,2.966912079638783e-10,7.004879420027166e-07,True
BT-v2,POOL-s1-b400,POOL-s2-b300,0.2725,0.13,0.14250000000000002,100,3.711087917424667e-05,0.0629029402003481,False
BT-v2,POOL-s1-b400,POOL-s2-b400,0.2725,0.4875,-0.21499999999999997,100,3.5292260287852414e-08,7.58783596188827e-05,True
BT-v2,POOL-s1-b400,POOL-s2-b500,0.2725,0.355,-0.08249999999999996,100,0.012412744031777629,1.0,False
BT-v2,POOL-s1-b400,POOL-s2-b600,0.2725,0.3025,-0.02999999999999997,100,0.4370519860200408,1.0,False
BT-v2,POOL-s1-b400,POOL-s2-b700,0.2725,0.3125,-0.03999999999999998,100,0.1827394603579049,1.0,False
BT-v2,POOL-s1-b400,POOL-s2-b800,0.2725,0.2825,-0.009999999999999953,100,0.7299023514912627,1.0,False
BT-v2,POOL-s1-b400,POOL-s2-b900,0.2725,0.265,0.007500000000000007,100,0.9608942711336527,1.0,False
BT-v2,POOL-s1-b400,POOL-s3-b100,0.2725,0.12,0.15250000000000002,100,2.5162749420983797e-05,0.04360704474656492,True
BT-v2,POOL-s1-b400,POOL-s3-b1000,0.2725,0.31,-0.03749999999999998,100,0.25699966733812885,1.0,False
BT-v2,POOL-s1-b400,POOL-s3-b200,0.2725,0.0875,0.18500000000000003,100,1.292588128671436e-07,0.000270021660079463,True
BT-v2,POOL-s1-b400,POOL-s3-b300,0.2725,0.165,0.10750000000000001,100,0.00288757469237932,1.0,False
BT-v2,POOL-s1-b400,POOL-s3-b400,0.2725,0.325,-0.05249999999999999,100,0.0744049011241826,1.0,False
BT-v2,POOL-s1-b400,POOL-s3-b500,0.2725,0.065,0.20750000000000002,100,2.638347698621365e-08,5.719549099373043e-05,True
BT-v2,POOL-s1-b400,POOL-s3-b600,0.2725,0.49,-0.21749999999999997,100,8.656974322554979e-06,0.01571866677280353,True
BT-v2,POOL-s1-b400,POOL-s3-b700,0.2725,0.315,-0.04249999999999998,100,0.3194594607485117,1.0,False
BT-v2,POOL-s1-b400,POOL-s3-b800,0.2725,0.4675,-0.195,100,5.978687305020914e-07,0.0011867694300466513,True
BT-v2,POOL-s1-b400,POOL-s3-b900,0.2725,0.3375,-0.065,100,0.1140164585262854,1.0,False
BT-v2,POOL-s1-b400,POOL-s4-b100,0.2725,0.14,0.1325,100,0.00043711588439354507,0.663979028393795,False
BT-v2,POOL-s1-b400,POOL-s4-b1000,0.2725,0.54,-0.2675,100,9.0815577141134e-11,2.2013695899010882e-07,True
BT-v2,POOL-s1-b400,POOL-s4-b200,0.2725,0.11,0.16250000000000003,100,3.476527092335698e-05,0.059135725840630225,False
BT-v2,POOL-s1-b400,POOL-s4-b300,0.2725,0.16,0.11250000000000002,100,0.0014830504879440039,1.0,False
BT-v2,POOL-s1-b400,POOL-s4-b400,0.2725,0.24,0.03250000000000003,100,0.5985471401836098,1.0,False
BT-v2,POOL-s1-b400,POOL-s4-b500,0.2725,0.06,0.21250000000000002,100,6.216886884538457e-08,0.00013186017082106067,True
BT-v2,POOL-s1-b400,POOL-s4-b600,0.2725,0.0275,0.24500000000000002,100,4.79741705050142e-11,1.179205111013249e-07,True
BT-v2,POOL-s1-b400,POOL-s4-b700,0.2725,0.215,0.05750000000000002,100,0.1564489297977474,1.0,False
BT-v2,POOL-s1-b400,POOL-s4-b800,0.2725,0.2875,-0.014999999999999958,100,0.5525985582723683,1.0,False
BT-v2,POOL-s1-b400,POOL-s4-b900,0.2725,0.4,-0.1275,100,0.006545984256663856,1.0,False
BT-v2,POOL-s1-b500,POOL-s1-b600,0.1925,0.215,-0.022499999999999992,100,0.25267751195349375,1.0,False
BT-v2,POOL-s1-b500,POOL-s1-b700,0.1925,0.3,-0.10749999999999998,100,8.459316184862671e-05,0.13856359910805055,False
BT-v2,POOL-s1-b500,POOL-s1-b800,0.1925,0.32,-0.1275,100,5.621793890031068e-06,0.010411562284337539,True
BT-v2,POOL-s1-b500,POOL-s1-b900,0.1925,0.33,-0.1375,100,1.303121509705939e-05,0.023169500442571597,True
BT-v2,POOL-s1-b500,POOL-s2-b100,0.1925,0.0525,0.14,100,1.7585276735045343e-07,0.0003633118173460368,True
BT-v2,POOL-s1-b500,POOL-s2-b1000,0.1925,0.3,-0.10749999999999998,100,0.0002339264690375523,0.36609492404376937,False
BT-v2,POOL-s1-b500,POOL-s2-b200,0.1925,0.0425,0.15,100,1.3050474962375923e-09,3.0016092413464625e-06,True
BT-v2,POOL-s1-b500,POOL-s2-b300,0.1925,0.13,0.0625,100,0.02093926840608256,1.0,False
BT-v2,POOL-s1-b500,POOL-s2-b400,0.1925,0.4875,-0.295,100,7.72615965911588e-13,2.0188455189269795e-09,True
BT-v2,POOL-s1-b500,POOL-s2-b500,0.1925,0.355,-0.16249999999999998,100,1.7273207050786248e-07,0.0003572099218102596,True
BT-v2,POOL-s1-b500,POOL-s2-b600,0.1925,0.3025,-0.10999999999999999,100,0.00045480073879761287,0.6884218013415025,False
BT-v2,POOL-s1-b500,POOL-s2-b700,0.1925,0.3125,-0.12,100,0.0008600915868681767,1.0,False
BT-v2,POOL-s1-b500,POOL-s2-b800,0.1925,0.2825,-0.08999999999999997,100,0.01098022998289482,1.0,False
BT-v2,POOL-s1-b500,POOL-s2-b900,0.1925,0.265,-0.07250000000000001,100,0.010646739450123422,1.0,False
BT-v2,POOL-s1-b500,POOL-s3-b100,0.1925,0.12,0.07250000000000001,100,0.0035344932804091773,1.0,False
BT-v2,POOL-s1-b500,POOL-s3-b1000,0.1925,0.31,-0.1175,100,0.002314435078819226,1.0,False
BT-v2,POOL-s1-b500,POOL-s3-b200,0.1925,0.0875,0.10500000000000001,100,7.881925886337672e-05,0.1295788615713913,False
BT-v2,POOL-s1-b500,POOL-s3-b300,0.1925,0.165,0.027499999999999997,100,0.20809666018552808,1.0,False
BT-v2,POOL-s1-b500,POOL-s3-b400,0.1925,0.325,-0.1325,100,3.157057008625942e-05,0.054017245417589864,False
BT-v2,POOL-s1-b500,POOL-s3-b500,0.1925,0.065,0.1275,100,7.619466216308473e-07,0.001501034844612769,True
BT-v2,POOL-s1-b500,POOL-s3-b600,0.1925,0.49,-0.2975,100,1.1486643169580444e-09,2.6499685792222086e-06,True
BT-v2,POOL-s1-b500,POOL-s3-b700,0.1925,0.315,-0.1225,100,0.000122436619317644,0.196388337385501,False
BT-v2,POOL-s1-b500,POOL-s3-b800,0.1925,0.4675,-0.275,100,5.235039174150981e-13,1.3741977832146324e-09,True
BT-v2,POOL-s1-b500,POOL-s3-b900,0.1925,0.3375,-0.14500000000000002,100,0.00023841607692699123,0.3728827443138143,False
BT-v2,POOL-s1-b500,POOL-s4-b100,0.1925,0.14,0.05249999999999999,100,0.027374647446647284,1.0,False
BT-v2,POOL-s1-b500,POOL-s4-b1000,0.1925,0.54,-0.34750000000000003,100,5.992252200215751e-17,1.7141367801901595e-13,True
BT-v2,POOL-s1-b500,POOL-s4-b200,0.1925,0.11,0.0825,100,0.0015908012510737564,1.0,False
BT-v2,POOL-s1-b500,POOL-s4-b300,0.1925,0.16,0.0325,100,0.15720096040717546,1.0,False
BT-v2,POOL-s1-b500,POOL-s4-b400,0.1925,0.24,-0.04749999999999999,100,0.1453971728402792,1.0,False
BT-v2,POOL-s1-b500,POOL-s4-b500,0.1925,0.06,0.1325,100,1.0363293465098989e-06,0.002026023872426852,True
BT-v2,POOL-s1-b500,POOL-s4-b600,0.1925,0.0275,0.165,100,1.491872255698144e-10,3.583477158186942e-07,True
BT-v2,POOL-s1-b500,POOL-s4-b700,0.1925,0.215,-0.022499999999999992,100,0.8778634661204181,1.0,False
BT-v2,POOL-s1-b500,POOL-s4-b800,0.1925,0.2875,-0.09499999999999997,100,0.0043417491665217215,1.0,False
BT-v2,POOL-s1-b500,POOL-s4-b900,0.1925,0.4,-0.20750000000000002,100,9.610037967781459e-07,0.0018816454340916096,True
BT-v2,POOL-s1-b600,POOL-s1-b700,0.215,0.3,-0.08499999999999999,100,0.0021441034018864816,1.0,False
BT-v2,POOL-s1-b600,POOL-s1-b800,0.215,0.32,-0.10500000000000001,100,5.802737053614585e-05,0.09638346246053826,False
BT-v2,POOL-s1-b600,POOL-s1-b900,0.215,0.33,-0.11500000000000002,100,0.00031922142614146626,0.4912817748317166,False
BT-v2,POOL-s1-b600,POOL-s2-b100,0.215,0.0525,0.1625,100,1.6446224719398836e-08,3.6115909483799845e-05,True
BT-v2,POOL-s1-b600,POOL-s2-b1000,0.215,0.3,-0.08499999999999999,100,0.004166672094109753,1.0,False
BT-v2,POOL-s1-b600,POOL-s2-b200,0.215,0.0425,0.1725,100,2.773052189067292e-10,6.558268427144146e-07,True
BT-v2,POOL-s1-b600,POOL-s2-b300,0.215,0.13,0.08499999999999999,100,0.004223384048257901,1.0,False
BT-v2,POOL-s1-b600,POOL-s2-b400,0.215,0.4875,-0.27249999999999996,100,7.614223402634785e-12,1.9279213655471277e-08,True
BT-v2,POOL-s1-b600,POOL-s2-b500,0.215,0.355,-0.13999999999999999,100,5.894907320989408e-06,0.010893788729188425,True
BT-v2,POOL-s1-b600,POOL-s2-b600,0.215,0.3025,-0.0875,100,0.0071879186952578875,1.0,False
BT-v2,POOL-s1-b600,POOL-s2-b700,0.215,0.3125,-0.0975,100,0.010663542529067779,1.0,False
BT-v2,POOL-s1-b600,POOL-s2-b800,0.215,0.2825,-0.06749999999999998,100,0.040580023049769695,1.0,False
BT-v2,POOL-s1-b600,POOL-s2-b900,0.215,0.265,-0.05000000000000002,100,0.11590711570023056,1.0,False
BT-v2,POOL-s1-b600,POOL-s3-b100,0.215,0.12,0.095,100,0.0004617393916830063,0.6981499602247055,False
BT-v2,POOL-s1-b600,POOL-s3-b1000,0.215,0.31,-0.095,100,0.01951667910268922,1.0,False
BT-v2,POOL-s1-b600,POOL-s3-b200,0.215,0.0875,0.1275,100,1.0012358877015824e-05,0.018042270696382517,True
BT-v2,POOL-s1-b600,POOL-s3-b300,0.215,0.165,0.04999999999999999,100,0.08827718671301742,1.0,False
BT-v2,POOL-s1-b600,POOL-s3-b400,0.215,0.325,-0.11000000000000001,100,0.0015640954953022276,1.0,False
BT-v2,POOL-s1-b600,POOL-s3-b500,0.215,0.065,0.15,100,2.989005619395048e-07,0.0006073659418610737,True
BT-v2,POOL-s1-b600,POOL-s3-b600,0.215,0.49,-0.275,100,2.6899803859246553e-08,5.821117555140954e-05,True
BT-v2,POOL-s1-b600,POOL-s3-b700,0.215,0.315,-0.1,100,0.0005893677414608691,0.8763898315523123,False
BT-v2,POOL-s1-b600,POOL-s3-b800,0.215,0.4675,-0.25250000000000006,100,1.0873373066885136e-10,2.624832258346072e-07,True
BT-v2,POOL-s1-b600,POOL-s3-b900,0.215,0.3375,-0.12250000000000003,100,0.0016942553819877882,1.0,False
BT-v2,POOL-s1-b600,POOL-s4-b100,0.215,0.14,0.07499999999999998,100,0.008786511829257881,1.0,False
BT-v2,POOL-s1-b600,POOL-s4-b1000,0.215,0.54,-0.32500000000000007,100,4.375101315078557e-15,1.2075279629616818e-11,True
BT-v2,POOL-s1-b600,POOL-s4-b200,0.215,0.11,0.105,100,0.0009548309854331596,1.0,False
BT-v2,POOL-s1-b600,POOL-s4-b300,0.215,0.16,0.05499999999999999,100,0.06723525260188608,1.0,False
BT-v2,POOL-s1-b600,POOL-s4-b400,0.215,0.24,-0.024999999999999994,100,0.6454737689454156,1.0,False
BT-v2,POOL-s1-b600,POOL-s4-b500,0.215,0.06,0.155,100,2.7076363759318494e-07,0.0005528993479652837,True
BT-v2,POOL-s1-b600,POOL-s4-b600,0.215,0.0275,0.1875,100,6.303608829070584e-11,1.5380805542932226e-07,True
BT-v2,POOL-s1-b600,POOL-s4-b700,0.215,0.215,0.0,100,0.8120904456174296,1.0,False
BT-v2,POOL-s1-b600,POOL-s4-b800,0.215,0.2875,-0.07249999999999998,100,0.057022907261463425,1.0,False
BT-v2,POOL-s1-b600,POOL-s4-b900,0.215,0.4,-0.18500000000000003,100,2.0979230442317237e-05,0.0366297363522859,True
BT-v2,POOL-s1-b700,POOL-s1-b800,0.3,0.32,-0.020000000000000018,100,0.357220108617606,1.0,False
BT-v2,POOL-s1-b700,POOL-s1-b900,0.3,0.33,-0.030000000000000027,100,0.26964589711742415,1.0,False
BT-v2,POOL-s1-b700,POOL-s2-b100,0.3,0.0525,0.2475,100,1.3823058505240259e-14,3.7764595836316387e-11,True
BT-v2,POOL-s1-b700,POOL-s2-b1000,0.3,0.3,0.0,100,0.9246946647989253,1.0,False
BT-v2,POOL-s1-b700,POOL-s2-b200,0.3,0.0425,0.2575,100,5.3292056413595306e-14,1.4372867614746654e-10,True
BT-v2,POOL-s1-b700,POOL-s2-b300,0.3,0.13,0.16999999999999998,100,9.186283285391189e-08,0.00019318753749177672,True
BT-v2,POOL-s1-b700,POOL-s2-b400,0.3,0.4875,-0.1875,100,2.0908288878392463e-08,4.566370291040914e-05,True
BT-v2,POOL-s1-b700,POOL-s2-b500,0.3,0.355,-0.05499999999999999,100,0.08012638944373063,1.0,False
BT-v2,POOL-s1-b700,POOL-s2-b600,0.3,0.3025,-0.0025000000000000022,100,0.797192811456911,1.0,False
BT-v2,POOL-s1-b700,POOL-s2-b700,0.3,0.3125,-0.012500000000000011,100,0.9112791516891527,1.0,False
BT-v2,POOL-s1-b700,POOL-s2-b800,0.3,0.2825,0.017500000000000016,100,0.3594115836868781,1.0,False
BT-v2,POOL-s1-b700,POOL-s2-b900,0.3,0.265,0.034999999999999976,100,0.2703814122445678,1.0,False
BT-v2,POOL-s1-b700,POOL-s3-b100,0.3,0.12,0.18,100,1.1694804865185132e-08,2.5927382386115438e-05,True
BT-v2,POOL-s1-b700,POOL-s3-b1000,0.3,0.31,-0.010000000000000009,100,0.9818705907944112,1.0,False
BT-v2,POOL-s1-b700,POOL-s3-b200,0.3,0.0875,0.2125,100,2.1181975885060957e-10,5.04554665582152e-07,True
BT-v2,POOL-s1-b700,POOL-s3-b300,0.3,0.165,0.13499999999999998,100,3.849495133607975e-05,0.06505646775797479,False
BT-v2,POOL-s1-b700,POOL-s3-b400,0.3,0.325,-0.025000000000000022,100,0.6961536987915011,1.0,False
BT-v2,POOL-s1-b700,POOL-s3-b500,0.3,0.065,0.235,100,3.6542308682791175e-11,9.011333321176304e-08,True
BT-v2,POOL-s1-b700,POOL-s3-b600,0.3,0.49,-0.19,100,8.40032864831743e-05,0.13768138654592268,False
BT-v2,POOL-s1-b700,POOL-s3-b700,0.3,0.315,-0.015000000000000013,100,0.7811516185704488,1.0,False
BT-v2,POOL-s1-b700,POOL-s3-b800,0.3,0.4675,-0.16750000000000004,100,4.085369751112101e-06,0.0076804951320907505,True
BT-v2,POOL-s1-b700,POOL-s3-b900,0.3,0.3375,-0.03750000000000003,100,0.48741230385375234,1.0,False
BT-v2,POOL-s1-b700,POOL-s4-b100,0.3,0.14,0.15999999999999998,100,1.607104775149032e-06,0.0030936766921618865,True
BT-v2,POOL-s1-b700,POOL-s4-b1000,0.3,0.54,-0.24000000000000005,100,9.333669831013522e-10,2.161677932862732e-06,True
BT-v2,POOL-s1-b700,POOL-s4-b200,0.3,0.11,0.19,100,3.3161919764375393e-07,0.0006708656368333143,True
BT-v2,POOL-s1-b700,POOL-s4-b300,0.3,0.16,0.13999999999999999,100,8.297494080918225e-06,0.015101439227271168,True
BT-v2,POOL-s1-b700,POOL-s4-b400,0.3,0.24,0.06,100,0.04159445880928289,1.0,False
BT-v2,POOL-s1-b700,POOL-s4-b500,0.3,0.06,0.24,100,1.2778662622395888e-11,3.2048885856968886e-08,True
BT-v2,POOL-s1-b700,POOL-s4-b600,0.3,0.0275,0.27249999999999996,100,9.028462884906776e-15,2.481021600772382e-11,True
BT-v2,POOL-s1-b700,POOL-s4-b700,0.3,0.215,0.08499999999999999,100,0.006963545023323189,1.0,False
BT-v2,POOL-s1-b700,POOL-s4-b800,0.3,0.2875,0.012500000000000011,100,0.38894978493505306,1.0,False
BT-v2,POOL-s1-b700,POOL-s4-b900,0.3,0.4,-0.10000000000000003,100,0.02175262168465502,1.0,False
BT-v2,POOL-s1-b800,POOL-s1-b900,0.32,0.33,-0.010000000000000009,100,0.9958050628943947,1.0,False
BT-v2,POOL-s1-b800,POOL-s2-b100,0.32,0.0525,0.2675,100,4.110661731110783e-15,1.1349537039596873e-11,True
BT-v2,POOL-s1-b800,POOL-s2-b1000,0.32,0.3,0.020000000000000018,100,0.2975481962469393,1.0,False
BT-v2,POOL-s1-b800,POOL-s2-b200,0.32,0.0425,0.2775,100,7.407696215036198e-16,2.071191861724121e-12,True
BT-v2,POOL-s1-b800,POOL-s2-b300,0.32,0.13,0.19,100,1.0677403615174822e-10,2.57859297306472e-07,True
BT-v2,POOL-s1-b800,POOL-s2-b400,0.32,0.4875,-0.16749999999999998,100,2.5742326334630412e-08,5.5835105819813364e-05,True
BT-v2,POOL-s1-b800,POOL-s2-b500,0.32,0.355,-0.034999999999999976,100,0.45335408040371905,1.0,False
BT-v2,POOL-s1-b800,POOL-s2-b600,0.32,0.3025,0.017500000000000016,100,0.5537659987790251,1.0,False
BT-v2,POOL-s1-b800,POOL-s2-b700,0.32,0.3125,0.007500000000000007,100,0.7265955045864512,1.0,False
BT-v2,POOL-s1-b800,POOL-s2-b800,0.32,0.2825,0.03750000000000003,100,0.17461608083711255,1.0,False
BT-v2,POOL-s1-b800,POOL-s2-b900,0.32,0.265,0.05499999999999999,100,0.03937830369758629,1.0,False
BT-v2,POOL-s1-b800,POOL-s3-b100,0.32,0.12,0.2,100,6.347176964794661e-10,1.4807963858865945e-06,True
BT-v2,POOL-s1-b800,POOL-s3-b1000,0.32,0.31,0.010000000000000009,100,0.6917341649665232,1.0,False
BT-v2,POOL-s1-b800,POOL-s3-b200,0.32,0.0875,0.2325,100,4.0145909227253574e-12,1.0257279807563288e-08,True
BT-v2,POOL-s1-b800,POOL-s3-b300,0.32,0.165,0.155,100,2.9033698301965927e-07,0.0005911260974280262,True
BT-v2,POOL-s1-b800,POOL-s3-b400,0.32,0.325,-0.0050000000000000044,100,0.9011610486395892,1.0,False
BT-v2,POOL-s1-b800,POOL-s3-b500,0.32,0.065,0.255,100,1.4139482330794632e-13,3.7695859893898487e-10,True
BT-v2,POOL-s1-b800,POOL-s3-b600,0.32,0.49,-0.16999999999999998,100,4.7553633095379164e-05,0.07984254996714162,False
BT-v2,POOL-s1-b800,POOL-s3-b700,0.32,0.315,0.0050000000000000044,100,0.6773259194658519,1.0,False
BT-v2,POOL-s1-b800,POOL-s3-b800,0.32,0.4675,-0.14750000000000002,100,1.0288368017690597e-05,0.01847790895977231,True
BT-v2,POOL-s1-b800,POOL-s3-b900,0.32,0.3375,-0.017500000000000016,100,0.8447419907561176,1.0,False
BT-v2,POOL-s1-b800,POOL-s4-b100,0.32,0.14,0.18,100,2.0359556956121144e-07,0.0004194068732960956,True
BT-v2,POOL-s1-b800,POOL-s4-b1000,0.32,0.54,-0.22000000000000003,100,5.099581648944358e-11,1.2523004247219486e-07,True
BT-v2,POOL-s1-b800,POOL-s4-b200,0.32,0.11,0.21000000000000002,100,3.312659979583877e-09,7.496549533798314e-06,True
BT-v2,POOL-s1-b800,POOL-s4-b300,0.32,0.16,0.16,100,3.33785433669295e-07,0.0006745803614456453,True
BT-v2,POOL-s1-b800,POOL-s4-b400,0.32,0.24,0.08000000000000002,100,0.003490894135621771,1.0,False
BT-v2,POOL-s1-b800,POOL-s4-b500,0.32,0.06,0.26,100,3.8496419266500864e-12,9.851233690297572e-09,True
BT-v2,POOL-s1-b800,POOL-s4-b600,0.32,0.0275,0.2925,100,8.488134573090775e-17,2.4174207264162525e-13,True
BT-v2,POOL-s1-b800,POOL-s4-b700,0.32,0.215,0.10500000000000001,100,0.0015655440924660746,1.0,False
BT-v2,POOL-s1-b800,POOL-s4-b800,0.32,0.2875,0.03250000000000003,100,0.19987221592201776,1.0,False
BT-v2,POOL-s1-b800,POOL-s4-b900,0.32,0.4,-0.08000000000000002,100,0.04021677478627696,1.0,False
BT-v2,POOL-s1-b900,POOL-s2-b100,0.33,0.0525,0.2775,100,3.1523333428546524e-12,8.088887357765037e-09,True
BT-v2,POOL-s1-b900,POOL-s2-b1000,0.33,0.3,0.030000000000000027,100,0.3720546888375724,1.0,False
BT-v2,POOL-s1-b900,POOL-s2-b200,0.33,0.0425,0.28750000000000003,100,3.223784955223895e-13,8.533358776477649e-10,True
BT-v2,POOL-s1-b900,POOL-s2-b300,0.33,0.13,0.2,100,7.400602276094897e-09,1.6510743677967717e-05,True
BT-v2,POOL-s1-b900,POOL-s2-b400,0.33,0.4875,-0.15749999999999997,100,1.8242619371220083e-05,0.03199755437712003,True
BT-v2,POOL-s1-b900,POOL-s2-b500,0.33,0.355,-0.024999999999999967,100,0.33824416879113994,1.0,False
BT-v2,POOL-s1-b900,POOL-s2-b600,0.33,0.3025,0.027500000000000024,100,0.41201860306792626,1.0,False
BT-v2,POOL-s1-b900,POOL-s2-b700,0.33,0.3125,0.017500000000000016,100,0.672928373011849,1.0,False
BT-v2,POOL-s1-b900,POOL-s2-b800,0.33,0.2825,0.04750000000000004,100,0.11130441075879374,1.0,False
BT-v2,POOL-s1-b900,POOL-s2-b900,0.33,0.265,0.065,100,0.05250089861955554,1.0,False
BT-v2,POOL-s1-b900,POOL-s3-b100,0.33,0.12,0.21000000000000002,100,4.199007887282755e-08,9.002672910334226e-05,True
BT-v2,POOL-s1-b900,POOL-s3-b1000,0.33,0.31,0.020000000000000018,100,0.7321573624572842,1.0,False
BT-v2,POOL-s1-b900,POOL-s3-b200,0.33,0.0875,0.24250000000000002,100,8.191432073517162e-11,1.988879707449967e-07,True
BT-v2,POOL-s1-b900,POOL-s3-b300,0.33,0.165,0.165,100,9.158924323794831e-07,0.0017960650598961663,True
BT-v2,POOL-s1-b900,POOL-s3-b400,0.33,0.325,0.0050000000000000044,100,0.7774967519287411,1.0,False
BT-v2,POOL-s1-b900,POOL-s3-b500,0.33,0.065,0.265,100,2.1948799261086775e-11,5.4674458959367156e-08,True
BT-v2,POOL-s1-b900,POOL-s3-b600,0.33,0.49,-0.15999999999999998,100,0.0021249951567093106,1.0,False
BT-v2,POOL-s1-b900,POOL-s3-b700,0.33,0.315,0.015000000000000013,100,0.3999002145218251,1.0,False
BT-v2,POOL-s1-b900,POOL-s3-b800,0.33,0.4675,-0.1375,100,0.00022418611805605942,0.35174801922995724,False
BT-v2,POOL-s1-b900,POOL-s3-b900,0.33,0.3375,-0.007500000000000007,100,0.8580215661408461,1.0,False
BT-v2,POOL-s1-b900,POOL-s4-b100,0.33,0.14,0.19,100,5.099215018539171e-06,0.009494738364519936,True
BT-v2,POOL-s1-b900,POOL-s4-b1000,0.33,0.54,-0.21000000000000002,100,8.749214569610623e-08,0.00018443344312739195,True
BT-v2,POOL-s1-b900,POOL-s4-b200,0.33,0.11,0.22000000000000003,100,1.815834478404995e-07,0.00037496981979063144,True
BT-v2,POOL-s1-b900,POOL-s4-b300,0.33,0.16,0.17,100,3.429347278877184e-07,0.0006923852156053034,True
BT-v2,POOL-s1-b900,POOL-s4-b400,0.33,0.24,0.09000000000000002,100,0.02022362880263395,1.0,False
BT-v2,POOL-s1-b900,POOL-s4-b500,0.33,0.06,0.27,100,2.2887757024384927e-10,5.438131068993859e-07,True
BT-v2,POOL-s1-b900,POOL-s4-b600,0.33,0.0275,0.3025,100,2.4797028766144344e-14,6.744791824391262e-11,True
BT-v2,POOL-s1-b900,POOL-s4-b700,0.33,0.215,0.11500000000000002,100,0.001235201729825364,1.0,False
BT-v2,POOL-s1-b900,POOL-s4-b800,0.33,0.2875,0.04250000000000004,100,0.24104897891145427,1.0,False
BT-v2,POOL-s1-b900,POOL-s4-b900,0.33,0.4,-0.07,100,0.06513842500950838,1.0,False
BT-v2,POOL-s2-b100,POOL-s2-b1000,0.0525,0.3,-0.2475,100,5.4127270261666145e-14,1.4592712062545194e-10,True
BT-v2,POOL-s2-b100,POOL-s2-b200,0.0525,0.0425,0.009999999999999995,100,0.8276429798270033,1.0,False
BT-v2,POOL-s2-b100,POOL-s2-b300,0.0525,0.13,-0.07750000000000001,100,0.004571974499307219,1.0,False
BT-v2,POOL-s2-b100,POOL-s2-b400,0.0525,0.4875,-0.435,100,1.204231793806231e-18,3.601857295274437e-15,True
BT-v2,POOL-s2-b100,POOL-s2-b500,0.0525,0.355,-0.3025,100,5.735663929539043e-15,1.5807489789809603e-11,True
BT-v2,POOL-s2-b100,POOL-s2-b600,0.0525,0.3025,-0.25,100,9.15820261466418e-13,2.3866276013814852e-09,True
BT-v2,POOL-s2-b100,POOL-s2-b700,0.0525,0.3125,-0.26,100,1.6552829388369879e-12,4.283872245710125e-09,True
BT-v2,POOL-s2-b100,POOL-s2-b800,0.0525,0.2825,-0.22999999999999998,100,2.5393276602289923e-10,6.02328521006317e-07,True
BT-v2,POOL-s2-b100,POOL-s2-b900,0.0525,0.265,-0.21250000000000002,100,1.6778064319127596e-10,4.021702017294885e-07,True
BT-v2,POOL-s2-b100,POOL-s3-b100,0.0525,0.12,-0.0675,100,0.00705654630839674,1.0,False
BT-v2,POOL-s2-b100,POOL-s3-b1000,0.0525,0.31,-0.2575,100,2.024380566748059e-13,5.388901068683332e-10,True
BT-v2,POOL-s2-b100,POOL-s3-b200,0.0525,0.0875,-0.034999999999999996,100,0.13103590728096923,1.0,False
BT-v2,POOL-s2-b100,POOL-s3-b300,0.0525,0.165,-0.11250000000000002,100,0.0003659310121405963,0.5591425865508312,False
BT-v2,POOL-s2-b100,POOL-s3-b400,0.0525,0.325,-0.2725,100,2.780766878056029e-12,7.1465708766039945e-09,True
BT-v2,POOL-s2-b100,POOL-s3-b500,0.0525,0.065,-0.012500000000000004,100,0.6117586544131507,1.0,False
BT-v2,POOL-s2-b100,POOL-s3-b600,0.0525,0.49,-0.4375,100,3.632744586698131e-16,1.0237074245315333e-12,True
BT-v2,POOL-s2-b100,POOL-s3-b700,0.0525,0.315,-0.2625,100,3.8766698290828556e-13,1.0207271659975159e-09,True
BT-v2,POOL-s2-b100,POOL-s3-b800,0.0525,0.4675,-0.41500000000000004,100,8.570663283879639e-17,2.440067836920533e-13,True
BT-v2,POOL-s2-b100,POOL-s3-b900,0.0525,0.3375,-0.28500000000000003,100,3.617983274794702e-13,9.55499111976804e-10,True
BT-v2,POOL-s2-b100,POOL-s4-b100,0.0525,0.14,-0.08750000000000002,100,0.00638859137100402,1.0,False
BT-v2,POOL-s2-b100,POOL-s4-b1000,0.0525,0.54,-0.48750000000000004,100,1.2281378315017119e-18,3.6721321161901185e-15,True
BT-v2,POOL-s2-b100,POOL-s4-b200,0.0525,0.11,-0.0575,100,0.11279712471444987,1.0,False
BT-v2,POOL-s2-b100,POOL-s4-b300,0.0525,0.16,-0.10750000000000001,100,0.0011832525971718216,1.0,False
BT-v2,POOL-s2-b100,POOL-s4-b400,0.0525,0.24,-0.1875,100,9.87140085398457e-10,2.2832550175266313e-06,True
BT-v2,POOL-s2-b100,POOL-s4-b500,0.0525,0.06,-0.0075,100,0.9477242727420224,1.0,False
BT-v2,POOL-s2-b100,POOL-s4-b600,0.0525,0.0275,0.024999999999999998,100,0.289116013664518,1.0,False
BT-v2,POOL-s2-b100,POOL-s4-b700,0.0525,0.215,-0.1625,100,8.428835971496396e-06,0.015332052632151944,True
BT-v2,POOL-s2-b100,POOL-s4-b800,0.0525,0.2875,-0.235,100,2.1670974541346277e-09,4.947483487789355e-06,True
BT-v2,POOL-s2-b100,POOL-s4-b900,0.0525,0.4,-0.34750000000000003,100,1.3843783526788043e-13,3.69352144494705e-10,True
BT-v2,POOL-s2-b1000,POOL-s2-b200,0.3,0.0425,0.2575,100,1.364983609640949e-14,3.7305002051487135e-11,True
BT-v2,POOL-s2-b1000,POOL-s2-b300,0.3,0.13,0.16999999999999998,100,2.553400073580684e-07,0.0005221703150472499,True
BT-v2,POOL-s2-b1000,POOL-s2-b400,0.3,0.4875,-0.1875,100,2.4520089728764634e-08,5.323311480114802e-05,True
BT-v2,POOL-s2-b1000,POOL-s2-b500,0.3,0.355,-0.05499999999999999,100,0.11166798155980698,1.0,False
BT-v2,POOL-s2-b1000,POOL-s2-b600,0.3,0.3025,-0.0025000000000000022,100,0.763715259811126,1.0,False
BT-v2,POOL-s2-b1000,POOL-s2-b700,0.3,0.3125,-0.012500000000000011,100,0.7143162934078263,1.0,False
BT-v2,POOL-s2-b1000,POOL-s2-b800,0.3,0.2825,0.017500000000000016,100,0.3674872530037604,1.0,False
BT-v2,POOL-s2-b1000,POOL-s2-b900,0.3,0.265,0.034999999999999976,100,0.2681714047668188,1.0,False
BT-v2,POOL-s2-b1000,POOL-s3-b100,0.3,0.12,0.18,100,1.0954380790570893e-08,2.4318725355067382e-05,True
BT-v2,POOL-s2-b1000,POOL-s3-b1000,0.3,0.31,-0.010000000000000009,100,0.8008365989976167,1.0,False
BT-v2,POOL-s2-b1000,POOL-s3-b200,0.3,0.0875,0.2125,100,6.96692482820855e-11,1.696446195668782e-07,True
BT-v2,POOL-s2-b1000,POOL-s3-b300,0.3,0.165,0.13499999999999998,100,1.0054086115059122e-05,0.018107409093221477,True
BT-v2,POOL-s2-b1000,POOL-s3-b400,0.3,0.325,-0.025000000000000022,100,0.5449546779761689,1.0,False
BT-v2,POOL-s2-b1000,POOL-s3-b500,0.3,0.065,0.235,100,2.76797124263593e-11,6.853496796766563e-08,True
BT-v2,POOL-s2-b1000,POOL-s3-b600,0.3,0.49,-0.19,100,2.657595275462669e-05,0.045870094454485665,True
BT-v2,POOL-s2-b1000,POOL-s3-b700,0.3,0.315,-0.015000000000000013,100,0.4918589196278329,1.0,False
BT-v2,POOL-s2-b1000,POOL-s3-b800,0.3,0.4675,-0.16750000000000004,100,5.304020017482268e-06,0.009854869192482053,True
BT-v2,POOL-s2-b1000,POOL-s3-b900,0.3,0.3375,-0.03750000000000003,100,0.4745896665848207,1.0,False
BT-v2,POOL-s2-b1000,POOL-s4-b100,0.3,0.14,0.15999999999999998,100,9.296814512371748e-06,0.016808640638368122,True
BT-v2,POOL-s2-b1000,POOL-s4-b1000,0.3,0.54,-0.24000000000000005,100,6.661324416196217e-11,1.6233647602270182e-07,True
BT-v2,POOL-s2-b1000,POOL-s4-b200,0.3,0.11,0.19,100,1.3219999141366045e-07,0.0002757691820888957,True
BT-v2,POOL-s2-b1000,POOL-s4-b300,0.3,0.16,0.13999999999999999,100,2.092541332822476e-05,0.03655669708440865,True
BT-v2,POOL-s2-b1000,POOL-s4-b400,0.3,0.24,0.06,100,0.09570508638574877,1.0,False
BT-v2,POOL-s2-b1000,POOL-s4-b500,0.3,0.06,0.24,100,2.696333302567366e-10,6.38646340325304e-07,True
BT-v2,POOL-s2-b1000,POOL-s4-b600,0.3,0.0275,0.27249999999999996,100,1.3305801640618384e-14,3.641797909037252e-11,True
BT-v2,POOL-s2-b1000,POOL-s4-b700,0.3,0.215,0.08499999999999999,100,0.011031744040028242,1.0,False
BT-v2,POOL-s2-b1000,POOL-s4-b800,0.3,0.2875,0.012500000000000011,100,0.5290421259153151,1.0,False
BT-v2,POOL-s2-b1000,POOL-s4-b900,0.3,0.4,-0.10000000000000003,100,0.0121163728123215,1.0,False
BT-v2,POOL-s2-b200,POOL-s2-b300,0.0425,0.13,-0.0875,100,0.00036512345041301886,0.5582737556815058,False
BT-v2,POOL-s2-b200,POOL-s2-b400,0.0425,0.4875,-0.445,100,8.959569519015146e-19,2.6932465974159527e-15,True
BT-v2,POOL-s2-b200,POOL-s2-b500,0.0425,0.355,-0.3125,100,2.4274487375281847e-15,6.721605554215543e-12,True
BT-v2,POOL-s2-b200,POOL-s2-b600,0.0425,0.3025,-0.26,100,4.395660951055985e-13,1.1564983962228297e-09,True
BT-v2,POOL-s2-b200,POOL-s2-b700,0.0425,0.3125,-0.27,100,1.3686120420690156e-12,3.5460738010008194e-09,True
BT-v2,POOL-s2-b200,POOL-s2-b800,0.0425,0.2825,-0.23999999999999996,100,6.099419077011682e-11,1.490088080513954e-07,True
BT-v2,POOL-s2-b200,POOL-s2-b900,0.0425,0.265,-0.2225,100,6.040764429770914e-11,1.4769669030789885e-07,True
BT-v2,POOL-s2-b200,POOL-s3-b100,0.0425,0.12,-0.07749999999999999,100,0.002032086963379625,1.0,False
BT-v2,POOL-s2-b200,POOL-s3-b1000,0.0425,0.31,-0.2675,100,7.881418818846665e-13,2.058626595482749e-09,True
BT-v2,POOL-s2-b200,POOL-s3-b200,0.0425,0.0875,-0.04499999999999999,100,0.09057756169361166,1.0,False
BT-v2,POOL-s2-b200,POOL-s3-b300,0.0425,0.165,-0.1225,100,7.638376954509779e-06,0.013955314695889365,True
BT-v2,POOL-s2-b200,POOL-s3-b400,0.0425,0.325,-0.28250000000000003,100,4.534643528992554e-13,1.1921577837721423e-09,True
BT-v2,POOL-s2-b200,POOL-s3-b500,0.0425,0.065,-0.0225,100,0.4627414549229697,1.0,False
BT-v2,POOL-s2-b200,POOL-s3-b600,0.0425,0.49,-0.4475,100,7.214054596868436e-17,2.0588911819462518e-13,True
BT-v2,POOL-s2-b200,POOL-s3-b700,0.0425,0.315,-0.2725,100,9.366932076667862e-15,2.5721595482529948e-11,True
BT-v2,POOL-s2-b200,POOL-s3-b800,0.0425,0.4675,-0.42500000000000004,100,1.294694315735932e-17,3.7572029042656743e-14,True
BT-v2,POOL-s2-b200,POOL-s3-b900,0.0425,0.3375,-0.29500000000000004,100,1.3263943110678731e-14,3.6316676237038367e-11,True
BT-v2,POOL-s2-b200,POOL-s4-b100,0.0425,0.14,-0.0975,100,0.004054580233377795,1.0,False
BT-v2,POOL-s2-b200,POOL-s4-b1000,0.0425,0.54,-0.49750000000000005,100,8.00129389897217e-19,2.4083894635906232e-15,True
BT-v2,POOL-s2-b200,POOL-s4-b200,0.0425,0.11,-0.0675,100,0.06790028280497165,1.0,False
BT-v2,POOL-s2-b200,POOL-s4-b300,0.0425,0.16,-0.1175,100,0.00010229854944375203,0.16551905299999078,False
BT-v2,POOL-s2-b200,POOL-s4-b400,0.0425,0.24,-0.19749999999999998,100,9.445593800263079e-10,2.1866549647609027e-06,True
BT-v2,POOL-s2-b200,POOL-s4-b500,0.0425,0.06,-0.017499999999999995,100,0.680279093039059,1.0,False
BT-v2,POOL-s2-b200,POOL-s4-b600,0.0425,0.0275,0.015000000000000003,100,0.2903335957127061,1.0,False
BT-v2,POOL-s2-b200,POOL-s4-b700,0.0425,0.215,-0.1725,100,4.352814456911053e-07,0.0008727392986106661,True
BT-v2,POOL-s2-b200,POOL-s4-b800,0.0425,0.2875,-0.24499999999999997,100,2.2635409883930943e-10,5.380436929410385e-07,True
BT-v2,POOL-s2-b200,POOL-s4-b900,0.0425,0.4,-0.35750000000000004,100,9.126027438611132e-14,2.4476005590355056e-10,True
BT-v2,POOL-s2-b300,POOL-s2-b400,0.13,0.4875,-0.3575,100,1.510854876818841e-14,4.124633813715436e-11,True
BT-v2,POOL-s2-b300,POOL-s2-b500,0.13,0.355,-0.22499999999999998,100,1.7787850511740595e-10,4.2548538424083504e-07,True
BT-v2,POOL-s2-b300,POOL-s2-b600,0.13,0.3025,-0.1725,100,6.42986779914021e-07,0.0012731138242297617,True
BT-v2,POOL-s2-b300,POOL-s2-b700,0.13,0.3125,-0.1825,100,1.3623562123228585e-07,0.0002837787990268514,True
BT-v2,POOL-s2-b300,POOL-s2-b800,0.13,0.2825,-0.15249999999999997,100,9.921195822630551e-05,0.16092179624306754,False
BT-v2,POOL-s2-b300,POOL-s2-b900,0.13,0.265,-0.135,100,0.00015594937414719533,0.24749165677159898,False
BT-v2,POOL-s2-b300,POOL-s3-b100,0.13,0.12,0.010000000000000009,100,0.5836407569192408,1.0,False
BT-v2,POOL-s2-b300,POOL-s3-b1000,0.13,0.31,-0.18,100,1.298656417576599e-06,0.0025219907629337552,True
BT-v2,POOL-s2-b300,POOL-s3-b200,0.13,0.0875,0.04250000000000001,100,0.12324977205790219,1.0,False
BT-v2,POOL-s2-b300,POOL-s3-b300,0.13,0.165,-0.035,100,0.3095007976422297,1.0,False
BT-v2,POOL-s2-b300,POOL-s3-b400,0.13,0.325,-0.195,100,5.551688160989265e-08,0.00011808440718424168,True
BT-v2,POOL-s2-b300,POOL-s3-b500,0.13,0.065,0.065,100,0.018043991671860344,1.0,False
BT-v2,POOL-s2-b300,POOL-s3-b600,0.13,0.49,-0.36,100,2.007967848612571e-12,5.184572985117658e-09,True
BT-v2,POOL-s2-b300,POOL-s3-b700,0.13,0.315,-0.185,100,3.259544142494138e-08,7.027577171217362e-05,True
BT-v2,POOL-s2-b300,POOL-s3-b800,0.13,0.4675,-0.3375,100,1.2567924166829841e-14,3.442354429294694e-11,True
BT-v2,POOL-s2-b300,POOL-s3-b900,0.13,0.3375,-0.20750000000000002,100,1.5351562905130843e-07,0.0003188519615395676,True
BT-v2,POOL-s2-b300,POOL-s4-b100,0.13,0.14,-0.010000000000000009,100,0.9327746454482838,1.0,False
BT-v2,POOL-s2-b300,POOL-s4-b1000,0.13,0.54,-0.41000000000000003,100,4.8997399911127264e-17,1.4042654814529074e-13,True
BT-v2,POOL-s2-b300,POOL-s4-b200,0.13,0.11,0.020000000000000004,100,0.28008518439789587,1.0,False
BT-v2,POOL-s2-b300,POOL-s4-b300,0.13,0.16,-0.03,100,0.24656777013320486,1.0,False
BT-v2,POOL-s2-b300,POOL-s4-b400,0.13,0.24,-0.10999999999999999,100,0.0006673276083583392,0.9829735671118336,False
BT-v2,POOL-s2-b300,POOL-s4-b500,0.13,0.06,0.07,100,0.004656344468632628,1.0,False
BT-v2,POOL-s2-b300,POOL-s4-b600,0.13,0.0275,0.10250000000000001,100,3.6753803767096444e-05,0.06233445118899557,False
BT-v2,POOL-s2-b300,POOL-s4-b700,0.13,0.215,-0.08499999999999999,100,0.022740757859305374,1.0,False
BT-v2,POOL-s2-b300,POOL-s4-b800,0.13,0.2875,-0.15749999999999997,100,1.6774550248970217e-05,0.029523208438187582,True
BT-v2,POOL-s2-b300,POOL-s4-b900,0.13,0.4,-0.27,100,6.743360300326876e-09,1.5064666910930242e-05,True
BT-v2,POOL-s2-b400,POOL-s2-b500,0.4875,0.355,0.1325,100,0.00014092788369662578,0.22463904661242148,False
BT-v2,POOL-s2-b400,POOL-s2-b600,0.4875,0.3025,0.185,100,3.619048837471801e-07,0.0007296002456343151,True
BT-v2,POOL-s2-b400,POOL-s2-b700,0.4875,0.3125,0.175,100,9.172400311963495e-06,0.016592872164341962,True
BT-v2,POOL-s2-b400,POOL-s2-b800,0.4875,0.2825,0.20500000000000002,100,9.139498149625437e-08,0.0001922950410681192,True
BT-v2,POOL-s2-b400,POOL-s2-b900,0.4875,0.265,0.22249999999999998,100,4.532175291796234e-09,1.0210990932416915e-05,True
BT-v2,POOL-s2-b400,POOL-s3-b100,0.4875,0.12,0.3675,100,1.14040935445414e-15,3.17604005215478e-12,True
BT-v2,POOL-s2-b400,POOL-s3-b1000,0.4875,0.31,0.1775,100,1.9120375171438515e-07,0.00039464454353849095,True
BT-v2,POOL-s2-b400,POOL-s3-b200,0.4875,0.0875,0.4,100,8.784606489470331e-17,2.500099006903256e-13,True
BT-v2,POOL-s2-b400,POOL-s3-b300,0.4875,0.165,0.3225,100,1.1352838405702906e-13,3.035748989684957e-10,True
BT-v2,POOL-s2-b400,POOL-s3-b400,0.4875,0.325,0.16249999999999998,100,1.3784274685202236e-06,0.0026658787241181127,True
BT-v2,POOL-s2-b400,POOL-s3-b500,0.4875,0.065,0.4225,100,6.580350209878598e-18,1.9240944013685022e-14,True
BT-v2,POOL-s2-b400,POOL-s3-b600,0.4875,0.49,-0.0025000000000000022,100,0.7788447091681271,1.0,False
BT-v2,POOL-s2-b400,POOL-s3-b700,0.4875,0.315,0.1725,100,1.953598273088351e-06,0.0037450478895103686,True
BT-v2,POOL-s2-b400,POOL-s3-b800,0.4875,0.4675,0.019999999999999962,100,0.6982852754047866,1.0,False
BT-v2,POOL-s2-b400,POOL-s3-b900,0.4875,0.3375,0.14999999999999997,100,7.30831861351485e-06,0.01338153138134569,True
BT-v2,POOL-s2-b400,POOL-s4-b100,0.4875,0.14,0.3475,100,1.8572827806759524e-15,5.1521024335950916e-12,True
BT-v2,POOL-s2-b400,POOL-s4-b1000,0.4875,0.54,-0.05250000000000005,100,0.09459087062927894,1.0,False
BT-v2,POOL-s2-b400,POOL-s4-b200,0.4875,0.11,0.3775,100,1.969806653603282e-15,5.4583342371346946e-12,True
BT-v2,POOL-s2-b400,POOL-s4-b300,0.4875,0.16,0.3275,100,4.827552480838984e-14,1.305852946066945e-10,True
BT-v2,POOL-s2-b400,POOL-s4-b400,0.4875,0.24,0.2475,100,3.3835975126207244e-12,8.668776827334296e-09,True
BT-v2,POOL-s2-b400,POOL-s4-b500,0.4875,0.06,0.4275,100,2.63091893925129e-18,7.782258222305317e-15,True
BT-v2,POOL-s2-b400,POOL-s4-b600,0.4875,0.0275,0.45999999999999996,100,6.209486551451689e-19,1.8771277845038457e-15,True
BT-v2,POOL-s2-b400,POOL-s4-b700,0.4875,0.215,0.27249999999999996,100,2.830689641559959e-10,6.691750312647743e-07,True
BT-v2,POOL-s2-b400,POOL-s4-b800,0.4875,0.2875,0.2,100,2.0590404032488253e-07,0.0004235446109482834,True
BT-v2,POOL-s2-b400,POOL-s4-b900,0.4875,0.4,0.08749999999999997,100,0.015852162370766226,1.0,False
BT-v2,POOL-s2-b500,POOL-s2-b600,0.355,0.3025,0.05249999999999999,100,0.06273970760029465,1.0,False
BT-v2,POOL-s2-b500,POOL-s2-b700,0.355,0.3125,0.04249999999999998,100,0.17778171571405976,1.0,False
BT-v2,POOL-s2-b500,POOL-s2-b800,0.355,0.2825,0.07250000000000001,100,0.02728625130917964,1.0,False
BT-v2,POOL-s2-b500,POOL-s2-b900,0.355,0.265,0.08999999999999997,100,0.00255994294191045,1.0,False
BT-v2,POOL-s2-b500,POOL-s3-b100,0.355,0.12,0.235,100,6.939966167495626e-10,1.614930127176232e-06,True
BT-v2,POOL-s2-b500,POOL-s3-b1000,0.355,0.31,0.044999999999999984,100,0.3127585728730059,1.0,False
BT-v2,POOL-s2-b500,POOL-s3-b200,0.355,0.0875,0.26749999999999996,100,2.175924448935901e-13,5.783607185271625e-10,True
BT-v2,POOL-s2-b500,POOL-s3-b300,0.355,0.165,0.18999999999999997,100,1.6214294366786627e-08,3.562280472383022e-05,True
BT-v2,POOL-s2-b500,POOL-s3-b400,0.355,0.325,0.02999999999999997,100,0.22859809107510676,1.0,False
BT-v2,POOL-s2-b500,POOL-s3-b500,0.355,0.065,0.29,100,4.421462610629366e-13,1.1628446665955233e-09,True
BT-v2,POOL-s2-b500,POOL-s3-b600,0.355,0.49,-0.135,100,0.0030029210991008065,1.0,False
BT-v2,POOL-s2-b500,POOL-s3-b700,0.355,0.315,0.03999999999999998,100,0.13165555820194236,1.0,False
BT-v2,POOL-s2-b500,POOL-s3-b800,0.355,0.4675,-0.11250000000000004,100,0.001803253478805477,1.0,False
BT-v2,POOL-s2-b500,POOL-s3-b900,0.355,0.3375,0.01749999999999996,100,0.6946860597623574,1.0,False
BT-v2,POOL-s2-b500,POOL-s4-b100,0.355,0.14,0.21499999999999997,100,4.4173028948168944e-07,0.0008843440395423423,True
BT-v2,POOL-s2-b500,POOL-s4-b1000,0.355,0.54,-0.18500000000000005,100,9.717868024339217e-08,0.0002037836924703934,True
BT-v2,POOL-s2-b500,POOL-s4-b200,0.355,0.11,0.245,100,2.007808574351286e-09,4.595873826690094e-06,True
BT-v2,POOL-s2-b500,POOL-s4-b300,0.355,0.16,0.19499999999999998,100,7.357981334792116e-09,1.6430372320590794e-05,True
BT-v2,POOL-s2-b500,POOL-s4-b400,0.355,0.24,0.11499999999999999,100,0.0033834844578112568,1.0,False
BT-v2,POOL-s2-b500,POOL-s4-b500,0.355,0.06,0.295,100,2.3998255168802766e-11,5.970765885998129e-08,True
BT-v2,POOL-s2-b500,POOL-s4-b600,0.355,0.0275,0.32749999999999996,100,6.884178643295037e-16,1.9275700201226103e-12,True
BT-v2,POOL-s2-b500,POOL-s4-b700,0.355,0.215,0.13999999999999999,100,5.455391492530599e-05,0.09094137618048509,False
BT-v2,POOL-s2-b500,POOL-s4-b800,0.355,0.2875,0.0675,100,0.043504108568889144,1.0,False
BT-v2,POOL-s2-b500,POOL-s4-b900,0.355,0.4,-0.04500000000000004,100,0.2712044138961103,1.0,False
BT-v2,POOL-s2-b600,POOL-s2-b700,0.3025,0.3125,-0.010000000000000009,100,0.6089646115745527,1.0,False
BT-v2,POOL-s2-b600,POOL-s2-b800,0.3025,0.2825,0.020000000000000018,100,0.30159255879978286,1.0,False
BT-v2,POOL-s2-b600,POOL-s2-b900,0.3025,0.265,0.03749999999999998,100,0.2870994595032076,1.0,False
BT-v2,POOL-s2-b600,POOL-s3-b100,0.3025,0.12,0.1825,100,7.352374267290775e-07,0.001452093917789928,True
BT-v2,POOL-s2-b600,POOL-s3-b1000,0.3025,0.31,-0.007500000000000007,100,0.8130765264867371,1.0,False
BT-v2,POOL-s2-b600,POOL-s3-b200,0.3025,0.0875,0.215,100,6.476697918296315e-10,1.5090706149630413e-06,True
BT-v2,POOL-s2-b600,POOL-s3-b300,0.3025,0.165,0.13749999999999998,100,3.821556386219921e-05,0.06466073405484106,False
BT-v2,POOL-s2-b600,POOL-s3-b400,0.3025,0.325,-0.02250000000000002,100,0.6094438306827272,1.0,False
BT-v2,POOL-s2-b600,POOL-s3-b500,0.3025,0.065,0.2375,100,1.6886939384252868e-10,4.046110676466987e-07,True
BT-v2,POOL-s2-b600,POOL-s3-b600,0.3025,0.49,-0.1875,100,5.1810893072110886e-05,0.08673143500271362,False
BT-v2,POOL-s2-b600,POOL-s3-b700,0.3025,0.315,-0.012500000000000011,100,0.7389146662809498,1.0,False
BT-v2,POOL-s2-b600,POOL-s3-b800,0.3025,0.4675,-0.16500000000000004,100,2.7756073715625868e-05,0.047795958938307744,True
BT-v2,POOL-s2-b600,POOL-s3-b900,0.3025,0.3375,-0.03500000000000003,100,0.27406591487012655,1.0,False
BT-v2,POOL-s2-b600,POOL-s4-b100,0.3025,0.14,0.16249999999999998,100,1.4188179449486763e-05,0.02516983034338952,True
BT-v2,POOL-s2-b600,POOL-s4-b1000,0.3025,0.54,-0.23750000000000004,100,7.427262820156267e-10,1.726838605686332e-06,True
BT-v2,POOL-s2-b600,POOL-s4-b200,0.3025,0.11,0.1925,100,1.3521342547532091e-06,0.002619084051456966,True
BT-v2,POOL-s2-b600,POOL-s4-b300,0.3025,0.16,0.1425,100,3.460171277902078e-05,0.05892671686267239,False
BT-v2,POOL-s2-b600,POOL-s4-b400,0.3025,0.24,0.0625,100,0.09784907919184349,1.0,False
BT-v2,POOL-s2-b600,POOL-s4-b500,0.3025,0.06,0.2425,100,8.105929058882978e-10,1.8813861345667391e-06,True
BT-v2,POOL-s2-b600,POOL-s4-b600,0.3025,0.0275,0.27499999999999997,100,1.306609992162033e-13,3.488648679072628e-10,True
BT-v2,POOL-s2-b600,POOL-s4-b700,0.3025,0.215,0.0875,100,0.015417340077069061,1.0,False
BT-v2,POOL-s2-b600,POOL-s4-b800,0.3025,0.2875,0.015000000000000013,100,0.51138135932822,1.0,False
BT-v2,POOL-s2-b600,POOL-s4-b900,0.3025,0.4,-0.09750000000000003,100,0.028298512640109436,1.0,False
BT-v2,POOL-s2-b700,POOL-s2-b800,0.3125,0.2825,0.030000000000000027,100,0.3356975273663766,1.0,False
BT-v2,POOL-s2-b700,POOL-s2-b900,0.3125,0.265,0.04749999999999999,100,0.17987878538185698,1.0,False
BT-v2,POOL-s2-b700,POOL-s3-b100,0.3125,0.12,0.1925,100,5.978328785573697e-08,0.00012697970340558534,True
BT-v2,POOL-s2-b700,POOL-s3-b1000,0.3125,0.31,0.0025000000000000022,100,0.8331619482517791,1.0,False
BT-v2,POOL-s2-b700,POOL-s3-b200,0.3125,0.0875,0.225,100,1.449534197306308e-09,3.3310295854098958e-06,True
BT-v2,POOL-s2-b700,POOL-s3-b300,0.3125,0.165,0.1475,100,9.865901158308407e-05,0.16012357579934544,False
BT-v2,POOL-s2-b700,POOL-s3-b400,0.3125,0.325,-0.012500000000000011,100,0.7806674228043601,1.0,False
BT-v2,POOL-s2-b700,POOL-s3-b500,0.3125,0.065,0.2475,100,2.5384720581580276e-11,6.303026120406383e-08,True
BT-v2,POOL-s2-b700,POOL-s3-b600,0.3125,0.49,-0.1775,100,5.788453017317591e-05,0.09620408914781836,False
BT-v2,POOL-s2-b700,POOL-s3-b700,0.3125,0.315,-0.0025000000000000022,100,0.9611109170013055,1.0,False
BT-v2,POOL-s2-b700,POOL-s3-b800,0.3125,0.4675,-0.15500000000000003,100,2.3949595727227087e-05,0.041552548586739,True
BT-v2,POOL-s2-b700,POOL-s3-b900,0.3125,0.3375,-0.025000000000000022,100,0.678630656240787,1.0,False
BT-v2,POOL-s2-b700,POOL-s4-b100,0.3125,0.14,0.1725,100,5.624771406648128e-06,0.010411562284337539,True
BT-v2,POOL-s2-b700,POOL-s4-b1000,0.3125,0.54,-0.22750000000000004,100,2.08978031806562e-09,4.775148026779942e-06,True
BT-v2,POOL-s2-b700,POOL-s4-b200,0.3125,0.11,0.2025,100,1.706657932944936e-07,0.00035310752632630726,True
BT-v2,POOL-s2-b700,POOL-s4-b300,0.3125,0.16,0.1525,100,5.229403114064667e-05,0.08748791409830188,False
BT-v2,POOL-s2-b700,POOL-s4-b400,0.3125,0.24,0.07250000000000001,100,0.04670014313674786,1.0,False
BT-v2,POOL-s2-b700,POOL-s4-b500,0.3125,0.06,0.2525,100,8.508684135536531e-11,2.065057639694716e-07,True
BT-v2,POOL-s2-b700,POOL-s4-b600,0.3125,0.0275,0.285,100,2.183211699090992e-13,5.800793484484766e-10,True
BT-v2,POOL-s2-b700,POOL-s4-b700,0.3125,0.215,0.0975,100,0.012555548054014412,1.0,False
BT-v2,POOL-s2-b700,POOL-s4-b800,0.3125,0.2875,0.025000000000000022,100,0.32849450108314737,1.0,False
BT-v2,POOL-s2-b700,POOL-s4-b900,0.3125,0.4,-0.08750000000000002,100,0.11272353957354923,1.0,False
BT-v2,POOL-s2-b800,POOL-s2-b900,0.2825,0.265,0.01749999999999996,100,0.6925109537280427,1.0,False
BT-v2,POOL-s2-b800,POOL-s3-b100,0.2825,0.12,0.16249999999999998,100,1.3737097041486892e-05,0.02439708434568072,True
BT-v2,POOL-s2-b800,POOL-s3-b1000,0.2825,0.31,-0.027500000000000024,100,0.3707965781862935,1.0,False
BT-v2,POOL-s2-b800,POOL-s3-b200,0.2825,0.0875,0.19499999999999998,100,1.0112135551344464e-07,0.00021174811844515307,True
BT-v2,POOL-s2-b800,POOL-s3-b300,0.2825,0.165,0.11749999999999997,100,0.0010236009221237681,1.0,False
BT-v2,POOL-s2-b800,POOL-s3-b400,0.2825,0.325,-0.04250000000000004,100,0.18093568413838312,1.0,False
BT-v2,POOL-s2-b800,POOL-s3-b500,0.2825,0.065,0.21749999999999997,100,9.453133623187057e-10,2.187455120405485e-06,True
BT-v2,POOL-s2-b800,POOL-s3-b600,0.2825,0.49,-0.20750000000000002,100,2.4658130625709564e-06,0.004694908071135101,True
BT-v2,POOL-s2-b800,POOL-s3-b700,0.2825,0.315,-0.03250000000000003,100,0.3148633623672664,1.0,False
BT-v2,POOL-s2-b800,POOL-s3-b800,0.2825,0.4675,-0.18500000000000005,100,3.923040222072527e-07,0.0007889233886587851,True
BT-v2,POOL-s2-b800,POOL-s3-b900,0.2825,0.3375,-0.05500000000000005,100,0.1451093233977915,1.0,False
BT-v2,POOL-s2-b800,POOL-s4-b100,0.2825,0.14,0.14249999999999996,100,0.00024768789568273394,0.38664080516074767,False
BT-v2,POOL-s2-b800,POOL-s4-b1000,0.2825,0.54,-0.25750000000000006,100,7.063175367267817e-11,1.7184705668562598e-07,True
BT-v2,POOL-s2-b800,POOL-s4-b200,0.2825,0.11,0.1725,100,1.3659789952251823e-06,0.0026431693557607276,True
BT-v2,POOL-s2-b800,POOL-s4-b300,0.2825,0.16,0.12249999999999997,100,0.00027364531078286726,0.4236029410918785,False
BT-v2,POOL-s2-b800,POOL-s4-b400,0.2825,0.24,0.04249999999999998,100,0.22265722084998052,1.0,False
BT-v2,POOL-s2-b800,POOL-s4-b500,0.2825,0.06,0.22249999999999998,100,8.314367831196576e-09,1.852441152790597e-05,True
BT-v2,POOL-s2-b800,POOL-s4-b600,0.2825,0.0275,0.25499999999999995,100,5.9490814074904354e-12,1.5116615856433195e-08,True
BT-v2,POOL-s2-b800,POOL-s4-b700,0.2825,0.215,0.06749999999999998,100,0.07174754242167067,1.0,False
BT-v2,POOL-s2-b800,POOL-s4-b800,0.2825,0.2875,-0.0050000000000000044,100,0.8050525285888088,1.0,False
BT-v2,POOL-s2-b800,POOL-s4-b900,0.2825,0.4,-0.11750000000000005,100,0.007446848719484303,1.0,False
BT-v2,POOL-s2-b900,POOL-s3-b100,0.265,0.12,0.14500000000000002,100,1.4373167636361553e-05,0.025483626219269032,True
BT-v2,POOL-s2-b900,POOL-s3-b1000,0.265,0.31,-0.044999999999999984,100,0.2568944521934421,1.0,False
BT-v2,POOL-s2-b900,POOL-s3-b200,0.265,0.0875,0.17750000000000002,100,1.0098721443150483e-07,0.0002115682142340026,True
BT-v2,POOL-s2-b900,POOL-s3-b300,0.265,0.165,0.1,100,0.0007926774757431509,1.0,False
BT-v2,POOL-s2-b900,POOL-s3-b400,0.265,0.325,-0.06,100,0.09846264834479831,1.0,False
BT-v2,POOL-s2-b900,POOL-s3-b500,0.265,0.065,0.2,100,1.788745660546106e-08,3.919141742256518e-05,True
BT-v2,POOL-s2-b900,POOL-s3-b600,0.265,0.49,-0.22499999999999998,100,4.477324704344618e-06,0.008390506495941814,True
BT-v2,POOL-s2-b900,POOL-s3-b700,0.265,0.315,-0.04999999999999999,100,0.1280392059618606,1.0,False
BT-v2,POOL-s2-b900,POOL-s3-b800,0.265,0.4675,-0.2025,100,7.573991763711262e-07,0.001493591175803861,True
BT-v2,POOL-s2-b900,POOL-s3-b900,0.265,0.3375,-0.07250000000000001,100,0.08550868247667863,1.0,False
BT-v2,POOL-s2-b900,POOL-s4-b100,0.265,0.14,0.125,100,0.0004135529129144136,0.6294275334557374,False
BT-v2,POOL-s2-b900,POOL-s4-b1000,0.265,0.54,-0.275,100,6.800542418871824e-12,1.7239375031840075e-08,True
BT-v2,POOL-s2-b900,POOL-s4-b200,0.265,0.11,0.15500000000000003,100,2.457424837713028e-05,0.042611746685943905,True
BT-v2,POOL-s2-b900,POOL-s4-b300,0.265,0.16,0.10500000000000001,100,0.0035567731324168757,1.0,False
BT-v2,POOL-s2-b900,POOL-s4-b400,0.265,0.24,0.025000000000000022,100,0.43932765692905984,1.0,False
BT-v2,POOL-s2-b900,POOL-s4-b500,0.265,0.06,0.20500000000000002,100,2.4136686816224108e-08,5.244902045165499e-05,True
BT-v2,POOL-s2-b900,POOL-s4-b600,0.265,0.0275,0.23750000000000002,100,1.1758545731407893e-11,2.9513949785833813e-08,True
BT-v2,POOL-s2-b900,POOL-s4-b700,0.265,0.215,0.05000000000000002,100,0.16361368557671963,1.0,False
BT-v2,POOL-s2-b900,POOL-s4-b800,0.265,0.2875,-0.022499999999999964,100,0.5474934199837826,1.0,False
BT-v2,POOL-s2-b900,POOL-s4-b900,0.265,0.4,-0.135,100,0.0033793549996087454,1.0,False
BT-v2,POOL-s3-b100,POOL-s3-b1000,0.12,0.31,-0.19,100,7.136923673793282e-08,0.0001509459357007279,True
BT-v2,POOL-s3-b100,POOL-s3-b200,0.12,0.0875,0.0325,100,0.17352967478734305,1.0,False
BT-v2,POOL-s3-b100,POOL-s3-b300,0.12,0.165,-0.04500000000000001,100,0.20098818458400336,1.0,False
BT-v2,POOL-s3-b100,POOL-s3-b400,0.12,0.325,-0.20500000000000002,100,1.2236758626728472e-07,0.0002558706228848924,True
BT-v2,POOL-s3-b100,POOL-s3-b500,0.12,0.065,0.05499999999999999,100,0.009855602770795514,1.0,False
BT-v2,POOL-s3-b100,POOL-s3-b600,0.12,0.49,-0.37,100,5.416839801026018e-13,1.4197537118489192e-09,True
BT-v2,POOL-s3-b100,POOL-s3-b700,0.12,0.315,-0.195,100,7.406410535734065e-08,0.0001564974546200608,True
BT-v2,POOL-s3-b100,POOL-s3-b800,0.12,0.4675,-0.34750000000000003,100,9.509185505670304e-13,2.4752409871259803e-09,True
BT-v2,POOL-s3-b100,POOL-s3-b900,0.12,0.3375,-0.21750000000000003,100,3.856794890671454e-09,8.712499658026816e-06,True
BT-v2,POOL-s3-b100,POOL-s4-b100,0.12,0.14,-0.020000000000000018,100,0.6428733206047169,1.0,False
BT-v2,POOL-s3-b100,POOL-s4-b1000,0.12,0.54,-0.42000000000000004,100,1.20483021566188e-16,3.416898491617092e-13,True
BT-v2,POOL-s3-b100,POOL-s4-b200,0.12,0.11,0.009999999999999995,100,0.4187720828395922,1.0,False
BT-v2,POOL-s3-b100,POOL-s4-b300,0.12,0.16,-0.04000000000000001,100,0.2704107706859715,1.0,False
BT-v2,POOL-s3-b100,POOL-s4-b400,0.12,0.24,-0.12,100,0.0004540621516964618,0.6879041598201396,False
BT-v2,POOL-s3-b100,POOL-s4-b500,0.12,0.06,0.06,100,0.015684945848291332,1.0,False
BT-v2,POOL-s3-b100,POOL-s4-b600,0.12,0.0275,0.0925,100,0.0002839066803469159,0.43835191445563815,False
BT-v2,POOL-s3-b100,POOL-s4-b700,0.12,0.215,-0.095,100,0.009464507337624856,1.0,False
BT-v2,POOL-s3-b100,POOL-s4-b800,0.12,0.2875,-0.16749999999999998,100,2.133559539829304e-05,0.03720927837462307,True
BT-v2,POOL-s3-b100,POOL-s4-b900,0.12,0.4,-0.28,100,3.17738857073059e-09,7.193607724134055e-06,True
BT-v2,POOL-s3-b1000,POOL-s3-b200,0.31,0.0875,0.2225,100,1.0410366394568997e-10,2.5161855575673264e-07,True
BT-v2,POOL-s3-b1000,POOL-s3-b300,0.31,0.165,0.145,100,0.0002541311304091649,0.3959363011774789,False
BT-v2,POOL-s3-b1000,POOL-s3-b400,0.31,0.325,-0.015000000000000013,100,0.7854007352645109,1.0,False
BT-v2,POOL-s3-b1000,POOL-s3-b500,0.31,0.065,0.245,100,4.9873252898667516e-12,1.2717679489160217e-08,True
BT-v2,POOL-s3-b1000,POOL-s3-b600,0.31,0.49,-0.18,100,2.001494913186656e-06,0.0038308612638392595,True
BT-v2,POOL-s3-b1000,POOL-s3-b700,0.31,0.315,-0.0050000000000000044,100,0.8264271209017189,1.0,False
BT-v2,POOL-s3-b1000,POOL-s3-b800,0.31,0.4675,-0.15750000000000003,100,2.8232436487827236e-05,0.04853155832257502,True
BT-v2,POOL-s3-b1000,POOL-s3-b900,0.31,0.3375,-0.027500000000000024,100,0.4388772353726098,1.0,False
BT-v2,POOL-s3-b1000,POOL-s4-b100,0.31,0.14,0.16999999999999998,100,1.480104803783877e-07,0.00030771378870666805,True
BT-v2,POOL-s3-b1000,POOL-s4-b1000,0.31,0.54,-0.23000000000000004,100,2.0640592268860048e-10,4.918653137669349e-07,True
BT-v2,POOL-s3-b1000,POOL-s4-b200,0.31,0.11,0.2,100,1.3948453074545842e-08,3.074239057629904e-05,True
BT-v2,POOL-s3-b1000,POOL-s4-b300,0.31,0.16,0.15,100,0.0001935455294925028,0.3054148455391694,False
BT-v2,POOL-s3-b1000,POOL-s4-b400,0.31,0.24,0.07,100,0.013537508377064102,1.0,False
BT-v2,POOL-s3-b1000,POOL-s4-b500,0.31,0.06,0.25,100,1.0200616761814667e-12,2.651140296395632e-09,True
BT-v2,POOL-s3-b1000,POOL-s4-b600,0.31,0.0275,0.2825,100,4.401273244144059e-14,1.1923049218386256e-10,True
BT-v2,POOL-s3-b1000,POOL-s4-b700,0.31,0.215,0.095,100,0.013923641465586025,1.0,False
BT-v2,POOL-s3-b1000,POOL-s4-b800,0.31,0.2875,0.02250000000000002,100,0.37111591400686217,1.0,False
BT-v2,POOL-s3-b1000,POOL-s4-b900,0.31,0.4,-0.09000000000000002,100,0.0883420333832411,1.0,False
BT-v2,POOL-s3-b200,POOL-s3-b300,0.0875,0.165,-0.07750000000000001,100,0.01878276630375032,1.0,False
BT-v2,POOL-s3-b200,POOL-s3-b400,0.0875,0.325,-0.23750000000000002,100,6.468366299063484e-10,1.507776184311698e-06,True
BT-v2,POOL-s3-b200,POOL-s3-b500,0.0875,0.065,0.022499999999999992,100,0.32933029934677416,1.0,False
BT-v2,POOL-s3-b200,POOL-s3-b600,0.0875,0.49,-0.40249999999999997,100,1.5489759591393327e-14,4.2256064165320996e-11,True
BT-v2,POOL-s3-b200,POOL-s3-b700,0.0875,0.315,-0.2275,100,1.2329247998993717e-10,2.971348767757486e-07,True
BT-v2,POOL-s3-b200,POOL-s3-b800,0.0875,0.4675,-0.38,100,1.5978878574642039e-15,4.4405303558930226e-12,True
BT-v2,POOL-s3-b200,POOL-s3-b900,0.0875,0.3375,-0.25,100,2.69204626374022e-11,6.670890641548265e-08,True
BT-v2,POOL-s3-b200,POOL-s4-b100,0.0875,0.14,-0.05250000000000002,100,0.1866681475171924,1.0,False
BT-v2,POOL-s3-b200,POOL-s4-b1000,0.0875,0.54,-0.4525,100,2.243351587178785e-18,6.644807401223561e-15,True
BT-v2,POOL-s3-b200,POOL-s4-b200,0.0875,0.11,-0.022500000000000006,100,0.7777666122420868,1.0,False
BT-v2,POOL-s3-b200,POOL-s4-b300,0.0875,0.16,-0.07250000000000001,100,0.01781924289526204,1.0,False
BT-v2,POOL-s3-b200,POOL-s4-b400,0.0875,0.24,-0.1525,100,2.0863441364756398e-06,0.0039911763330778985,True
BT-v2,POOL-s3-b200,POOL-s4-b500,0.0875,0.06,0.027499999999999997,100,0.19979136044424395,1.0,False
BT-v2,POOL-s3-b200,POOL-s4-b600,0.0875,0.0275,0.06,100,0.005099298003473967,1.0,False
BT-v2,POOL-s3-b200,POOL-s4-b700,0.0875,0.215,-0.1275,100,7.726303229767707e-05,0.12709768812967878,False
BT-v2,POOL-s3-b200,POOL-s4-b800,0.0875,0.2875,-0.19999999999999998,100,1.6061405136842255e-07,0.00033311354253810836,True
BT-v2,POOL-s3-b200,POOL-s4-b900,0.0875,0.4,-0.3125,100,7.048847459203223e-11,1.7156894715700646e-07,True
BT-v2,POOL-s3-b300,POOL-s3-b400,0.165,0.325,-0.16,100,8.44158336663158e-06,0.015346798560536211,True
BT-v2,POOL-s3-b300,POOL-s3-b500,0.165,0.065,0.1,100,0.001274407771023339,1.0,False
BT-v2,POOL-s3-b300,POOL-s3-b600,0.165,0.49,-0.32499999999999996,100,1.0218488449468833e-09,2.3604708318273003e-06,True
BT-v2,POOL-s3-b300,POOL-s3-b700,0.165,0.315,-0.15,100,1.3019697594943794e-05,0.02316204202140501,True
BT-v2,POOL-s3-b300,POOL-s3-b800,0.165,0.4675,-0.3025,100,5.36842640194754e-12,1.3657276766554542e-08,True
BT-v2,POOL-s3-b300,POOL-s3-b900,0.165,0.3375,-0.17250000000000001,100,2.117077500081282e-05,0.03694300237641837,True
BT-v2,POOL-s3-b300,POOL-s4-b100,0.165,0.14,0.024999999999999994,100,0.3359469654216649,1.0,False
BT-v2,POOL-s3-b300,POOL-s4-b1000,0.165,0.54,-0.375,100,8.532156776234897e-16,2.3847378189576538e-12,True
BT-v2,POOL-s3-b300,POOL-s4-b200,0.165,0.11,0.05500000000000001,100,0.056900102591469784,1.0,False
BT-v2,POOL-s3-b300,POOL-s4-b300,0.165,0.16,0.0050000000000000044,100,0.9220295248432393,1.0,False
BT-v2,POOL-s3-b300,POOL-s4-b400,0.165,0.24,-0.07499999999999998,100,0.028033179756130126,1.0,False
BT-v2,POOL-s3-b300,POOL-s4-b500,0.165,0.06,0.10500000000000001,100,0.0004176634906744017,0.6348485058250906,False
BT-v2,POOL-s3-b300,POOL-s4-b600,0.165,0.0275,0.1375,100,2.405690113544558e-06,0.004582839666302383,True
BT-v2,POOL-s3-b300,POOL-s4-b700,0.165,0.215,-0.04999999999999999,100,0.1743614184471859,1.0,False
BT-v2,POOL-s3-b300,POOL-s4-b800,0.165,0.2875,-0.12249999999999997,100,0.0005527678283157671,0.8274934389887034,False
BT-v2,POOL-s3-b300,POOL-s4-b900,0.165,0.4,-0.23500000000000001,100,2.760235798486554e-08,5.970390032126416e-05,True
BT-v2,POOL-s3-b400,POOL-s3-b500,0.325,0.065,0.26,100,7.2441457495768046e-12,1.8356665329427623e-08,True
BT-v2,POOL-s3-b400,POOL-s3-b600,0.325,0.49,-0.16499999999999998,100,0.00010288597206622531,0.16636661683108633,False
BT-v2,POOL-s3-b400,POOL-s3-b700,0.325,0.315,0.010000000000000009,100,0.618223162163126,1.0,False
BT-v2,POOL-s3-b400,POOL-s3-b800,0.325,0.4675,-0.14250000000000002,100,0.00011977311836900266,0.1925951743373563,False
BT-v2,POOL-s3-b400,POOL-s3-b900,0.325,0.3375,-0.012500000000000011,100,0.763191483262372,1.0,False
BT-v2,POOL-s3-b400,POOL-s4-b100,0.325,0.14,0.185,100,2.4897276393842832e-06,0.004732972242469522,True
BT-v2,POOL-s3-b400,POOL-s4-b1000,0.325,0.54,-0.21500000000000002,100,5.401556562935039e-08,0.00011499913922488699,True
BT-v2,POOL-s3-b400,POOL-s4-b200,0.325,0.11,0.21500000000000002,100,1.316956648888485e-07,0.00027498054828791564,True
BT-v2,POOL-s3-b400,POOL-s4-b300,0.325,0.16,0.165,100,1.024611319481751e-05,0.018412265411087068,True
BT-v2,POOL-s3-b400,POOL-s4-b400,0.325,0.24,0.08500000000000002,100,0.01664739267570331,1.0,False
BT-v2,POOL-s3-b400,POOL-s4-b500,0.325,0.06,0.265,100,1.8934347263885548e-11,4.7222262076130555e-08,True
BT-v2,POOL-s3-b400,POOL-s4-b600,0.325,0.0275,0.2975,100,1.1238733989436514e-13,3.0063613421742676e-10,True
BT-v2,POOL-s3-b400,POOL-s4-b700,0.325,0.215,0.11000000000000001,100,0.007462218045523636,1.0,False
BT-v2,POOL-s3-b400,POOL-s4-b800,0.325,0.2875,0.03750000000000003,100,0.34489853198334475,1.0,False
BT-v2,POOL-s3-b400,POOL-s4-b900,0.325,0.4,-0.07500000000000001,100,0.14079486815592882,1.0,False
BT-v2,POOL-s3-b500,POOL-s3-b600,0.065,0.49,-0.425,100,5.656456787672183e-16,1.5855048375845128e-12,True
BT-v2,POOL-s3-b500,POOL-s3-b700,0.065,0.315,-0.25,100,1.8649911447766312e-11,4.653152906217695e-08,True
BT-v2,POOL-s3-b500,POOL-s3-b800,0.065,0.4675,-0.4025,100,4.755552114599275e-16,1.3339323681450966e-12,True
BT-v2,POOL-s3-b500,POOL-s3-b900,0.065,0.3375,-0.2725,100,9.713188275979556e-14,2.602163139134923e-10,True
BT-v2,POOL-s3-b500,POOL-s4-b100,0.065,0.14,-0.07500000000000001,100,0.02868925650634946,1.0,False
BT-v2,POOL-s3-b500,POOL-s4-b1000,0.065,0.54,-0.47500000000000003,100,1.7196724140849642e-18,5.117745104316854e-15,True
BT-v2,POOL-s3-b500,POOL-s4-b200,0.065,0.11,-0.045,100,0.2148800338841811,1.0,False
BT-v2,POOL-s3-b500,POOL-s4-b300,0.065,0.16,-0.095,100,0.0028949012610302058,1.0,False
BT-v2,POOL-s3-b500,POOL-s4-b400,0.065,0.24,-0.175,100,8.864524381818885e-09,1.9741295798310657e-05,True
BT-v2,POOL-s3-b500,POOL-s4-b500,0.065,0.06,0.0050000000000000044,100,0.7598936122091441,1.0,False
BT-v2,POOL-s3-b500,POOL-s4-b600,0.065,0.0275,0.037500000000000006,100,0.06645942107877086,1.0,False
BT-v2,POOL-s3-b500,POOL-s4-b700,0.065,0.215,-0.15,100,3.7203516294254266e-05,0.06302275660246673,False
BT-v2,POOL-s3-b500,POOL-s4-b800,0.065,0.2875,-0.22249999999999998,100,9.675589568145299e-08,0.00020299386913968836,True
BT-v2,POOL-s3-b500,POOL-s4-b900,0.065,0.4,-0.335,100,8.339988156540037e-12,2.1058470095263595e-08,True
BT-v2,POOL-s3-b600,POOL-s3-b700,0.49,0.315,0.175,100,3.801985614330513e-05,0.06436761645061559,False
BT-v2,POOL-s3-b600,POOL-s3-b800,0.49,0.4675,0.022499999999999964,100,0.6889297098482541,1.0,False
BT-v2,POOL-s3-b600,POOL-s3-b900,0.49,0.3375,0.15249999999999997,100,0.0003569155466453835,0.5464377019140821,False
BT-v2,POOL-s3-b600,POOL-s4-b100,0.49,0.14,0.35,100,5.34610423685047e-13,1.4022831413258783e-09,True
BT-v2,POOL-s3-b600,POOL-s4-b1000,0.49,0.54,-0.050000000000000044,100,0.42919220820319304,1.0,False
BT-v2,POOL-s3-b600,POOL-s4-b200,0.49,0.11,0.38,100,5.6455023498816254e-15,1.556464997862364e-11,True
BT-v2,POOL-s3-b600,POOL-s4-b300,0.49,0.16,0.32999999999999996,100,7.465393798888294e-10,1.7349575188616396e-06,True
BT-v2,POOL-s3-b600,POOL-s4-b400,0.49,0.24,0.25,100,5.162390010531373e-09,1.1605052743674526e-05,True
BT-v2,POOL-s3-b600,POOL-s4-b500,0.49,0.06,0.43,100,7.004111522096898e-17,1.9996738395586645e-13,True
BT-v2,POOL-s3-b600,POOL-s4-b600,0.49,0.0275,0.46249999999999997,100,7.695804924132071e-17,2.1956131448548798e-13,True
BT-v2,POOL-s3-b600,POOL-s4-b700,0.49,0.215,0.275,100,1.9233409016936243e-07,0.00039673178497693224,True
BT-v2,POOL-s3-b600,POOL-s4-b800,0.49,0.2875,0.2025,100,5.236266270310717e-05,0.08752117211970133,False
BT-v2,POOL-s3-b600,POOL-s4-b900,0.49,0.4,0.08999999999999997,100,0.062368730105575074,1.0,False
BT-v2,POOL-s3-b700,POOL-s3-b800,0.315,0.4675,-0.15250000000000002,100,2.6316627641748866e-05,0.04544881593730029,True
BT-v2,POOL-s3-b700,POOL-s3-b900,0.315,0.3375,-0.02250000000000002,100,0.5771551089905052,1.0,False
BT-v2,POOL-s3-b700,POOL-s4-b100,0.315,0.14,0.175,100,1.03099734131786e-05,0.018501425111152277,True
BT-v2,POOL-s3-b700,POOL-s4-b1000,0.315,0.54,-0.22500000000000003,100,1.348464689814579e-08,2.9774100351105904e-05,True
BT-v2,POOL-s3-b700,POOL-s4-b200,0.315,0.11,0.20500000000000002,100,9.007729059557045e-08,0.0001896126967036758,True
BT-v2,POOL-s3-b700,POOL-s4-b300,0.315,0.16,0.155,100,8.117167084859337e-06,0.014797595595698572,True
BT-v2,POOL-s3-b700,POOL-s4-b400,0.315,0.24,0.07500000000000001,100,0.036687579680074314,1.0,False
BT-v2,POOL-s3-b700,POOL-s4-b500,0.315,0.06,0.255,100,2.7716936163680652e-11,6.857170006894594e-08,True
BT-v2,POOL-s3-b700,POOL-s4-b600,0.315,0.0275,0.2875,100,1.6151584984834718e-15,4.486910308787084e-12,True
BT-v2,POOL-s3-b700,POOL-s4-b700,0.315,0.215,0.1,100,0.0029131013154919455,1.0,False
BT-v2,POOL-s3-b700,POOL-s4-b800,0.315,0.2875,0.027500000000000024,100,0.39628124426645295,1.0,False
BT-v2,POOL-s3-b700,POOL-s4-b900,0.315,0.4,-0.08500000000000002,100,0.050109121107687726,1.0,False
BT-v2,POOL-s3-b800,POOL-s3-b900,0.4675,0.3375,0.13,100,0.00026617964431548867,0.4133769876219539,False
BT-v2,POOL-s3-b800,POOL-s4-b100,0.4675,0.14,0.3275,100,1.2934366738999024e-12,3.352587858748547e-09,True
BT-v2,POOL-s3-b800,POOL-s4-b1000,0.4675,0.54,-0.07250000000000001,100,0.017315676493836522,1.0,False
BT-v2,POOL-s3-b800,POOL-s4-b200,0.4675,0.11,0.35750000000000004,100,5.2301483375437137e-14,1.4116170363030484e-10,True
BT-v2,POOL-s3-b800,POOL-s4-b300,0.4675,0.16,0.3075,100,2.850564959040423e-12,7.3231013797748464e-09,True
BT-v2,POOL-s3-b800,POOL-s4-b400,0.4675,0.24,0.22750000000000004,100,1.5671979392824926e-09,3.5967192706533208e-06,True
BT-v2,POOL-s3-b800,POOL-s4-b500,0.4675,0.06,0.40750000000000003,100,1.4005755128739137e-16,3.9678304279717976e-13,True
BT-v2,POOL-s3-b800,POOL-s4-b600,0.4675,0.0275,0.44,100,1.1980391734455305e-17,3.479105759685821e-14,True
BT-v2,POOL-s3-b800,POOL-s4-b700,0.4675,0.215,0.25250000000000006,100,6.379865413380349e-09,1.4265379064318459e-05,True
BT-v2,POOL-s3-b800,POOL-s4-b800,0.4675,0.2875,0.18000000000000005,100,1.580997837008393e-05,0.027888801844828053,True
BT-v2,POOL-s3-b800,POOL-s4-b900,0.4675,0.4,0.0675,100,0.07717447080484706,1.0,False
BT-v2,POOL-s3-b900,POOL-s4-b100,0.3375,0.14,0.1975,100,2.801364958021909e-07,0.0005711983149406672,True
BT-v2,POOL-s3-b900,POOL-s4-b1000,0.3375,0.54,-0.2025,100,2.2874630266806648e-09,5.219990626885277e-06,True
BT-v2,POOL-s3-b900,POOL-s4-b200,0.3375,0.11,0.22750000000000004,100,2.9953163143904696e-10,7.068946501961508e-07,True
BT-v2,POOL-s3-b900,POOL-s4-b300,0.3375,0.16,0.17750000000000002,100,3.515856779164514e-06,0.0066344217422834376,True
BT-v2,POOL-s3-b900,POOL-s4-b400,0.3375,0.24,0.09750000000000003,100,0.00613164481520372,1.0,False
BT-v2,POOL-s3-b900,POOL-s4-b500,0.3375,0.06,0.2775,100,4.941381416182625e-13,1.2976067598895572e-09,True
BT-v2,POOL-s3-b900,POOL-s4-b600,0.3375,0.0275,0.31,100,4.9720064432990936e-15,1.37177657770622e-11,True
BT-v2,POOL-s3-b900,POOL-s4-b700,0.3375,0.215,0.12250000000000003,100,0.0011497788585910112,1.0,False
BT-v2,POOL-s3-b900,POOL-s4-b800,0.3375,0.2875,0.050000000000000044,100,0.18193237836182552,1.0,False
BT-v2,POOL-s3-b900,POOL-s4-b900,0.3375,0.4,-0.0625,100,0.21691294265601602,1.0,False
BT-v2,POOL-s4-b100,POOL-s4-b1000,0.14,0.54,-0.4,100,9.850620207094622e-16,2.749308099800109e-12,True
BT-v2,POOL-s4-b100,POOL-s4-b200,0.14,0.11,0.030000000000000013,100,0.308798234169783,1.0,False
BT-v2,POOL-s4-b100,POOL-s4-b300,0.14,0.16,-0.01999999999999999,100,0.44120602435757317,1.0,False
BT-v2,POOL-s4-b100,POOL-s4-b400,0.14,0.24,-0.09999999999999998,100,0.0012737598456213643,1.0,False
BT-v2,POOL-s4-b100,POOL-s4-b500,0.14,0.06,0.08000000000000002,100,0.005373830472045243,1.0,False
BT-v2,POOL-s4-b100,POOL-s4-b600,0.14,0.0275,0.11250000000000002,100,0.00022926433640593953,0.3594864794845132,False
BT-v2,POOL-s4-b100,POOL-s4-b700,0.14,0.215,-0.07499999999999998,100,0.03145419497920598,1.0,False
BT-v2,POOL-s4-b100,POOL-s4-b800,0.14,0.2875,-0.14749999999999996,100,0.0006042444026863001,0.8954902047810968,False
BT-v2,POOL-s4-b100,POOL-s4-b900,0.14,0.4,-0.26,100,3.0947759153475867e-07,0.0006279300332240254,True
BT-v2,POOL-s4-b1000,POOL-s4-b200,0.54,0.11,0.43000000000000005,100,6.022455640846571e-17,1.7218200677180347e-13,True
BT-v2,POOL-s4-b1000,POOL-s4-b300,0.54,0.16,0.38,100,4.0796593812357127e-16,1.1472002180034823e-12,True
BT-v2,POOL-s4-b1000,POOL-s4-b400,0.54,0.24,0.30000000000000004,100,8.857726445426324e-13,2.3092092843226426e-09,True
BT-v2,POOL-s4-b1000,POOL-s4-b500,0.54,0.06,0.48000000000000004,100,2.6354500974392556e-18,7.793025938127879e-15,True
BT-v2,POOL-s4-b1000,POOL-s4-b600,0.54,0.0275,0.5125000000000001,100,4.986530599204222e-19,1.5099214654390386e-15,True
BT-v2,POOL-s4-b1000,POOL-s4-b700,0.54,0.215,0.32500000000000007,100,3.983082515002982e-14,1.0794153615658082e-10,True
BT-v2,POOL-s4-b1000,POOL-s4-b800,0.54,0.2875,0.25250000000000006,100,5.491644000062082e-09,1.2323249136139311e-05,True
BT-v2,POOL-s4-b1000,POOL-s4-b900,0.54,0.4,0.14,100,0.0014069553327545504,1.0,False
BT-v2,POOL-s4-b200,POOL-s4-b300,0.11,0.16,-0.05,100,0.14843073351367767,1.0,False
BT-v2,POOL-s4-b200,POOL-s4-b400,0.11,0.24,-0.13,100,8.769725383389486e-05,0.1432973127645842,False
BT-v2,POOL-s4-b200,POOL-s4-b500,0.11,0.06,0.05,100,0.16975946322702629,1.0,False
BT-v2,POOL-s4-b200,POOL-s4-b600,0.11,0.0275,0.0825,100,0.00838582798784704,1.0,False
BT-v2,POOL-s4-b200,POOL-s4-b700,0.11,0.215,-0.105,100,0.008252368633817916,1.0,False
BT-v2,POOL-s4-b200,POOL-s4-b800,0.11,0.2875,-0.1775,100,7.2830573728131454e-06,0.013342561106993682,True
BT-v2,POOL-s4-b200,POOL-s4-b900,0.11,0.4,-0.29000000000000004,100,1.0552998909067665e-08,2.3459316574857417e-05,True
BT-v2,POOL-s4-b300,POOL-s4-b400,0.16,0.24,-0.07999999999999999,100,0.023411672273484736,1.0,False
BT-v2,POOL-s4-b300,POOL-s4-b500,0.16,0.06,0.1,100,0.001112992581321775,1.0,False
BT-v2,POOL-s4-b300,POOL-s4-b600,0.16,0.0275,0.1325,100,7.430440622250469e-06,0.013597706338718358,True
BT-v2,POOL-s4-b300,POOL-s4-b700,0.16,0.215,-0.05499999999999999,100,0.09983587602932809,1.0,False
BT-v2,POOL-s4-b300,POOL-s4-b800,0.16,0.2875,-0.12749999999999997,100,0.0011838686869442901,1.0,False
BT-v2,POOL-s4-b300,POOL-s4-b900,0.16,0.4,-0.24000000000000002,100,2.7679884011379535e-07,0.0005646696338321425,True
BT-v2,POOL-s4-b400,POOL-s4-b500,0.24,0.06,0.18,100,9.345619600995188e-08,0.00019625801162089895,True
BT-v2,POOL-s4-b400,POOL-s4-b600,0.24,0.0275,0.2125,100,5.913756286033624e-11,1.4476875388210312e-07,True
BT-v2,POOL-s4-b400,POOL-s4-b700,0.24,0.215,0.024999999999999994,100,0.30866723169623655,1.0,False
BT-v2,POOL-s4-b400,POOL-s4-b800,0.24,0.2875,-0.04749999999999999,100,0.3998577185620743,1.0,False
BT-v2,POOL-s4-b400,POOL-s4-b900,0.24,0.4,-0.16000000000000003,100,0.0005602114282033981,0.83583545087947,False
BT-v2,POOL-s4-b500,POOL-s4-b600,0.06,0.0275,0.0325,100,0.12546238275757765,1.0,False
BT-v2,POOL-s4-b500,POOL-s4-b700,0.06,0.215,-0.155,100,5.057145618293623e-05,0.08470718910641818,False
BT-v2,POOL-s4-b500,POOL-s4-b800,0.06,0.2875,-0.22749999999999998,100,7.416556372245926e-08,0.00015663767058183396,True
BT-v2,POOL-s4-b500,POOL-s4-b900,0.06,0.4,-0.34,100,7.40430512611328e-13,1.9354853599660115e-09,True
BT-v2,POOL-s4-b600,POOL-s4-b700,0.0275,0.215,-0.1875,100,4.0917087614247633e-08,8.776715293256118e-05,True
BT-v2,POOL-s4-b600,POOL-s4-b800,0.0275,0.2875,-0.25999999999999995,100,2.957562450977679e-11,7.305179253914867e-08,True
BT-v2,POOL-s4-b600,POOL-s4-b900,0.0275,0.4,-0.3725,100,1.1793943753421499e-14,3.232719982812833e-11,True
BT-v2,POOL-s4-b700,POOL-s4-b800,0.215,0.2875,-0.07249999999999998,100,0.10128635599425671,1.0,False
BT-v2,POOL-s4-b700,POOL-s4-b900,0.215,0.4,-0.18500000000000003,100,6.309276577877176e-05,0.10435543459808849,False
BT-v2,POOL-s4-b800,POOL-s4-b900,0.2875,0.4,-0.11250000000000004,100,0.005793079075758953,1.0,False
BT-v3,BT-v1,BT-v2,0.38,0.7925,-0.4125,100,1.1939568345697887e-17,3.468444604425236e-14,True
BT-v3,BT-v1,BT-v3,0.38,0.5,-0.12,100,5.99009710127342e-09,1.3417817506852461e-05,True
BT-v3,BT-v1,BTO-s0-b300,0.38,0.83,-0.44999999999999996,100,4.941453571306103e-18,1.44932833246408e-14,True
BT-v3,BT-v1,BTO-s1-b300,0.38,0.8,-0.42000000000000004,100,6.849269164637721e-18,2.0006715229906783e-14,True
BT-v3,BT-v1,BTO-s2-b300,0.38,0.8275,-0.4475,100,2.9769920760799255e-18,8.79701158481618e-15,True
BT-v3,BT-v1,POOL-s0-b100,0.38,0.9475,-0.5675,100,1.1145673071733463e-18,3.3392436522913454e-15,True
BT-v3,BT-v1,POOL-s0-b1000,0.38,0.9725,-0.5925,100,7.143818214018389e-19,2.155289955169348e-15,True
BT-v3,BT-v1,POOL-s0-b200,0.38,0.96,-0.58,100,5.833200739759769e-19,1.765126543851306e-15,True
BT-v3,BT-v1,POOL-s0-b300,0.38,0.955,-0.575,100,7.143818214018389e-19,2.155289955169348e-15,True
BT-v3,BT-v1,POOL-s0-b400,0.38,0.8875,-0.5075,100,9.360037944995635e-19,2.8117553986766888e-15,True
BT-v3,BT-v1,POOL-s0-b500,0.38,0.9775,-0.5975,100,6.821399527454348e-19,2.0586983773857225e-15,True
BT-v3,BT-v1,POOL-s0-b600,0.38,0.9625,-0.5825,100,7.966156224729345e-19,2.3986096392660058e-15,True
BT-v3,BT-v1,POOL-s0-b700,0.38,0.945,-0.565,100,1.1138496211032849e-18,3.3382073144465446e-15,True
BT-v3,BT-v1,POOL-s0-b800,0.38,0.9625,-0.5825,100,7.616709391766437e-19,2.294152868800051e-15,True
BT-v3,BT-v1,POOL-s0-b900,0.38,0.9725,-0.5925,100,6.108740307889577e-19,1.847283069105808e-15,True
BT-v3,BT-v1,POOL-s1-b100,0.38,0.9,-0.52,100,3.094718764863876e-18,9.135609793878163e-15,True
BT-v3,BT-v1,POOL-s1-b1000,0.38,0.8925,-0.5125,100,9.16237709555047e-19,2.753294317212916e-15,True
BT-v3,BT-v1,POOL-s1-b200,0.38,0.96,-0.58,100,1.0309935352274951e-18,3.091949612147258e-15,True
BT-v3,BT-v1,POOL-s1-b300,0.38,0.9525,-0.5725,100,8.558961810361995e-19,2.573679816375852e-15,True
BT-v3,BT-v1,POOL-s1-b400,0.38,0.9825,-0.6025,100,6.60072437059766e-19,1.994738904794613e-15,True
BT-v3,BT-v1,POOL-s1-b500,0.38,0.7525,-0.37249999999999994,100,5.777407714098808e-17,1.6540718285464886e-13,True
BT-v3,BT-v1,POOL-s1-b600,0.38,0.7825,-0.40249999999999997,100,2.899740390865791e-17,8.359951546866075e-14,True
BT-v3,BT-v1,POOL-s1-b700,0.38,0.825,-0.44499999999999995,100,6.8097246993825366e-18,1.9898015571595772e-14,True
BT-v3,BT-v1,POOL-s1-b800,0.38,0.8475,-0.4675,100,1.9585365373255846e-18,5.812936442782335e-15,True
BT-v3,BT-v1,POOL-s1-b900,0.38,0.905,-0.525,100,1.5737467419747742e-18,4.6929127845687765e-15,True
BT-v3,BT-v1,POOL-s2-b100,0.38,0.9475,-0.5675,100,1.154910619431863e-18,3.4566474839595658e-15,True
BT-v3,BT-v1,POOL-s2-b1000,0.38,0.9675,-0.5875,100,7.400864274507885e-19,2.231360578764127e-15,True
BT-v3,BT-v1,POOL-s2-b200,0.38,0.9575,-0.5775,100,1.089549807935833e-18,3.266470324191627e-15,True
BT-v3,BT-v1,POOL-s2-b300,0.38,0.9725,-0.5925,100,7.518828792359041e-19,2.266174998017015e-15,True
BT-v3,BT-v1,POOL-s2-b400,0.38,0.8475,-0.4675,100,2.0267596548337015e-18,6.013395895891592e-15,True
BT-v3,BT-v1,POOL-s2-b500,0.38,0.9575,-0.5775,100,7.561820594520284e-19,2.2783765451289618e-15,True
BT-v3,BT-v1,POOL-s2-b600,0.38,0.97,-0.59,100,8.111704815003252e-19,2.4408119788344785e-15,True
BT-v3,BT-v1,POOL-s2-b700,0.38,0.9825,-0.6025,100,6.60072437059766e-19,1.994738904794613e-15,True
BT-v3,BT-v1,POOL-s2-b800,0.38,0.975,-0.595,100,6.036629427699288e-19,1.8260804018790345e-15,True
BT-v3,BT-v1,POOL-s2-b900,0.38,0.96,-0.58,100,1.1278809102825602e-18,3.378003326296268e-15,True
BT-v3,BT-v1,POOL-s3-b100,0.38,0.9525,-0.5725,100,9.564647395155796e-19,2.8713071480257697e-15,True
BT-v3,BT-v1,POOL-s3-b1000,0.38,0.9075,-0.5275,100,2.3827837500676036e-18,7.053039900200106e-15,True
BT-v3,BT-v1,POOL-s3-b200,0.38,0.9475,-0.5675,100,9.611638348253104e-19,2.8844526683107566e-15,True
BT-v3,BT-v1,POOL-s3-b300,0.38,0.95,-0.57,100,1.415339502515659e-18,4.2262037545117575e-15,True
BT-v3,BT-v1,POOL-s3-b400,0.38,0.935,-0.555,100,9.530151860643757e-19,2.86190460375132e-15,True
BT-v3,BT-v1,POOL-s3-b500,0.38,0.8575,-0.47750000000000004,100,3.4574184865071436e-17,9.946992985681052e-14,True
BT-v3,BT-v1,POOL-s3-b600,0.38,0.9525,-0.5725,100,9.962796069142136e-19,2.988838820742641e-15,True
BT-v3,BT-v1,POOL-s3-b700,0.38,0.945,-0.565,100,8.325617414691305e-19,2.5043457183391446e-15,True
BT-v3,BT-v1,POOL-s3-b800,0.38,0.77,-0.39,100,6.559212758933165e-18,1.9185697319879506e-14,True
BT-v3,BT-v1,POOL-s3-b900,0.38,0.9325,-0.5525,100,1.4290480784206248e-18,4.265708514085565e-15,True
BT-v3,BT-v1,POOL-s4-b100,0.38,0.9575,-0.5775,100,1.1877267412232792e-18,3.5536784097400515e-15,True
BT-v3,BT-v1,POOL-s4-b1000,0.38,0.935,-0.555,100,5.439103570849381e-19,1.6464166508961076e-15,True
BT-v3,BT-v1,POOL-s4-b200,0.38,0.935,-0.555,100,5.880412067582754e-18,1.7223726945949885e-14,True
BT-v3,BT-v1,POOL-s4-b300,0.38,0.945,-0.565,100,3.981246454170717e-18,1.1716808314624421e-14,True
BT-v3,BT-v1,POOL-s4-b400,0.38,0.855,-0.475,100,7.659347003519334e-18,2.2349974556269416e-14,True
BT-v3,BT-v1,POOL-s4-b500,0.38,0.9475,-0.5675,100,1.3797323228803177e-18,4.122640180766389e-15,True
BT-v3,BT-v1,POOL-s4-b600,0.38,0.9475,-0.5675,100,1.791823022368661e-18,5.3288816685243974e-15,True
BT-v3,BT-v1,POOL-s4-b700,0.38,0.94,-0.5599999999999999,100,1.924703854162067e-18,5.7163704468613395e-15,True
BT-v3,BT-v1,POOL-s4-b800,0.38,0.9525,-0.5725,100,1.1511547390995743e-18,3.4465572888641257e-15,True
BT-v3,BT-v1,POOL-s4-b900,0.38,0.9425,-0.5625,100,1.682018263280032e-18,5.009050388047936e-15,True
BT-v3,BT-v2,BT-v3,0.7925,0.5,0.2925,100,3.2732849405648677e-16,9.233936817333492e-13,True
BT-v3,BT-v2,BTO-s0-b300,0.7925,0.83,-0.03749999999999998,100,0.12249105337278762,1.0,False
BT-v3,BT-v2,BTO-s1-b300,0.7925,0.8,-0.007500000000000062,100,0.9069412812033008,1.0,False
BT-v3,BT-v2,BTO-s2-b300,0.7925,0.8275,-0.03500000000000003,100,0.22759330009873502,1.0,False
BT-v3,BT-v2,POOL-s0-b100,0.7925,0.9475,-0.15500000000000003,100,6.01672726425235e-08,0.0001277351198200774,True
BT-v3,BT-v2,POOL-s0-b1000,0.7925,0.9725,-0.18000000000000005,100,5.2062479159404496e-09,1.169843906711819e-05,True
BT-v3,BT-v2,POOL-s0-b200,0.7925,0.96,-0.16749999999999998,100,9.498872964772362e-09,2.1144491219583276e-05,True
BT-v3,BT-v2,POOL-s0-b300,0.7925,0.955,-0.16249999999999998,100,1.2807649241577745e-07,0.00026767986914897485,True
BT-v3,BT-v2,POOL-s0-b400,0.7925,0.8875,-0.09499999999999997,100,0.000147554788718832,0.23461211406294286,False
BT-v3,BT-v2,POOL-s0-b500,0.7925,0.9775,-0.18500000000000005,100,8.322889566017091e-10,1.9309103793159654e-06,True
BT-v3,BT-v2,POOL-s0-b600,0.7925,0.9625,-0.17000000000000004,100,4.289274592985569e-08,9.183336903582104e-05,True
BT-v3,BT-v2,POOL-s0-b700,0.7925,0.945,-0.15249999999999997,100,3.1257731635885103e-07,0.0006339067975757499,True
BT-v3,BT-v2,POOL-s0-b800,0.7925,0.9625,-0.17000000000000004,100,3.674702453068681e-08,7.893260869191527e-05,True
BT-v3,BT-v2,POOL-s0-b900,0.7925,0.9725,-0.18000000000000005,100,2.824818236315128e-09,6.4208118511442865e-06,True
BT-v3,BT-v2,POOL-s1-b100,0.7925,0.9,-0.10750000000000004,100,0.0007352284495402263,1.0,False
BT-v3,BT-v2,POOL-s1-b1000,0.7925,0.8925,-0.09999999999999998,100,0.0005310714884985847,0.7982004472133728,False
BT-v3,BT-v2,POOL-s1-b200,0.7925,0.96,-0.16749999999999998,100,2.7830619771828955e-08,6.011413870715054e-05,True
BT-v3,BT-v2,POOL-s1-b300,0.7925,0.9525,-0.16000000000000003,100,7.770933446605809e-08,0.00016396669572338256,True
BT-v3,BT-v2,POOL-s1-b400,0.7925,0.9825,-0.19000000000000006,100,1.7808982784795483e-10,4.2581277838446e-07,True
BT-v3,BT-v2,POOL-s1-b500,0.7925,0.7525,0.040000000000000036,100,0.27076783772039825,1.0,False
BT-v3,BT-v2,POOL-s1-b600,0.7925,0.7825,0.010000000000000009,100,0.8437043396642827,1.0,False
BT-v3,BT-v2,POOL-s1-b700,0.7925,0.825,-0.03249999999999997,100,0.2526099181606173,1.0,False
BT-v3,BT-v2,POOL-s1-b800,0.7925,0.8475,-0.05500000000000005,100,0.044536245073949196,1.0,False
BT-v3,BT-v2,POOL-s1-b900,0.7925,0.905,-0.11250000000000004,100,0.0005571553212147815,0.8318328945736687,False
BT-v3,BT-v2,POOL-s2-b100,0.7925,0.9475,-0.15500000000000003,100,1.009296648063086e-06,0.0019741842436113966,True
BT-v3,BT-v2,POOL-s2-b1000,0.7925,0.9675,-0.17500000000000004,100,4.994703742144023e-09,1.1233088716081907e-05,True
BT-v3,BT-v2,POOL-s2-b200,0.7925,0.9575,-0.16500000000000004,100,1.92331383410007e-07,0.00039673178497693224,True
BT-v3,BT-v2,POOL-s2-b300,0.7925,0.9725,-0.18000000000000005,100,3.1386710851325553e-09,7.11222867891037e-06,True
BT-v3,BT-v2,POOL-s2-b400,0.7925,0.8475,-0.05500000000000005,100,0.02068657751806962,1.0,False
BT-v3,BT-v2,POOL-s2-b500,0.7925,0.9575,-0.16500000000000004,100,4.460639989104175e-08,9.53512280149956e-05,True
BT-v3,BT-v2,POOL-s2-b600,0.7925,0.97,-0.1775,100,3.998143061973819e-09,9.023808890874909e-06,True
BT-v3,BT-v2,POOL-s2-b700,0.7925,0.9825,-0.19000000000000006,100,1.3280870080742612e-10,3.196705428434747e-07,True
BT-v3,BT-v2,POOL-s2-b800,0.7925,0.975,-0.1825,100,7.681253181219084e-10,1.7835869886790714e-06,True
BT-v3,BT-v2,POOL-s2-b900,0.7925,0.96,-0.16749999999999998,100,1.0946138405297196e-07,0.00022899321543881735,True
BT-v3,BT-v2,POOL-s3-b100,0.7925,0.9525,-0.16000000000000003,100,2.1361233623168172e-07,0.0004389733509561059,True
BT-v3,BT-v2,POOL-s3-b1000,0.7925,0.9075,-0.11499999999999999,100,3.279230832143104e-05,0.05607484722964708,False
BT-v3,BT-v2,POOL-s3-b200,0.7925,0.9475,-0.15500000000000003,100,1.6683441939112938e-07,0.00034551408255902895,True
BT-v3,BT-v2,POOL-s3-b300,0.7925,0.95,-0.15749999999999997,100,3.5259302709147477e-07,0.0007111801356435046,True
BT-v3,BT-v2,POOL-s3-b400,0.7925,0.935,-0.14250000000000007,100,2.140936358641183e-06,0.004091329381363301,True
BT-v3,BT-v2,POOL-s3-b500,0.7925,0.8575,-0.06500000000000006,100,0.030510179600162328,1.0,False
BT-v3,BT-v2,POOL-s3-b600,0.7925,0.9525,-0.16000000000000003,100,5.132801646759105e-08,0.00010932867507596894,True
BT-v3,BT-v2,POOL-s3-b700,0.7925,0.945,-0.15249999999999997,100,9.846082676162658e-08,0.0002063738928923693,True
BT-v3,BT-v2,POOL-s3-b800,0.7925,0.77,0.022499999999999964,100,0.4986953445796415,1.0,False
BT-v3,BT-v2,POOL-s3-b900,0.7925,0.9325,-0.14,100,4.135575015531601e-06,0.0077666098791683465,True
BT-v3,BT-v2,POOL-s4-b100,0.7925,0.9575,-0.16500000000000004,100,2.6381684037698537e-08,5.719549099373043e-05,True
BT-v3,BT-v2,POOL-s4-b1000,0.7925,0.935,-0.14250000000000007,100,1.0713162702442584e-06,0.0020933519920572807,True
BT-v3,BT-v2,POOL-s4-b200,0.7925,0.935,-0.14250000000000007,100,6.332512772267893e-06,0.011664488526517459,True
BT-v3,BT-v2,POOL-s4-b300,0.7925,0.945,-0.15249999999999997,100,7.597622268815074e-07,0.0014974913491834511,True
BT-v3,BT-v2,POOL-s4-b400,0.7925,0.855,-0.0625,100,0.008759909170905106,1.0,False
BT-v3,BT-v2,POOL-s4-b500,0.7925,0.9475,-0.15500000000000003,100,3.938776653403861e-07,0.0007916941073341761,True
BT-v3,BT-v2,POOL-s4-b600,0.7925,0.9475,-0.15500000000000003,100,1.3277110902187812e-06,0.0025757595150244354,True
BT-v3,BT-v2,POOL-s4-b700,0.7925,0.94,-0.14749999999999996,100,4.944903997438833e-06,0.009222245955223423,True
BT-v3,BT-v2,POOL-s4-b800,0.7925,0.9525,-0.16000000000000003,100,3.214918705164796e-07,0.0006513425296663877,True
BT-v3,BT-v2,POOL-s4-b900,0.7925,0.9425,-0.15000000000000002,100,2.1209153096072754e-06,0.0040551900719691105,True
BT-v3,BT-v3,BTO-s0-b300,0.5,0.83,-0.32999999999999996,100,1.8778434102912508e-17,5.438234516203462e-14,True
BT-v3,BT-v3,BTO-s1-b300,0.5,0.8,-0.30000000000000004,100,3.6474104058048506e-17,1.0486304916688945e-13,True
BT-v3,BT-v3,BTO-s2-b300,0.5,0.8275,-0.3275,100,2.3175101189529364e-17,6.702239264011892e-14,True
BT-v3,BT-v3,POOL-s0-b100,0.5,0.9475,-0.4475,100,1.484953870370401e-20,4.5216845352778713e-17,True
BT-v3,BT-v3,POOL-s0-b1000,0.5,0.9725,-0.47250000000000003,100,1.27050005636171e-21,3.904246673199535e-18,True
BT-v3,BT-v3,POOL-s0-b200,0.5,0.96,-0.45999999999999996,100,4.284184123334464e-21,1.3113887601526793e-17,True
BT-v3,BT-v3,POOL-s0-b300,0.5,0.955,-0.45499999999999996,100,9.047225918660035e-21,2.7630227955587746e-17,True
BT-v3,BT-v3,POOL-s0-b400,0.5,0.8875,-0.38749999999999996,100,3.689319677416971e-19,1.118232794225084e-15,True
BT-v3,BT-v3,POOL-s0-b500,0.5,0.9775,-0.47750000000000004,100,6.504888847603243e-22,2.001554298407518e-18,True
BT-v3,BT-v3,POOL-s0-b600,0.5,0.9625,-0.4625,100,3.2359121287841306e-21,9.924542498980929e-18,True
BT-v3,BT-v3,POOL-s0-b700,0.5,0.945,-0.44499999999999995,100,1.1191584673772405e-20,3.410075850098452e-17,True
BT-v3,BT-v3,POOL-s0-b800,0.5,0.9625,-0.4625,100,2.5180115702834853e-21,7.725259497629732e-18,True
BT-v3,BT-v3,POOL-s0-b900,0.5,0.9725,-0.47250000000000003,100,1.27050005636171e-21,3.904246673199535e-18,True
BT-v3,BT-v3,POOL-s1-b100,0.5,0.9,-0.4,100,3.5619112560966846e-19,1.0799714928485148e-15,True
BT-v3,BT-v3,POOL-s1-b1000,0.5,0.8925,-0.39249999999999996,100,3.375873957065093e-19,1.0239025711778428e-15,True
BT-v3,BT-v3,POOL-s1-b200,0.5,0.96,-0.45999999999999996,100,3.3743302522137322e-21,1.0345696553287303e-17,True
BT-v3,BT-v3,POOL-s1-b300,0.5,0.9525,-0.4525,100,9.313978031710455e-21,2.843557493081202e-17,True
BT-v3,BT-v3,POOL-s1-b400,0.5,0.9825,-0.48250000000000004,100,3.1534763994909396e-22,9.712707310432095e-19,True
BT-v3,BT-v3,POOL-s1-b500,0.5,0.7525,-0.25249999999999995,100,1.1287600056911865e-15,3.145854135861337e-12,True
BT-v3,BT-v3,POOL-s1-b600,0.5,0.7825,-0.2825,100,4.223278236516097e-17,1.2133478373510747e-13,True
BT-v3,BT-v3,POOL-s1-b700,0.5,0.825,-0.32499999999999996,100,1.1562399873913238e-17,3.360033403359187e-14,True
BT-v3,BT-v3,POOL-s1-b800,0.5,0.8475,-0.34750000000000003,100,2.1477362289828983e-18,6.363742446476328e-15,True
BT-v3,BT-v3,POOL-s1-b900,0.5,0.905,-0.405,100,1.8870764853726165e-19,5.729164209591264e-16,True
BT-v3,BT-v3,POOL-s2-b100,0.5,0.9475,-0.4475,100,8.711125416497333e-21,2.662119927281585e-17,True
BT-v3,BT-v3,POOL-s2-b1000,0.5,0.9675,-0.4675,100,1.3530152556917772e-21,4.153756834973756e-18,True
BT-v3,BT-v3,POOL-s2-b200,0.5,0.9575,-0.4575,100,4.470665812110122e-21,1.3680237385056974e-17,True
BT-v3,BT-v3,POOL-s2-b300,0.5,0.9725,-0.47250000000000003,100,9.355925316105271e-22,2.876947034702371e-18,True
BT-v3,BT-v3,POOL-s2-b400,0.5,0.8475,-0.34750000000000003,100,1.4613302988828857e-18,4.360609611866531e-15,True
BT-v3,BT-v3,POOL-s2-b500,0.5,0.9575,-0.4575,100,3.578093218595499e-21,1.0959699528558014e-17,True
BT-v3,BT-v3,POOL-s2-b600,0.5,0.97,-0.47,100,1.2997934125674642e-21,3.991665569994683e-18,True
BT-v3,BT-v3,POOL-s2-b700,0.5,0.9825,-0.48250000000000004,100,3.1534763994909396e-22,9.712707310432095e-19,True
BT-v3,BT-v3,POOL-s2-b800,0.5,0.975,-0.475,100,6.646770485619582e-22,2.0445466013765833e-18,True
BT-v3,BT-v3,POOL-s2-b900,0.5,0.96,-0.45999999999999996,100,3.3743302522137322e-21,1.0345696553287303e-17,True
BT-v3,BT-v3,POOL-s3-b100,0.5,0.9525,-0.4525,100,9.313978031710455e-21,2.843557493081202e-17,True
BT-v3,BT-v3,POOL-s3-b1000,0.5,0.9075,-0.4075,100,2.4083813614509984e-19,7.307029050642329e-16,True
BT-v3,BT-v3,POOL-s3-b200,0.5,0.9475,-0.4475,100,1.237658094422665e-20,3.7699065556114376e-17,True
BT-v3,BT-v3,POOL-s3-b300,0.5,0.95,-0.44999999999999996,100,1.0141658457180243e-20,3.092191663594256e-17,True
BT-v3,BT-v3,POOL-s3-b400,0.5,0.935,-0.43500000000000005,100,2.7677092208741435e-20,8.419371449899145e-17,True
BT-v3,BT-v3,POOL-s3-b500,0.5,0.8575,-0.35750000000000004,100,1.7086779945967112e-17,4.951748828341269e-14,True
BT-v3,BT-v3,POOL-s3-b600,0.5,0.9525,-0.4525,100,9.313978031710455e-21,2.843557493081202e-17,True
BT-v3,BT-v3,POOL-s3-b700,0.5,0.945,-0.44499999999999995,100,1.8479468862590902e-20,5.623302374886412e-17,True
BT-v3,BT-v3,POOL-s3-b800,0.5,0.77,-0.27,100,1.5625757428411663e-16,4.422089352240501e-13,True
BT-v3,BT-v3,POOL-s3-b900,0.5,0.9325,-0.4325,100,4.2668152053979124e-20,1.2966851409204256e-16,True
BT-v3,BT-v3,POOL-s4-b100,0.5,0.9575,-0.4575,100,2.0659564937791364e-21,6.3404204794081695e-18,True
BT-v3,BT-v3,POOL-s4-b1000,0.5,0.935,-0.43500000000000005,100,3.127456230424217e-20,9.507466940489618e-17,True
BT-v3,BT-v3,POOL-s4-b200,0.5,0.935,-0.43500000000000005,100,5.155170418919518e-20,1.5661407732677495e-16,True
BT-v3,BT-v3,POOL-s4-b300,0.5,0.945,-0.44499999999999995,100,2.9411099083018065e-20,8.943915231145794e-17,True
BT-v3,BT-v3,POOL-s4-b400,0.5,0.855,-0.355,100,3.860323099060191e-18,1.1364791203633202e-14,True
BT-v3,BT-v3,POOL-s4-b500,0.5,0.9475,-0.4475,100,8.711125416497333e-21,2.662119927281585e-17,True
BT-v3,BT-v3,POOL-s4-b600,0.5,0.9475,-0.4475,100,4.5950210402549775e-21,1.4056169362139977e-17,True
BT-v3,BT-v3,POOL-s4-b700,0.5,0.94,-0.43999999999999995,100,9.557940389374179e-21,2.9151718187591246e-17,True
BT-v3,BT-v3,POOL-s4-b800,0.5,0.9525,-0.4525,100,3.5160239032647255e-21,1.0773097239603119e-17,True
BT-v3,BT-v3,POOL-s4-b900,0.5,0.9425,-0.4425,100,8.164004924267623e-21,2.4957363053486123e-17,True
BT-v3,BTO-s0-b300,BTO-s1-b300,0.83,0.8,0.029999999999999916,100,0.2102575816422666,1.0,False
BT-v3,BTO-s0-b300,BTO-s2-b300,0.83,0.8275,0.0024999999999999467,100,0.713131616555982,1.0,False
BT-v3,BTO-s0-b300,POOL-s0-b100,0.83,0.9475,-0.11750000000000005,100,4.680907100267197e-06,0.008753296277499658,True
BT-v3,BTO-s0-b300,POOL-s0-b1000,0.83,0.9725,-0.14250000000000007,100,3.220475166204556e-07,0.0006521462211564225,True
BT-v3,BTO-s0-b300,POOL-s0-b200,0.83,0.96,-0.13,100,1.2719517834388274e-06,0.0024726742670050806,True
BT-v3,BTO-s0-b300,POOL-s0-b300,0.83,0.955,-0.125,100,6.959624472378848e-06,0.012784830155759944,True
BT-v3,BTO-s0-b300,POOL-s0-b400,0.83,0.8875,-0.057499999999999996,100,0.021856609038898658,1.0,False
BT-v3,BTO-s0-b300,POOL-s0-b500,0.83,0.9775,-0.14750000000000008,100,7.395852923828116e-08,0.00015634833080972637,True
BT-v3,BTO-s0-b300,POOL-s0-b600,0.83,0.9625,-0.13250000000000006,100,1.1179479882624465e-06,0.0021788806291235083,True
BT-v3,BTO-s0-b300,POOL-s0-b700,0.83,0.945,-0.11499999999999999,100,3.297748447203799e-05,0.05630391416449798,False
BT-v3,BTO-s0-b300,POOL-s0-b800,0.83,0.9625,-0.13250000000000006,100,3.6788904946278777e-06,0.006938387472868178,True
BT-v3,BTO-s0-b300,POOL-s0-b900,0.83,0.9725,-0.14250000000000007,100,3.8693527073125084e-07,0.0007789006999820079,True
BT-v3,BTO-s0-b300,POOL-s1-b100,0.83,0.9,-0.07000000000000006,100,0.018436517045844036,1.0,False
BT-v3,BTO-s0-b300,POOL-s1-b1000,0.83,0.8925,-0.0625,100,0.013216747818501887,1.0,False
BT-v3,BTO-s0-b300,POOL-s1-b200,0.83,0.96,-0.13,100,2.4877986384649775e-06,0.004731793010360388,True
BT-v3,BTO-s0-b300,POOL-s1-b300,0.83,0.9525,-0.12250000000000005,100,7.849840668651498e-06,0.014325959220288984,True
BT-v3,BTO-s0-b300,POOL-s1-b400,0.83,0.9825,-0.15250000000000008,100,1.6020037823379287e-08,3.5212043135787674e-05,True
BT-v3,BTO-s0-b300,POOL-s1-b500,0.83,0.7525,0.07750000000000001,100,0.01642446023509996,1.0,False
BT-v3,BTO-s0-b300,POOL-s1-b600,0.83,0.7825,0.04749999999999999,100,0.11379015354595846,1.0,False
BT-v3,BTO-s0-b300,POOL-s1-b700,0.83,0.825,0.0050000000000000044,100,0.8471120712270035,1.0,False
BT-v3,BTO-s0-b300,POOL-s1-b800,0.83,0.8475,-0.01750000000000007,100,0.5538571106905733,1.0,False
BT-v3,BTO-s0-b300,POOL-s1-b900,0.83,0.905,-0.07500000000000007,100,0.010140138860341248,1.0,False
BT-v3,BTO-s0-b300,POOL-s2-b100,0.83,0.9475,-0.11750000000000005,100,3.87962906258879e-05,0.06552693486712466,False
BT-v3,BTO-s0-b300,POOL-s2-b1000,0.83,0.9675,-0.13750000000000007,100,3.334894187257876e-07,0.0006743156046635425,True
BT-v3,BTO-s0-b300,POOL-s2-b200,0.83,0.9575,-0.12750000000000006,100,7.19925639242633e-06,0.013196236967317464,True
BT-v3,BTO-s0-b300,POOL-s2-b300,0.83,0.9725,-0.14250000000000007,100,1.9230818467131955e-07,0.00039673178497693224,True
BT-v3,BTO-s0-b300,POOL-s2-b400,0.83,0.8475,-0.01750000000000007,100,0.6444449751718955,1.0,False
BT-v3,BTO-s0-b300,POOL-s2-b500,0.83,0.9575,-0.12750000000000006,100,4.5178645769367835e-06,0.008460221907316991,True
BT-v3,BTO-s0-b300,POOL-s2-b600,0.83,0.97,-0.14,100,4.7311902771531986e-07,0.0009462380554306397,True
BT-v3,BTO-s0-b300,POOL-s2-b700,0.83,0.9825,-0.15250000000000008,100,2.077435775701487e-08,4.539197169907749e-05,True
BT-v3,BTO-s0-b300,POOL-s2-b800,0.83,0.975,-0.14500000000000002,100,9.272727880003486e-08,0.00019482001275887323,True
BT-v3,BTO-s0-b300,POOL-s2-b900,0.83,0.96,-0.13,100,7.528824134613875e-06,0.013770219342208777,True
BT-v3,BTO-s0-b300,POOL-s3-b100,0.83,0.9525,-0.12250000000000005,100,9.088571392213968e-06,0.016450314219907284,True
BT-v3,BTO-s0-b300,POOL-s3-b1000,0.83,0.9075,-0.07750000000000001,100,0.0011617059168299347,1.0,False
BT-v3,BTO-s0-b300,POOL-s3-b200,0.83,0.9475,-0.11750000000000005,100,1.4377935192251238e-05,0.025483626219269032,True
BT-v3,BTO-s0-b300,POOL-s3-b300,0.83,0.95,-0.12,100,1.8375558000048842e-05,0.03221235317408562,True
BT-v3,BTO-s0-b300,POOL-s3-b400,0.83,0.935,-0.1050000000000001,100,8.362661702927699e-05,0.13714765192801426,False
BT-v3,BTO-s0-b300,POOL-s3-b500,0.83,0.8575,-0.02750000000000008,100,0.18645893270194547,1.0,False
BT-v3,BTO-s0-b300,POOL-s3-b600,0.83,0.9525,-0.12250000000000005,100,8.607745955100421e-06,0.015640274400417466,True
BT-v3,BTO-s0-b300,POOL-s3-b700,0.83,0.945,-0.11499999999999999,100,1.3328231118451476e-05,0.023684266697488274,True
BT-v3,BTO-s0-b300,POOL-s3-b800,0.83,0.77,0.05999999999999994,100,0.05377448574568546,1.0,False
BT-v3,BTO-s0-b300,POOL-s3-b900,0.83,0.9325,-0.10250000000000004,100,0.00021688655759372045,0.34094566853732855,False
BT-v3,BTO-s0-b300,POOL-s4-b100,0.83,0.9575,-0.12750000000000006,100,2.1534381915746726e-06,0.00411091350771605,True
BT-v3,BTO-s0-b300,POOL-s4-b1000,0.83,0.935,-0.1050000000000001,100,3.6534077123338565e-05,0.061998328878305545,False
BT-v3,BTO-s0-b300,POOL-s4-b200,0.83,0.935,-0.1050000000000001,100,0.00011666475287534137,0.1878302521292996,False
BT-v3,BTO-s0-b300,POOL-s4-b300,0.83,0.945,-0.11499999999999999,100,3.522791659697843e-05,0.059852230298266355,False
BT-v3,BTO-s0-b300,POOL-s4-b400,0.83,0.855,-0.025000000000000022,100,0.23213799601725527,1.0,False
BT-v3,BTO-s0-b300,POOL-s4-b500,0.83,0.9475,-0.11750000000000005,100,1.615148691094025e-05,0.02847507142398766,True
BT-v3,BTO-s0-b300,POOL-s4-b600,0.83,0.9475,-0.11750000000000005,100,4.9554519886994234e-05,0.08305337533060234,False
BT-v3,BTO-s0-b300,POOL-s4-b700,0.83,0.94,-0.10999999999999999,100,0.0001144672938927768,0.1845212777551562,False
BT-v3,BTO-s0-b300,POOL-s4-b800,0.83,0.9525,-0.12250000000000005,100,1.0307200619026338e-05,0.018501425111152277,True
BT-v3,BTO-s0-b300,POOL-s4-b900,0.83,0.9425,-0.11250000000000004,100,4.04979413177049e-05,0.06832002700296816,False
BT-v3,BTO-s1-b300,BTO-s2-b300,0.8,0.8275,-0.02749999999999997,100,0.2673047418430128,1.0,False
BT-v3,BTO-s1-b300,POOL-s0-b100,0.8,0.9475,-0.14749999999999996,100,7.552692223980538e-09,1.683495096725262e-05,True
BT-v3,BTO-s1-b300,POOL-s0-b1000,0.8,0.9725,-0.1725,100,5.366584375486861e-10,1.2557807438639256e-06,True
BT-v3,BTO-s1-b300,POOL-s0-b200,0.8,0.96,-0.15999999999999992,100,1.2338517549282552e-09,2.839092888089915e-06,True
BT-v3,BTO-s1-b300,POOL-s0-b300,0.8,0.955,-0.15499999999999992,100,1.3317453819345068e-08,2.9418255486933254e-05,True
BT-v3,BTO-s1-b300,POOL-s0-b400,0.8,0.8875,-0.08749999999999991,100,0.0011014638002824783,1.0,False
BT-v3,BTO-s1-b300,POOL-s0-b500,0.8,0.9775,-0.1775,100,5.882159008818163e-11,1.440540741259568e-07,True
BT-v3,BTO-s1-b300,POOL-s0-b600,0.8,0.9625,-0.16249999999999998,100,3.0009054846308957e-09,6.809054544627502e-06,True
BT-v3,BTO-s1-b300,POOL-s0-b700,0.8,0.945,-0.1449999999999999,100,9.206740299416038e-08,0.00019352568109372512,True
BT-v3,BTO-s1-b300,POOL-s0-b800,0.8,0.9625,-0.16249999999999998,100,6.0449507432297415e-09,1.352859976334816e-05,True
BT-v3,BTO-s1-b300,POOL-s0-b900,0.8,0.9725,-0.1725,100,4.704649744136266e-10,1.1041812949487818e-06,True
BT-v3,BTO-s1-b300,POOL-s1-b100,0.8,0.9,-0.09999999999999998,100,0.0004747645726214155,0.716419740085716,False
BT-v3,BTO-s1-b300,POOL-s1-b1000,0.8,0.8925,-0.09249999999999992,100,0.0003212888845669005,0.49414230446389296,False
BT-v3,BTO-s1-b300,POOL-s1-b200,0.8,0.96,-0.15999999999999992,100,1.8837831926785744e-09,4.313863511233935e-06,True
BT-v3,BTO-s1-b300,POOL-s1-b300,0.8,0.9525,-0.15249999999999997,100,3.800977761550053e-09,8.59020974110312e-06,True
BT-v3,BTO-s1-b300,POOL-s1-b400,0.8,0.9825,-0.1825,100,1.3785529668311878e-11,3.453275181912126e-08,True
BT-v3,BTO-s1-b300,POOL-s1-b500,0.8,0.7525,0.0475000000000001,100,0.09039174506583157,1.0,False
BT-v3,BTO-s1-b300,POOL-s1-b600,0.8,0.7825,0.01750000000000007,100,0.4907440290446895,1.0,False
BT-v3,BTO-s1-b300,POOL-s1-b700,0.8,0.825,-0.02499999999999991,100,0.41443374453735127,1.0,False
BT-v3,BTO-s1-b300,POOL-s1-b800,0.8,0.8475,-0.04749999999999999,100,0.06518767634753574,1.0,False
BT-v3,BTO-s1-b300,POOL-s1-b900,0.8,0.905,-0.10499999999999998,100,0.00026767094549680614,0.4154253074110431,False
BT-v3,BTO-s1-b300,POOL-s2-b100,0.8,0.9475,-0.14749999999999996,100,5.963732649680912e-08,0.00012672931880571939,True
BT-v3,BTO-s1-b300,POOL-s2-b1000,0.8,0.9675,-0.16749999999999998,100,2.934651832484528e-10,6.931647628328455e-07,True
BT-v3,BTO-s1-b300,POOL-s2-b200,0.8,0.9575,-0.15749999999999997,100,2.035718739695949e-08,4.450081164975345e-05,True
BT-v3,BTO-s1-b300,POOL-s2-b300,0.8,0.9725,-0.1725,100,5.366584375486861e-10,1.2557807438639256e-06,True
BT-v3,BTO-s1-b300,POOL-s2-b400,0.8,0.8475,-0.04749999999999999,100,0.030410693458814416,1.0,False
BT-v3,BTO-s1-b300,POOL-s2-b500,0.8,0.9575,-0.15749999999999997,100,4.842223182124352e-09,1.0895002159779793e-05,True
BT-v3,BTO-s1-b300,POOL-s2-b600,0.8,0.97,-0.16999999999999993,100,5.62192089458645e-10,1.3132807209753948e-06,True
BT-v3,BTO-s1-b300,POOL-s2-b700,0.8,0.9825,-0.1825,100,8.236206674285347e-12,2.0821130472593357e-08,True
BT-v3,BTO-s1-b300,POOL-s2-b800,0.8,0.975,-0.17499999999999993,100,6.02325235779959e-11,1.4732875267177797e-07,True
BT-v3,BTO-s1-b300,POOL-s2-b900,0.8,0.96,-0.15999999999999992,100,1.2612592930552756e-08,2.7886442969452142e-05,True
BT-v3,BTO-s1-b300,POOL-s3-b100,0.8,0.9525,-0.15249999999999997,100,2.6399454471691935e-08,5.719549099373043e-05,True
BT-v3,BTO-s1-b300,POOL-s3-b1000,0.8,0.9075,-0.10749999999999993,100,2.140253394012683e-05,0.037304616657641065,True
BT-v3,BTO-s1-b300,POOL-s3-b200,0.8,0.9475,-0.14749999999999996,100,1.712106741820957e-08,3.7546500848133586e-05,True
BT-v3,BTO-s1-b300,POOL-s3-b300,0.8,0.95,-0.1499999999999999,100,8.860106397578752e-08,0.0001865938407330085,True
BT-v3,BTO-s1-b300,POOL-s3-b400,0.8,0.935,-0.135,100,6.804328077411484e-07,0.0013458960937119916,True
BT-v3,BTO-s1-b300,POOL-s3-b500,0.8,0.8575,-0.057499999999999996,100,0.029001117467051876,1.0,False
BT-v3,BTO-s1-b300,POOL-s3-b600,0.8,0.9525,-0.15249999999999997,100,1.6959459388495387e-08,3.7226013357747375e-05,True
BT-v3,BTO-s1-b300,POOL-s3-b700,0.8,0.945,-0.1449999999999999,100,2.9019186437796442e-09,6.5873553213797925e-06,True
BT-v3,BTO-s1-b300,POOL-s3-b800,0.8,0.77,0.030000000000000027,100,0.26180388362601126,1.0,False
BT-v3,BTO-s1-b300,POOL-s3-b900,0.8,0.9325,-0.13249999999999995,100,1.5173114479705166e-06,0.002923859160239185,True
BT-v3,BTO-s1-b300,POOL-s4-b100,0.8,0.9575,-0.15749999999999997,100,1.2153216725195065e-08,2.6931528263032266e-05,True
BT-v3,BTO-s1-b300,POOL-s4-b1000,0.8,0.935,-0.135,100,2.1984853401674296e-07,0.00045134904033637327,True
BT-v3,BTO-s1-b300,POOL-s4-b200,0.8,0.935,-0.135,100,1.3596420127319913e-06,0.0026322669366491353,True
BT-v3,BTO-s1-b300,POOL-s4-b300,0.8,0.945,-0.1449999999999999,100,2.810881470882633e-07,0.0005728576437658806,True
BT-v3,BTO-s1-b300,POOL-s4-b400,0.8,0.855,-0.05499999999999994,100,0.02055672121802683,1.0,False
BT-v3,BTO-s1-b300,POOL-s4-b500,0.8,0.9475,-0.14749999999999996,100,4.5155751636286876e-08,9.645268549510877e-05,True
BT-v3,BTO-s1-b300,POOL-s4-b600,0.8,0.9475,-0.14749999999999996,100,2.042289710572369e-07,0.00042030322243579354,True
BT-v3,BTO-s1-b300,POOL-s4-b700,0.8,0.94,-0.1399999999999999,100,7.693858295714187e-07,0.001514151312596552,True
BT-v3,BTO-s1-b300,POOL-s4-b800,0.8,0.9525,-0.15249999999999997,100,2.2011730909204814e-08,4.8029596843884906e-05,True
BT-v3,BTO-s1-b300,POOL-s4-b900,0.8,0.9425,-0.14249999999999996,100,2.2349780270069395e-07,0.0004583939933391233,True
BT-v3,BTO-s2-b300,POOL-s0-b100,0.8275,0.9475,-0.12,100,2.937225341917561e-06,0.005566042022933778,True
BT-v3,BTO-s2-b300,POOL-s0-b1000,0.8275,0.9725,-0.14500000000000002,100,2.9725026193049675e-07,0.0006043097825046998,True
BT-v3,BTO-s2-b300,POOL-s0-b200,0.8275,0.96,-0.13249999999999995,100,5.331095469969738e-07,0.0010608879985239779,True
BT-v3,BTO-s2-b300,POOL-s0-b300,0.8275,0.955,-0.12749999999999995,100,2.4723552369884913e-06,0.004704892015989099,True
BT-v3,BTO-s2-b300,POOL-s0-b400,0.8275,0.8875,-0.05999999999999994,100,0.023501673749855595,1.0,False
BT-v3,BTO-s2-b300,POOL-s0-b500,0.8275,0.9775,-0.15000000000000002,100,2.8485937215125118e-08,6.150113844745513e-05,True
BT-v3,BTO-s2-b300,POOL-s0-b600,0.8275,0.9625,-0.135,100,7.488874706335694e-07,0.0014775549795600325,True
BT-v3,BTO-s2-b300,POOL-s0-b700,0.8275,0.945,-0.11749999999999994,100,1.2087586794646015e-05,0.021564254841648492,True
BT-v3,BTO-s2-b300,POOL-s0-b800,0.8275,0.9625,-0.135,100,1.4869334257386923e-06,0.0028668076448241987,True
BT-v3,BTO-s2-b300,POOL-s0-b900,0.8275,0.9725,-0.14500000000000002,100,1.318655397204446e-07,0.0002752033813965679,True
BT-v3,BTO-s2-b300,POOL-s1-b100,0.8275,0.9,-0.07250000000000001,100,0.011949443719333085,1.0,False
BT-v3,BTO-s2-b300,POOL-s1-b1000,0.8275,0.8925,-0.06499999999999995,100,0.01337620402462253,1.0,False
BT-v3,BTO-s2-b300,POOL-s1-b200,0.8275,0.96,-0.13249999999999995,100,1.8630756076851956e-06,0.00357524209114789,True
BT-v3,BTO-s2-b300,POOL-s1-b300,0.8275,0.9525,-0.125,100,4.562889945977996e-06,0.008537167088924831,True
BT-v3,BTO-s2-b300,POOL-s1-b400,0.8275,0.9825,-0.15500000000000003,100,7.3823664840426526e-09,1.64774419923832e-05,True
BT-v3,BTO-s2-b300,POOL-s1-b500,0.8275,0.7525,0.07500000000000007,100,0.006551227618120434,1.0,False
BT-v3,BTO-s2-b300,POOL-s1-b600,0.8275,0.7825,0.04500000000000004,100,0.11032873520861387,1.0,False
BT-v3,BTO-s2-b300,POOL-s1-b700,0.8275,0.825,0.0025000000000000577,100,0.7979422226534025,1.0,False
BT-v3,BTO-s2-b300,POOL-s1-b800,0.8275,0.8475,-0.020000000000000018,100,0.5105845061865136,1.0,False
BT-v3,BTO-s2-b300,POOL-s1-b900,0.8275,0.905,-0.07750000000000001,100,0.006591480786063438,1.0,False
BT-v3,BTO-s2-b300,POOL-s2-b100,0.8275,0.9475,-0.12,100,3.3665765368418115e-05,0.057400129953152884,False
BT-v3,BTO-s2-b300,POOL-s2-b1000,0.8275,0.9675,-0.14,100,2.0379507216650257e-07,0.0004196140535908288,True
BT-v3,BTO-s2-b300,POOL-s2-b200,0.8275,0.9575,-0.13,100,5.072312265152825e-06,0.009449717749979712,True
BT-v3,BTO-s2-b300,POOL-s2-b300,0.8275,0.9725,-0.14500000000000002,100,6.156630497995101e-08,0.00013064369916745606,True
BT-v3,BTO-s2-b300,POOL-s2-b400,0.8275,0.8475,-0.020000000000000018,100,0.2997253908518803,1.0,False
BT-v3,BTO-s2-b300,POOL-s2-b500,0.8275,0.9575,-0.13,100,1.4057994267450538e-06,0.002716004492471444,True
BT-v3,BTO-s2-b300,POOL-s2-b600,0.8275,0.97,-0.14249999999999996,100,1.6698078807122208e-07,0.0003456502313074297,True
BT-v3,BTO-s2-b300,POOL-s2-b700,0.8275,0.9825,-0.15500000000000003,100,6.0348233500758466e-09,1.351196948081982e-05,True
BT-v3,BTO-s2-b300,POOL-s2-b800,0.8275,0.975,-0.14749999999999996,100,1.2466782905205284e-08,2.7588990569219292e-05,True
BT-v3,BTO-s2-b300,POOL-s2-b900,0.8275,0.96,-0.13249999999999995,100,2.7812581698113497e-06,0.00527604674813213,True
BT-v3,BTO-s2-b300,POOL-s3-b100,0.8275,0.9525,-0.125,100,9.036779572043129e-06,0.016365607804970105,True
BT-v3,BTO-s2-b300,POOL-s3-b1000,0.8275,0.9075,-0.07999999999999996,100,0.0008940272461427315,1.0,False
BT-v3,BTO-s2-b300,POOL-s3-b200,0.8275,0.9475,-0.12,100,1.0116640679377634e-05,0.018199836582200365,True
BT-v3,BTO-s2-b300,POOL-s3-b300,0.8275,0.95,-0.12249999999999994,100,9.780662320577854e-06,0.01763453416400187,True
BT-v3,BTO-s2-b300,POOL-s3-b400,0.8275,0.935,-0.10750000000000004,100,5.878205535490417e-05,0.09751942983378602,False
BT-v3,BTO-s2-b300,POOL-s3-b500,0.8275,0.8575,-0.030000000000000027,100,0.15852375546112085,1.0,False
BT-v3,BTO-s2-b300,POOL-s3-b600,0.8275,0.9525,-0.125,100,3.3824068030119324e-06,0.006385984044086529,True
BT-v3,BTO-s2-b300,POOL-s3-b700,0.8275,0.945,-0.11749999999999994,100,3.812276424692825e-06,0.007182328784121283,True
BT-v3,BTO-s2-b300,POOL-s3-b800,0.8275,0.77,0.057499999999999996,100,0.025498089852274086,1.0,False
BT-v3,BTO-s2-b300,POOL-s3-b900,0.8275,0.9325,-0.10499999999999998,100,8.530699155102362e-05,0.13956223817747465,False
BT-v3,BTO-s2-b300,POOL-s4-b100,0.8275,0.9575,-0.13,100,5.995916302256828e-07,0.0011895897943677547,True
BT-v3,BTO-s2-b300,POOL-s4-b1000,0.8275,0.935,-0.10750000000000004,100,3.603297497584739e-05,0.061183991508988865,False
BT-v3,BTO-s2-b300,POOL-s4-b200,0.8275,0.935,-0.10750000000000004,100,8.996880668402275e-05,0.14682909250832513,False
BT-v3,BTO-s2-b300,POOL-s4-b300,0.8275,0.945,-0.11749999999999994,100,2.2266617948341304e-05,0.03874391523011387,True
BT-v3,BTO-s2-b300,POOL-s4-b400,0.8275,0.855,-0.02749999999999997,100,0.21464430075501018,1.0,False
BT-v3,BTO-s2-b300,POOL-s4-b500,0.8275,0.9475,-0.12,100,4.516936416079546e-06,0.008460221907316991,True
BT-v3,BTO-s2-b300,POOL-s4-b600,0.8275,0.9475,-0.12,100,2.295168660921919e-05,0.03989003132682295,True
BT-v3,BTO-s2-b300,POOL-s4-b700,0.8275,0.94,-0.11249999999999993,100,6.636663089315904e-05,0.10963767423549874,False
BT-v3,BTO-s2-b300,POOL-s4-b800,0.8275,0.9525,-0.125,100,4.224127669776172e-06,0.007928687636169876,True
BT-v3,BTO-s2-b300,POOL-s4-b900,0.8275,0.9425,-0.11499999999999999,100,2.9983555015651e-05,0.05136182974181016,False
BT-v3,POOL-s0-b100,POOL-s0-b1000,0.9475,0.9725,-0.025000000000000022,100,0.11685735435548612,1.0,False
BT-v3,POOL-s0-b100,POOL-s0-b200,0.9475,0.96,-0.012499999999999956,100,0.4214310513814631,1.0,False
BT-v3,POOL-s0-b100,POOL-s0-b300,0.9475,0.955,-0.007499999999999951,100,0.7291941525469172,1.0,False
BT-v3,POOL-s0-b100,POOL-s0-b400,0.9475,0.8875,0.06000000000000005,100,0.0038359122953855363,1.0,False
BT-v3,POOL-s0-b100,POOL-s0-b500,0.9475,0.9775,-0.030000000000000027,100,0.05961735004053881,1.0,False
BT-v3,POOL-s0-b100,POOL-s0-b600,0.9475,0.9625,-0.015000000000000013,100,0.30692543812859774,1.0,False
BT-v3,POOL-s0-b100,POOL-s0-b700,0.9475,0.945,0.0025000000000000577,100,0.9798072020276994,1.0,False
BT-v3,POOL-s0-b100,POOL-s0-b800,0.9475,0.9625,-0.015000000000000013,100,0.4067196082587379,1.0,False
BT-v3,POOL-s0-b100,POOL-s0-b900,0.9475,0.9725,-0.025000000000000022,100,0.1283207528708741,1.0,False
BT-v3,POOL-s0-b100,POOL-s1-b100,0.9475,0.9,0.04749999999999999,100,0.007772937099384825,1.0,False
BT-v3,POOL-s0-b100,POOL-s1-b1000,0.9475,0.8925,0.05500000000000005,100,0.010060764397089476,1.0,False
BT-v3,POOL-s0-b100,POOL-s1-b200,0.9475,0.96,-0.012499999999999956,100,0.39053080613471536,1.0,False
BT-v3,POOL-s0-b100,POOL-s1-b300,0.9475,0.9525,-0.0050000000000000044,100,0.8549950083195115,1.0,False
BT-v3,POOL-s0-b100,POOL-s1-b400,0.9475,0.9825,-0.03500000000000003,100,0.02389499189190006,1.0,False
BT-v3,POOL-s0-b100,POOL-s1-b500,0.9475,0.7525,0.19500000000000006,100,1.659181215770295e-11,4.1462938582099675e-08,True
BT-v3,POOL-s0-b100,POOL-s1-b600,0.9475,0.7825,0.16500000000000004,100,1.6209742513422334e-10,3.8887172289700176e-07,True
BT-v3,POOL-s0-b100,POOL-s1-b700,0.9475,0.825,0.12250000000000005,100,2.5053405484285003e-07,0.0005130937443181569,True
BT-v3,POOL-s0-b100,POOL-s1-b800,0.9475,0.8475,0.09999999999999998,100,9.341529114693112e-06,0.016880143110250455,True
BT-v3,POOL-s0-b100,POOL-s1-b900,0.9475,0.905,0.04249999999999998,100,0.07615952034556024,1.0,False
BT-v3,POOL-s0-b100,POOL-s2-b100,0.9475,0.9475,0.0,100,1.0,1.0,False
BT-v3,POOL-s0-b100,POOL-s2-b1000,0.9475,0.9675,-0.020000000000000018,100,0.12353596138462518,1.0,False
BT-v3,POOL-s0-b100,POOL-s2-b200,0.9475,0.9575,-0.010000000000000009,100,0.604034289981711,1.0,False
BT-v3,POOL-s0-b100,POOL-s2-b300,0.9475,0.9725,-0.025000000000000022,100,0.07994048220037328,1.0,False
BT-v3,POOL-s0-b100,POOL-s2-b400,0.9475,0.8475,0.09999999999999998,100,6.046019277841793e-06,0.011160951586895949,True
BT-v3,POOL-s0-b100,POOL-s2-b500,0.9475,0.9575,-0.010000000000000009,100,0.4981519523398359,1.0,False
BT-v3,POOL-s0-b100,POOL-s2-b600,0.9475,0.97,-0.022499999999999964,100,0.1181362385225954,1.0,False
BT-v3,POOL-s0-b100,POOL-s2-b700,0.9475,0.9825,-0.03500000000000003,100,0.026200968603272812,1.0,False
BT-v3,POOL-s0-b100,POOL-s2-b800,0.9475,0.975,-0.02749999999999997,100,0.08413657932806957,1.0,False
BT-v3,POOL-s0-b100,POOL-s2-b900,0.9475,0.96,-0.012499999999999956,100,0.4840504057194305,1.0,False
BT-v3,POOL-s0-b100,POOL-s3-b100,0.9475,0.9525,-0.0050000000000000044,100,0.7348355945659762,1.0,False
BT-v3,POOL-s0-b100,POOL-s3-b1000,0.9475,0.9075,0.040000000000000036,100,0.022576853417396747,1.0,False
BT-v3,POOL-s0-b100,POOL-s3-b200,0.9475,0.9475,0.0,100,1.0,1.0,False
BT-v3,POOL-s0-b100,POOL-s3-b300,0.9475,0.95,-0.0024999999999999467,100,0.7596811332145773,1.0,False
BT-v3,POOL-s0-b100,POOL-s3-b400,0.9475,0.935,0.012499999999999956,100,0.34676273748466935,1.0,False
BT-v3,POOL-s0-b100,POOL-s3-b500,0.9475,0.8575,0.08999999999999997,100,0.0005922425753982517,0.8788879818910056,False
BT-v3,POOL-s0-b100,POOL-s3-b600,0.9475,0.9525,-0.0050000000000000044,100,0.7468314042785061,1.0,False
BT-v3,POOL-s0-b100,POOL-s3-b700,0.9475,0.945,0.0025000000000000577,100,0.8707696620938195,1.0,False
BT-v3,POOL-s0-b100,POOL-s3-b800,0.9475,0.77,0.1775,100,1.3822165324464503e-10,3.3228485440012665e-07,True
BT-v3,POOL-s0-b100,POOL-s3-b900,0.9475,0.9325,0.015000000000000013,100,0.26651945576991665,1.0,False
BT-v3,POOL-s0-b100,POOL-s4-b100,0.9475,0.9575,-0.010000000000000009,100,0.3670130912049009,1.0,False
BT-v3,POOL-s0-b100,POOL-s4-b1000,0.9475,0.935,0.012499999999999956,100,0.6170145696662346,1.0,False
BT-v3,POOL-s0-b100,POOL-s4-b200,0.9475,0.935,0.012499999999999956,100,0.9462491406074396,1.0,False
BT-v3,POOL-s0-b100,POOL-s4-b300,0.9475,0.945,0.0025000000000000577,100,0.9985387460796941,1.0,False
BT-v3,POOL-s0-b100,POOL-s4-b400,0.9475,0.855,0.09250000000000003,100,0.00015003073421195648,0.23839883666279885,False
BT-v3,POOL-s0-b100,POOL-s4-b500,0.9475,0.9475,0.0,100,0.8947501781980374,1.0,False
BT-v3,POOL-s0-b100,POOL-s4-b600,0.9475,0.9475,0.0,100,0.7793827687651014,1.0,False
BT-v3,POOL-s0-b100,POOL-s4-b700,0.9475,0.94,0.007500000000000062,100,0.8385554089930227,1.0,False
BT-v3,POOL-s0-b100,POOL-s4-b800,0.9475,0.9525,-0.0050000000000000044,100,0.7418146262621755,1.0,False
BT-v3,POOL-s0-b100,POOL-s4-b900,0.9475,0.9425,0.0050000000000000044,100,0.8564810128982339,1.0,False
BT-v3,POOL-s0-b1000,POOL-s0-b200,0.9725,0.96,0.012500000000000067,100,0.49002711646965413,1.0,False
BT-v3,POOL-s0-b1000,POOL-s0-b300,0.9725,0.955,0.01750000000000007,100,0.23967272471287548,1.0,False
BT-v3,POOL-s0-b1000,POOL-s0-b400,0.9725,0.8875,0.08500000000000008,100,1.5013715704261686e-05,0.02654424936513466,True
BT-v3,POOL-s0-b1000,POOL-s0-b500,0.9725,0.9775,-0.0050000000000000044,100,0.7169320837141662,1.0,False
BT-v3,POOL-s0-b1000,POOL-s0-b600,0.9725,0.9625,0.010000000000000009,100,0.5846397784540269,1.0,False
BT-v3,POOL-s0-b1000,POOL-s0-b700,0.9725,0.945,0.02750000000000008,100,0.14160229570946212,1.0,False
BT-v3,POOL-s0-b1000,POOL-s0-b800,0.9725,0.9625,0.010000000000000009,100,0.4836696668138185,1.0,False
BT-v3,POOL-s0-b1000,POOL-s0-b900,0.9725,0.9725,0.0,100,1.0,1.0,False
BT-v3,POOL-s0-b1000,POOL-s1-b100,0.9725,0.9,0.07250000000000001,100,5.9918756833789946e-05,0.09928538007358995,False
BT-v3,POOL-s0-b1000,POOL-s1-b1000,0.9725,0.8925,0.08000000000000007,100,0.00010448199147808304,0.1688428982285822,False
BT-v3,POOL-s0-b1000,POOL-s1-b200,0.9725,0.96,0.012500000000000067,100,0.4715004280120696,1.0,False
BT-v3,POOL-s0-b1000,POOL-s1-b300,0.9725,0.9525,0.020000000000000018,100,0.17548103942501303,1.0,False
BT-v3,POOL-s0-b1000,POOL-s1-b400,0.9725,0.9825,-0.010000000000000009,100,0.476129219122154,1.0,False
BT-v3,POOL-s0-b1000,POOL-s1-b500,0.9725,0.7525,0.22000000000000008,100,8.98749749771394e-14,2.41134557863665e-10,True
BT-v3,POOL-s0-b1000,POOL-s1-b600,0.9725,0.7825,0.19000000000000006,100,2.757400675701044e-12,7.089277137227384e-09,True
BT-v3,POOL-s0-b1000,POOL-s1-b700,0.9725,0.825,0.14750000000000008,100,2.4621683000012725e-09,5.6088193874028985e-06,True
BT-v3,POOL-s0-b1000,POOL-s1-b800,0.9725,0.8475,0.125,100,8.797898155117025e-08,0.0001853717141283157,True
BT-v3,POOL-s0-b1000,POOL-s1-b900,0.9725,0.905,0.0675,100,0.0018923132277894866,1.0,False
BT-v3,POOL-s0-b1000,POOL-s2-b100,0.9725,0.9475,0.025000000000000022,100,0.16391158308629794,1.0,False
BT-v3,POOL-s0-b1000,POOL-s2-b1000,0.9725,0.9675,0.0050000000000000044,100,0.8509821597540337,1.0,False
BT-v3,POOL-s0-b1000,POOL-s2-b200,0.9725,0.9575,0.015000000000000013,100,0.3659433086556274,1.0,False
BT-v3,POOL-s0-b1000,POOL-s2-b300,0.9725,0.9725,0.0,100,1.0,1.0,False
BT-v3,POOL-s0-b1000,POOL-s2-b400,0.9725,0.8475,0.125,100,1.123243831750604e-08,2.4924780626545905e-05,True
BT-v3,POOL-s0-b1000,POOL-s2-b500,0.9725,0.9575,0.015000000000000013,100,0.3732071094358973,1.0,False
BT-v3,POOL-s0-b1000,POOL-s2-b600,0.9725,0.97,0.0025000000000000577,100,0.8573930889805028,1.0,False
BT-v3,POOL-s0-b1000,POOL-s2-b700,0.9725,0.9825,-0.010000000000000009,100,0.476129219122154,1.0,False
BT-v3,POOL-s0-b1000,POOL-s2-b800,0.9725,0.975,-0.0024999999999999467,100,0.8598181644646876,1.0,False
BT-v3,POOL-s0-b1000,POOL-s2-b900,0.9725,0.96,0.012500000000000067,100,0.37722103813262675,1.0,False
BT-v3,POOL-s0-b1000,POOL-s3-b100,0.9725,0.9525,0.020000000000000018,100,0.1612663481927249,1.0,False
BT-v3,POOL-s0-b1000,POOL-s3-b1000,0.9725,0.9075,0.06500000000000006,100,0.00030909898356981587,0.47632153368108626,False
BT-v3,POOL-s0-b1000,POOL-s3-b200,0.9725,0.9475,0.025000000000000022,100,0.0851114617101307,1.0,False
BT-v3,POOL-s0-b1000,POOL-s3-b300,0.9725,0.95,0.022500000000000075,100,0.1661392117210737,1.0,False
BT-v3,POOL-s0-b1000,POOL-s3-b400,0.9725,0.935,0.03749999999999998,100,0.02822752017873054,1.0,False
BT-v3,POOL-s0-b1000,POOL-s3-b500,0.9725,0.8575,0.11499999999999999,100,1.0749868273739491e-05,0.019263763946541168,True
BT-v3,POOL-s0-b1000,POOL-s3-b600,0.9725,0.9525,0.020000000000000018,100,0.24885052297711796,1.0,False
BT-v3,POOL-s0-b1000,POOL-s3-b700,0.9725,0.945,0.02750000000000008,100,0.07353589837176219,1.0,False
BT-v3,POOL-s0-b1000,POOL-s3-b800,0.9725,0.77,0.2025,100,5.8961262572872295e-12,1.4993849072281424e-08,True
BT-v3,POOL-s0-b1000,POOL-s3-b900,0.9725,0.9325,0.040000000000000036,100,0.00980698238795523,1.0,False
BT-v3,POOL-s0-b1000,POOL-s4-b100,0.9725,0.9575,0.015000000000000013,100,0.6908109263700984,1.0,False
BT-v3,POOL-s0-b1000,POOL-s4-b1000,0.9725,0.935,0.03749999999999998,100,0.0519163535431145,1.0,False
BT-v3,POOL-s0-b1000,POOL-s4-b200,0.9725,0.935,0.03749999999999998,100,0.2144371373989833,1.0,False
BT-v3,POOL-s0-b1000,POOL-s4-b300,0.9725,0.945,0.02750000000000008,100,0.21590177028322377,1.0,False
BT-v3,POOL-s0-b1000,POOL-s4-b400,0.9725,0.855,0.11750000000000005,100,8.581288433584654e-07,0.0016845069195126675,True
BT-v3,POOL-s0-b1000,POOL-s4-b500,0.9725,0.9475,0.025000000000000022,100,0.13977980963935555,1.0,False
BT-v3,POOL-s0-b1000,POOL-s4-b600,0.9725,0.9475,0.025000000000000022,100,0.28464959457099304,1.0,False
BT-v3,POOL-s0-b1000,POOL-s4-b700,0.9725,0.94,0.032500000000000084,100,0.12584153078589708,1.0,False
BT-v3,POOL-s0-b1000,POOL-s4-b800,0.9725,0.9525,0.020000000000000018,100,0.2930424009600531,1.0,False
BT-v3,POOL-s0-b1000,POOL-s4-b900,0.9725,0.9425,0.030000000000000027,100,0.15950778357089657,1.0,False
BT-v3,POOL-s0-b200,POOL-s0-b300,0.96,0.955,0.0050000000000000044,100,0.6215629219380845,1.0,False
BT-v3,POOL-s0-b200,POOL-s0-b400,0.96,0.8875,0.07250000000000001,100,0.0003694536222820688,0.5634167739801549,False
BT-v3,POOL-s0-b200,POOL-s0-b500,0.96,0.9775,-0.01750000000000007,100,0.23198550187727296,1.0,False
BT-v3,POOL-s0-b200,POOL-s0-b600,0.96,0.9625,-0.0025000000000000577,100,0.8702095612045918,1.0,False
BT-v3,POOL-s0-b200,POOL-s0-b700,0.96,0.945,0.015000000000000013,100,0.4953540565555695,1.0,False
BT-v3,POOL-s0-b200,POOL-s0-b800,0.96,0.9625,-0.0025000000000000577,100,0.983924454477346,1.0,False
BT-v3,POOL-s0-b200,POOL-s0-b900,0.96,0.9725,-0.012500000000000067,100,0.4840504057194305,1.0,False
BT-v3,POOL-s0-b200,POOL-s1-b100,0.96,0.9,0.05999999999999994,100,0.001041641762917088,1.0,False
BT-v3,POOL-s0-b200,POOL-s1-b1000,0.96,0.8925,0.0675,100,0.0005976757220200942,0.8863530957557997,False
BT-v3,POOL-s0-b200,POOL-s1-b200,0.96,0.96,0.0,100,0.8811654851869626,1.0,False
BT-v3,POOL-s0-b200,POOL-s1-b300,0.96,0.9525,0.007499999999999951,100,0.7341891856439499,1.0,False
BT-v3,POOL-s0-b200,POOL-s1-b400,0.96,0.9825,-0.022500000000000075,100,0.1181362385225954,1.0,False
BT-v3,POOL-s0-b200,POOL-s1-b500,0.96,0.7525,0.20750000000000002,100,2.340312219994018e-13,6.20884831964413e-10,True
BT-v3,POOL-s0-b200,POOL-s1-b600,0.96,0.7825,0.1775,100,2.21020744006874e-11,5.5034165257711625e-08,True
BT-v3,POOL-s0-b200,POOL-s1-b700,0.96,0.825,0.135,100,2.4079879546187023e-08,5.237373801295678e-05,True
BT-v3,POOL-s0-b200,POOL-s1-b800,0.96,0.8475,0.11249999999999993,100,4.937058651186344e-07,0.000985930612641913,True
BT-v3,POOL-s0-b200,POOL-s1-b900,0.96,0.905,0.05499999999999994,100,0.006658420322010393,1.0,False
BT-v3,POOL-s0-b200,POOL-s2-b100,0.96,0.9475,0.012499999999999956,100,0.4214310513814631,1.0,False
BT-v3,POOL-s0-b200,POOL-s2-b1000,0.96,0.9675,-0.007500000000000062,100,0.6024493268751774,1.0,False
BT-v3,POOL-s0-b200,POOL-s2-b200,0.96,0.9575,0.0024999999999999467,100,0.8702095612045918,1.0,False
BT-v3,POOL-s0-b200,POOL-s2-b300,0.96,0.9725,-0.012500000000000067,100,0.49002711646965413,1.0,False
BT-v3,POOL-s0-b200,POOL-s2-b400,0.96,0.8475,0.11249999999999993,100,7.919552075874598e-07,0.001556983938116946,True
BT-v3,POOL-s0-b200,POOL-s2-b500,0.96,0.9575,0.0024999999999999467,100,0.9853175499242655,1.0,False
BT-v3,POOL-s0-b200,POOL-s2-b600,0.96,0.97,-0.010000000000000009,100,0.599454805429077,1.0,False
BT-v3,POOL-s0-b200,POOL-s2-b700,0.96,0.9825,-0.022500000000000075,100,0.17260653675524906,1.0,False
BT-v3,POOL-s0-b200,POOL-s2-b800,0.96,0.975,-0.015000000000000013,100,0.38027465495506607,1.0,False
BT-v3,POOL-s0-b200,POOL-s2-b900,0.96,0.96,0.0,100,0.8846660880820469,1.0,False
BT-v3,POOL-s0-b200,POOL-s3-b100,0.96,0.9525,0.007499999999999951,100,0.7291941525469172,1.0,False
BT-v3,POOL-s0-b200,POOL-s3-b1000,0.96,0.9075,0.05249999999999999,100,0.006254367265872162,1.0,False
BT-v3,POOL-s0-b200,POOL-s3-b200,0.96,0.9475,0.012499999999999956,100,0.49002711646965413,1.0,False
BT-v3,POOL-s0-b200,POOL-s3-b300,0.96,0.95,0.010000000000000009,100,0.6207760652816581,1.0,False
BT-v3,POOL-s0-b200,POOL-s3-b400,0.96,0.935,0.02499999999999991,100,0.2141532984639738,1.0,False
BT-v3,POOL-s0-b200,POOL-s3-b500,0.96,0.8575,0.10249999999999992,100,0.0001675114149703785,0.2655055927280499,False
BT-v3,POOL-s0-b200,POOL-s3-b600,0.96,0.9525,0.007499999999999951,100,0.6349361188219051,1.0,False
BT-v3,POOL-s0-b200,POOL-s3-b700,0.96,0.945,0.015000000000000013,100,0.4189327875949096,1.0,False
BT-v3,POOL-s0-b200,POOL-s3-b800,0.96,0.77,0.18999999999999995,100,1.1032383312730598e-11,2.7757476414830185e-08,True
BT-v3,POOL-s0-b200,POOL-s3-b900,0.96,0.9325,0.02749999999999997,100,0.06119135903098216,1.0,False
BT-v3,POOL-s0-b200,POOL-s4-b100,0.96,0.9575,0.0024999999999999467,100,0.9021304096356058,1.0,False
BT-v3,POOL-s0-b200,POOL-s4-b1000,0.96,0.935,0.02499999999999991,100,0.23209433281614666,1.0,False
BT-v3,POOL-s0-b200,POOL-s4-b200,0.96,0.935,0.02499999999999991,100,0.5763179644461542,1.0,False
BT-v3,POOL-s0-b200,POOL-s4-b300,0.96,0.945,0.015000000000000013,100,0.6055575396933,1.0,False
BT-v3,POOL-s0-b200,POOL-s4-b400,0.96,0.855,0.10499999999999998,100,5.959334651352899e-05,0.09880576851943106,False
BT-v3,POOL-s0-b200,POOL-s4-b500,0.96,0.9475,0.012499999999999956,100,0.5170223147426913,1.0,False
BT-v3,POOL-s0-b200,POOL-s4-b600,0.96,0.9475,0.012499999999999956,100,0.9198145182948165,1.0,False
BT-v3,POOL-s0-b200,POOL-s4-b700,0.96,0.94,0.020000000000000018,100,0.5664169050731693,1.0,False
BT-v3,POOL-s0-b200,POOL-s4-b800,0.96,0.9525,0.007499999999999951,100,0.955981464765894,1.0,False
BT-v3,POOL-s0-b200,POOL-s4-b900,0.96,0.9425,0.01749999999999996,100,0.5782023483654939,1.0,False
BT-v3,POOL-s0-b300,POOL-s0-b400,0.955,0.8875,0.0675,100,0.0009906482539005206,1.0,False
BT-v3,POOL-s0-b300,POOL-s0-b500,0.955,0.9775,-0.022500000000000075,100,0.1181362385225954,1.0,False
BT-v3,POOL-s0-b300,POOL-s0-b600,0.955,0.9625,-0.007500000000000062,100,0.5193995828192914,1.0,False
BT-v3,POOL-s0-b300,POOL-s0-b700,0.955,0.945,0.010000000000000009,100,0.819467314481773,1.0,False
BT-v3,POOL-s0-b300,POOL-s0-b800,0.955,0.9625,-0.007500000000000062,100,0.5112096674056126,1.0,False
BT-v3,POOL-s0-b300,POOL-s0-b900,0.955,0.9725,-0.01750000000000007,100,0.20844403422260638,1.0,False
BT-v3,POOL-s0-b300,POOL-s1-b100,0.955,0.9,0.05499999999999994,100,0.004375424572132925,1.0,False
BT-v3,POOL-s0-b300,POOL-s1-b1000,0.955,0.8925,0.0625,100,0.0017626765995670218,1.0,False
BT-v3,POOL-s0-b300,POOL-s1-b200,0.955,0.96,-0.0050000000000000044,100,0.5338811590720585,1.0,False
BT-v3,POOL-s0-b300,POOL-s1-b300,0.955,0.9525,0.0024999999999999467,100,0.979796107204179,1.0,False
BT-v3,POOL-s0-b300,POOL-s1-b400,0.955,0.9825,-0.02750000000000008,100,0.06464663713632411,1.0,False
BT-v3,POOL-s0-b300,POOL-s1-b500,0.955,0.7525,0.2025,100,3.8381819958623763e-13,1.0117447741093225e-09,True
BT-v3,POOL-s0-b300,POOL-s1-b600,0.955,0.7825,0.1725,100,3.7851037453935525e-11,9.326495628649714e-08,True
BT-v3,POOL-s0-b300,POOL-s1-b700,0.955,0.825,0.13,100,2.2100946060961614e-07,0.00045351141317093234,True
BT-v3,POOL-s0-b300,POOL-s1-b800,0.955,0.8475,0.10749999999999993,100,1.2874445793029112e-06,0.0025015048175855564,True
BT-v3,POOL-s0-b300,POOL-s1-b900,0.955,0.905,0.04999999999999993,100,0.01685159468087805,1.0,False
BT-v3,POOL-s0-b300,POOL-s2-b100,0.955,0.9475,0.007499999999999951,100,0.8385554089930227,1.0,False
BT-v3,POOL-s0-b300,POOL-s2-b1000,0.955,0.9675,-0.012500000000000067,100,0.32925742709061734,1.0,False
BT-v3,POOL-s0-b300,POOL-s2-b200,0.955,0.9575,-0.0025000000000000577,100,0.651540111865494,1.0,False
BT-v3,POOL-s0-b300,POOL-s2-b300,0.955,0.9725,-0.01750000000000007,100,0.1912296375185406,1.0,False
BT-v3,POOL-s0-b300,POOL-s2-b400,0.955,0.8475,0.10749999999999993,100,7.742570587186743e-06,0.014137933892202992,True
BT-v3,POOL-s0-b300,POOL-s2-b500,0.955,0.9575,-0.0025000000000000577,100,0.6432350322161977,1.0,False
BT-v3,POOL-s0-b300,POOL-s2-b600,0.955,0.97,-0.015000000000000013,100,0.25802344354562456,1.0,False
BT-v3,POOL-s0-b300,POOL-s2-b700,0.955,0.9825,-0.02750000000000008,100,0.06904560091426605,1.0,False
BT-v3,POOL-s0-b300,POOL-s2-b800,0.955,0.975,-0.020000000000000018,100,0.13041747035763349,1.0,False
BT-v3,POOL-s0-b300,POOL-s2-b900,0.955,0.96,-0.0050000000000000044,100,0.6425171232886945,1.0,False
BT-v3,POOL-s0-b300,POOL-s3-b100,0.955,0.9525,0.0024999999999999467,100,0.981167159588149,1.0,False
BT-v3,POOL-s0-b300,POOL-s3-b1000,0.955,0.9075,0.04749999999999999,100,0.015907225254586575,1.0,False
BT-v3,POOL-s0-b300,POOL-s3-b200,0.955,0.9475,0.007499999999999951,100,0.8385554089930227,1.0,False
BT-v3,POOL-s0-b300,POOL-s3-b300,0.955,0.95,0.0050000000000000044,100,0.9596167175194553,1.0,False
BT-v3,POOL-s0-b300,POOL-s3-b400,0.955,0.935,0.019999999999999907,100,0.3224782506959204,1.0,False
BT-v3,POOL-s0-b300,POOL-s3-b500,0.955,0.8575,0.09749999999999992,100,0.00043917705204433793,0.666670765003305,False
BT-v3,POOL-s0-b300,POOL-s3-b600,0.955,0.9525,0.0024999999999999467,100,0.9784282855224709,1.0,False
BT-v3,POOL-s0-b300,POOL-s3-b700,0.955,0.945,0.010000000000000009,100,0.6207760652816581,1.0,False
BT-v3,POOL-s0-b300,POOL-s3-b800,0.955,0.77,0.18499999999999994,100,2.622327820686677e-11,6.508617650944332e-08,True
BT-v3,POOL-s0-b300,POOL-s3-b900,0.955,0.9325,0.022499999999999964,100,0.21026871379261636,1.0,False
BT-v3,POOL-s0-b300,POOL-s4-b100,0.955,0.9575,-0.0025000000000000577,100,0.47250901237182596,1.0,False
BT-v3,POOL-s0-b300,POOL-s4-b1000,0.955,0.935,0.019999999999999907,100,0.400375696836445,1.0,False
BT-v3,POOL-s0-b300,POOL-s4-b200,0.955,0.935,0.019999999999999907,100,0.9854968031177502,1.0,False
BT-v3,POOL-s0-b300,POOL-s4-b300,0.955,0.945,0.010000000000000009,100,0.9350359180440544,1.0,False
BT-v3,POOL-s0-b300,POOL-s4-b400,0.955,0.855,0.09999999999999998,100,0.00025656891773161123,0.3989646670726555,False
BT-v3,POOL-s0-b300,POOL-s4-b500,0.955,0.9475,0.007499999999999951,100,0.9353887201817458,1.0,False
BT-v3,POOL-s0-b300,POOL-s4-b600,0.955,0.9475,0.007499999999999951,100,0.62505813869249,1.0,False
BT-v3,POOL-s0-b300,POOL-s4-b700,0.955,0.94,0.015000000000000013,100,0.8874828765504365,1.0,False
BT-v3,POOL-s0-b300,POOL-s4-b800,0.955,0.9525,0.0024999999999999467,100,0.5916950182962328,1.0,False
BT-v3,POOL-s0-b300,POOL-s4-b900,0.955,0.9425,0.012499999999999956,100,0.9956668658118653,1.0,False
BT-v3,POOL-s0-b400,POOL-s0-b500,0.8875,0.9775,-0.09000000000000008,100,5.359145914166522e-06,0.009946574816693065,True
BT-v3,POOL-s0-b400,POOL-s0-b600,0.8875,0.9625,-0.07500000000000007,100,8.662307184167669e-05,0.1416287224611414,False
BT-v3,POOL-s0-b400,POOL-s0-b700,0.8875,0.945,-0.057499999999999996,100,0.0052104671780267035,1.0,False
BT-v3,POOL-s0-b400,POOL-s0-b800,0.8875,0.9625,-0.07500000000000007,100,0.0001931037308047076,0.3049107909406333,False
BT-v3,POOL-s0-b400,POOL-s0-b900,0.8875,0.9725,-0.08500000000000008,100,1.5013715704261686e-05,0.02654424936513466,True
BT-v3,POOL-s0-b400,POOL-s1-b100,0.8875,0.9,-0.012500000000000067,100,0.5827279753851748,1.0,False
BT-v3,POOL-s0-b400,POOL-s1-b1000,0.8875,0.8925,-0.0050000000000000044,100,0.6987121632303849,1.0,False
BT-v3,POOL-s0-b400,POOL-s1-b200,0.8875,0.96,-0.07250000000000001,100,0.0002063637824302094,0.3250229573275798,False
BT-v3,POOL-s0-b400,POOL-s1-b300,0.8875,0.9525,-0.06500000000000006,100,0.001225875495517911,1.0,False
BT-v3,POOL-s0-b400,POOL-s1-b400,0.8875,0.9825,-0.09500000000000008,100,3.0882788133301534e-06,0.005846111793633981,True
BT-v3,POOL-s0-b400,POOL-s1-b500,0.8875,0.7525,0.135,100,3.852810873552852e-06,0.0072548428749000205,True
BT-v3,POOL-s0-b400,POOL-s1-b600,0.8875,0.7825,0.10499999999999998,100,0.00021423832194459534,0.33721111874079307,False
BT-v3,POOL-s0-b400,POOL-s1-b700,0.8875,0.825,0.0625,100,0.02519856279855284,1.0,False
BT-v3,POOL-s0-b400,POOL-s1-b800,0.8875,0.8475,0.039999999999999925,100,0.10041671843430529,1.0,False
BT-v3,POOL-s0-b400,POOL-s1-b900,0.8875,0.905,-0.01750000000000007,100,0.35530618422403426,1.0,False
BT-v3,POOL-s0-b400,POOL-s2-b100,0.8875,0.9475,-0.06000000000000005,100,0.0021451861865199153,1.0,False
BT-v3,POOL-s0-b400,POOL-s2-b1000,0.8875,0.9675,-0.08000000000000007,100,0.00011769010273723223,0.18936337530420666,False
BT-v3,POOL-s0-b400,POOL-s2-b200,0.8875,0.9575,-0.07000000000000006,100,0.0004547039638979541,0.6884218013415025,False
BT-v3,POOL-s0-b400,POOL-s2-b300,0.8875,0.9725,-0.08500000000000008,100,2.0219987654293386e-05,0.03536475840735913,True
BT-v3,POOL-s0-b400,POOL-s2-b400,0.8875,0.8475,0.039999999999999925,100,0.09991006016883322,1.0,False
BT-v3,POOL-s0-b400,POOL-s2-b500,0.8875,0.9575,-0.07000000000000006,100,0.0003812637228260204,0.5810459135868551,False
BT-v3,POOL-s0-b400,POOL-s2-b600,0.8875,0.97,-0.08250000000000002,100,2.5655015305532064e-05,0.0443318664479594,True
BT-v3,POOL-s0-b400,POOL-s2-b700,0.8875,0.9825,-0.09500000000000008,100,3.0882788133301534e-06,0.005846111793633981,True
BT-v3,POOL-s0-b400,POOL-s2-b800,0.8875,0.975,-0.08750000000000002,100,1.519971978441234e-05,0.026842705139272192,True
BT-v3,POOL-s0-b400,POOL-s2-b900,0.8875,0.96,-0.07250000000000001,100,0.00035425059244716014,0.5427119076290493,False
BT-v3,POOL-s0-b400,POOL-s3-b100,0.8875,0.9525,-0.06500000000000006,100,0.0010627329528858122,1.0,False
BT-v3,POOL-s0-b400,POOL-s3-b1000,0.8875,0.9075,-0.020000000000000018,100,0.22489868256866719,1.0,False
BT-v3,POOL-s0-b400,POOL-s3-b200,0.8875,0.9475,-0.06000000000000005,100,0.003433427029379892,1.0,False
BT-v3,POOL-s0-b400,POOL-s3-b300,0.8875,0.95,-0.0625,100,0.002276603828649914,1.0,False
BT-v3,POOL-s0-b400,POOL-s3-b400,0.8875,0.935,-0.0475000000000001,100,0.016650538112642204,1.0,False
BT-v3,POOL-s0-b400,POOL-s3-b500,0.8875,0.8575,0.029999999999999916,100,0.7153444236823652,1.0,False
BT-v3,POOL-s0-b400,POOL-s3-b600,0.8875,0.9525,-0.06500000000000006,100,0.00140658927216921,1.0,False
BT-v3,POOL-s0-b400,POOL-s3-b700,0.8875,0.945,-0.057499999999999996,100,0.0026741935364473952,1.0,False
BT-v3,POOL-s0-b400,POOL-s3-b800,0.8875,0.77,0.11749999999999994,100,7.31734596446216e-05,0.1205898614943364,False
BT-v3,POOL-s0-b400,POOL-s3-b900,0.8875,0.9325,-0.04500000000000004,100,0.024055295850694946,1.0,False
BT-v3,POOL-s0-b400,POOL-s4-b100,0.8875,0.9575,-0.07000000000000006,100,0.00022228566374574762,0.3489884920808238,False
BT-v3,POOL-s0-b400,POOL-s4-b1000,0.8875,0.935,-0.0475000000000001,100,0.011403598079063689,1.0,False
BT-v3,POOL-s0-b400,POOL-s4-b200,0.8875,0.935,-0.0475000000000001,100,0.006238612810924593,1.0,False
BT-v3,POOL-s0-b400,POOL-s4-b300,0.8875,0.945,-0.057499999999999996,100,0.0011060083279807534,1.0,False
BT-v3,POOL-s0-b400,POOL-s4-b400,0.8875,0.855,0.03249999999999997,100,0.3365516958993602,1.0,False
BT-v3,POOL-s0-b400,POOL-s4-b500,0.8875,0.9475,-0.06000000000000005,100,0.0027823946475745097,1.0,False
BT-v3,POOL-s0-b400,POOL-s4-b600,0.8875,0.9475,-0.06000000000000005,100,0.0014151529615917537,1.0,False
BT-v3,POOL-s0-b400,POOL-s4-b700,0.8875,0.94,-0.05249999999999999,100,0.006919387480736876,1.0,False
BT-v3,POOL-s0-b400,POOL-s4-b800,0.8875,0.9525,-0.06500000000000006,100,0.0008603508639610882,1.0,False
BT-v3,POOL-s0-b400,POOL-s4-b900,0.8875,0.9425,-0.05500000000000005,100,0.00280171012277502,1.0,False
BT-v3,POOL-s0-b500,POOL-s0-b600,0.9775,0.9625,0.015000000000000013,100,0.38027465495506607,1.0,False
BT-v3,POOL-s0-b500,POOL-s0-b700,0.9775,0.945,0.032500000000000084,100,0.09044518822766955,1.0,False
BT-v3,POOL-s0-b500,POOL-s0-b800,0.9775,0.9625,0.015000000000000013,100,0.3732071094358973,1.0,False
BT-v3,POOL-s0-b500,POOL-s0-b900,0.9775,0.9725,0.0050000000000000044,100,0.7216376286857367,1.0,False
BT-v3,POOL-s0-b500,POOL-s1-b100,0.9775,0.9,0.07750000000000001,100,3.497686062896002e-05,0.05946066306923204,False
BT-v3,POOL-s0-b500,POOL-s1-b1000,0.9775,0.8925,0.08500000000000008,100,1.9190297725704893e-05,0.03358302101998356,True
BT-v3,POOL-s0-b500,POOL-s1-b200,0.9775,0.96,0.01750000000000007,100,0.20844403422260638,1.0,False
BT-v3,POOL-s0-b500,POOL-s1-b300,0.9775,0.9525,0.025000000000000022,100,0.07994048220037328,1.0,False
BT-v3,POOL-s0-b500,POOL-s1-b400,0.9775,0.9825,-0.0050000000000000044,100,0.7120568924814933,1.0,False
BT-v3,POOL-s0-b500,POOL-s1-b500,0.9775,0.7525,0.2250000000000001,100,7.371715459776927e-15,2.0301704376225658e-11,True
BT-v3,POOL-s0-b500,POOL-s1-b600,0.9775,0.7825,0.19500000000000006,100,2.2555831088795392e-13,5.990828737184056e-10,True
BT-v3,POOL-s0-b500,POOL-s1-b700,0.9775,0.825,0.15250000000000008,100,5.73357035435044e-10,1.3387886777408276e-06,True
BT-v3,POOL-s0-b500,POOL-s1-b800,0.9775,0.8475,0.13,100,2.2117118132051457e-08,4.8237434646004226e-05,True
BT-v3,POOL-s0-b500,POOL-s1-b900,0.9775,0.905,0.07250000000000001,100,0.0005910333484934452,0.878254186393595,False
BT-v3,POOL-s0-b500,POOL-s2-b100,0.9775,0.9475,0.030000000000000027,100,0.08765743123210347,1.0,False
BT-v3,POOL-s0-b500,POOL-s2-b1000,0.9775,0.9675,0.010000000000000009,100,0.476129219122154,1.0,False
BT-v3,POOL-s0-b500,POOL-s2-b200,0.9775,0.9575,0.020000000000000018,100,0.2801385943581314,1.0,False
BT-v3,POOL-s0-b500,POOL-s2-b300,0.9775,0.9725,0.0050000000000000044,100,0.8499816086618567,1.0,False
BT-v3,POOL-s0-b500,POOL-s2-b400,0.9775,0.8475,0.13,100,5.440710562862092e-09,1.2214395213625396e-05,True
BT-v3,POOL-s0-b500,POOL-s2-b500,0.9775,0.9575,0.020000000000000018,100,0.21431392358602597,1.0,False
BT-v3,POOL-s0-b500,POOL-s2-b600,0.9775,0.97,0.007500000000000062,100,0.7112782234886725,1.0,False
BT-v3,POOL-s0-b500,POOL-s2-b700,0.9775,0.9825,-0.0050000000000000044,100,0.7216376286857367,1.0,False
BT-v3,POOL-s0-b500,POOL-s2-b800,0.9775,0.975,0.0025000000000000577,100,0.9909764951688143,1.0,False
BT-v3,POOL-s0-b500,POOL-s2-b900,0.9775,0.96,0.01750000000000007,100,0.2826411623147135,1.0,False
BT-v3,POOL-s0-b500,POOL-s3-b100,0.9775,0.9525,0.025000000000000022,100,0.0903601504691485,1.0,False
BT-v3,POOL-s0-b500,POOL-s3-b1000,0.9775,0.9075,0.07000000000000006,100,0.00024327913331527288,0.38000200623845626,False
BT-v3,POOL-s0-b500,POOL-s3-b200,0.9775,0.9475,0.030000000000000027,100,0.08316668211302196,1.0,False
BT-v3,POOL-s0-b500,POOL-s3-b300,0.9775,0.95,0.02750000000000008,100,0.11558483926441655,1.0,False
BT-v3,POOL-s0-b500,POOL-s3-b400,0.9775,0.935,0.04249999999999998,100,0.012794529873131578,1.0,False
BT-v3,POOL-s0-b500,POOL-s3-b500,0.9775,0.8575,0.12,100,2.5945764638592323e-06,0.004927100704868682,True
BT-v3,POOL-s0-b500,POOL-s3-b600,0.9775,0.9525,0.025000000000000022,100,0.13405340201631682,1.0,False
BT-v3,POOL-s0-b500,POOL-s3-b700,0.9775,0.945,0.032500000000000084,100,0.026434494015196576,1.0,False
BT-v3,POOL-s0-b500,POOL-s3-b800,0.9775,0.77,0.20750000000000002,100,3.7626112168156585e-13,9.922005778742892e-10,True
BT-v3,POOL-s0-b500,POOL-s3-b900,0.9775,0.9325,0.04500000000000004,100,0.004908184967527546,1.0,False
BT-v3,POOL-s0-b500,POOL-s4-b100,0.9775,0.9575,0.020000000000000018,100,0.4739805512661198,1.0,False
BT-v3,POOL-s0-b500,POOL-s4-b1000,0.9775,0.935,0.04249999999999998,100,0.024070597155500483,1.0,False
BT-v3,POOL-s0-b500,POOL-s4-b200,0.9775,0.935,0.04249999999999998,100,0.15598291479525292,1.0,False
BT-v3,POOL-s0-b500,POOL-s4-b300,0.9775,0.945,0.032500000000000084,100,0.16170220746634834,1.0,False
BT-v3,POOL-s0-b500,POOL-s4-b400,0.9775,0.855,0.12250000000000005,100,8.334469334457046e-07,0.001636889777287364,True
BT-v3,POOL-s0-b500,POOL-s4-b500,0.9775,0.9475,0.030000000000000027,100,0.12384343992271303,1.0,False
BT-v3,POOL-s0-b500,POOL-s4-b600,0.9775,0.9475,0.030000000000000027,100,0.2061829339740735,1.0,False
BT-v3,POOL-s0-b500,POOL-s4-b700,0.9775,0.94,0.03750000000000009,100,0.08706097307143051,1.0,False
BT-v3,POOL-s0-b500,POOL-s4-b800,0.9775,0.9525,0.025000000000000022,100,0.28000064574288075,1.0,False
BT-v3,POOL-s0-b500,POOL-s4-b900,0.9775,0.9425,0.03500000000000003,100,0.11567441219229548,1.0,False
BT-v3,POOL-s0-b600,POOL-s0-b700,0.9625,0.945,0.01750000000000007,100,0.32479638764966323,1.0,False
BT-v3,POOL-s0-b600,POOL-s0-b800,0.9625,0.9625,0.0,100,0.8775865286063818,1.0,False
BT-v3,POOL-s0-b600,POOL-s0-b900,0.9625,0.9725,-0.010000000000000009,100,0.5897669899384859,1.0,False
BT-v3,POOL-s0-b600,POOL-s1-b100,0.9625,0.9,0.0625,100,0.00025585421585769394,0.39810915987457174,False
BT-v3,POOL-s0-b600,POOL-s1-b1000,0.9625,0.8925,0.07000000000000006,100,0.000570416981942125,0.8487804691298819,False
BT-v3,POOL-s0-b600,POOL-s1-b200,0.9625,0.96,0.0025000000000000577,100,0.8613115875017768,1.0,False
BT-v3,POOL-s0-b600,POOL-s1-b300,0.9625,0.9525,0.010000000000000009,100,0.43090265240304926,1.0,False
BT-v3,POOL-s0-b600,POOL-s1-b400,0.9625,0.9825,-0.020000000000000018,100,0.21431392358602597,1.0,False
BT-v3,POOL-s0-b600,POOL-s1-b500,0.9625,0.7525,0.21000000000000008,100,5.400941137092558e-13,1.4161267661456686e-09,True
BT-v3,POOL-s0-b600,POOL-s1-b600,0.9625,0.7825,0.18000000000000005,100,3.9674554144324414e-11,9.76787523033267e-08,True
BT-v3,POOL-s0-b600,POOL-s1-b700,0.9625,0.825,0.13750000000000007,100,3.2542542396517095e-08,7.019426394928738e-05,True
BT-v3,POOL-s0-b600,POOL-s1-b800,0.9625,0.8475,0.11499999999999999,100,7.700631392116459e-07,0.0015147141948293073,True
BT-v3,POOL-s0-b600,POOL-s1-b900,0.9625,0.905,0.057499999999999996,100,0.005803867494618894,1.0,False
BT-v3,POOL-s0-b600,POOL-s2-b100,0.9625,0.9475,0.015000000000000013,100,0.3150182673720273,1.0,False
BT-v3,POOL-s0-b600,POOL-s2-b1000,0.9625,0.9675,-0.0050000000000000044,100,0.7334311665368276,1.0,False
BT-v3,POOL-s0-b600,POOL-s2-b200,0.9625,0.9575,0.0050000000000000044,100,0.6142383617528221,1.0,False
BT-v3,POOL-s0-b600,POOL-s2-b300,0.9625,0.9725,-0.010000000000000009,100,0.594702051487453,1.0,False
BT-v3,POOL-s0-b600,POOL-s2-b400,0.9625,0.8475,0.11499999999999999,100,2.707695053832061e-07,0.0005528993479652837,True
BT-v3,POOL-s0-b600,POOL-s2-b500,0.9625,0.9575,0.0050000000000000044,100,0.7334311665368276,1.0,False
BT-v3,POOL-s0-b600,POOL-s2-b600,0.9625,0.97,-0.007499999999999951,100,0.7146078159992497,1.0,False
BT-v3,POOL-s0-b600,POOL-s2-b700,0.9625,0.9825,-0.020000000000000018,100,0.21431392358602597,1.0,False
BT-v3,POOL-s0-b600,POOL-s2-b800,0.9625,0.975,-0.012499999999999956,100,0.4840504057194305,1.0,False
BT-v3,POOL-s0-b600,POOL-s2-b900,0.9625,0.96,0.0025000000000000577,100,0.7374761301510928,1.0,False
BT-v3,POOL-s0-b600,POOL-s3-b100,0.9625,0.9525,0.010000000000000009,100,0.38645751479513735,1.0,False
BT-v3,POOL-s0-b600,POOL-s3-b1000,0.9625,0.9075,0.05500000000000005,100,0.002557583594300862,1.0,False
BT-v3,POOL-s0-b600,POOL-s3-b200,0.9625,0.9475,0.015000000000000013,100,0.24085571471489509,1.0,False
BT-v3,POOL-s0-b600,POOL-s3-b300,0.9625,0.95,0.012500000000000067,100,0.398506413705326,1.0,False
BT-v3,POOL-s0-b600,POOL-s3-b400,0.9625,0.935,0.02749999999999997,100,0.10277791170484957,1.0,False
BT-v3,POOL-s0-b600,POOL-s3-b500,0.9625,0.8575,0.10499999999999998,100,2.711569255125189e-05,0.04672033826580701,True
BT-v3,POOL-s0-b600,POOL-s3-b600,0.9625,0.9525,0.010000000000000009,100,0.5234314012462482,1.0,False
BT-v3,POOL-s0-b600,POOL-s3-b700,0.9625,0.945,0.01750000000000007,100,0.2148996110144381,1.0,False
BT-v3,POOL-s0-b600,POOL-s3-b800,0.9625,0.77,0.1925,100,5.2737921214457e-11,1.2941885866027747e-07,True
BT-v3,POOL-s0-b600,POOL-s3-b900,0.9625,0.9325,0.030000000000000027,100,0.05650482223992043,1.0,False
BT-v3,POOL-s0-b600,POOL-s4-b100,0.9625,0.9575,0.0050000000000000044,100,0.9181451504813074,1.0,False
BT-v3,POOL-s0-b600,POOL-s4-b1000,0.9625,0.935,0.02749999999999997,100,0.1517806336121828,1.0,False
BT-v3,POOL-s0-b600,POOL-s4-b200,0.9625,0.935,0.02749999999999997,100,0.30371625973056937,1.0,False
BT-v3,POOL-s0-b600,POOL-s4-b300,0.9625,0.945,0.01750000000000007,100,0.30604561010157916,1.0,False
BT-v3,POOL-s0-b600,POOL-s4-b400,0.9625,0.855,0.10750000000000004,100,7.9335261248912e-06,0.014470751651801549,True
BT-v3,POOL-s0-b600,POOL-s4-b500,0.9625,0.9475,0.015000000000000013,100,0.3251982703036205,1.0,False
BT-v3,POOL-s0-b600,POOL-s4-b600,0.9625,0.9475,0.015000000000000013,100,0.4866740897967172,1.0,False
BT-v3,POOL-s0-b600,POOL-s4-b700,0.9625,0.94,0.022500000000000075,100,0.314507812216434,1.0,False
BT-v3,POOL-s0-b600,POOL-s4-b800,0.9625,0.9525,0.010000000000000009,100,0.5099583640358087,1.0,False
BT-v3,POOL-s0-b600,POOL-s4-b900,0.9625,0.9425,0.020000000000000018,100,0.3106397581717474,1.0,False
BT-v3,POOL-s0-b700,POOL-s0-b800,0.945,0.9625,-0.01750000000000007,100,0.386783807410229,1.0,False
BT-v3,POOL-s0-b700,POOL-s0-b900,0.945,0.9725,-0.02750000000000008,100,0.13645630287886001,1.0,False
BT-v3,POOL-s0-b700,POOL-s1-b100,0.945,0.9,0.04499999999999993,100,0.01884802377509539,1.0,False
BT-v3,POOL-s0-b700,POOL-s1-b1000,0.945,0.8925,0.05249999999999999,100,0.0017251525097250347,1.0,False
BT-v3,POOL-s0-b700,POOL-s1-b200,0.945,0.96,-0.015000000000000013,100,0.49947340825935804,1.0,False
BT-v3,POOL-s0-b700,POOL-s1-b300,0.945,0.9525,-0.007500000000000062,100,0.9435699803146245,1.0,False
BT-v3,POOL-s0-b700,POOL-s1-b400,0.945,0.9825,-0.03750000000000009,100,0.05745747116472963,1.0,False
BT-v3,POOL-s0-b700,POOL-s1-b500,0.945,0.7525,0.1925,100,3.2516902901727696e-12,8.340585594293154e-09,True
BT-v3,POOL-s0-b700,POOL-s1-b600,0.945,0.7825,0.16249999999999998,100,6.015609270784287e-11,1.4720195885609152e-07,True
BT-v3,POOL-s0-b700,POOL-s1-b700,0.945,0.825,0.12,100,5.124581596572008e-07,0.0010223540285161155,True
BT-v3,POOL-s0-b700,POOL-s1-b800,0.945,0.8475,0.09749999999999992,100,1.6226049120364572e-05,0.028590298550082376,True
BT-v3,POOL-s0-b700,POOL-s1-b900,0.945,0.905,0.039999999999999925,100,0.034287122802994244,1.0,False
BT-v3,POOL-s0-b700,POOL-s2-b100,0.945,0.9475,-0.0025000000000000577,100,0.982549765446588,1.0,False
BT-v3,POOL-s0-b700,POOL-s2-b1000,0.945,0.9675,-0.022500000000000075,100,0.23708693334579634,1.0,False
BT-v3,POOL-s0-b700,POOL-s2-b200,0.945,0.9575,-0.012500000000000067,100,0.49002711646965413,1.0,False
BT-v3,POOL-s0-b700,POOL-s2-b300,0.945,0.9725,-0.02750000000000008,100,0.17210070843214476,1.0,False
BT-v3,POOL-s0-b700,POOL-s2-b400,0.945,0.8475,0.09749999999999992,100,2.5373641851756422e-05,0.04392177404539037,True
BT-v3,POOL-s0-b700,POOL-s2-b500,0.945,0.9575,-0.012500000000000067,100,0.6121793225627978,1.0,False
BT-v3,POOL-s0-b700,POOL-s2-b600,0.945,0.97,-0.025000000000000022,100,0.13405340201631682,1.0,False
BT-v3,POOL-s0-b700,POOL-s2-b700,0.945,0.9825,-0.03750000000000009,100,0.025967101146698517,1.0,False
BT-v3,POOL-s0-b700,POOL-s2-b800,0.945,0.975,-0.030000000000000027,100,0.09216881562118238,1.0,False
BT-v3,POOL-s0-b700,POOL-s2-b900,0.945,0.96,-0.015000000000000013,100,0.38715309767552375,1.0,False
BT-v3,POOL-s0-b700,POOL-s3-b100,0.945,0.9525,-0.007500000000000062,100,0.8369593375865889,1.0,False
BT-v3,POOL-s0-b700,POOL-s3-b1000,0.945,0.9075,0.03749999999999998,100,0.027578245492031264,1.0,False
BT-v3,POOL-s0-b700,POOL-s3-b200,0.945,0.9475,-0.0025000000000000577,100,0.9811760313468093,1.0,False
BT-v3,POOL-s0-b700,POOL-s3-b300,0.945,0.95,-0.0050000000000000044,100,0.852775997726569,1.0,False
BT-v3,POOL-s0-b700,POOL-s3-b400,0.945,0.935,0.009999999999999898,100,0.46155861594524494,1.0,False
BT-v3,POOL-s0-b700,POOL-s3-b500,0.945,0.8575,0.08749999999999991,100,2.975111982052528e-05,0.05102046988490214,False
BT-v3,POOL-s0-b700,POOL-s3-b600,0.945,0.9525,-0.007500000000000062,100,0.6349361188219051,1.0,False
BT-v3,POOL-s0-b700,POOL-s3-b700,0.945,0.945,0.0,100,0.6863880986679526,1.0,False
BT-v3,POOL-s0-b700,POOL-s3-b800,0.945,0.77,0.17499999999999993,100,5.6375222432567695e-11,1.3811929495979085e-07,True
BT-v3,POOL-s0-b700,POOL-s3-b900,0.945,0.9325,0.012499999999999956,100,0.4159860923022043,1.0,False
BT-v3,POOL-s0-b700,POOL-s4-b100,0.945,0.9575,-0.012500000000000067,100,0.4063108642231278,1.0,False
BT-v3,POOL-s0-b700,POOL-s4-b1000,0.945,0.935,0.009999999999999898,100,0.6127060186925997,1.0,False
BT-v3,POOL-s0-b700,POOL-s4-b200,0.945,0.935,0.009999999999999898,100,0.9747650221222999,1.0,False
BT-v3,POOL-s0-b700,POOL-s4-b300,0.945,0.945,0.0,100,0.8895777291438688,1.0,False
BT-v3,POOL-s0-b700,POOL-s4-b400,0.945,0.855,0.08999999999999997,100,6.907906858035976e-05,0.11391138408901323,False
BT-v3,POOL-s0-b700,POOL-s4-b500,0.945,0.9475,-0.0025000000000000577,100,0.7488545929637871,1.0,False
BT-v3,POOL-s0-b700,POOL-s4-b600,0.945,0.9475,-0.0025000000000000577,100,0.8659080658088586,1.0,False
BT-v3,POOL-s0-b700,POOL-s4-b700,0.945,0.94,0.0050000000000000044,100,0.9706433007579229,1.0,False
BT-v3,POOL-s0-b700,POOL-s4-b800,0.945,0.9525,-0.007500000000000062,100,0.6240087148707759,1.0,False
BT-v3,POOL-s0-b700,POOL-s4-b900,0.945,0.9425,0.0024999999999999467,100,0.9853175499242655,1.0,False
BT-v3,POOL-s0-b800,POOL-s0-b900,0.9625,0.9725,-0.010000000000000009,100,0.46837593367062,1.0,False
BT-v3,POOL-s0-b800,POOL-s1-b100,0.9625,0.9,0.0625,100,0.0005560567789388534,0.831296188605981,False
BT-v3,POOL-s0-b800,POOL-s1-b1000,0.9625,0.8925,0.07000000000000006,100,0.0001442801725247116,0.2298383148318656,False
BT-v3,POOL-s0-b800,POOL-s1-b200,0.9625,0.96,0.0025000000000000577,100,0.8957601430286414,1.0,False
BT-v3,POOL-s0-b800,POOL-s1-b300,0.9625,0.9525,0.010000000000000009,100,0.5099583640358087,1.0,False
BT-v3,POOL-s0-b800,POOL-s1-b400,0.9625,0.9825,-0.020000000000000018,100,0.2930424009600531,1.0,False
BT-v3,POOL-s0-b800,POOL-s1-b500,0.9625,0.7525,0.21000000000000008,100,3.2761165320238077e-13,8.668604343734995e-10,True
BT-v3,POOL-s0-b800,POOL-s1-b600,0.9625,0.7825,0.18000000000000005,100,2.8128308514226043e-11,6.9561306955681e-08,True
BT-v3,POOL-s0-b800,POOL-s1-b700,0.9625,0.825,0.13750000000000007,100,4.45983292867145e-08,9.53512280149956e-05,True
BT-v3,POOL-s0-b800,POOL-s1-b800,0.9625,0.8475,0.11499999999999999,100,4.80164122399365e-07,0.0009593679165539312,True
BT-v3,POOL-s0-b800,POOL-s1-b900,0.9625,0.905,0.057499999999999996,100,0.00924952786035532,1.0,False
BT-v3,POOL-s0-b800,POOL-s2-b100,0.9625,0.9475,0.015000000000000013,100,0.47714252486513486,1.0,False
BT-v3,POOL-s0-b800,POOL-s2-b1000,0.9625,0.9675,-0.0050000000000000044,100,0.6215629219380845,1.0,False
BT-v3,POOL-s0-b800,POOL-s2-b200,0.9625,0.9575,0.0050000000000000044,100,0.8499816086618567,1.0,False
BT-v3,POOL-s0-b800,POOL-s2-b300,0.9625,0.9725,-0.010000000000000009,100,0.5897669899384859,1.0,False
BT-v3,POOL-s0-b800,POOL-s2-b400,0.9625,0.8475,0.11499999999999999,100,9.6754766278991e-07,0.0018934907760798539,True
BT-v3,POOL-s0-b800,POOL-s2-b500,0.9625,0.9575,0.0050000000000000044,100,0.8542590819684286,1.0,False
BT-v3,POOL-s0-b800,POOL-s2-b600,0.9625,0.97,-0.007499999999999951,100,0.6024493268751774,1.0,False
BT-v3,POOL-s0-b800,POOL-s2-b700,0.9625,0.9825,-0.020000000000000018,100,0.15413292677839466,1.0,False
BT-v3,POOL-s0-b800,POOL-s2-b800,0.9625,0.975,-0.012499999999999956,100,0.39323960486930865,1.0,False
BT-v3,POOL-s0-b800,POOL-s2-b900,0.9625,0.96,0.0025000000000000577,100,0.8598181644646876,1.0,False
BT-v3,POOL-s0-b800,POOL-s3-b100,0.9625,0.9525,0.010000000000000009,100,0.6127060186925997,1.0,False
BT-v3,POOL-s0-b800,POOL-s3-b1000,0.9625,0.9075,0.05500000000000005,100,0.0029134681300625833,1.0,False
BT-v3,POOL-s0-b800,POOL-s3-b200,0.9625,0.9475,0.015000000000000013,100,0.4067196082587379,1.0,False
BT-v3,POOL-s0-b800,POOL-s3-b300,0.9625,0.95,0.012500000000000067,100,0.38531998070168083,1.0,False
BT-v3,POOL-s0-b800,POOL-s3-b400,0.9625,0.935,0.02749999999999997,100,0.13645630287886001,1.0,False
BT-v3,POOL-s0-b800,POOL-s3-b500,0.9625,0.8575,0.10499999999999998,100,6.108814875592907e-06,0.01126465463059332,True
BT-v3,POOL-s0-b800,POOL-s3-b600,0.9625,0.9525,0.010000000000000009,100,0.6084488132797179,1.0,False
BT-v3,POOL-s0-b800,POOL-s3-b700,0.9625,0.945,0.01750000000000007,100,0.26792871482675273,1.0,False
BT-v3,POOL-s0-b800,POOL-s3-b800,0.9625,0.77,0.1925,100,2.379119892383333e-12,6.128612842779466e-09,True
BT-v3,POOL-s0-b800,POOL-s3-b900,0.9625,0.9325,0.030000000000000027,100,0.045564729618620084,1.0,False
BT-v3,POOL-s0-b800,POOL-s4-b100,0.9625,0.9575,0.0050000000000000044,100,0.9762455678899332,1.0,False
BT-v3,POOL-s0-b800,POOL-s4-b1000,0.9625,0.935,0.02749999999999997,100,0.1917890457275676,1.0,False
BT-v3,POOL-s0-b800,POOL-s4-b200,0.9625,0.935,0.02749999999999997,100,0.6727720515586545,1.0,False
BT-v3,POOL-s0-b800,POOL-s4-b300,0.9625,0.945,0.01750000000000007,100,0.5717161071271579,1.0,False
BT-v3,POOL-s0-b800,POOL-s4-b400,0.9625,0.855,0.10750000000000004,100,1.112162136984546e-05,0.019907702252023374,True
BT-v3,POOL-s0-b800,POOL-s4-b500,0.9625,0.9475,0.015000000000000013,100,0.3938492026706438,1.0,False
BT-v3,POOL-s0-b800,POOL-s4-b600,0.9625,0.9475,0.015000000000000013,100,0.6936515843335403,1.0,False
BT-v3,POOL-s0-b800,POOL-s4-b700,0.9625,0.94,0.022500000000000075,100,0.4595180319740122,1.0,False
BT-v3,POOL-s0-b800,POOL-s4-b800,0.9625,0.9525,0.010000000000000009,100,0.8276429798270033,1.0,False
BT-v3,POOL-s0-b800,POOL-s4-b900,0.9625,0.9425,0.020000000000000018,100,0.5636534320883735,1.0,False
BT-v3,POOL-s0-b900,POOL-s1-b100,0.9725,0.9,0.07250000000000001,100,9.496703123731735e-05,0.15446316772750165,False
BT-v3,POOL-s0-b900,POOL-s1-b1000,0.9725,0.8925,0.08000000000000007,100,5.34519344771826e-05,0.08921127864241776,False
BT-v3,POOL-s0-b900,POOL-s1-b200,0.9725,0.96,0.012500000000000067,100,0.5869971258959734,1.0,False
BT-v3,POOL-s0-b900,POOL-s1-b300,0.9725,0.9525,0.020000000000000018,100,0.24214805650334403,1.0,False
BT-v3,POOL-s0-b900,POOL-s1-b400,0.9725,0.9825,-0.010000000000000009,100,0.4836696668138185,1.0,False
BT-v3,POOL-s0-b900,POOL-s1-b500,0.9725,0.7525,0.22000000000000008,100,1.9973944289703502e-14,5.4428998189442044e-11,True
BT-v3,POOL-s0-b900,POOL-s1-b600,0.9725,0.7825,0.19000000000000006,100,4.5952342624415945e-12,1.1722442603488508e-08,True
BT-v3,POOL-s0-b900,POOL-s1-b700,0.9725,0.825,0.14750000000000008,100,6.710891909028e-09,1.499884341667758e-05,True
BT-v3,POOL-s0-b900,POOL-s1-b800,0.9725,0.8475,0.125,100,4.677341930567586e-08,9.981447679831229e-05,True
BT-v3,POOL-s0-b900,POOL-s1-b900,0.9725,0.905,0.0675,100,0.0011078058602782216,1.0,False
BT-v3,POOL-s0-b900,POOL-s2-b100,0.9725,0.9475,0.025000000000000022,100,0.1697615497650521,1.0,False
BT-v3,POOL-s0-b900,POOL-s2-b1000,0.9725,0.9675,0.0050000000000000044,100,0.8519124813601868,1.0,False
BT-v3,POOL-s0-b900,POOL-s2-b200,0.9725,0.9575,0.015000000000000013,100,0.3732071094358973,1.0,False
BT-v3,POOL-s0-b900,POOL-s2-b300,0.9725,0.9725,0.0,100,1.0,1.0,False
BT-v3,POOL-s0-b900,POOL-s2-b400,0.9725,0.8475,0.125,100,3.8949064992041786e-08,8.362364253791371e-05,True
BT-v3,POOL-s0-b900,POOL-s2-b500,0.9725,0.9575,0.015000000000000013,100,0.47211978263476084,1.0,False
BT-v3,POOL-s0-b900,POOL-s2-b600,0.9725,0.97,0.0025000000000000577,100,0.8598181644646876,1.0,False
BT-v3,POOL-s0-b900,POOL-s2-b700,0.9725,0.9825,-0.010000000000000009,100,0.46837593367062,1.0,False
BT-v3,POOL-s0-b900,POOL-s2-b800,0.9725,0.975,-0.0024999999999999467,100,0.8598181644646876,1.0,False
BT-v3,POOL-s0-b900,POOL-s2-b900,0.9725,0.96,0.012500000000000067,100,0.39323960486930865,1.0,False
BT-v3,POOL-s0-b900,POOL-s3-b100,0.9725,0.9525,0.020000000000000018,100,0.23534303218145936,1.0,False
BT-v3,POOL-s0-b900,POOL-s3-b1000,0.9725,0.9075,0.06500000000000006,100,0.00025486175612621947,0.39681975428852373,False
BT-v3,POOL-s0-b900,POOL-s3-b200,0.9725,0.9475,0.025000000000000022,100,0.1283207528708741,1.0,False
BT-v3,POOL-s0-b900,POOL-s3-b300,0.9725,0.95,0.022500000000000075,100,0.17260653675524906,1.0,False
BT-v3,POOL-s0-b900,POOL-s3-b400,0.9725,0.935,0.03749999999999998,100,0.03298459255153011,1.0,False
BT-v3,POOL-s0-b900,POOL-s3-b500,0.9725,0.8575,0.11499999999999999,100,5.468467569124489e-06,0.010144007340725927,True
BT-v3,POOL-s0-b900,POOL-s3-b600,0.9725,0.9525,0.020000000000000018,100,0.24214805650334403,1.0,False
BT-v3,POOL-s0-b900,POOL-s3-b700,0.9725,0.945,0.02750000000000008,100,0.09886275559136538,1.0,False
BT-v3,POOL-s0-b900,POOL-s3-b800,0.9725,0.77,0.2025,100,2.398840092494719e-12,6.177013238173901e-09,True
BT-v3,POOL-s0-b900,POOL-s3-b900,0.9725,0.9325,0.040000000000000036,100,0.00980698238795523,1.0,False
BT-v3,POOL-s0-b900,POOL-s4-b100,0.9725,0.9575,0.015000000000000013,100,0.6918540055954919,1.0,False
BT-v3,POOL-s0-b900,POOL-s4-b1000,0.9725,0.935,0.03749999999999998,100,0.0519163535431145,1.0,False
BT-v3,POOL-s0-b900,POOL-s4-b200,0.9725,0.935,0.03749999999999998,100,0.27920514607263736,1.0,False
BT-v3,POOL-s0-b900,POOL-s4-b300,0.9725,0.945,0.02750000000000008,100,0.28911848937152007,1.0,False
BT-v3,POOL-s0-b900,POOL-s4-b400,0.9725,0.855,0.11750000000000005,100,1.1098723073295534e-06,0.0021653608715999587,True
BT-v3,POOL-s0-b900,POOL-s4-b500,0.9725,0.9475,0.025000000000000022,100,0.13977980963935555,1.0,False
BT-v3,POOL-s0-b900,POOL-s4-b600,0.9725,0.9475,0.025000000000000022,100,0.3604483953765535,1.0,False
BT-v3,POOL-s0-b900,POOL-s4-b700,0.9725,0.94,0.032500000000000084,100,0.16918711455323165,1.0,False
BT-v3,POOL-s0-b900,POOL-s4-b800,0.9725,0.9525,0.020000000000000018,100,0.37979037630477797,1.0,False
BT-v3,POOL-s0-b900,POOL-s4-b900,0.9725,0.9425,0.030000000000000027,100,0.22231357507578742,1.0,False
BT-v3,POOL-s1-b100,POOL-s1-b1000,0.9,0.8925,0.007500000000000062,100,0.524598278241599,1.0,False
BT-v3,POOL-s1-b100,POOL-s1-b200,0.9,0.96,-0.05999999999999994,100,0.0006546823466014203,0.9669658259302978,False
BT-v3,POOL-s1-b100,POOL-s1-b300,0.9,0.9525,-0.05249999999999999,100,0.006254367265872162,1.0,False
BT-v3,POOL-s1-b100,POOL-s1-b400,0.9,0.9825,-0.08250000000000002,100,2.0296538767898584e-05,0.03547834976628673,True
BT-v3,POOL-s1-b100,POOL-s1-b500,0.9,0.7525,0.14750000000000008,100,3.4191726536147175e-07,0.0006906728760301729,True
BT-v3,POOL-s1-b100,POOL-s1-b600,0.9,0.7825,0.11750000000000005,100,5.709030927017387e-06,0.010555998184055148,True
BT-v3,POOL-s1-b100,POOL-s1-b700,0.9,0.825,0.07500000000000007,100,0.004274030253192462,1.0,False
BT-v3,POOL-s1-b100,POOL-s1-b800,0.9,0.8475,0.05249999999999999,100,0.024041272704403836,1.0,False
BT-v3,POOL-s1-b100,POOL-s1-b900,0.9,0.905,-0.0050000000000000044,100,0.7306901618221673,1.0,False
BT-v3,POOL-s1-b100,POOL-s2-b100,0.9,0.9475,-0.04749999999999999,100,0.005351761882017485,1.0,False
BT-v3,POOL-s1-b100,POOL-s2-b1000,0.9,0.9675,-0.0675,100,0.0001542833593094152,0.24500197458335132,False
BT-v3,POOL-s1-b100,POOL-s2-b200,0.9,0.9575,-0.057499999999999996,100,0.0007622772310089082,1.0,False
BT-v3,POOL-s1-b100,POOL-s2-b300,0.9,0.9725,-0.07250000000000001,100,0.00012402681142785889,0.19881497871885778,False
BT-v3,POOL-s1-b100,POOL-s2-b400,0.9,0.8475,0.05249999999999999,100,0.0237750712812358,1.0,False
BT-v3,POOL-s1-b100,POOL-s2-b500,0.9,0.9575,-0.057499999999999996,100,0.002187949870071086,1.0,False
BT-v3,POOL-s1-b100,POOL-s2-b600,0.9,0.97,-0.06999999999999995,100,0.00010097431021959635,0.16357838255574608,False
BT-v3,POOL-s1-b100,POOL-s2-b700,0.9,0.9825,-0.08250000000000002,100,5.182003082240574e-06,0.009638525732967468,True
BT-v3,POOL-s1-b100,POOL-s2-b800,0.9,0.975,-0.07499999999999996,100,4.5252011629250744e-05,0.076159135572029,False
BT-v3,POOL-s1-b100,POOL-s2-b900,0.9,0.96,-0.05999999999999994,100,0.0006295030775482759,0.9316645547714483,False
BT-v3,POOL-s1-b100,POOL-s3-b100,0.9,0.9525,-0.05249999999999999,100,0.0035299427293894667,1.0,False
BT-v3,POOL-s1-b100,POOL-s3-b1000,0.9,0.9075,-0.007499999999999951,100,0.8589556572929765,1.0,False
BT-v3,POOL-s1-b100,POOL-s3-b200,0.9,0.9475,-0.04749999999999999,100,0.007570026343431163,1.0,False
BT-v3,POOL-s1-b100,POOL-s3-b300,0.9,0.95,-0.04999999999999993,100,0.0062199198811360105,1.0,False
BT-v3,POOL-s1-b100,POOL-s3-b400,0.9,0.935,-0.03500000000000003,100,0.061321037694673834,1.0,False
BT-v3,POOL-s1-b100,POOL-s3-b500,0.9,0.8575,0.04249999999999998,100,0.08524023562788163,1.0,False
BT-v3,POOL-s1-b100,POOL-s3-b600,0.9,0.9525,-0.05249999999999999,100,0.005077863893102339,1.0,False
BT-v3,POOL-s1-b100,POOL-s3-b700,0.9,0.945,-0.04499999999999993,100,0.03596146189481176,1.0,False
BT-v3,POOL-s1-b100,POOL-s3-b800,0.9,0.77,0.13,100,7.5649490883980966e-06,0.01382872693359172,True
BT-v3,POOL-s1-b100,POOL-s3-b900,0.9,0.9325,-0.03249999999999997,100,0.11484613901567478,1.0,False
BT-v3,POOL-s1-b100,POOL-s4-b100,0.9,0.9575,-0.057499999999999996,100,0.0025576040057650063,1.0,False
BT-v3,POOL-s1-b100,POOL-s4-b1000,0.9,0.935,-0.03500000000000003,100,0.10149972367147496,1.0,False
BT-v3,POOL-s1-b100,POOL-s4-b200,0.9,0.935,-0.03500000000000003,100,0.014956630370322911,1.0,False
BT-v3,POOL-s1-b100,POOL-s4-b300,0.9,0.945,-0.04499999999999993,100,0.007096153470968532,1.0,False
BT-v3,POOL-s1-b100,POOL-s4-b400,0.9,0.855,0.04500000000000004,100,0.07533860252587692,1.0,False
BT-v3,POOL-s1-b100,POOL-s4-b500,0.9,0.9475,-0.04749999999999999,100,0.01158653831912513,1.0,False
BT-v3,POOL-s1-b100,POOL-s4-b600,0.9,0.9475,-0.04749999999999999,100,0.01158653831912513,1.0,False
BT-v3,POOL-s1-b100,POOL-s4-b700,0.9,0.94,-0.039999999999999925,100,0.04334273473345065,1.0,False
BT-v3,POOL-s1-b100,POOL-s4-b800,0.9,0.9525,-0.05249999999999999,100,0.005826985781700673,1.0,False
BT-v3,POOL-s1-b100,POOL-s4-b900,0.9,0.9425,-0.04249999999999998,100,0.0331897976006745,1.0,False
BT-v3,POOL-s1-b1000,POOL-s1-b200,0.8925,0.96,-0.0675,100,0.0011590962763658053,1.0,False
BT-v3,POOL-s1-b1000,POOL-s1-b300,0.8925,0.9525,-0.06000000000000005,100,0.00373418489180293,1.0,False
BT-v3,POOL-s1-b1000,POOL-s1-b400,0.8925,0.9825,-0.09000000000000008,100,6.726481863013807e-06,0.012383453109808418,True
BT-v3,POOL-s1-b1000,POOL-s1-b500,0.8925,0.7525,0.14,100,8.721697439522793e-08,0.0001839405989995357,True
BT-v3,POOL-s1-b1000,POOL-s1-b600,0.8925,0.7825,0.10999999999999999,100,2.7013906175886912e-05,0.04657197424722904,True
BT-v3,POOL-s1-b1000,POOL-s1-b700,0.8925,0.825,0.0675,100,0.005889918050847692,1.0,False
BT-v3,POOL-s1-b1000,POOL-s1-b800,0.8925,0.8475,0.04499999999999993,100,0.026415150949786557,1.0,False
BT-v3,POOL-s1-b1000,POOL-s1-b900,0.8925,0.905,-0.012500000000000067,100,0.34676273748466935,1.0,False
BT-v3,POOL-s1-b1000,POOL-s2-b100,0.8925,0.9475,-0.05500000000000005,100,0.007336463791590221,1.0,False
BT-v3,POOL-s1-b1000,POOL-s2-b1000,0.8925,0.9675,-0.07500000000000007,100,0.00010715259492222988,0.17294428820447902,False
BT-v3,POOL-s1-b1000,POOL-s2-b200,0.8925,0.9575,-0.06500000000000006,100,0.00048112597803957955,0.7250568489056464,False
BT-v3,POOL-s1-b1000,POOL-s2-b300,0.8925,0.9725,-0.08000000000000007,100,4.298875513912541e-05,0.0723930636542872,False
BT-v3,POOL-s1-b1000,POOL-s2-b400,0.8925,0.8475,0.04499999999999993,100,0.04497431649497605,1.0,False
BT-v3,POOL-s1-b1000,POOL-s2-b500,0.8925,0.9575,-0.06500000000000006,100,0.0015389873723598943,1.0,False
BT-v3,POOL-s1-b1000,POOL-s2-b600,0.8925,0.97,-0.07750000000000001,100,5.476183226085993e-05,0.09123321254659265,False
BT-v3,POOL-s1-b1000,POOL-s2-b700,0.8925,0.9825,-0.09000000000000008,100,3.924289299996326e-06,0.007385512462593086,True
BT-v3,POOL-s1-b1000,POOL-s2-b800,0.8925,0.975,-0.08250000000000002,100,2.5521883803734053e-05,0.04412733709665618,True
BT-v3,POOL-s1-b1000,POOL-s2-b900,0.8925,0.96,-0.0675,100,0.0002312446275594335,0.36212908675807287,False
BT-v3,POOL-s1-b1000,POOL-s3-b100,0.8925,0.9525,-0.06000000000000005,100,0.008307291659626567,1.0,False
BT-v3,POOL-s1-b1000,POOL-s3-b1000,0.8925,0.9075,-0.015000000000000013,100,0.3409441920457964,1.0,False
BT-v3,POOL-s1-b1000,POOL-s3-b200,0.8925,0.9475,-0.05500000000000005,100,0.008052400231117767,1.0,False
BT-v3,POOL-s1-b1000,POOL-s3-b300,0.8925,0.95,-0.057499999999999996,100,0.001095763588138088,1.0,False
BT-v3,POOL-s1-b1000,POOL-s3-b400,0.8925,0.935,-0.04250000000000009,100,0.04980514749104288,1.0,False
BT-v3,POOL-s1-b1000,POOL-s3-b500,0.8925,0.8575,0.03499999999999992,100,0.28525341778372226,1.0,False
BT-v3,POOL-s1-b1000,POOL-s3-b600,0.8925,0.9525,-0.06000000000000005,100,0.002096919639297846,1.0,False
BT-v3,POOL-s1-b1000,POOL-s3-b700,0.8925,0.945,-0.05249999999999999,100,0.013474661454795069,1.0,False
BT-v3,POOL-s1-b1000,POOL-s3-b800,0.8925,0.77,0.12249999999999994,100,2.540046905392213e-07,0.0005199476015337861,True
BT-v3,POOL-s1-b1000,POOL-s3-b900,0.8925,0.9325,-0.040000000000000036,100,0.02873938630649995,1.0,False
BT-v3,POOL-s1-b1000,POOL-s4-b100,0.8925,0.9575,-0.06500000000000006,100,0.00036825929684673183,0.5619636869881128,False
BT-v3,POOL-s1-b1000,POOL-s4-b1000,0.8925,0.935,-0.04250000000000009,100,0.017162026356275152,1.0,False
BT-v3,POOL-s1-b1000,POOL-s4-b200,0.8925,0.935,-0.04250000000000009,100,0.00284207945587671,1.0,False
BT-v3,POOL-s1-b1000,POOL-s4-b300,0.8925,0.945,-0.05249999999999999,100,0.006322935450555673,1.0,False
BT-v3,POOL-s1-b1000,POOL-s4-b400,0.8925,0.855,0.03749999999999998,100,0.19245391038941728,1.0,False
BT-v3,POOL-s1-b1000,POOL-s4-b500,0.8925,0.9475,-0.05500000000000005,100,0.001989855621490254,1.0,False
BT-v3,POOL-s1-b1000,POOL-s4-b600,0.8925,0.9475,-0.05500000000000005,100,0.00171252806653542,1.0,False
BT-v3,POOL-s1-b1000,POOL-s4-b700,0.8925,0.94,-0.04749999999999999,100,0.010534053275462536,1.0,False
BT-v3,POOL-s1-b1000,POOL-s4-b800,0.8925,0.9525,-0.06000000000000005,100,0.0018430395242148014,1.0,False
BT-v3,POOL-s1-b1000,POOL-s4-b900,0.8925,0.9425,-0.050000000000000044,100,0.00396132666656616,1.0,False
BT-v3,POOL-s1-b200,POOL-s1-b300,0.96,0.9525,0.007499999999999951,100,0.5962388749669157,1.0,False
BT-v3,POOL-s1-b200,POOL-s1-b400,0.96,0.9825,-0.022500000000000075,100,0.11195866453804929,1.0,False
BT-v3,POOL-s1-b200,POOL-s1-b500,0.96,0.7525,0.20750000000000002,100,3.8523869919315815e-13,1.0151039723739718e-09,True
BT-v3,POOL-s1-b200,POOL-s1-b600,0.96,0.7825,0.1775,100,7.891100728276042e-12,1.9964484842538387e-08,True
BT-v3,POOL-s1-b200,POOL-s1-b700,0.96,0.825,0.135,100,6.349204998995355e-08,0.0001344761618787216,True
BT-v3,POOL-s1-b200,POOL-s1-b800,0.96,0.8475,0.11249999999999993,100,3.3502301830695325e-06,0.006328584815818347,True
BT-v3,POOL-s1-b200,POOL-s1-b900,0.96,0.905,0.05499999999999994,100,0.011035674000912194,1.0,False
BT-v3,POOL-s1-b200,POOL-s2-b100,0.96,0.9475,0.012499999999999956,100,0.32925742709061734,1.0,False
BT-v3,POOL-s1-b200,POOL-s2-b1000,0.96,0.9675,-0.007500000000000062,100,0.5962388749669157,1.0,False
BT-v3,POOL-s1-b200,POOL-s2-b200,0.96,0.9575,0.0024999999999999467,100,0.7488545929637871,1.0,False
BT-v3,POOL-s1-b200,POOL-s2-b300,0.96,0.9725,-0.012500000000000067,100,0.4840504057194305,1.0,False
BT-v3,POOL-s1-b200,POOL-s2-b400,0.96,0.8475,0.11249999999999993,100,4.562230882540342e-07,0.0009129023995963224,True
BT-v3,POOL-s1-b200,POOL-s2-b500,0.96,0.9575,0.0024999999999999467,100,0.863648991101224,1.0,False
BT-v3,POOL-s1-b200,POOL-s2-b600,0.96,0.97,-0.010000000000000009,100,0.5897669899384859,1.0,False
BT-v3,POOL-s1-b200,POOL-s2-b700,0.96,0.9825,-0.022500000000000075,100,0.21865336135904667,1.0,False
BT-v3,POOL-s1-b200,POOL-s2-b800,0.96,0.975,-0.015000000000000013,100,0.38027465495506607,1.0,False
BT-v3,POOL-s1-b200,POOL-s2-b900,0.96,0.96,0.0,100,0.8739233776537525,1.0,False
BT-v3,POOL-s1-b200,POOL-s3-b100,0.96,0.9525,0.007499999999999951,100,0.5962388749669157,1.0,False
BT-v3,POOL-s1-b200,POOL-s3-b1000,0.96,0.9075,0.05249999999999999,100,0.0038786262025379994,1.0,False
BT-v3,POOL-s1-b200,POOL-s3-b200,0.96,0.9475,0.012499999999999956,100,0.40098640348459813,1.0,False
BT-v3,POOL-s1-b200,POOL-s3-b300,0.96,0.95,0.010000000000000009,100,0.604034289981711,1.0,False
BT-v3,POOL-s1-b200,POOL-s3-b400,0.96,0.935,0.02499999999999991,100,0.10506047650839716,1.0,False
BT-v3,POOL-s1-b200,POOL-s3-b500,0.96,0.8575,0.10249999999999992,100,5.301536667688989e-05,0.08853566235040611,False
BT-v3,POOL-s1-b200,POOL-s3-b600,0.96,0.9525,0.007499999999999951,100,0.5402557151899106,1.0,False
BT-v3,POOL-s1-b200,POOL-s3-b700,0.96,0.945,0.015000000000000013,100,0.3251982703036205,1.0,False
BT-v3,POOL-s1-b200,POOL-s3-b800,0.96,0.77,0.18999999999999995,100,1.323499382569561e-10,3.186986513227503e-07,True
BT-v3,POOL-s1-b200,POOL-s3-b900,0.96,0.9325,0.02749999999999997,100,0.06119135903098216,1.0,False
BT-v3,POOL-s1-b200,POOL-s4-b100,0.96,0.9575,0.0024999999999999467,100,0.9839339377862928,1.0,False
BT-v3,POOL-s1-b200,POOL-s4-b1000,0.96,0.935,0.02499999999999991,100,0.20872234006069978,1.0,False
BT-v3,POOL-s1-b200,POOL-s4-b200,0.96,0.935,0.02499999999999991,100,0.38839564121160763,1.0,False
BT-v3,POOL-s1-b200,POOL-s4-b300,0.96,0.945,0.015000000000000013,100,0.48761814408005333,1.0,False
BT-v3,POOL-s1-b200,POOL-s4-b400,0.96,0.855,0.10499999999999998,100,2.5337449002781473e-05,0.04388446167281751,True
BT-v3,POOL-s1-b200,POOL-s4-b500,0.96,0.9475,0.012499999999999956,100,0.4214310513814631,1.0,False
BT-v3,POOL-s1-b200,POOL-s4-b600,0.96,0.9475,0.012499999999999956,100,0.7042608308039827,1.0,False
BT-v3,POOL-s1-b200,POOL-s4-b700,0.96,0.94,0.020000000000000018,100,0.31659131383665484,1.0,False
BT-v3,POOL-s1-b200,POOL-s4-b800,0.96,0.9525,0.007499999999999951,100,0.7236648921980786,1.0,False
BT-v3,POOL-s1-b200,POOL-s4-b900,0.96,0.9425,0.01749999999999996,100,0.3919657188687534,1.0,False
BT-v3,POOL-s1-b300,POOL-s1-b400,0.9525,0.9825,-0.030000000000000027,100,0.03881694177431235,1.0,False
BT-v3,POOL-s1-b300,POOL-s1-b500,0.9525,0.7525,0.20000000000000007,100,1.0968349981692398e-12,2.849577325243685e-09,True
BT-v3,POOL-s1-b300,POOL-s1-b600,0.9525,0.7825,0.17000000000000004,100,2.434504543369382e-11,6.052178294816284e-08,True
BT-v3,POOL-s1-b300,POOL-s1-b700,0.9525,0.825,0.12750000000000006,100,4.1219321819211026e-07,0.0008276839821297574,True
BT-v3,POOL-s1-b300,POOL-s1-b800,0.9525,0.8475,0.10499999999999998,100,2.971949466032323e-05,0.05099865283711466,False
BT-v3,POOL-s1-b300,POOL-s1-b900,0.9525,0.905,0.04749999999999999,100,0.058920576135104166,1.0,False
BT-v3,POOL-s1-b300,POOL-s2-b100,0.9525,0.9475,0.0050000000000000044,100,0.8549950083195115,1.0,False
BT-v3,POOL-s1-b300,POOL-s2-b1000,0.9525,0.9675,-0.015000000000000013,100,0.25802344354562456,1.0,False
BT-v3,POOL-s1-b300,POOL-s2-b200,0.9525,0.9575,-0.0050000000000000044,100,0.7429540802319864,1.0,False
BT-v3,POOL-s1-b300,POOL-s2-b300,0.9525,0.9725,-0.020000000000000018,100,0.1825529492311052,1.0,False
BT-v3,POOL-s1-b300,POOL-s2-b400,0.9525,0.8475,0.10499999999999998,100,4.417573386611459e-06,0.008282950099896486,True
BT-v3,POOL-s1-b300,POOL-s2-b500,0.9525,0.9575,-0.0050000000000000044,100,0.543168216998343,1.0,False
BT-v3,POOL-s1-b300,POOL-s2-b600,0.9525,0.97,-0.01749999999999996,100,0.23967272471287548,1.0,False
BT-v3,POOL-s1-b300,POOL-s2-b700,0.9525,0.9825,-0.030000000000000027,100,0.0636237711065265,1.0,False
BT-v3,POOL-s1-b300,POOL-s2-b800,0.9525,0.975,-0.022499999999999964,100,0.14315887542695824,1.0,False
BT-v3,POOL-s1-b300,POOL-s2-b900,0.9525,0.96,-0.007499999999999951,100,0.5193995828192914,1.0,False
BT-v3,POOL-s1-b300,POOL-s3-b100,0.9525,0.9525,0.0,100,1.0,1.0,False
BT-v3,POOL-s1-b300,POOL-s3-b1000,0.9525,0.9075,0.04500000000000004,100,0.025451846350137752,1.0,False
BT-v3,POOL-s1-b300,POOL-s3-b200,0.9525,0.9475,0.0050000000000000044,100,0.8543146294662132,1.0,False
BT-v3,POOL-s1-b300,POOL-s3-b300,0.9525,0.95,0.0025000000000000577,100,0.8880937602613715,1.0,False
BT-v3,POOL-s1-b300,POOL-s3-b400,0.9525,0.935,0.01749999999999996,100,0.3313174776642931,1.0,False
BT-v3,POOL-s1-b300,POOL-s3-b500,0.9525,0.8575,0.09499999999999997,100,0.00036367936622202525,0.5564294303196986,False
BT-v3,POOL-s1-b300,POOL-s3-b600,0.9525,0.9525,0.0,100,1.0,1.0,False
BT-v3,POOL-s1-b300,POOL-s3-b700,0.9525,0.945,0.007500000000000062,100,0.6255195311056521,1.0,False
BT-v3,POOL-s1-b300,POOL-s3-b800,0.9525,0.77,0.1825,100,1.0193148897919604e-10,2.46470340351696e-07,True
BT-v3,POOL-s1-b300,POOL-s3-b900,0.9525,0.9325,0.020000000000000018,100,0.2619485439054414,1.0,False
BT-v3,POOL-s1-b300,POOL-s4-b100,0.9525,0.9575,-0.0050000000000000044,100,0.4891603491404918,1.0,False
BT-v3,POOL-s1-b300,POOL-s4-b1000,0.9525,0.935,0.01749999999999996,100,0.4179047522986351,1.0,False
BT-v3,POOL-s1-b300,POOL-s4-b200,0.9525,0.935,0.01749999999999996,100,0.7878699931535402,1.0,False
BT-v3,POOL-s1-b300,POOL-s4-b300,0.9525,0.945,0.007500000000000062,100,0.9103851589921597,1.0,False
BT-v3,POOL-s1-b300,POOL-s4-b400,0.9525,0.855,0.09750000000000003,100,0.00010082932920501354,0.16344434264132696,False
BT-v3,POOL-s1-b300,POOL-s4-b500,0.9525,0.9475,0.0050000000000000044,100,0.9596167175194553,1.0,False
BT-v3,POOL-s1-b300,POOL-s4-b600,0.9525,0.9475,0.0050000000000000044,100,0.8009714376021938,1.0,False
BT-v3,POOL-s1-b300,POOL-s4-b700,0.9525,0.94,0.012500000000000067,100,0.8012559693235446,1.0,False
BT-v3,POOL-s1-b300,POOL-s4-b800,0.9525,0.9525,0.0,100,0.6770327142266082,1.0,False
BT-v3,POOL-s1-b300,POOL-s4-b900,0.9525,0.9425,0.010000000000000009,100,0.9302942280999678,1.0,False
BT-v3,POOL-s1-b400,POOL-s1-b500,0.9825,0.7525,0.2300000000000001,100,1.5248827173824265e-15,4.240698837040528e-12,True
BT-v3,POOL-s1-b400,POOL-s1-b600,0.9825,0.7825,0.20000000000000007,100,2.6623939789711012e-14,7.236386834843454e-11,True
BT-v3,POOL-s1-b400,POOL-s1-b700,0.9825,0.825,0.15750000000000008,100,9.124906216713471e-11,2.210964776309674e-07,True
BT-v3,POOL-s1-b400,POOL-s1-b800,0.9825,0.8475,0.135,100,3.584378890456982e-09,8.104280671323237e-06,True
BT-v3,POOL-s1-b400,POOL-s1-b900,0.9825,0.905,0.07750000000000001,100,0.000261973237879565,0.40710641166484396,False
BT-v3,POOL-s1-b400,POOL-s2-b100,0.9825,0.9475,0.03500000000000003,100,0.03815688086539135,1.0,False
BT-v3,POOL-s1-b400,POOL-s2-b1000,0.9825,0.9675,0.015000000000000013,100,0.350796314800906,1.0,False
BT-v3,POOL-s1-b400,POOL-s2-b200,0.9825,0.9575,0.025000000000000022,100,0.11685735435548612,1.0,False
BT-v3,POOL-s1-b400,POOL-s2-b300,0.9825,0.9725,0.010000000000000009,100,0.5737649999071313,1.0,False
BT-v3,POOL-s1-b400,POOL-s2-b400,0.9825,0.8475,0.135,100,3.089631709244789e-09,7.007284716567181e-06,True
BT-v3,POOL-s1-b400,POOL-s2-b500,0.9825,0.9575,0.025000000000000022,100,0.15799300787482573,1.0,False
BT-v3,POOL-s1-b400,POOL-s2-b600,0.9825,0.97,0.012500000000000067,100,0.45808982849586977,1.0,False
BT-v3,POOL-s1-b400,POOL-s2-b700,0.9825,0.9825,0.0,100,1.0,1.0,False
BT-v3,POOL-s1-b400,POOL-s2-b800,0.9825,0.975,0.007500000000000062,100,0.7077923577751397,1.0,False
BT-v3,POOL-s1-b400,POOL-s2-b900,0.9825,0.96,0.022500000000000075,100,0.19913239224772417,1.0,False
BT-v3,POOL-s1-b400,POOL-s3-b100,0.9825,0.9525,0.030000000000000027,100,0.03881694177431235,1.0,False
BT-v3,POOL-s1-b400,POOL-s3-b1000,0.9825,0.9075,0.07500000000000007,100,4.6734582776300765e-05,0.07851409906418529,False
BT-v3,POOL-s1-b400,POOL-s3-b200,0.9825,0.9475,0.03500000000000003,100,0.03531975337457796,1.0,False
BT-v3,POOL-s1-b400,POOL-s3-b300,0.9825,0.95,0.032500000000000084,100,0.07870293435801502,1.0,False
BT-v3,POOL-s1-b400,POOL-s3-b400,0.9825,0.935,0.04749999999999999,100,0.009246264901432584,1.0,False
BT-v3,POOL-s1-b400,POOL-s3-b500,0.9825,0.8575,0.125,100,1.844985802380157e-06,0.003542372740569901,True
BT-v3,POOL-s1-b400,POOL-s3-b600,0.9825,0.9525,0.030000000000000027,100,0.0636237711065265,1.0,False
BT-v3,POOL-s1-b400,POOL-s3-b700,0.9825,0.945,0.03750000000000009,100,0.010428990585199971,1.0,False
BT-v3,POOL-s1-b400,POOL-s3-b800,0.9825,0.77,0.21250000000000002,100,5.2395241585042346e-14,1.4136236179644424e-10,True
BT-v3,POOL-s1-b400,POOL-s3-b900,0.9825,0.9325,0.050000000000000044,100,0.0026832536025296148,1.0,False
BT-v3,POOL-s1-b400,POOL-s4-b100,0.9825,0.9575,0.025000000000000022,100,0.3653541409488418,1.0,False
BT-v3,POOL-s1-b400,POOL-s4-b1000,0.9825,0.935,0.04749999999999999,100,0.010223570885901855,1.0,False
BT-v3,POOL-s1-b400,POOL-s4-b200,0.9825,0.935,0.04749999999999999,100,0.07839812310328609,1.0,False
BT-v3,POOL-s1-b400,POOL-s4-b300,0.9825,0.945,0.03750000000000009,100,0.08220258615744473,1.0,False
BT-v3,POOL-s1-b400,POOL-s4-b400,0.9825,0.855,0.12750000000000006,100,1.6409804026529536e-07,0.000340011139429692,True
BT-v3,POOL-s1-b400,POOL-s4-b500,0.9825,0.9475,0.03500000000000003,100,0.041072011222290476,1.0,False
BT-v3,POOL-s1-b400,POOL-s4-b600,0.9825,0.9475,0.03500000000000003,100,0.10786371497281357,1.0,False
BT-v3,POOL-s1-b400,POOL-s4-b700,0.9825,0.94,0.04250000000000009,100,0.03716545730886795,1.0,False
BT-v3,POOL-s1-b400,POOL-s4-b800,0.9825,0.9525,0.030000000000000027,100,0.10949921819176543,1.0,False
BT-v3,POOL-s1-b400,POOL-s4-b900,0.9825,0.9425,0.040000000000000036,100,0.03501271264334587,1.0,False
BT-v3,POOL-s1-b500,POOL-s1-b600,0.7525,0.7825,-0.030000000000000027,100,0.19893897688645246,1.0,False
BT-v3,POOL-s1-b500,POOL-s1-b700,0.7525,0.825,-0.07250000000000001,100,0.0029899786616980114,1.0,False
BT-v3,POOL-s1-b500,POOL-s1-b800,0.7525,0.8475,-0.09500000000000008,100,2.2409402375841632e-05,0.0389699507315886,True
BT-v3,POOL-s1-b500,POOL-s1-b900,0.7525,0.905,-0.15250000000000008,100,8.517534792460773e-10,1.9752163183716533e-06,True
BT-v3,POOL-s1-b500,POOL-s2-b100,0.7525,0.9475,-0.19500000000000006,100,1.42425061228693e-11,3.566323533166473e-08,True
BT-v3,POOL-s1-b500,POOL-s2-b1000,0.7525,0.9675,-0.21500000000000008,100,2.3646924077716217e-13,6.271164265410341e-10,True
BT-v3,POOL-s1-b500,POOL-s2-b200,0.7525,0.9575,-0.20500000000000007,100,2.3361786296746216e-13,6.200218083156446e-10,True
BT-v3,POOL-s1-b500,POOL-s2-b300,0.7525,0.9725,-0.22000000000000008,100,1.1369889120526378e-14,3.1187605857603855e-11,True
BT-v3,POOL-s1-b500,POOL-s2-b400,0.7525,0.8475,-0.09500000000000008,100,0.0014781460261258687,1.0,False
BT-v3,POOL-s1-b500,POOL-s2-b500,0.7525,0.9575,-0.20500000000000007,100,2.1247949406507094e-12,5.4819709468788306e-09,True
BT-v3,POOL-s1-b500,POOL-s2-b600,0.7525,0.97,-0.21750000000000003,100,1.861715305681779e-14,5.076897638594212e-11,True
BT-v3,POOL-s1-b500,POOL-s2-b700,0.7525,0.9825,-0.2300000000000001,100,8.137540750423741e-15,2.2386374604415714e-11,True
BT-v3,POOL-s1-b500,POOL-s2-b800,0.7525,0.975,-0.22250000000000003,100,7.507499640923294e-15,2.066814651146183e-11,True
BT-v3,POOL-s1-b500,POOL-s2-b900,0.7525,0.96,-0.20750000000000002,100,1.1732482077041268e-13,3.136092459193131e-10,True
BT-v3,POOL-s1-b500,POOL-s3-b100,0.7525,0.9525,-0.20000000000000007,100,4.396482527410237e-12,1.1224219892478335e-08,True
BT-v3,POOL-s1-b500,POOL-s3-b1000,0.7525,0.9075,-0.15500000000000003,100,1.0556395640927422e-08,2.3459316574857417e-05,True
BT-v3,POOL-s1-b500,POOL-s3-b200,0.7525,0.9475,-0.19500000000000006,100,1.1176549586693091e-11,2.8109022210533124e-08,True
BT-v3,POOL-s1-b500,POOL-s3-b300,0.7525,0.95,-0.1975,100,6.878317043458269e-13,1.799367738568683e-09,True
BT-v3,POOL-s1-b500,POOL-s3-b400,0.7525,0.935,-0.1825000000000001,100,1.5499102559106234e-09,3.5585939475707912e-06,True
BT-v3,POOL-s1-b500,POOL-s3-b500,0.7525,0.8575,-0.1050000000000001,100,9.563354327894008e-05,0.1554045078282776,False
BT-v3,POOL-s1-b500,POOL-s3-b600,0.7525,0.9525,-0.20000000000000007,100,2.621710590638466e-12,6.743039639122135e-09,True
BT-v3,POOL-s1-b500,POOL-s3-b700,0.7525,0.945,-0.1925,100,2.9356895018519666e-12,7.535914951253998e-09,True
BT-v3,POOL-s1-b500,POOL-s3-b800,0.7525,0.77,-0.01750000000000007,100,0.5732609256484659,1.0,False
BT-v3,POOL-s1-b500,POOL-s3-b900,0.7525,0.9325,-0.18000000000000005,100,9.478681314894328e-11,2.294788746335917e-07,True
BT-v3,POOL-s1-b500,POOL-s4-b100,0.7525,0.9575,-0.20500000000000007,100,5.536300304539543e-13,1.4505106797893604e-09,True
BT-v3,POOL-s1-b500,POOL-s4-b1000,0.7525,0.935,-0.1825000000000001,100,4.01607100192849e-10,9.437766854531952e-07,True
BT-v3,POOL-s1-b500,POOL-s4-b200,0.7525,0.935,-0.1825000000000001,100,1.6705292808734035e-11,4.1729821436217617e-08,True
BT-v3,POOL-s1-b500,POOL-s4-b300,0.7525,0.945,-0.1925,100,1.9917159872923664e-11,4.963356240332577e-08,True
BT-v3,POOL-s1-b500,POOL-s4-b400,0.7525,0.855,-0.10250000000000004,100,0.0008895551630750579,1.0,False
BT-v3,POOL-s1-b500,POOL-s4-b500,0.7525,0.9475,-0.19500000000000006,100,5.928038958766054e-12,1.506907503318331e-08,True
BT-v3,POOL-s1-b500,POOL-s4-b600,0.7525,0.9475,-0.19500000000000006,100,2.3650131572191566e-12,6.094638906153766e-09,True
BT-v3,POOL-s1-b500,POOL-s4-b700,0.7525,0.94,-0.1875,100,2.4513103694568916e-11,6.089054957730919e-08,True
BT-v3,POOL-s1-b500,POOL-s4-b800,0.7525,0.9525,-0.20000000000000007,100,9.299791554529943e-13,2.421665720799597e-09,True
BT-v3,POOL-s1-b500,POOL-s4-b900,0.7525,0.9425,-0.19000000000000006,100,9.821339603992385e-12,2.4769418481268794e-08,True
BT-v3,POOL-s1-b600,POOL-s1-b700,0.7825,0.825,-0.04249999999999998,100,0.08101708334677651,1.0,False
BT-v3,POOL-s1-b600,POOL-s1-b800,0.7825,0.8475,-0.06500000000000006,100,0.002703002323392704,1.0,False
BT-v3,POOL-s1-b600,POOL-s1-b900,0.7825,0.905,-0.12250000000000005,100,2.5425438173922265e-07,0.0005202044650384495,True
BT-v3,POOL-s1-b600,POOL-s2-b100,0.7825,0.9475,-0.16500000000000004,100,3.0638191909439424e-10,7.22754947143676e-07,True
BT-v3,POOL-s1-b600,POOL-s2-b1000,0.7825,0.9675,-0.18500000000000005,100,3.9011990413571345e-12,9.975365948750193e-09,True
BT-v3,POOL-s1-b600,POOL-s2-b200,0.7825,0.9575,-0.17500000000000004,100,5.2019943306793896e-12,1.3254681554571085e-08,True
BT-v3,POOL-s1-b600,POOL-s2-b300,0.7825,0.9725,-0.19000000000000006,100,3.688630955324634e-13,9.730608460146384e-10,True
BT-v3,POOL-s1-b600,POOL-s2-b400,0.7825,0.8475,-0.06500000000000006,100,0.021796537156342156,1.0,False
BT-v3,POOL-s1-b600,POOL-s2-b500,0.7825,0.9575,-0.17500000000000004,100,2.0205414214447616e-10,4.818991290145756e-07,True
BT-v3,POOL-s1-b600,POOL-s2-b600,0.7825,0.97,-0.1875,100,3.623697654273209e-13,9.562938109627e-10,True
BT-v3,POOL-s1-b600,POOL-s2-b700,0.7825,0.9825,-0.20000000000000007,100,2.295583336792781e-13,6.094773759184833e-10,True
BT-v3,POOL-s1-b600,POOL-s2-b800,0.7825,0.975,-0.1925,100,6.24212379810227e-13,1.6341880103431742e-09,True
BT-v3,POOL-s1-b600,POOL-s2-b900,0.7825,0.96,-0.1775,100,2.278167418881435e-12,5.873115605876339e-09,True
BT-v3,POOL-s1-b600,POOL-s3-b100,0.7825,0.9525,-0.17000000000000004,100,8.651104393353264e-11,2.0978928153881665e-07,True
BT-v3,POOL-s1-b600,POOL-s3-b1000,0.7825,0.9075,-0.125,100,5.308985030234103e-07,0.00105701891951961,True
BT-v3,POOL-s1-b600,POOL-s3-b200,0.7825,0.9475,-0.16500000000000004,100,3.4678345989747223e-10,8.166750480585471e-07,True
BT-v3,POOL-s1-b600,POOL-s3-b300,0.7825,0.95,-0.16749999999999998,100,5.511077803155957e-11,1.350765169553525e-07,True
BT-v3,POOL-s1-b600,POOL-s3-b400,0.7825,0.935,-0.15250000000000008,100,1.348813412450697e-08,2.9774100351105904e-05,True
BT-v3,POOL-s1-b600,POOL-s3-b500,0.7825,0.8575,-0.07500000000000007,100,0.003531628991102863,1.0,False
BT-v3,POOL-s1-b600,POOL-s3-b600,0.7825,0.9525,-0.17000000000000004,100,6.412106942298692e-11,1.563912883226651e-07,True
BT-v3,POOL-s1-b600,POOL-s3-b700,0.7825,0.945,-0.16249999999999998,100,2.7303960732328225e-10,6.460117109268858e-07,True
BT-v3,POOL-s1-b600,POOL-s3-b800,0.7825,0.77,0.012499999999999956,100,0.4252238474110621,1.0,False
BT-v3,POOL-s1-b600,POOL-s3-b900,0.7825,0.9325,-0.15000000000000002,100,2.0564820823667954e-09,4.701118040290494e-06,True
BT-v3,POOL-s1-b600,POOL-s4-b100,0.7825,0.9575,-0.17500000000000004,100,2.7703316924390196e-11,6.856570938786574e-08,True
BT-v3,POOL-s1-b600,POOL-s4-b1000,0.7825,0.935,-0.15250000000000008,100,1.7461740934033833e-08,3.827613612740216e-05,True
BT-v3,POOL-s1-b600,POOL-s4-b200,0.7825,0.935,-0.15250000000000008,100,4.835273372904124e-10,1.1343551332833074e-06,True
BT-v3,POOL-s1-b600,POOL-s4-b300,0.7825,0.945,-0.16249999999999998,100,2.455714468447064e-10,5.827410433624882e-07,True
BT-v3,POOL-s1-b600,POOL-s4-b400,0.7825,0.855,-0.07250000000000001,100,0.006661317231763329,1.0,False
BT-v3,POOL-s1-b600,POOL-s4-b500,0.7825,0.9475,-0.16500000000000004,100,1.502363699764053e-10,3.6071752431334913e-07,True
BT-v3,POOL-s1-b600,POOL-s4-b600,0.7825,0.9475,-0.16500000000000004,100,3.6396613147041327e-11,8.979044463375096e-08,True
BT-v3,POOL-s1-b600,POOL-s4-b700,0.7825,0.94,-0.15749999999999997,100,9.873871184418941e-11,2.388489439510942e-07,True
BT-v3,POOL-s1-b600,POOL-s4-b800,0.7825,0.9525,-0.17000000000000004,100,1.3742110802561338e-11,3.4437729671218716e-08,True
BT-v3,POOL-s1-b600,POOL-s4-b900,0.7825,0.9425,-0.16000000000000003,100,9.769143487881387e-11,2.3641327240672957e-07,True
BT-v3,POOL-s1-b700,POOL-s1-b800,0.825,0.8475,-0.022500000000000075,100,0.2931697983433045,1.0,False
BT-v3,POOL-s1-b700,POOL-s1-b900,0.825,0.905,-0.08000000000000007,100,0.00036790343377863697,0.5617885433799786,False
BT-v3,POOL-s1-b700,POOL-s2-b100,0.825,0.9475,-0.12250000000000005,100,3.080408318560925e-07,0.0006253228886678678,True
BT-v3,POOL-s1-b700,POOL-s2-b1000,0.825,0.9675,-0.14250000000000007,100,2.0091124211657853e-09,4.5968492196273165e-06,True
BT-v3,POOL-s1-b700,POOL-s2-b200,0.825,0.9575,-0.13250000000000006,100,6.662200622726314e-08,0.0001409721651768888,True
BT-v3,POOL-s1-b700,POOL-s2-b300,0.825,0.9725,-0.14750000000000008,100,1.1632101683768773e-09,2.6823626482770793e-06,True
BT-v3,POOL-s1-b700,POOL-s2-b400,0.825,0.8475,-0.022500000000000075,100,0.3551649959459444,1.0,False
BT-v3,POOL-s1-b700,POOL-s2-b500,0.825,0.9575,-0.13250000000000006,100,2.468053220095917e-08,5.3556754876081396e-05,True
BT-v3,POOL-s1-b700,POOL-s2-b600,0.825,0.97,-0.14500000000000002,100,1.7784189122214728e-09,4.074357727899394e-06,True
BT-v3,POOL-s1-b700,POOL-s2-b700,0.825,0.9825,-0.15750000000000008,100,5.522633967720222e-10,1.290639558256216e-06,True
BT-v3,POOL-s1-b700,POOL-s2-b800,0.825,0.975,-0.15000000000000002,100,4.4336592671430006e-10,1.041466561851891e-06,True
BT-v3,POOL-s1-b700,POOL-s2-b900,0.825,0.96,-0.135,100,2.4079879546187023e-08,5.237373801295678e-05,True
BT-v3,POOL-s1-b700,POOL-s3-b100,0.825,0.9525,-0.12750000000000006,100,3.2092743225082245e-07,0.0006505199051724171,True
BT-v3,POOL-s1-b700,POOL-s3-b1000,0.825,0.9075,-0.08250000000000002,100,0.0021086404076982104,1.0,False
BT-v3,POOL-s1-b700,POOL-s3-b200,0.825,0.9475,-0.12250000000000005,100,1.4404491948058727e-07,0.0002996134325196215,True
BT-v3,POOL-s1-b700,POOL-s3-b300,0.825,0.95,-0.125,100,3.8701464107312803e-07,0.0007789006999820079,True
BT-v3,POOL-s1-b700,POOL-s3-b400,0.825,0.935,-0.1100000000000001,100,4.657490023019271e-05,0.07829240728695394,False
BT-v3,POOL-s1-b700,POOL-s3-b500,0.825,0.8575,-0.032500000000000084,100,0.09813709981877666,1.0,False
BT-v3,POOL-s1-b700,POOL-s3-b600,0.825,0.9525,-0.12750000000000006,100,2.4748494473967976e-07,0.0005070966517716039,True
BT-v3,POOL-s1-b700,POOL-s3-b700,0.825,0.945,-0.12,100,3.4643789480568435e-07,0.000699111671717871,True
BT-v3,POOL-s1-b700,POOL-s3-b800,0.825,0.77,0.05499999999999994,100,0.008740546699639192,1.0,False
BT-v3,POOL-s1-b700,POOL-s3-b900,0.825,0.9325,-0.10750000000000004,100,2.3318603289019933e-05,0.040481095309738604,True
BT-v3,POOL-s1-b700,POOL-s4-b100,0.825,0.9575,-0.13250000000000006,100,2.3125787008924776e-08,5.034483831842924e-05,True
BT-v3,POOL-s1-b700,POOL-s4-b1000,0.825,0.935,-0.1100000000000001,100,3.113530477460024e-05,0.053303641774115604,False
BT-v3,POOL-s1-b700,POOL-s4-b200,0.825,0.935,-0.1100000000000001,100,3.7402605068273696e-06,0.007050391055369591,True
BT-v3,POOL-s1-b700,POOL-s4-b300,0.825,0.945,-0.12,100,5.158749244989675e-07,0.0010281387245264422,True
BT-v3,POOL-s1-b700,POOL-s4-b400,0.825,0.855,-0.030000000000000027,100,0.28359839468755377,1.0,False
BT-v3,POOL-s1-b700,POOL-s4-b500,0.825,0.9475,-0.12250000000000005,100,7.004628398989386e-07,0.0013848150344802016,True
BT-v3,POOL-s1-b700,POOL-s4-b600,0.825,0.9475,-0.12250000000000005,100,4.3676093304466733e-07,0.0008752689098215133,True
BT-v3,POOL-s1-b700,POOL-s4-b700,0.825,0.94,-0.11499999999999999,100,1.528223152000884e-06,0.0029433577907537027,True
BT-v3,POOL-s1-b700,POOL-s4-b800,0.825,0.9525,-0.12750000000000006,100,2.672331750860568e-07,0.0005459573767008141,True
BT-v3,POOL-s1-b700,POOL-s4-b900,0.825,0.9425,-0.11750000000000005,100,7.644067975610081e-07,0.001505116984397625,True
BT-v3,POOL-s1-b800,POOL-s1-b900,0.8475,0.905,-0.057499999999999996,100,0.004398856161234938,1.0,False
BT-v3,POOL-s1-b800,POOL-s2-b100,0.8475,0.9475,-0.09999999999999998,100,4.971384156722799e-06,0.009266660068131297,True
BT-v3,POOL-s1-b800,POOL-s2-b1000,0.8475,0.9675,-0.12,100,1.0507712048408875e-07,0.00021992641317319776,True
BT-v3,POOL-s1-b800,POOL-s2-b200,0.8475,0.9575,-0.10999999999999999,100,4.74007330294413e-07,0.0009475406532585315,True
BT-v3,POOL-s1-b800,POOL-s2-b300,0.8475,0.9725,-0.125,100,2.3421172467766736e-08,5.096447128986042e-05,True
BT-v3,POOL-s1-b800,POOL-s2-b400,0.8475,0.8475,0.0,100,0.8826955222187242,1.0,False
BT-v3,POOL-s1-b800,POOL-s2-b500,0.8475,0.9575,-0.10999999999999999,100,2.374649227923896e-06,0.00452845607765087,True
BT-v3,POOL-s1-b800,POOL-s2-b600,0.8475,0.97,-0.12249999999999994,100,3.398080559905772e-08,7.319465526037033e-05,True
BT-v3,POOL-s1-b800,POOL-s2-b700,0.8475,0.9825,-0.135,100,2.4138916954153977e-09,5.5036730655471066e-06,True
BT-v3,POOL-s1-b800,POOL-s2-b800,0.8475,0.975,-0.12749999999999995,100,1.9159267603960642e-08,4.192047751746589e-05,True
BT-v3,POOL-s1-b800,POOL-s2-b900,0.8475,0.96,-0.11249999999999993,100,1.23552104239096e-06,0.0024043239484928085,True
BT-v3,POOL-s1-b800,POOL-s3-b100,0.8475,0.9525,-0.10499999999999998,100,1.0067966873969897e-05,0.018122340373145814,True
BT-v3,POOL-s1-b800,POOL-s3-b1000,0.8475,0.9075,-0.05999999999999994,100,0.014966166662478577,1.0,False
BT-v3,POOL-s1-b800,POOL-s3-b200,0.8475,0.9475,-0.09999999999999998,100,8.160668973316919e-06,0.01486057820041011,True
BT-v3,POOL-s1-b800,POOL-s3-b300,0.8475,0.95,-0.10249999999999992,100,4.280859787153925e-06,0.008030892960700763,True
BT-v3,POOL-s1-b800,POOL-s3-b400,0.8475,0.935,-0.08750000000000002,100,0.0005541470034423198,0.8290039171497104,False
BT-v3,POOL-s1-b800,POOL-s3-b500,0.8475,0.8575,-0.010000000000000009,100,0.5162530569334496,1.0,False
BT-v3,POOL-s1-b800,POOL-s3-b600,0.8475,0.9525,-0.10499999999999998,100,6.164252378178858e-07,0.0012211383961172318,True
BT-v3,POOL-s1-b800,POOL-s3-b700,0.8475,0.945,-0.09749999999999992,100,1.8522612432695984e-05,0.03245161698208336,True
BT-v3,POOL-s1-b800,POOL-s3-b800,0.8475,0.77,0.07750000000000001,100,0.000182880630269188,0.28895139582531704,False
BT-v3,POOL-s1-b800,POOL-s3-b900,0.8475,0.9325,-0.08499999999999996,100,0.00021938823821524028,0.3446589222361425,False
BT-v3,POOL-s1-b800,POOL-s4-b100,0.8475,0.9575,-0.10999999999999999,100,1.6093510997636543e-07,0.00033361848298100555,True
BT-v3,POOL-s1-b800,POOL-s4-b1000,0.8475,0.935,-0.08750000000000002,100,0.00014433592062169253,0.2298383148318656,False
BT-v3,POOL-s1-b800,POOL-s4-b200,0.8475,0.935,-0.08750000000000002,100,2.5446236754570454e-05,0.04402198958540689,True
BT-v3,POOL-s1-b800,POOL-s4-b300,0.8475,0.945,-0.09749999999999992,100,4.202907121121689e-05,0.07086101406211168,False
BT-v3,POOL-s1-b800,POOL-s4-b400,0.8475,0.855,-0.007499999999999951,100,0.602540805479314,1.0,False
BT-v3,POOL-s1-b800,POOL-s4-b500,0.8475,0.9475,-0.09999999999999998,100,6.046019277841793e-06,0.011160951586895949,True
BT-v3,POOL-s1-b800,POOL-s4-b600,0.8475,0.9475,-0.09999999999999998,100,5.355462940104386e-06,0.009945094679773845,True
BT-v3,POOL-s1-b800,POOL-s4-b700,0.8475,0.94,-0.09249999999999992,100,3.337639211320617e-05,0.056940124945129726,False
BT-v3,POOL-s1-b800,POOL-s4-b800,0.8475,0.9525,-0.10499999999999998,100,6.7277357901963105e-06,0.012383453109808418,True
BT-v3,POOL-s1-b800,POOL-s4-b900,0.8475,0.9425,-0.09499999999999997,100,4.244643501879869e-05,0.0715222430066758,False
BT-v3,POOL-s1-b900,POOL-s2-b100,0.905,0.9475,-0.04249999999999998,100,0.04901310287355215,1.0,False
BT-v3,POOL-s1-b900,POOL-s2-b1000,0.905,0.9675,-0.0625,100,0.0026948172001666467,1.0,False
BT-v3,POOL-s1-b900,POOL-s2-b200,0.905,0.9575,-0.05249999999999999,100,0.005969869038892895,1.0,False
BT-v3,POOL-s1-b900,POOL-s2-b300,0.905,0.9725,-0.0675,100,0.0020536429000662924,1.0,False
BT-v3,POOL-s1-b900,POOL-s2-b400,0.905,0.8475,0.057499999999999996,100,0.015444899713670687,1.0,False
BT-v3,POOL-s1-b900,POOL-s2-b500,0.905,0.9575,-0.05249999999999999,100,0.027182336959437104,1.0,False
BT-v3,POOL-s1-b900,POOL-s2-b600,0.905,0.97,-0.06499999999999995,100,0.0008526734112364007,1.0,False
BT-v3,POOL-s1-b900,POOL-s2-b700,0.905,0.9825,-0.07750000000000001,100,0.00013263588086621326,0.21208477350507499,False
BT-v3,POOL-s1-b900,POOL-s2-b800,0.905,0.975,-0.06999999999999995,100,0.0008232470259253555,1.0,False
BT-v3,POOL-s1-b900,POOL-s2-b900,0.905,0.96,-0.05499999999999994,100,0.005846833519076965,1.0,False
BT-v3,POOL-s1-b900,POOL-s3-b100,0.905,0.9525,-0.04749999999999999,100,0.04083300165887492,1.0,False
BT-v3,POOL-s1-b900,POOL-s3-b1000,0.905,0.9075,-0.0024999999999999467,100,0.947605219556966,1.0,False
BT-v3,POOL-s1-b900,POOL-s3-b200,0.905,0.9475,-0.04249999999999998,100,0.04740049701321366,1.0,False
BT-v3,POOL-s1-b900,POOL-s3-b300,0.905,0.95,-0.04499999999999993,100,0.03475972039144145,1.0,False
BT-v3,POOL-s1-b900,POOL-s3-b400,0.905,0.935,-0.030000000000000027,100,0.252688666935025,1.0,False
BT-v3,POOL-s1-b900,POOL-s3-b500,0.905,0.8575,0.04749999999999999,100,0.021302879680201545,1.0,False
BT-v3,POOL-s1-b900,POOL-s3-b600,0.905,0.9525,-0.04749999999999999,100,0.025930726023972922,1.0,False
BT-v3,POOL-s1-b900,POOL-s3-b700,0.905,0.945,-0.039999999999999925,100,0.1345513287766543,1.0,False
BT-v3,POOL-s1-b900,POOL-s3-b800,0.905,0.77,0.135,100,1.0162660592575896e-08,2.261191981848137e-05,True
BT-v3,POOL-s1-b900,POOL-s3-b900,0.905,0.9325,-0.02749999999999997,100,0.24764065119015322,1.0,False
BT-v3,POOL-s1-b900,POOL-s4-b100,0.905,0.9575,-0.05249999999999999,100,0.00888209674467618,1.0,False
BT-v3,POOL-s1-b900,POOL-s4-b1000,0.905,0.935,-0.030000000000000027,100,0.10663653815476196,1.0,False
BT-v3,POOL-s1-b900,POOL-s4-b200,0.905,0.935,-0.030000000000000027,100,0.027023584258959947,1.0,False
BT-v3,POOL-s1-b900,POOL-s4-b300,0.905,0.945,-0.039999999999999925,100,0.061791935446779064,1.0,False
BT-v3,POOL-s1-b900,POOL-s4-b400,0.905,0.855,0.050000000000000044,100,0.05131444189315999,1.0,False
BT-v3,POOL-s1-b900,POOL-s4-b500,0.905,0.9475,-0.04249999999999998,100,0.03367853372840226,1.0,False
BT-v3,POOL-s1-b900,POOL-s4-b600,0.905,0.9475,-0.04249999999999998,100,0.03156781594160688,1.0,False
BT-v3,POOL-s1-b900,POOL-s4-b700,0.905,0.94,-0.03499999999999992,100,0.06812551893003188,1.0,False
BT-v3,POOL-s1-b900,POOL-s4-b800,0.905,0.9525,-0.04749999999999999,100,0.016095102364139222,1.0,False
BT-v3,POOL-s1-b900,POOL-s4-b900,0.905,0.9425,-0.03749999999999998,100,0.049009012524366326,1.0,False
BT-v3,POOL-s2-b100,POOL-s2-b1000,0.9475,0.9675,-0.020000000000000018,100,0.1731159883867628,1.0,False
BT-v3,POOL-s2-b100,POOL-s2-b200,0.9475,0.9575,-0.010000000000000009,100,0.5846397784540269,1.0,False
BT-v3,POOL-s2-b100,POOL-s2-b300,0.9475,0.9725,-0.025000000000000022,100,0.1520089535769439,1.0,False
BT-v3,POOL-s2-b100,POOL-s2-b400,0.9475,0.8475,0.09999999999999998,100,8.655653509253044e-06,0.01571866677280353,True
BT-v3,POOL-s2-b100,POOL-s2-b500,0.9475,0.9575,-0.010000000000000009,100,0.6033992009084665,1.0,False
BT-v3,POOL-s2-b100,POOL-s2-b600,0.9475,0.97,-0.022499999999999964,100,0.11195866453804929,1.0,False
BT-v3,POOL-s2-b100,POOL-s2-b700,0.9475,0.9825,-0.03500000000000003,100,0.026200968603272812,1.0,False
BT-v3,POOL-s2-b100,POOL-s2-b800,0.9475,0.975,-0.02749999999999997,100,0.08900282359213187,1.0,False
BT-v3,POOL-s2-b100,POOL-s2-b900,0.9475,0.96,-0.012499999999999956,100,0.38531998070168083,1.0,False
BT-v3,POOL-s2-b100,POOL-s3-b100,0.9475,0.9525,-0.0050000000000000044,100,0.8535757898589837,1.0,False
BT-v3,POOL-s2-b100,POOL-s3-b1000,0.9475,0.9075,0.040000000000000036,100,0.022779014195669647,1.0,False
BT-v3,POOL-s2-b100,POOL-s3-b200,0.9475,0.9475,0.0,100,0.8739233776537525,1.0,False
BT-v3,POOL-s2-b100,POOL-s3-b300,0.9475,0.95,-0.0024999999999999467,100,0.9895414045136995,1.0,False
BT-v3,POOL-s2-b100,POOL-s3-b400,0.9475,0.935,0.012499999999999956,100,0.5170223147426913,1.0,False
BT-v3,POOL-s2-b100,POOL-s3-b500,0.9475,0.8575,0.08999999999999997,100,0.00010111828458536744,0.16371050274370988,False
BT-v3,POOL-s2-b100,POOL-s3-b600,0.9475,0.9525,-0.0050000000000000044,100,0.7468314042785061,1.0,False
BT-v3,POOL-s2-b100,POOL-s3-b700,0.9475,0.945,0.0025000000000000577,100,0.775027154682721,1.0,False
BT-v3,POOL-s2-b100,POOL-s3-b800,0.9475,0.77,0.1775,100,3.332733391775879e-10,7.855252604415747e-07,True
BT-v3,POOL-s2-b100,POOL-s3-b900,0.9475,0.9325,0.015000000000000013,100,0.3328143678777954,1.0,False
BT-v3,POOL-s2-b100,POOL-s4-b100,0.9475,0.9575,-0.010000000000000009,100,0.5029649436626762,1.0,False
BT-v3,POOL-s2-b100,POOL-s4-b1000,0.9475,0.935,0.012499999999999956,100,0.5370107452681294,1.0,False
BT-v3,POOL-s2-b100,POOL-s4-b200,0.9475,0.935,0.012499999999999956,100,0.917252224718386,1.0,False
BT-v3,POOL-s2-b100,POOL-s4-b300,0.9475,0.945,0.0025000000000000577,100,0.8659080658088586,1.0,False
BT-v3,POOL-s2-b100,POOL-s4-b400,0.9475,0.855,0.09250000000000003,100,0.00013757676882569225,0.21943494627697913,False
BT-v3,POOL-s2-b100,POOL-s4-b500,0.9475,0.9475,0.0,100,1.0,1.0,False
BT-v3,POOL-s2-b100,POOL-s4-b600,0.9475,0.9475,0.0,100,0.6279298005599052,1.0,False
BT-v3,POOL-s2-b100,POOL-s4-b700,0.9475,0.94,0.007500000000000062,100,0.9601583784934526,1.0,False
BT-v3,POOL-s2-b100,POOL-s4-b800,0.9475,0.9525,-0.0050000000000000044,100,0.6356927811626942,1.0,False
BT-v3,POOL-s2-b100,POOL-s4-b900,0.9475,0.9425,0.0050000000000000044,100,0.9734301229400512,1.0,False
BT-v3,POOL-s2-b1000,POOL-s2-b200,0.9675,0.9575,0.010000000000000009,100,0.5029649436626762,1.0,False
BT-v3,POOL-s2-b1000,POOL-s2-b300,0.9675,0.9725,-0.0050000000000000044,100,0.9877939558053621,1.0,False
BT-v3,POOL-s2-b1000,POOL-s2-b400,0.9675,0.8475,0.12,100,1.990884705440719e-08,4.354064850798853e-05,True
BT-v3,POOL-s2-b1000,POOL-s2-b500,0.9675,0.9575,0.010000000000000009,100,0.48842282483574506,1.0,False
BT-v3,POOL-s2-b1000,POOL-s2-b600,0.9675,0.97,-0.0024999999999999467,100,0.9924275766473117,1.0,False
BT-v3,POOL-s2-b1000,POOL-s2-b700,0.9675,0.9825,-0.015000000000000013,100,0.3732071094358973,1.0,False
BT-v3,POOL-s2-b1000,POOL-s2-b800,0.9675,0.975,-0.007499999999999951,100,0.7077923577751397,1.0,False
BT-v3,POOL-s2-b1000,POOL-s2-b900,0.9675,0.96,0.007500000000000062,100,0.48553945841740376,1.0,False
BT-v3,POOL-s2-b1000,POOL-s3-b100,0.9675,0.9525,0.015000000000000013,100,0.30958149206549623,1.0,False
BT-v3,POOL-s2-b1000,POOL-s3-b1000,0.9675,0.9075,0.06000000000000005,100,0.0005560509622782482,0.831296188605981,False
BT-v3,POOL-s2-b1000,POOL-s3-b200,0.9675,0.9475,0.020000000000000018,100,0.22843546916666324,1.0,False
BT-v3,POOL-s2-b1000,POOL-s3-b300,0.9675,0.95,0.01750000000000007,100,0.23198550187727296,1.0,False
BT-v3,POOL-s2-b1000,POOL-s3-b400,0.9675,0.935,0.03249999999999997,100,0.0734520120247061,1.0,False
BT-v3,POOL-s2-b1000,POOL-s3-b500,0.9675,0.8575,0.10999999999999999,100,1.7622138667781483e-05,0.030979719777959845,True
BT-v3,POOL-s2-b1000,POOL-s3-b600,0.9675,0.9525,0.015000000000000013,100,0.25802344354562456,1.0,False
BT-v3,POOL-s2-b1000,POOL-s3-b700,0.9675,0.945,0.022500000000000075,100,0.13686861559245608,1.0,False
BT-v3,POOL-s2-b1000,POOL-s3-b800,0.9675,0.77,0.1975,100,3.680668132496818e-12,9.422510419191855e-09,True
BT-v3,POOL-s2-b1000,POOL-s3-b900,0.9675,0.9325,0.03500000000000003,100,0.016173521649370942,1.0,False
BT-v3,POOL-s2-b1000,POOL-s4-b100,0.9675,0.9575,0.010000000000000009,100,0.7139410925034211,1.0,False
BT-v3,POOL-s2-b1000,POOL-s4-b1000,0.9675,0.935,0.03249999999999997,100,0.07792182088498725,1.0,False
BT-v3,POOL-s2-b1000,POOL-s4-b200,0.9675,0.935,0.03249999999999997,100,0.28836186367445504,1.0,False
BT-v3,POOL-s2-b1000,POOL-s4-b300,0.9675,0.945,0.022500000000000075,100,0.3036643051883594,1.0,False
BT-v3,POOL-s2-b1000,POOL-s4-b400,0.9675,0.855,0.11250000000000004,100,3.0467983627656343e-06,0.005770636099078111,True
BT-v3,POOL-s2-b1000,POOL-s4-b500,0.9675,0.9475,0.020000000000000018,100,0.18756891666674114,1.0,False
BT-v3,POOL-s2-b1000,POOL-s4-b600,0.9675,0.9475,0.020000000000000018,100,0.375339657475667,1.0,False
BT-v3,POOL-s2-b1000,POOL-s4-b700,0.9675,0.94,0.02750000000000008,100,0.16625657569986207,1.0,False
BT-v3,POOL-s2-b1000,POOL-s4-b800,0.9675,0.9525,0.015000000000000013,100,0.3854317521992332,1.0,False
BT-v3,POOL-s2-b1000,POOL-s4-b900,0.9675,0.9425,0.025000000000000022,100,0.16852557672044466,1.0,False
BT-v3,POOL-s2-b200,POOL-s2-b300,0.9575,0.9725,-0.015000000000000013,100,0.3732071094358973,1.0,False
BT-v3,POOL-s2-b200,POOL-s2-b400,0.9575,0.8475,0.10999999999999999,100,2.374649227923896e-06,0.00452845607765087,True
BT-v3,POOL-s2-b200,POOL-s2-b500,0.9575,0.9575,0.0,100,0.8826501515626154,1.0,False
BT-v3,POOL-s2-b200,POOL-s2-b600,0.9575,0.97,-0.012499999999999956,100,0.36893599899921514,1.0,False
BT-v3,POOL-s2-b200,POOL-s2-b700,0.9575,0.9825,-0.025000000000000022,100,0.0748544787089719,1.0,False
BT-v3,POOL-s2-b200,POOL-s2-b800,0.9575,0.975,-0.01749999999999996,100,0.2972913222375846,1.0,False
BT-v3,POOL-s2-b200,POOL-s2-b900,0.9575,0.96,-0.0024999999999999467,100,0.8573930889805028,1.0,False
BT-v3,POOL-s2-b200,POOL-s3-b100,0.9575,0.9525,0.0050000000000000044,100,0.7348355945659762,1.0,False
BT-v3,POOL-s2-b200,POOL-s3-b1000,0.9575,0.9075,0.050000000000000044,100,0.005190652723589202,1.0,False
BT-v3,POOL-s2-b200,POOL-s3-b200,0.9575,0.9475,0.010000000000000009,100,0.599454805429077,1.0,False
BT-v3,POOL-s2-b200,POOL-s3-b300,0.9575,0.95,0.007500000000000062,100,0.7112782234886725,1.0,False
BT-v3,POOL-s2-b200,POOL-s3-b400,0.9575,0.935,0.022499999999999964,100,0.1853889783071596,1.0,False
BT-v3,POOL-s2-b200,POOL-s3-b500,0.9575,0.8575,0.09999999999999998,100,2.8603669405687476e-06,0.005423255719318345,True
BT-v3,POOL-s2-b200,POOL-s3-b600,0.9575,0.9525,0.0050000000000000044,100,0.8535757898589837,1.0,False
BT-v3,POOL-s2-b200,POOL-s3-b700,0.9575,0.945,0.012500000000000067,100,0.34676273748466935,1.0,False
BT-v3,POOL-s2-b200,POOL-s3-b800,0.9575,0.77,0.1875,100,1.1351801465996823e-11,2.853842888551601e-08,True
BT-v3,POOL-s2-b200,POOL-s3-b900,0.9575,0.9325,0.025000000000000022,100,0.0851114617101307,1.0,False
BT-v3,POOL-s2-b200,POOL-s4-b100,0.9575,0.9575,0.0,100,1.0,1.0,False
BT-v3,POOL-s2-b200,POOL-s4-b1000,0.9575,0.935,0.022499999999999964,100,0.2158562927440706,1.0,False
BT-v3,POOL-s2-b200,POOL-s4-b200,0.9575,0.935,0.022499999999999964,100,0.36921521132155566,1.0,False
BT-v3,POOL-s2-b200,POOL-s4-b300,0.9575,0.945,0.012500000000000067,100,0.4715004280120696,1.0,False
BT-v3,POOL-s2-b200,POOL-s4-b400,0.9575,0.855,0.10250000000000004,100,5.939734151312712e-06,0.010970688977474578,True
BT-v3,POOL-s2-b200,POOL-s4-b500,0.9575,0.9475,0.010000000000000009,100,0.4836696668138185,1.0,False
BT-v3,POOL-s2-b200,POOL-s4-b600,0.9575,0.9475,0.010000000000000009,100,0.46837593367062,1.0,False
BT-v3,POOL-s2-b200,POOL-s4-b700,0.9575,0.94,0.01750000000000007,100,0.30438706066959276,1.0,False
BT-v3,POOL-s2-b200,POOL-s4-b800,0.9575,0.9525,0.0050000000000000044,100,0.7348355945659762,1.0,False
BT-v3,POOL-s2-b200,POOL-s4-b900,0.9575,0.9425,0.015000000000000013,100,0.38027465495506607,1.0,False
BT-v3,POOL-s2-b300,POOL-s2-b400,0.9725,0.8475,0.125,100,3.8949064992041786e-08,8.362364253791371e-05,True
BT-v3,POOL-s2-b300,POOL-s2-b500,0.9725,0.9575,0.015000000000000013,100,0.2903335957127061,1.0,False
BT-v3,POOL-s2-b300,POOL-s2-b600,0.9725,0.97,0.0025000000000000577,100,0.8522653423579136,1.0,False
BT-v3,POOL-s2-b300,POOL-s2-b700,0.9725,0.9825,-0.010000000000000009,100,0.476129219122154,1.0,False
BT-v3,POOL-s2-b300,POOL-s2-b800,0.9725,0.975,-0.0024999999999999467,100,0.8548775647953021,1.0,False
BT-v3,POOL-s2-b300,POOL-s2-b900,0.9725,0.96,0.012500000000000067,100,0.45808982849586977,1.0,False
BT-v3,POOL-s2-b300,POOL-s3-b100,0.9725,0.9525,0.020000000000000018,100,0.16838403803484447,1.0,False
BT-v3,POOL-s2-b300,POOL-s3-b1000,0.9725,0.9075,0.06500000000000006,100,0.0006491347568512518,0.9598535459893319,False
BT-v3,POOL-s2-b300,POOL-s3-b200,0.9725,0.9475,0.025000000000000022,100,0.11113805865818316,1.0,False
BT-v3,POOL-s2-b300,POOL-s3-b300,0.9725,0.95,0.022500000000000075,100,0.21431392358602597,1.0,False
BT-v3,POOL-s2-b300,POOL-s3-b400,0.9725,0.935,0.03749999999999998,100,0.07012016957188622,1.0,False
BT-v3,POOL-s2-b300,POOL-s3-b500,0.9725,0.8575,0.11499999999999999,100,5.6314257475350295e-06,0.010418137632939804,True
BT-v3,POOL-s2-b300,POOL-s3-b600,0.9725,0.9525,0.020000000000000018,100,0.1825529492311052,1.0,False
BT-v3,POOL-s2-b300,POOL-s3-b700,0.9725,0.945,0.02750000000000008,100,0.048880891692362385,1.0,False
BT-v3,POOL-s2-b300,POOL-s3-b800,0.9725,0.77,0.2025,100,3.8716797745702394e-13,1.0198004526218011e-09,True
BT-v3,POOL-s2-b300,POOL-s3-b900,0.9725,0.9325,0.040000000000000036,100,0.010382374758504656,1.0,False
BT-v3,POOL-s2-b300,POOL-s4-b100,0.9725,0.9575,0.015000000000000013,100,0.47714252486513486,1.0,False
BT-v3,POOL-s2-b300,POOL-s4-b1000,0.9725,0.935,0.03749999999999998,100,0.054858983164560164,1.0,False
BT-v3,POOL-s2-b300,POOL-s4-b200,0.9725,0.935,0.03749999999999998,100,0.27233112432436235,1.0,False
BT-v3,POOL-s2-b300,POOL-s4-b300,0.9725,0.945,0.02750000000000008,100,0.21316719945824292,1.0,False
BT-v3,POOL-s2-b300,POOL-s4-b400,0.9725,0.855,0.11750000000000005,100,1.1098723073295534e-06,0.0021653608715999587,True
BT-v3,POOL-s2-b300,POOL-s4-b500,0.9725,0.9475,0.025000000000000022,100,0.1697615497650521,1.0,False
BT-v3,POOL-s2-b300,POOL-s4-b600,0.9725,0.9475,0.025000000000000022,100,0.35408018425450016,1.0,False
BT-v3,POOL-s2-b300,POOL-s4-b700,0.9725,0.94,0.032500000000000084,100,0.15314163009020404,1.0,False
BT-v3,POOL-s2-b300,POOL-s4-b800,0.9725,0.9525,0.020000000000000018,100,0.37029044770110775,1.0,False
BT-v3,POOL-s2-b300,POOL-s4-b900,0.9725,0.9425,0.030000000000000027,100,0.15950778357089657,1.0,False
BT-v3,POOL-s2-b400,POOL-s2-b500,0.8475,0.9575,-0.10999999999999999,100,5.794802954703823e-07,0.0011508478668041792,True
BT-v3,POOL-s2-b400,POOL-s2-b600,0.8475,0.97,-0.12249999999999994,100,6.656667778569901e-08,0.0001409216568723248,True
BT-v3,POOL-s2-b400,POOL-s2-b700,0.8475,0.9825,-0.135,100,1.1900474197751824e-09,2.740679207742245e-06,True
BT-v3,POOL-s2-b400,POOL-s2-b800,0.8475,0.975,-0.12749999999999995,100,1.6008551325098224e-08,3.520280436389099e-05,True
BT-v3,POOL-s2-b400,POOL-s2-b900,0.8475,0.96,-0.11249999999999993,100,1.9934372379106783e-06,0.003817432310598949,True
BT-v3,POOL-s2-b400,POOL-s3-b100,0.8475,0.9525,-0.10499999999999998,100,1.7472082992722717e-06,0.003358134351201306,True
BT-v3,POOL-s2-b400,POOL-s3-b1000,0.8475,0.9075,-0.05999999999999994,100,0.004614430503504852,1.0,False
BT-v3,POOL-s2-b400,POOL-s3-b200,0.8475,0.9475,-0.09999999999999998,100,6.825319784247663e-06,0.012551763083231453,True
BT-v3,POOL-s2-b400,POOL-s3-b300,0.8475,0.95,-0.10249999999999992,100,8.831885361957609e-06,0.016003376275867186,True
BT-v3,POOL-s2-b400,POOL-s3-b400,0.8475,0.935,-0.08750000000000002,100,0.00014433592062169253,0.2298383148318656,False
BT-v3,POOL-s2-b400,POOL-s3-b500,0.8475,0.8575,-0.010000000000000009,100,0.3999123080031245,1.0,False
BT-v3,POOL-s2-b400,POOL-s3-b600,0.8475,0.9525,-0.10499999999999998,100,5.513534938868756e-06,0.010222093776662673,True
BT-v3,POOL-s2-b400,POOL-s3-b700,0.8475,0.945,-0.09749999999999992,100,1.2226752902714359e-05,0.021800300425539702,True
BT-v3,POOL-s2-b400,POOL-s3-b800,0.8475,0.77,0.07750000000000001,100,0.01589845770141347,1.0,False
BT-v3,POOL-s2-b400,POOL-s3-b900,0.8475,0.9325,-0.08499999999999996,100,0.00022972903322020143,0.35998539505605565,False
BT-v3,POOL-s2-b400,POOL-s4-b100,0.8475,0.9575,-0.10999999999999999,100,8.704456152726052e-07,0.0017078142971648515,True
BT-v3,POOL-s2-b400,POOL-s4-b1000,0.8475,0.935,-0.08750000000000002,100,5.707559075728502e-05,0.09497378302012227,False
BT-v3,POOL-s2-b400,POOL-s4-b200,0.8475,0.935,-0.08750000000000002,100,0.0001370036463233338,0.21865781953204072,False
BT-v3,POOL-s2-b400,POOL-s4-b300,0.8475,0.945,-0.09749999999999992,100,1.700675559326382e-05,0.02991488308855106,True
BT-v3,POOL-s2-b400,POOL-s4-b400,0.8475,0.855,-0.007499999999999951,100,0.5616154414195289,1.0,False
BT-v3,POOL-s2-b400,POOL-s4-b500,0.8475,0.9475,-0.09999999999999998,100,1.5682812078988022e-05,0.02768016331941386,True
BT-v3,POOL-s2-b400,POOL-s4-b600,0.8475,0.9475,-0.09999999999999998,100,1.912362238235464e-05,0.033485462791502975,True
BT-v3,POOL-s2-b400,POOL-s4-b700,0.8475,0.94,-0.09249999999999992,100,7.698084528932816e-05,0.12671047134623414,False
BT-v3,POOL-s2-b400,POOL-s4-b800,0.8475,0.9525,-0.10499999999999998,100,5.574286223918017e-06,0.010329152372920085,True
BT-v3,POOL-s2-b400,POOL-s4-b900,0.8475,0.9425,-0.09499999999999997,100,5.2345198636185e-05,0.08752117211970133,False
BT-v3,POOL-s2-b500,POOL-s2-b600,0.9575,0.97,-0.012499999999999956,100,0.38237750137888293,1.0,False
BT-v3,POOL-s2-b500,POOL-s2-b700,0.9575,0.9825,-0.025000000000000022,100,0.12258690837651547,1.0,False
BT-v3,POOL-s2-b500,POOL-s2-b800,0.9575,0.975,-0.01749999999999996,100,0.22931812391273898,1.0,False
BT-v3,POOL-s2-b500,POOL-s2-b900,0.9575,0.96,-0.0024999999999999467,100,0.863648991101224,1.0,False
BT-v3,POOL-s2-b500,POOL-s3-b100,0.9575,0.9525,0.0050000000000000044,100,0.7348355945659762,1.0,False
BT-v3,POOL-s2-b500,POOL-s3-b1000,0.9575,0.9075,0.050000000000000044,100,0.009227861126939877,1.0,False
BT-v3,POOL-s2-b500,POOL-s3-b200,0.9575,0.9475,0.010000000000000009,100,0.594702051487453,1.0,False
BT-v3,POOL-s2-b500,POOL-s3-b300,0.9575,0.95,0.007500000000000062,100,0.6124530323006707,1.0,False
BT-v3,POOL-s2-b500,POOL-s3-b400,0.9575,0.935,0.022499999999999964,100,0.19688759069800132,1.0,False
BT-v3,POOL-s2-b500,POOL-s3-b500,0.9575,0.8575,0.09999999999999998,100,0.00027790430587490336,0.4299179611884755,False
BT-v3,POOL-s2-b500,POOL-s3-b600,0.9575,0.9525,0.0050000000000000044,100,0.5612949297601808,1.0,False
BT-v3,POOL-s2-b500,POOL-s3-b700,0.9575,0.945,0.012500000000000067,100,0.32925742709061734,1.0,False
BT-v3,POOL-s2-b500,POOL-s3-b800,0.9575,0.77,0.1875,100,2.4366886193973966e-10,5.78469878244942e-07,True
BT-v3,POOL-s2-b500,POOL-s3-b900,0.9575,0.9325,0.025000000000000022,100,0.13977980963935555,1.0,False
BT-v3,POOL-s2-b500,POOL-s4-b100,0.9575,0.9575,0.0,100,0.7628491918927987,1.0,False
BT-v3,POOL-s2-b500,POOL-s4-b1000,0.9575,0.935,0.022499999999999964,100,0.24030933615609995,1.0,False
BT-v3,POOL-s2-b500,POOL-s4-b200,0.9575,0.935,0.022499999999999964,100,0.6789366433217123,1.0,False
BT-v3,POOL-s2-b500,POOL-s4-b300,0.9575,0.945,0.012500000000000067,100,0.8411912022715087,1.0,False
BT-v3,POOL-s2-b500,POOL-s4-b400,0.9575,0.855,0.10250000000000004,100,3.429683950234709e-05,0.058441814511999444,False
BT-v3,POOL-s2-b500,POOL-s4-b500,0.9575,0.9475,0.010000000000000009,100,0.6208127529239872,1.0,False
BT-v3,POOL-s2-b500,POOL-s4-b600,0.9575,0.9475,0.010000000000000009,100,0.9525226960299017,1.0,False
BT-v3,POOL-s2-b500,POOL-s4-b700,0.9575,0.94,0.01750000000000007,100,0.48215380466197266,1.0,False
BT-v3,POOL-s2-b500,POOL-s4-b800,0.9575,0.9525,0.0050000000000000044,100,0.9762488570396303,1.0,False
BT-v3,POOL-s2-b500,POOL-s4-b900,0.9575,0.9425,0.015000000000000013,100,0.5875621317937049,1.0,False
BT-v3,POOL-s2-b600,POOL-s2-b700,0.97,0.9825,-0.012500000000000067,100,0.36893599899921514,1.0,False
BT-v3,POOL-s2-b600,POOL-s2-b800,0.97,0.975,-0.0050000000000000044,100,0.7169320837141662,1.0,False
BT-v3,POOL-s2-b600,POOL-s2-b900,0.97,0.96,0.010000000000000009,100,0.4603989609633987,1.0,False
BT-v3,POOL-s2-b600,POOL-s3-b100,0.97,0.9525,0.01749999999999996,100,0.22421732077794898,1.0,False
BT-v3,POOL-s2-b600,POOL-s3-b1000,0.97,0.9075,0.0625,100,0.00034179669752794486,0.5246579307053953,False
BT-v3,POOL-s2-b600,POOL-s3-b200,0.97,0.9475,0.022499999999999964,100,0.15307027113034985,1.0,False
BT-v3,POOL-s2-b600,POOL-s3-b300,0.97,0.95,0.020000000000000018,100,0.20710124473485136,1.0,False
BT-v3,POOL-s2-b600,POOL-s3-b400,0.97,0.935,0.03499999999999992,100,0.05023612930175075,1.0,False
BT-v3,POOL-s2-b600,POOL-s3-b500,0.97,0.8575,0.11249999999999993,100,3.2184507729649013e-06,0.006086090411676628,True
BT-v3,POOL-s2-b600,POOL-s3-b600,0.97,0.9525,0.01749999999999996,100,0.22421732077794898,1.0,False
BT-v3,POOL-s2-b600,POOL-s3-b700,0.97,0.945,0.025000000000000022,100,0.06879843490599005,1.0,False
BT-v3,POOL-s2-b600,POOL-s3-b800,0.97,0.77,0.19999999999999996,100,1.6799236701225094e-12,4.345962534606932e-09,True
BT-v3,POOL-s2-b600,POOL-s3-b900,0.97,0.9325,0.03749999999999998,100,0.010428990585199971,1.0,False
BT-v3,POOL-s2-b600,POOL-s4-b100,0.97,0.9575,0.012499999999999956,100,0.47787792145152597,1.0,False
BT-v3,POOL-s2-b600,POOL-s4-b1000,0.97,0.935,0.03499999999999992,100,0.056646342216855515,1.0,False
BT-v3,POOL-s2-b600,POOL-s4-b200,0.97,0.935,0.03499999999999992,100,0.15950995081654062,1.0,False
BT-v3,POOL-s2-b600,POOL-s4-b300,0.97,0.945,0.025000000000000022,100,0.15799300787482573,1.0,False
BT-v3,POOL-s2-b600,POOL-s4-b400,0.97,0.855,0.11499999999999999,100,5.25251804337535e-07,0.0010463015942403697,True
BT-v3,POOL-s2-b600,POOL-s4-b500,0.97,0.9475,0.022499999999999964,100,0.1181362385225954,1.0,False
BT-v3,POOL-s2-b600,POOL-s4-b600,0.97,0.9475,0.022499999999999964,100,0.20576041378190846,1.0,False
BT-v3,POOL-s2-b600,POOL-s4-b700,0.97,0.94,0.030000000000000027,100,0.08316668211302196,1.0,False
BT-v3,POOL-s2-b600,POOL-s4-b800,0.97,0.9525,0.01749999999999996,100,0.21636956226530202,1.0,False
BT-v3,POOL-s2-b600,POOL-s4-b900,0.97,0.9425,0.02749999999999997,100,0.08413657932806957,1.0,False
BT-v3,POOL-s2-b700,POOL-s2-b800,0.9825,0.975,0.007500000000000062,100,0.5898310262811204,1.0,False
BT-v3,POOL-s2-b700,POOL-s2-b900,0.9825,0.96,0.022500000000000075,100,0.11195866453804929,1.0,False
BT-v3,POOL-s2-b700,POOL-s3-b100,0.9825,0.9525,0.030000000000000027,100,0.05568948764734611,1.0,False
BT-v3,POOL-s2-b700,POOL-s3-b1000,0.9825,0.9075,0.07500000000000007,100,1.1873919935147872e-05,0.02119494708423895,True
BT-v3,POOL-s2-b700,POOL-s3-b200,0.9825,0.9475,0.03500000000000003,100,0.026200968603272812,1.0,False
BT-v3,POOL-s2-b700,POOL-s3-b300,0.9825,0.95,0.032500000000000084,100,0.035470770878807095,1.0,False
BT-v3,POOL-s2-b700,POOL-s3-b400,0.9825,0.935,0.04749999999999999,100,0.004859201229430496,1.0,False
BT-v3,POOL-s2-b700,POOL-s3-b500,0.9825,0.8575,0.125,100,9.371996905073783e-08,0.0001967182150374987,True
BT-v3,POOL-s2-b700,POOL-s3-b600,0.9825,0.9525,0.030000000000000027,100,0.051846392831778915,1.0,False
BT-v3,POOL-s2-b700,POOL-s3-b700,0.9825,0.945,0.03750000000000009,100,0.01939845103137579,1.0,False
BT-v3,POOL-s2-b700,POOL-s3-b800,0.9825,0.77,0.21250000000000002,100,8.717668747622903e-14,2.340694058736749e-10,True
BT-v3,POOL-s2-b700,POOL-s3-b900,0.9825,0.9325,0.050000000000000044,100,0.0008611930839043207,1.0,False
BT-v3,POOL-s2-b700,POOL-s4-b100,0.9825,0.9575,0.025000000000000022,100,0.2751640984214474,1.0,False
BT-v3,POOL-s2-b700,POOL-s4-b1000,0.9825,0.935,0.04749999999999999,100,0.010223570885901855,1.0,False
BT-v3,POOL-s2-b700,POOL-s4-b200,0.9825,0.935,0.04749999999999999,100,0.05098800883946738,1.0,False
BT-v3,POOL-s2-b700,POOL-s4-b300,0.9825,0.945,0.03750000000000009,100,0.05477663863596951,1.0,False
BT-v3,POOL-s2-b700,POOL-s4-b400,0.9825,0.855,0.12750000000000006,100,1.1420924080145638e-08,2.5331609609763025e-05,True
BT-v3,POOL-s2-b700,POOL-s4-b500,0.9825,0.9475,0.03500000000000003,100,0.015931723437488353,1.0,False
BT-v3,POOL-s2-b700,POOL-s4-b600,0.9825,0.9475,0.03500000000000003,100,0.051419366147898146,1.0,False
BT-v3,POOL-s2-b700,POOL-s4-b700,0.9825,0.94,0.04250000000000009,100,0.03950073020084512,1.0,False
BT-v3,POOL-s2-b700,POOL-s4-b800,0.9825,0.9525,0.030000000000000027,100,0.08316668211302196,1.0,False
BT-v3,POOL-s2-b700,POOL-s4-b900,0.9825,0.9425,0.040000000000000036,100,0.03749606733306222,1.0,False
BT-v3,POOL-s2-b800,POOL-s2-b900,0.975,0.96,0.015000000000000013,100,0.28515394695566343,1.0,False
BT-v3,POOL-s2-b800,POOL-s3-b100,0.975,0.9525,0.022499999999999964,100,0.13686861559245608,1.0,False
BT-v3,POOL-s2-b800,POOL-s3-b1000,0.975,0.9075,0.0675,100,0.00013515545373690092,0.21597841507156768,False
BT-v3,POOL-s2-b800,POOL-s3-b200,0.975,0.9475,0.02749999999999997,100,0.08413657932806957,1.0,False
BT-v3,POOL-s2-b800,POOL-s3-b300,0.975,0.95,0.025000000000000022,100,0.1283207528708741,1.0,False
BT-v3,POOL-s2-b800,POOL-s3-b400,0.975,0.935,0.039999999999999925,100,0.034568055563081436,1.0,False
BT-v3,POOL-s2-b800,POOL-s3-b500,0.975,0.8575,0.11749999999999994,100,1.2013486994754603e-06,0.002339025917878721,True
BT-v3,POOL-s2-b800,POOL-s3-b600,0.975,0.9525,0.022499999999999964,100,0.17902417673402016,1.0,False
BT-v3,POOL-s2-b800,POOL-s3-b700,0.975,0.945,0.030000000000000027,100,0.03125656696872194,1.0,False
BT-v3,POOL-s2-b800,POOL-s3-b800,0.975,0.77,0.20499999999999996,100,1.002878453274333e-12,2.60848685696654e-09,True
BT-v3,POOL-s2-b800,POOL-s3-b900,0.975,0.9325,0.04249999999999998,100,0.00568223937866472,1.0,False
BT-v3,POOL-s2-b800,POOL-s4-b100,0.975,0.9575,0.01749999999999996,100,0.375264798842603,1.0,False
BT-v3,POOL-s2-b800,POOL-s4-b1000,0.975,0.935,0.039999999999999925,100,0.03691745348227812,1.0,False
BT-v3,POOL-s2-b800,POOL-s4-b200,0.975,0.935,0.039999999999999925,100,0.15517773453794645,1.0,False
BT-v3,POOL-s2-b800,POOL-s4-b300,0.975,0.945,0.030000000000000027,100,0.12384343992271303,1.0,False
BT-v3,POOL-s2-b800,POOL-s4-b400,0.975,0.855,0.12,100,6.492109472497397e-07,0.0012847884646072349,True
BT-v3,POOL-s2-b800,POOL-s4-b500,0.975,0.9475,0.02749999999999997,100,0.08900282359213187,1.0,False
BT-v3,POOL-s2-b800,POOL-s4-b600,0.975,0.9475,0.02749999999999997,100,0.21316719945824292,1.0,False
BT-v3,POOL-s2-b800,POOL-s4-b700,0.975,0.94,0.03500000000000003,100,0.08124192632285977,1.0,False
BT-v3,POOL-s2-b800,POOL-s4-b800,0.975,0.9525,0.022499999999999964,100,0.2122674403896908,1.0,False
BT-v3,POOL-s2-b800,POOL-s4-b900,0.975,0.9425,0.03249999999999997,100,0.08220179085535302,1.0,False
BT-v3,POOL-s2-b900,POOL-s3-b100,0.96,0.9525,0.007499999999999951,100,0.6143200426852455,1.0,False
BT-v3,POOL-s2-b900,POOL-s3-b1000,0.96,0.9075,0.05249999999999999,100,0.0017090510980080085,1.0,False
BT-v3,POOL-s2-b900,POOL-s3-b200,0.96,0.9475,0.012499999999999956,100,0.39323960486930865,1.0,False
BT-v3,POOL-s2-b900,POOL-s3-b300,0.96,0.95,0.010000000000000009,100,0.46837593367062,1.0,False
BT-v3,POOL-s2-b900,POOL-s3-b400,0.96,0.935,0.02499999999999991,100,0.18124505892495069,1.0,False
BT-v3,POOL-s2-b900,POOL-s3-b500,0.96,0.8575,0.10249999999999992,100,4.720310614354858e-06,0.008822260538229229,True
BT-v3,POOL-s2-b900,POOL-s3-b600,0.96,0.9525,0.007499999999999951,100,0.7237432739566343,1.0,False
BT-v3,POOL-s2-b900,POOL-s3-b700,0.96,0.945,0.015000000000000013,100,0.25802344354562456,1.0,False
BT-v3,POOL-s2-b900,POOL-s3-b800,0.96,0.77,0.18999999999999995,100,6.164495762413766e-12,1.5651654740768554e-08,True
BT-v3,POOL-s2-b900,POOL-s3-b900,0.96,0.9325,0.02749999999999997,100,0.05614624250163731,1.0,False
BT-v3,POOL-s2-b900,POOL-s4-b100,0.96,0.9575,0.0024999999999999467,100,0.8644192337012926,1.0,False
BT-v3,POOL-s2-b900,POOL-s4-b1000,0.96,0.935,0.02499999999999991,100,0.20328882028042283,1.0,False
BT-v3,POOL-s2-b900,POOL-s4-b200,0.96,0.935,0.02499999999999991,100,0.4577409076876412,1.0,False
BT-v3,POOL-s2-b900,POOL-s4-b300,0.96,0.945,0.015000000000000013,100,0.4557840294352833,1.0,False
BT-v3,POOL-s2-b900,POOL-s4-b400,0.96,0.855,0.10499999999999998,100,7.151312526347215e-06,0.013122658485847141,True
BT-v3,POOL-s2-b900,POOL-s4-b500,0.96,0.9475,0.012499999999999956,100,0.37722103813262675,1.0,False
BT-v3,POOL-s2-b900,POOL-s4-b600,0.96,0.9475,0.012499999999999956,100,0.4649079735795495,1.0,False
BT-v3,POOL-s2-b900,POOL-s4-b700,0.96,0.94,0.020000000000000018,100,0.2930424009600531,1.0,False
BT-v3,POOL-s2-b900,POOL-s4-b800,0.96,0.9525,0.007499999999999951,100,0.5962388749669157,1.0,False
BT-v3,POOL-s2-b900,POOL-s4-b900,0.96,0.9425,0.01749999999999996,100,0.2826411623147135,1.0,False
BT-v3,POOL-s3-b100,POOL-s3-b1000,0.9525,0.9075,0.04500000000000004,100,0.01807602875119105,1.0,False
BT-v3,POOL-s3-b100,POOL-s3-b200,0.9525,0.9475,0.0050000000000000044,100,0.7261838773288738,1.0,False
BT-v3,POOL-s3-b100,POOL-s3-b300,0.9525,0.95,0.0025000000000000577,100,0.9867116838685189,1.0,False
BT-v3,POOL-s3-b100,POOL-s3-b400,0.9525,0.935,0.01749999999999996,100,0.40767678179133116,1.0,False
BT-v3,POOL-s3-b100,POOL-s3-b500,0.9525,0.8575,0.09499999999999997,100,0.0005040709443273911,0.7586267712127237,False
BT-v3,POOL-s3-b100,POOL-s3-b600,0.9525,0.9525,0.0,100,0.8947501781980374,1.0,False
BT-v3,POOL-s3-b100,POOL-s3-b700,0.9525,0.945,0.007500000000000062,100,0.6308884369827844,1.0,False
BT-v3,POOL-s3-b100,POOL-s3-b800,0.9525,0.77,0.1825,100,4.985446150591954e-10,1.1690871223138133e-06,True
BT-v3,POOL-s3-b100,POOL-s3-b900,0.9525,0.9325,0.020000000000000018,100,0.21741391568812973,1.0,False
BT-v3,POOL-s3-b100,POOL-s4-b100,0.9525,0.9575,-0.0050000000000000044,100,0.47828624516113494,1.0,False
BT-v3,POOL-s3-b100,POOL-s4-b1000,0.9525,0.935,0.01749999999999996,100,0.42717024872491216,1.0,False
BT-v3,POOL-s3-b100,POOL-s4-b200,0.9525,0.935,0.01749999999999996,100,0.7018936346666933,1.0,False
BT-v3,POOL-s3-b100,POOL-s4-b300,0.9525,0.945,0.007500000000000062,100,0.852775997726569,1.0,False
BT-v3,POOL-s3-b100,POOL-s4-b400,0.9525,0.855,0.09750000000000003,100,6.245766563290092e-05,0.10342989428808393,False
BT-v3,POOL-s3-b100,POOL-s4-b500,0.9525,0.9475,0.0050000000000000044,100,0.7542535709381462,1.0,False
BT-v3,POOL-s3-b100,POOL-s4-b600,0.9525,0.9475,0.0050000000000000044,100,0.9166696469544126,1.0,False
BT-v3,POOL-s3-b100,POOL-s4-b700,0.9525,0.94,0.012500000000000067,100,0.8114160779068793,1.0,False
BT-v3,POOL-s3-b100,POOL-s4-b800,0.9525,0.9525,0.0,100,0.8846660880820469,1.0,False
BT-v3,POOL-s3-b100,POOL-s4-b900,0.9525,0.9425,0.010000000000000009,100,0.8256585058561092,1.0,False
BT-v3,POOL-s3-b1000,POOL-s3-b200,0.9075,0.9475,-0.040000000000000036,100,0.030975268674840607,1.0,False
BT-v3,POOL-s3-b1000,POOL-s3-b300,0.9075,0.95,-0.04249999999999998,100,0.010734444591031381,1.0,False
BT-v3,POOL-s3-b1000,POOL-s3-b400,0.9075,0.935,-0.02750000000000008,100,0.11179184244148911,1.0,False
BT-v3,POOL-s3-b1000,POOL-s3-b500,0.9075,0.8575,0.04999999999999993,100,0.04931579161955941,1.0,False
BT-v3,POOL-s3-b1000,POOL-s3-b600,0.9075,0.9525,-0.04500000000000004,100,0.008831834985948216,1.0,False
BT-v3,POOL-s3-b1000,POOL-s3-b700,0.9075,0.945,-0.03749999999999998,100,0.06385395451358393,1.0,False
BT-v3,POOL-s3-b1000,POOL-s3-b800,0.9075,0.77,0.13749999999999996,100,4.0609085873145164e-07,0.0008158365351914863,True
BT-v3,POOL-s3-b1000,POOL-s3-b900,0.9075,0.9325,-0.025000000000000022,100,0.15687689921466805,1.0,False
BT-v3,POOL-s3-b1000,POOL-s4-b100,0.9075,0.9575,-0.050000000000000044,100,0.00396132666656616,1.0,False
BT-v3,POOL-s3-b1000,POOL-s4-b1000,0.9075,0.935,-0.02750000000000008,100,0.20554728371122488,1.0,False
BT-v3,POOL-s3-b1000,POOL-s4-b200,0.9075,0.935,-0.02750000000000008,100,0.023930521338438624,1.0,False
BT-v3,POOL-s3-b1000,POOL-s4-b300,0.9075,0.945,-0.03749999999999998,100,0.020409359532345538,1.0,False
BT-v3,POOL-s3-b1000,POOL-s4-b400,0.9075,0.855,0.05249999999999999,100,0.013585773222025203,1.0,False
BT-v3,POOL-s3-b1000,POOL-s4-b500,0.9075,0.9475,-0.040000000000000036,100,0.015913874250178553,1.0,False
BT-v3,POOL-s3-b1000,POOL-s4-b600,0.9075,0.9475,-0.040000000000000036,100,0.020940174274057262,1.0,False
BT-v3,POOL-s3-b1000,POOL-s4-b700,0.9075,0.94,-0.03249999999999997,100,0.05652221603710009,1.0,False
BT-v3,POOL-s3-b1000,POOL-s4-b800,0.9075,0.9525,-0.04500000000000004,100,0.008031577031745394,1.0,False
BT-v3,POOL-s3-b1000,POOL-s4-b900,0.9075,0.9425,-0.03500000000000003,100,0.03917274764278415,1.0,False
BT-v3,POOL-s3-b200,POOL-s3-b300,0.9475,0.95,-0.0024999999999999467,100,0.7488545929637871,1.0,False
BT-v3,POOL-s3-b200,POOL-s3-b400,0.9475,0.935,0.012499999999999956,100,0.5222160553050319,1.0,False
BT-v3,POOL-s3-b200,POOL-s3-b500,0.9475,0.8575,0.08999999999999997,100,0.0005637870406873479,0.8406064776648356,False
BT-v3,POOL-s3-b200,POOL-s3-b600,0.9475,0.9525,-0.0050000000000000044,100,0.8561891003826323,1.0,False
BT-v3,POOL-s3-b200,POOL-s3-b700,0.9475,0.945,0.0025000000000000577,100,0.651540111865494,1.0,False
BT-v3,POOL-s3-b200,POOL-s3-b800,0.9475,0.77,0.1775,100,1.9505258852161765e-10,4.655905288011013e-07,True
BT-v3,POOL-s3-b200,POOL-s3-b900,0.9475,0.9325,0.015000000000000013,100,0.2749555684277408,1.0,False
BT-v3,POOL-s3-b200,POOL-s4-b100,0.9475,0.9575,-0.010000000000000009,100,0.44494284665797956,1.0,False
BT-v3,POOL-s3-b200,POOL-s4-b1000,0.9475,0.935,0.012499999999999956,100,0.6170145696662346,1.0,False
BT-v3,POOL-s3-b200,POOL-s4-b200,0.9475,0.935,0.012499999999999956,100,0.9403039241021753,1.0,False
BT-v3,POOL-s3-b200,POOL-s4-b300,0.9475,0.945,0.0025000000000000577,100,0.983924454477346,1.0,False
BT-v3,POOL-s3-b200,POOL-s4-b400,0.9475,0.855,0.09250000000000003,100,0.00011221673332806342,0.18100559085816628,False
BT-v3,POOL-s3-b200,POOL-s4-b500,0.9475,0.9475,0.0,100,0.8947501781980374,1.0,False
BT-v3,POOL-s3-b200,POOL-s4-b600,0.9475,0.9475,0.0,100,0.7726643693168664,1.0,False
BT-v3,POOL-s3-b200,POOL-s4-b700,0.9475,0.94,0.007500000000000062,100,0.8400393037149447,1.0,False
BT-v3,POOL-s3-b200,POOL-s4-b800,0.9475,0.9525,-0.0050000000000000044,100,0.6425171232886945,1.0,False
BT-v3,POOL-s3-b200,POOL-s4-b900,0.9475,0.9425,0.0050000000000000044,100,0.9678610646314683,1.0,False
BT-v3,POOL-s3-b300,POOL-s3-b400,0.95,0.935,0.014999999999999902,100,0.4953540565555695,1.0,False
BT-v3,POOL-s3-b300,POOL-s3-b500,0.95,0.8575,0.09249999999999992,100,2.694541114747658e-05,0.0464808342293971,True
BT-v3,POOL-s3-b300,POOL-s3-b600,0.95,0.9525,-0.0025000000000000577,100,0.9853135708506008,1.0,False
BT-v3,POOL-s3-b300,POOL-s3-b700,0.95,0.945,0.0050000000000000044,100,0.5523035041359002,1.0,False
BT-v3,POOL-s3-b300,POOL-s3-b800,0.95,0.77,0.17999999999999994,100,3.276126864594754e-11,8.088757228684448e-08,True
BT-v3,POOL-s3-b300,POOL-s3-b900,0.95,0.9325,0.01749999999999996,100,0.23967272471287548,1.0,False
BT-v3,POOL-s3-b300,POOL-s4-b100,0.95,0.9575,-0.007500000000000062,100,0.5112096674056126,1.0,False
BT-v3,POOL-s3-b300,POOL-s4-b1000,0.95,0.935,0.014999999999999902,100,0.44176602286764644,1.0,False
BT-v3,POOL-s3-b300,POOL-s4-b200,0.95,0.935,0.014999999999999902,100,0.8314964684329121,1.0,False
BT-v3,POOL-s3-b300,POOL-s4-b300,0.95,0.945,0.0050000000000000044,100,0.9790860173121799,1.0,False
BT-v3,POOL-s3-b300,POOL-s4-b400,0.95,0.855,0.09499999999999997,100,4.8376528739892444e-05,0.08117581522553952,False
BT-v3,POOL-s3-b300,POOL-s4-b500,0.95,0.9475,0.0024999999999999467,100,0.8644192337012926,1.0,False
BT-v3,POOL-s3-b300,POOL-s4-b600,0.95,0.9475,0.0024999999999999467,100,0.8598181644646876,1.0,False
BT-v3,POOL-s3-b300,POOL-s4-b700,0.95,0.94,0.010000000000000009,100,0.7141699851991519,1.0,False
BT-v3,POOL-s3-b300,POOL-s4-b800,0.95,0.9525,-0.0025000000000000577,100,0.8687206476546324,1.0,False
BT-v3,POOL-s3-b300,POOL-s4-b900,0.95,0.9425,0.007499999999999951,100,0.7237432739566343,1.0,False
BT-v3,POOL-s3-b400,POOL-s3-b500,0.935,0.8575,0.07750000000000001,100,0.0021274099078211917,1.0,False
BT-v3,POOL-s3-b400,POOL-s3-b600,0.935,0.9525,-0.01749999999999996,100,0.34980273059543054,1.0,False
BT-v3,POOL-s3-b400,POOL-s3-b700,0.935,0.945,-0.009999999999999898,100,0.5434330914782467,1.0,False
BT-v3,POOL-s3-b400,POOL-s3-b800,0.935,0.77,0.16500000000000004,100,1.552407134846974e-08,3.4152956966633426e-05,True
BT-v3,POOL-s3-b400,POOL-s3-b900,0.935,0.9325,0.0025000000000000577,100,0.7799321654368977,1.0,False
BT-v3,POOL-s3-b400,POOL-s4-b100,0.935,0.9575,-0.022499999999999964,100,0.14047242741838215,1.0,False
BT-v3,POOL-s3-b400,POOL-s4-b1000,0.935,0.935,0.0,100,0.9103718114302641,1.0,False
BT-v3,POOL-s3-b400,POOL-s4-b200,0.935,0.935,0.0,100,0.48634375883046177,1.0,False
BT-v3,POOL-s3-b400,POOL-s4-b300,0.935,0.945,-0.009999999999999898,100,0.42900875771730007,1.0,False
BT-v3,POOL-s3-b400,POOL-s4-b400,0.935,0.855,0.08000000000000007,100,0.0021695533595901236,1.0,False
BT-v3,POOL-s3-b400,POOL-s4-b500,0.935,0.9475,-0.012499999999999956,100,0.5221744587116057,1.0,False
BT-v3,POOL-s3-b400,POOL-s4-b600,0.935,0.9475,-0.012499999999999956,100,0.3495493723136158,1.0,False
BT-v3,POOL-s3-b400,POOL-s4-b700,0.935,0.94,-0.004999999999999893,100,0.4891603491404918,1.0,False
BT-v3,POOL-s3-b400,POOL-s4-b800,0.935,0.9525,-0.01749999999999996,100,0.2205372220459364,1.0,False
BT-v3,POOL-s3-b400,POOL-s4-b900,0.935,0.9425,-0.007499999999999951,100,0.45734998478159583,1.0,False
BT-v3,POOL-s3-b500,POOL-s3-b600,0.8575,0.9525,-0.09499999999999997,100,8.336959833151764e-05,0.13680951086202045,False
BT-v3,POOL-s3-b500,POOL-s3-b700,0.8575,0.945,-0.08749999999999991,100,0.001554585278206338,1.0,False
BT-v3,POOL-s3-b500,POOL-s3-b800,0.8575,0.77,0.08750000000000002,100,0.0008489374146740061,1.0,False
BT-v3,POOL-s3-b500,POOL-s3-b900,0.8575,0.9325,-0.07499999999999996,100,0.001197723340551944,1.0,False
BT-v3,POOL-s3-b500,POOL-s4-b100,0.8575,0.9575,-0.09999999999999998,100,6.268119349684743e-06,0.011552143961468982,True
BT-v3,POOL-s3-b500,POOL-s4-b1000,0.8575,0.935,-0.07750000000000001,100,0.004370092630879979,1.0,False
BT-v3,POOL-s3-b500,POOL-s4-b200,0.8575,0.935,-0.07750000000000001,100,6.793595385747218e-05,0.11209432386482909,False
BT-v3,POOL-s3-b500,POOL-s4-b300,0.8575,0.945,-0.08749999999999991,100,9.493741101874717e-05,0.15446316772750165,False
BT-v3,POOL-s3-b500,POOL-s4-b400,0.8575,0.855,0.0025000000000000577,100,0.8772852771179357,1.0,False
BT-v3,POOL-s3-b500,POOL-s4-b500,0.8575,0.9475,-0.08999999999999997,100,1.4419146487206266e-05,0.0255363084288423,True
BT-v3,POOL-s3-b500,POOL-s4-b600,0.8575,0.9475,-0.08999999999999997,100,6.829058682204502e-06,0.012551809857891874,True
BT-v3,POOL-s3-b500,POOL-s4-b700,0.8575,0.94,-0.0824999999999999,100,0.00023981028506194526,0.37482347555182044,False
BT-v3,POOL-s3-b500,POOL-s4-b800,0.8575,0.9525,-0.09499999999999997,100,3.286173142946995e-05,0.056160699012964145,False
BT-v3,POOL-s3-b500,POOL-s4-b900,0.8575,0.9425,-0.08499999999999996,100,9.222671840158066e-05,0.15016138536120496,False
BT-v3,POOL-s3-b600,POOL-s3-b700,0.9525,0.945,0.007500000000000062,100,0.7291941525469172,1.0,False
BT-v3,POOL-s3-b600,POOL-s3-b800,0.9525,0.77,0.1825,100,8.236206674285347e-12,2.0821130472593357e-08,True
BT-v3,POOL-s3-b600,POOL-s3-b900,0.9525,0.9325,0.020000000000000018,100,0.15849829977805296,1.0,False
BT-v3,POOL-s3-b600,POOL-s4-b100,0.9525,0.9575,-0.0050000000000000044,100,0.7376884828166145,1.0,False
BT-v3,POOL-s3-b600,POOL-s4-b1000,0.9525,0.935,0.01749999999999996,100,0.34980273059543054,1.0,False
BT-v3,POOL-s3-b600,POOL-s4-b200,0.9525,0.935,0.01749999999999996,100,0.8262382931802273,1.0,False
BT-v3,POOL-s3-b600,POOL-s4-b300,0.9525,0.945,0.007500000000000062,100,0.9664111245067234,1.0,False
BT-v3,POOL-s3-b600,POOL-s4-b400,0.9525,0.855,0.09750000000000003,100,2.1440507815560857e-05,0.03734936461470701,True
BT-v3,POOL-s3-b600,POOL-s4-b500,0.9525,0.9475,0.0050000000000000044,100,0.628711113418098,1.0,False
BT-v3,POOL-s3-b600,POOL-s4-b600,0.9525,0.9475,0.0050000000000000044,100,0.8550585101299297,1.0,False
BT-v3,POOL-s3-b600,POOL-s4-b700,0.9525,0.94,0.012500000000000067,100,0.7018929274564198,1.0,False
BT-v3,POOL-s3-b600,POOL-s4-b800,0.9525,0.9525,0.0,100,1.0,1.0,False
BT-v3,POOL-s3-b600,POOL-s4-b900,0.9525,0.9425,0.010000000000000009,100,0.6166882000435714,1.0,False
BT-v3,POOL-s3-b700,POOL-s3-b800,0.945,0.77,0.17499999999999993,100,3.9777123247948036e-10,9.351601675592584e-07,True
BT-v3,POOL-s3-b700,POOL-s3-b900,0.945,0.9325,0.012499999999999956,100,0.5172537648735837,1.0,False
BT-v3,POOL-s3-b700,POOL-s4-b100,0.945,0.9575,-0.012500000000000067,100,0.2331894450850862,1.0,False
BT-v3,POOL-s3-b700,POOL-s4-b1000,0.945,0.935,0.009999999999999898,100,0.7243848513396907,1.0,False
BT-v3,POOL-s3-b700,POOL-s4-b200,0.945,0.935,0.009999999999999898,100,0.7362927380619488,1.0,False
BT-v3,POOL-s3-b700,POOL-s4-b300,0.945,0.945,0.0,100,0.5612952523470769,1.0,False
BT-v3,POOL-s3-b700,POOL-s4-b400,0.945,0.855,0.08999999999999997,100,0.00013096384841194457,0.2095421574591113,False
BT-v3,POOL-s3-b700,POOL-s4-b500,0.945,0.9475,-0.0025000000000000577,100,0.775027154682721,1.0,False
BT-v3,POOL-s3-b700,POOL-s4-b600,0.945,0.9475,-0.0025000000000000577,100,0.5695722321636099,1.0,False
BT-v3,POOL-s3-b700,POOL-s4-b700,0.945,0.94,0.0050000000000000044,100,0.9289877089907111,1.0,False
BT-v3,POOL-s3-b700,POOL-s4-b800,0.945,0.9525,-0.007500000000000062,100,0.4461096571006383,1.0,False
BT-v3,POOL-s3-b700,POOL-s4-b900,0.945,0.9425,0.0024999999999999467,100,0.8014026321669078,1.0,False
BT-v3,POOL-s3-b800,POOL-s3-b900,0.77,0.9325,-0.16249999999999998,100,4.634951833663057e-09,1.0437911529409204e-05,True
BT-v3,POOL-s3-b800,POOL-s4-b100,0.77,0.9575,-0.1875,100,5.093939932283073e-12,1.2984452887389553e-08,True
BT-v3,POOL-s3-b800,POOL-s4-b1000,0.77,0.935,-0.16500000000000004,100,1.709329886644456e-09,3.917784100189094e-06,True
BT-v3,POOL-s3-b800,POOL-s4-b200,0.77,0.935,-0.16500000000000004,100,1.1982678586357246e-09,2.7584126105794382e-06,True
BT-v3,POOL-s3-b800,POOL-s4-b300,0.77,0.945,-0.17499999999999993,100,1.179041360714064e-09,2.7176903364459175e-06,True
BT-v3,POOL-s3-b800,POOL-s4-b400,0.77,0.855,-0.08499999999999996,100,0.0049061232079205324,1.0,False
BT-v3,POOL-s3-b800,POOL-s4-b500,0.77,0.9475,-0.1775,100,1.449828522812692e-10,3.4839379403188985e-07,True
BT-v3,POOL-s3-b800,POOL-s4-b600,0.77,0.9475,-0.1775,100,1.520489887756864e-10,3.649175730616473e-07,True
BT-v3,POOL-s3-b800,POOL-s4-b700,0.77,0.94,-0.16999999999999993,100,2.155369584993214e-09,4.922864132124501e-06,True
BT-v3,POOL-s3-b800,POOL-s4-b800,0.77,0.9525,-0.1825,100,1.97757516546214e-10,4.718494344792666e-07,True
BT-v3,POOL-s3-b800,POOL-s4-b900,0.77,0.9425,-0.1725,100,3.9754257158387466e-10,9.350201283652732e-07,True
BT-v3,POOL-s3-b900,POOL-s4-b100,0.9325,0.9575,-0.025000000000000022,100,0.10106350265018707,1.0,False
BT-v3,POOL-s3-b900,POOL-s4-b1000,0.9325,0.935,-0.0025000000000000577,100,0.7847424031831954,1.0,False
BT-v3,POOL-s3-b900,POOL-s4-b200,0.9325,0.935,-0.0025000000000000577,100,0.4505890836531925,1.0,False
BT-v3,POOL-s3-b900,POOL-s4-b300,0.9325,0.945,-0.012499999999999956,100,0.26907601514432755,1.0,False
BT-v3,POOL-s3-b900,POOL-s4-b400,0.9325,0.855,0.07750000000000001,100,0.0004170596884719272,0.6343477861658012,False
BT-v3,POOL-s3-b900,POOL-s4-b500,0.9325,0.9475,-0.015000000000000013,100,0.30157530426406953,1.0,False
BT-v3,POOL-s3-b900,POOL-s4-b600,0.9325,0.9475,-0.015000000000000013,100,0.30958149206549623,1.0,False
BT-v3,POOL-s3-b900,POOL-s4-b700,0.9325,0.94,-0.007499999999999951,100,0.6255195311056521,1.0,False
BT-v3,POOL-s3-b900,POOL-s4-b800,0.9325,0.9525,-0.020000000000000018,100,0.18959586012631213,1.0,False
BT-v3,POOL-s3-b900,POOL-s4-b900,0.9325,0.9425,-0.010000000000000009,100,0.511896318610344,1.0,False
BT-v3,POOL-s4-b100,POOL-s4-b1000,0.9575,0.935,0.022499999999999964,100,0.16593742065283223,1.0,False
BT-v3,POOL-s4-b100,POOL-s4-b200,0.9575,0.935,0.022499999999999964,100,0.6928041629750293,1.0,False
BT-v3,POOL-s4-b100,POOL-s4-b300,0.9575,0.945,0.012500000000000067,100,0.5977378279577719,1.0,False
BT-v3,POOL-s4-b100,POOL-s4-b400,0.9575,0.855,0.10250000000000004,100,9.756009326043877e-06,0.017599840824183154,True
BT-v3,POOL-s4-b100,POOL-s4-b500,0.9575,0.9475,0.010000000000000009,100,0.5897669899384859,1.0,False
BT-v3,POOL-s4-b100,POOL-s4-b600,0.9575,0.9475,0.010000000000000009,100,0.8333652167864182,1.0,False
BT-v3,POOL-s4-b100,POOL-s4-b700,0.9575,0.94,0.01750000000000007,100,0.47028403145208686,1.0,False
BT-v3,POOL-s4-b100,POOL-s4-b800,0.9575,0.9525,0.0050000000000000044,100,0.8533973223540487,1.0,False
BT-v3,POOL-s4-b100,POOL-s4-b900,0.9575,0.9425,0.015000000000000013,100,0.3923573397367025,1.0,False
BT-v3,POOL-s4-b1000,POOL-s4-b200,0.935,0.935,0.0,100,0.425300135451261,1.0,False
BT-v3,POOL-s4-b1000,POOL-s4-b300,0.935,0.945,-0.009999999999999898,100,0.3406019152373485,1.0,False
BT-v3,POOL-s4-b1000,POOL-s4-b400,0.935,0.855,0.08000000000000007,100,0.0006637660804813094,0.9791911098257192,False
BT-v3,POOL-s4-b1000,POOL-s4-b500,0.935,0.9475,-0.012499999999999956,100,0.37835713031685003,1.0,False
BT-v3,POOL-s4-b1000,POOL-s4-b600,0.935,0.9475,-0.012499999999999956,100,0.2714895514515562,1.0,False
BT-v3,POOL-s4-b1000,POOL-s4-b700,0.935,0.94,-0.004999999999999893,100,0.4278371681706258,1.0,False
BT-v3,POOL-s4-b1000,POOL-s4-b800,0.935,0.9525,-0.01749999999999996,100,0.226234827813227,1.0,False
BT-v3,POOL-s4-b1000,POOL-s4-b900,0.935,0.9425,-0.007499999999999951,100,0.3990155591021489,1.0,False
BT-v3,POOL-s4-b200,POOL-s4-b300,0.935,0.945,-0.009999999999999898,100,0.7160388716687096,1.0,False
BT-v3,POOL-s4-b200,POOL-s4-b400,0.935,0.855,0.08000000000000007,100,8.494152327546529e-05,0.13904927360193667,False
BT-v3,POOL-s4-b200,POOL-s4-b500,0.935,0.9475,-0.012499999999999956,100,0.9686353298874073,1.0,False
BT-v3,POOL-s4-b200,POOL-s4-b600,0.935,0.9475,-0.012499999999999956,100,0.8429443966059083,1.0,False
BT-v3,POOL-s4-b200,POOL-s4-b700,0.935,0.94,-0.004999999999999893,100,0.8768838122565434,1.0,False
BT-v3,POOL-s4-b200,POOL-s4-b800,0.935,0.9525,-0.01749999999999996,100,0.7010990738069126,1.0,False
BT-v3,POOL-s4-b200,POOL-s4-b900,0.935,0.9425,-0.007499999999999951,100,0.8805408906214514,1.0,False
BT-v3,POOL-s4-b300,POOL-s4-b400,0.945,0.855,0.08999999999999997,100,0.00012167410705716852,0.1952869418267555,False
BT-v3,POOL-s4-b300,POOL-s4-b500,0.945,0.9475,-0.0025000000000000577,100,0.8907830964106557,1.0,False
BT-v3,POOL-s4-b300,POOL-s4-b600,0.945,0.9475,-0.0025000000000000577,100,0.9909772644743214,1.0,False
BT-v3,POOL-s4-b300,POOL-s4-b700,0.945,0.94,0.0050000000000000044,100,0.8565318388759761,1.0,False
BT-v3,POOL-s4-b300,POOL-s4-b800,0.945,0.9525,-0.007500000000000062,100,0.8411651721130382,1.0,False
BT-v3,POOL-s4-b300,POOL-s4-b900,0.945,0.9425,0.0024999999999999467,100,0.8651324964394073,1.0,False
BT-v3,POOL-s4-b400,POOL-s4-b500,0.855,0.9475,-0.09250000000000003,100,1.7790185326197067e-05,0.031257355618128244,True
BT-v3,POOL-s4-b400,POOL-s4-b600,0.855,0.9475,-0.09250000000000003,100,2.974954512239192e-05,0.05102046988490214,False
BT-v3,POOL-s4-b400,POOL-s4-b700,0.855,0.94,-0.08499999999999996,100,0.0002510213454212827,0.39134227751177975,False
BT-v3,POOL-s4-b400,POOL-s4-b800,0.855,0.9525,-0.09750000000000003,100,2.1440507815560857e-05,0.03734936461470701,True
BT-v3,POOL-s4-b400,POOL-s4-b900,0.855,0.9425,-0.08750000000000002,100,8.86845464753915e-05,0.14482186439431433,False
BT-v3,POOL-s4-b500,POOL-s4-b600,0.9475,0.9475,0.0,100,1.0,1.0,False
BT-v3,POOL-s4-b500,POOL-s4-b700,0.9475,0.94,0.007500000000000062,100,0.7237432739566343,1.0,False
BT-v3,POOL-s4-b500,POOL-s4-b800,0.9475,0.9525,-0.0050000000000000044,100,0.7305803030109859,1.0,False
BT-v3,POOL-s4-b500,POOL-s4-b900,0.9475,0.9425,0.0050000000000000044,100,0.7305803030109859,1.0,False
BT-v3,POOL-s4-b600,POOL-s4-b700,0.9475,0.94,0.007500000000000062,100,0.5937849907621063,1.0,False
BT-v3,POOL-s4-b600,POOL-s4-b800,0.9475,0.9525,-0.0050000000000000044,100,0.9819550097576635,1.0,False
BT-v3,POOL-s4-b600,POOL-s4-b900,0.9475,0.9425,0.0050000000000000044,100,0.7169320837141662,1.0,False
BT-v3,POOL-s4-b700,POOL-s4-b800,0.94,0.9525,-0.012500000000000067,100,0.4649079735795495,1.0,False
BT-v3,POOL-s4-b700,POOL-s4-b900,0.94,0.9425,-0.0025000000000000577,100,0.9909764951688143,1.0,False
BT-v3,POOL-s4-b800,POOL-s4-b900,0.9525,0.9425,0.010000000000000009,100,0.5846397784540269,1.0,False
