a,b,seed,score_a
BT-v1,BT-v2,20000,0.25
BT-v1,BT-v2,20001,0.5
BT-v1,BT-v2,20002,0.5
BT-v1,BT-v2,20003,0.25
BT-v1,BT-v2,20004,0.0
BT-v1,BT-v2,20005,0.5
BT-v1,BT-v2,20006,0.0
BT-v1,BT-v2,20007,0.5
BT-v1,BT-v2,20008,0.25
BT-v1,BT-v2,20009,0.5
BT-v1,BT-v2,20010,0.25
BT-v1,BT-v2,20011,0.25
BT-v1,BT-v2,20012,0.25
BT-v1,BT-v2,20013,0.0
BT-v1,BT-v2,20014,0.0
BT-v1,BT-v2,20015,0.25
BT-v1,BT-v2,20016,0.5
BT-v1,BT-v2,20017,0.5
BT-v1,BT-v2,20018,0.0
BT-v1,BT-v2,20019,0.0
BT-v1,BT-v2,20020,0.25
BT-v1,BT-v2,20021,0.25
BT-v1,BT-v2,20022,0.25
BT-v1,BT-v2,20023,0.0
BT-v1,BT-v2,20024,0.0
BT-v1,BT-v2,20025,0.0
BT-v1,BT-v2,20026,0.0
BT-v1,BT-v2,20027,0.0
BT-v1,BT-v2,20028,0.0
BT-v1,BT-v2,20029,0.5
BT-v1,BT-v3,20000,0.5
BT-v1,BT-v3,20001,0.5
BT-v1,BT-v3,20002,0.5
BT-v1,BT-v3,20003,0.25
BT-v1,BT-v3,20004,0.25
BT-v1,BT-v3,20005,0.5
BT-v1,BT-v3,20006,0.0
BT-v1,BT-v3,20007,0.5
BT-v1,BT-v3,20008,0.25
BT-v1,BT-v3,20009,0.25
BT-v1,BT-v3,20010,0.5
BT-v1,BT-v3,20011,0.25
BT-v1,BT-v3,20012,0.0
BT-v1,BT-v3,20013,0.25
BT-v1,BT-v3,20014,0.25
BT-v1,BT-v3,20015,0.5
BT-v1,BT-v3,20016,0.5
BT-v1,BT-v3,20017,0.25
BT-v1,BT-v3,20018,0.0
BT-v1,BT-v3,20019,0.0
BT-v1,BT-v3,20020,0.0
BT-v1,BT-v3,20021,0.25
BT-v1,BT-v3,20022,0.0
BT-v1,BT-v3,20023,0.25
BT-v1,BT-v3,20024,0.0
BT-v1,BT-v3,20025,0.0
BT-v1,BT-v3,20026,0.0
BT-v1,BT-v3,20027,0.0
BT-v1,BT-v3,20028,0.0
BT-v1,BT-v3,20029,0.5
BT-v1,RL-s0-b300-a1.00,20000,0.0
BT-v1,RL-s0-b300-a1.00,20001,0.5
BT-v1,RL-s0-b300-a1.00,20002,0.5
BT-v1,RL-s0-b300-a1.00,20003,0.5
BT-v1,RL-s0-b300-a1.00,20004,0.0
BT-v1,RL-s0-b300-a1.00,20005,0.25
BT-v1,RL-s0-b300-a1.00,20006,0.0
BT-v1,RL-s0-b300-a1.00,20007,0.5
BT-v1,RL-s0-b300-a1.00,20008,0.25
BT-v1,RL-s0-b300-a1.00,20009,0.5
BT-v1,RL-s0-b300-a1.00,20010,0.25
BT-v1,RL-s0-b300-a1.00,20011,0.25
BT-v1,RL-s0-b300-a1.00,20012,0.25
BT-v1,RL-s0-b300-a1.00,20013,0.0
BT-v1,RL-s0-b300-a1.00,20014,0.0
BT-v1,RL-s0-b300-a1.00,20015,0.25
BT-v1,RL-s0-b300-a1.00,20016,0.5
BT-v1,RL-s0-b300-a1.00,20017,0.5
BT-v1,RL-s0-b300-a1.00,20018,0.0
BT-v1,RL-s0-b300-a1.00,20019,0.25
BT-v1,RL-s0-b300-a1.00,20020,0.25
BT-v1,RL-s0-b300-a1.00,20021,0.25
BT-v1,RL-s0-b300-a1.00,20022,0.5
BT-v1,RL-s0-b300-a1.00,20023,0.0
BT-v1,RL-s0-b300-a1.00,20024,0.25
BT-v1,RL-s0-b300-a1.00,20025,0.0
BT-v1,RL-s0-b300-a1.00,20026,0.25
BT-v1,RL-s0-b300-a1.00,20027,0.0
BT-v1,RL-s0-b300-a1.00,20028,0.25
BT-v1,RL-s0-b300-a1.00,20029,0.5
BT-v1,RL-s10-b300-a1.00,20000,0.0
BT-v1,RL-s10-b300-a1.00,20001,0.5
BT-v1,RL-s10-b300-a1.00,20002,0.0
BT-v1,RL-s10-b300-a1.00,20003,0.25
BT-v1,RL-s10-b300-a1.00,20004,0.0
BT-v1,RL-s10-b300-a1.00,20005,0.5
BT-v1,RL-s10-b300-a1.00,20006,0.0
BT-v1,RL-s10-b300-a1.00,20007,0.25
BT-v1,RL-s10-b300-a1.00,20008,0.25
BT-v1,RL-s10-b300-a1.00,20009,0.25
BT-v1,RL-s10-b300-a1.00,20010,0.5
BT-v1,RL-s10-b300-a1.00,20011,0.0
BT-v1,RL-s10-b300-a1.00,20012,0.25
BT-v1,RL-s10-b300-a1.00,20013,0.0
BT-v1,RL-s10-b300-a1.00,20014,0.0
BT-v1,RL-s10-b300-a1.00,20015,0.0
BT-v1,RL-s10-b300-a1.00,20016,0.5
BT-v1,RL-s10-b300-a1.00,20017,0.25
BT-v1,RL-s10-b300-a1.00,20018,0.0
BT-v1,RL-s10-b300-a1.00,20019,0.0
BT-v1,RL-s10-b300-a1.00,20020,0.0
BT-v1,RL-s10-b300-a1.00,20021,0.25
BT-v1,RL-s10-b300-a1.00,20022,0.0
BT-v1,RL-s10-b300-a1.00,20023,0.0
BT-v1,RL-s10-b300-a1.00,20024,0.0
BT-v1,RL-s10-b300-a1.00,20025,0.0
BT-v1,RL-s10-b300-a1.00,20026,0.0
BT-v1,RL-s10-b300-a1.00,20027,0.0
BT-v1,RL-s10-b300-a1.00,20028,0.0
BT-v1,RL-s10-b300-a1.00,20029,0.5
BT-v1,RL-s11-b300-a1.00,20000,0.0
BT-v1,RL-s11-b300-a1.00,20001,0.5
BT-v1,RL-s11-b300-a1.00,20002,0.25
BT-v1,RL-s11-b300-a1.00,20003,0.25
BT-v1,RL-s11-b300-a1.00,20004,0.0
BT-v1,RL-s11-b300-a1.00,20005,0.5
BT-v1,RL-s11-b300-a1.00,20006,0.0
BT-v1,RL-s11-b300-a1.00,20007,0.5
BT-v1,RL-s11-b300-a1.00,20008,0.25
BT-v1,RL-s11-b300-a1.00,20009,0.5
BT-v1,RL-s11-b300-a1.00,20010,0.25
BT-v1,RL-s11-b300-a1.00,20011,0.25
BT-v1,RL-s11-b300-a1.00,20012,0.25
BT-v1,RL-s11-b300-a1.00,20013,0.0
BT-v1,RL-s11-b300-a1.00,20014,0.0
BT-v1,RL-s11-b300-a1.00,20015,0.25
BT-v1,RL-s11-b300-a1.00,20016,0.5
BT-v1,RL-s11-b300-a1.00,20017,0.25
BT-v1,RL-s11-b300-a1.00,20018,0.0
BT-v1,RL-s11-b300-a1.00,20019,0.25
BT-v1,RL-s11-b300-a1.00,20020,0.0
BT-v1,RL-s11-b300-a1.00,20021,0.25
BT-v1,RL-s11-b300-a1.00,20022,0.25
BT-v1,RL-s11-b300-a1.00,20023,0.25
BT-v1,RL-s11-b300-a1.00,20024,0.5
BT-v1,RL-s11-b300-a1.00,20025,0.0
BT-v1,RL-s11-b300-a1.00,20026,0.0
BT-v1,RL-s11-b300-a1.00,20027,0.25
BT-v1,RL-s11-b300-a1.00,20028,0.0
BT-v1,RL-s11-b300-a1.00,20029,0.5
BT-v1,RL-s12-b300-a1.00,20000,0.0
BT-v1,RL-s12-b300-a1.00,20001,0.5
BT-v1,RL-s12-b300-a1.00,20002,0.25
BT-v1,RL-s12-b300-a1.00,20003,0.25
BT-v1,RL-s12-b300-a1.00,20004,0.0
BT-v1,RL-s12-b300-a1.00,20005,0.5
BT-v1,RL-s12-b300-a1.00,20006,0.0
BT-v1,RL-s12-b300-a1.00,20007,0.5
BT-v1,RL-s12-b300-a1.00,20008,0.25
BT-v1,RL-s12-b300-a1.00,20009,0.25
BT-v1,RL-s12-b300-a1.00,20010,0.25
BT-v1,RL-s12-b300-a1.00,20011,0.25
BT-v1,RL-s12-b300-a1.00,20012,0.0
BT-v1,RL-s12-b300-a1.00,20013,0.25
BT-v1,RL-s12-b300-a1.00,20014,0.0
BT-v1,RL-s12-b300-a1.00,20015,0.0
BT-v1,RL-s12-b300-a1.00,20016,0.5
BT-v1,RL-s12-b300-a1.00,20017,0.25
BT-v1,RL-s12-b300-a1.00,20018,0.0
BT-v1,RL-s12-b300-a1.00,20019,0.0
BT-v1,RL-s12-b300-a1.00,20020,0.0
BT-v1,RL-s12-b300-a1.00,20021,0.25
BT-v1,RL-s12-b300-a1.00,20022,0.0
BT-v1,RL-s12-b300-a1.00,20023,0.25
BT-v1,RL-s12-b300-a1.00,20024,0.0
BT-v1,RL-s12-b300-a1.00,20025,0.0
BT-v1,RL-s12-b300-a1.00,20026,0.0
BT-v1,RL-s12-b300-a1.00,20027,0.0
BT-v1,RL-s12-b300-a1.00,20028,0.0
BT-v1,RL-s12-b300-a1.00,20029,0.5
BT-v1,RL-s13-b300-a1.00,20000,0.0
BT-v1,RL-s13-b300-a1.00,20001,0.5
BT-v1,RL-s13-b300-a1.00,20002,0.25
BT-v1,RL-s13-b300-a1.00,20003,0.25
BT-v1,RL-s13-b300-a1.00,20004,0.0
BT-v1,RL-s13-b300-a1.00,20005,0.25
BT-v1,RL-s13-b300-a1.00,20006,0.0
BT-v1,RL-s13-b300-a1.00,20007,0.5
BT-v1,RL-s13-b300-a1.00,20008,0.0
BT-v1,RL-s13-b300-a1.00,20009,0.25
BT-v1,RL-s13-b300-a1.00,20010,0.25
BT-v1,RL-s13-b300-a1.00,20011,0.25
BT-v1,RL-s13-b300-a1.00,20012,0.0
BT-v1,RL-s13-b300-a1.00,20013,0.0
BT-v1,RL-s13-b300-a1.00,20014,0.0
BT-v1,RL-s13-b300-a1.00,20015,0.5
BT-v1,RL-s13-b300-a1.00,20016,0.5
BT-v1,RL-s13-b300-a1.00,20017,0.25
BT-v1,RL-s13-b300-a1.00,20018,0.0
BT-v1,RL-s13-b300-a1.00,20019,0.0
BT-v1,RL-s13-b300-a1.00,20020,0.0
BT-v1,RL-s13-b300-a1.00,20021,0.25
BT-v1,RL-s13-b300-a1.00,20022,0.0
BT-v1,RL-s13-b300-a1.00,20023,0.0
BT-v1,RL-s13-b300-a1.00,20024,0.25
BT-v1,RL-s13-b300-a1.00,20025,0.0
BT-v1,RL-s13-b300-a1.00,20026,0.0
BT-v1,RL-s13-b300-a1.00,20027,0.0
BT-v1,RL-s13-b300-a1.00,20028,0.0
BT-v1,RL-s13-b300-a1.00,20029,0.5
BT-v1,RL-s14-b300-a1.00,20000,0.0
BT-v1,RL-s14-b300-a1.00,20001,0.5
BT-v1,RL-s14-b300-a1.00,20002,0.25
BT-v1,RL-s14-b300-a1.00,20003,0.5
BT-v1,RL-s14-b300-a1.00,20004,0.0
BT-v1,RL-s14-b300-a1.00,20005,0.5
BT-v1,RL-s14-b300-a1.00,20006,0.0
BT-v1,RL-s14-b300-a1.00,20007,0.5
BT-v1,RL-s14-b300-a1.00,20008,0.25
BT-v1,RL-s14-b300-a1.00,20009,0.5
BT-v1,RL-s14-b300-a1.00,20010,0.5
BT-v1,RL-s14-b300-a1.00,20011,0.25
BT-v1,RL-s14-b300-a1.00,20012,0.0
BT-v1,RL-s14-b300-a1.00,20013,0.25
BT-v1,RL-s14-b300-a1.00,20014,0.0
BT-v1,RL-s14-b300-a1.00,20015,0.0
BT-v1,RL-s14-b300-a1.00,20016,0.5
BT-v1,RL-s14-b300-a1.00,20017,0.25
BT-v1,RL-s14-b300-a1.00,20018,0.0
BT-v1,RL-s14-b300-a1.00,20019,0.0
BT-v1,RL-s14-b300-a1.00,20020,0.0
BT-v1,RL-s14-b300-a1.00,20021,0.25
BT-v1,RL-s14-b300-a1.00,20022,0.25
BT-v1,RL-s14-b300-a1.00,20023,0.25
BT-v1,RL-s14-b300-a1.00,20024,0.25
BT-v1,RL-s14-b300-a1.00,20025,0.0
BT-v1,RL-s14-b300-a1.00,20026,0.0
BT-v1,RL-s14-b300-a1.00,20027,0.0
BT-v1,RL-s14-b300-a1.00,20028,0.0
BT-v1,RL-s14-b300-a1.00,20029,0.5
BT-v1,RL-s15-b300-a1.00,20000,0.0
BT-v1,RL-s15-b300-a1.00,20001,0.5
BT-v1,RL-s15-b300-a1.00,20002,0.25
BT-v1,RL-s15-b300-a1.00,20003,0.5
BT-v1,RL-s15-b300-a1.00,20004,0.25
BT-v1,RL-s15-b300-a1.00,20005,0.5
BT-v1,RL-s15-b300-a1.00,20006,0.0
BT-v1,RL-s15-b300-a1.00,20007,0.5
BT-v1,RL-s15-b300-a1.00,20008,0.25
BT-v1,RL-s15-b300-a1.00,20009,0.5
BT-v1,RL-s15-b300-a1.00,20010,0.25
BT-v1,RL-s15-b300-a1.00,20011,0.25
BT-v1,RL-s15-b300-a1.00,20012,0.0
BT-v1,RL-s15-b300-a1.00,20013,0.0
BT-v1,RL-s15-b300-a1.00,20014,0.0
BT-v1,RL-s15-b300-a1.00,20015,0.0
BT-v1,RL-s15-b300-a1.00,20016,0.5
BT-v1,RL-s15-b300-a1.00,20017,0.25
BT-v1,RL-s15-b300-a1.00,20018,0.0
BT-v1,RL-s15-b300-a1.00,20019,0.0
BT-v1,RL-s15-b300-a1.00,20020,0.0
BT-v1,RL-s15-b300-a1.00,20021,0.25
BT-v1,RL-s15-b300-a1.00,20022,0.25
BT-v1,RL-s15-b300-a1.00,20023,0.25
BT-v1,RL-s15-b300-a1.00,20024,0.0
BT-v1,RL-s15-b300-a1.00,20025,0.0
BT-v1,RL-s15-b300-a1.00,20026,0.0
BT-v1,RL-s15-b300-a1.00,20027,0.0
BT-v1,RL-s15-b300-a1.00,20028,0.0
BT-v1,RL-s15-b300-a1.00,20029,0.5
BT-v1,RL-s16-b300-a1.00,20000,0.0
BT-v1,RL-s16-b300-a1.00,20001,0.5
BT-v1,RL-s16-b300-a1.00,20002,0.5
BT-v1,RL-s16-b300-a1.00,20003,0.25
BT-v1,RL-s16-b300-a1.00,20004,0.0
BT-v1,RL-s16-b300-a1.00,20005,0.5
BT-v1,RL-s16-b300-a1.00,20006,0.0
BT-v1,RL-s16-b300-a1.00,20007,0.5
BT-v1,RL-s16-b300-a1.00,20008,0.25
BT-v1,RL-s16-b300-a1.00,20009,0.25
BT-v1,RL-s16-b300-a1.00,20010,0.5
BT-v1,RL-s16-b300-a1.00,20011,0.25
BT-v1,RL-s16-b300-a1.00,20012,0.0
BT-v1,RL-s16-b300-a1.00,20013,0.25
BT-v1,RL-s16-b300-a1.00,20014,0.0
BT-v1,RL-s16-b300-a1.00,20015,0.25
BT-v1,RL-s16-b300-a1.00,20016,0.5
BT-v1,RL-s16-b300-a1.00,20017,0.5
BT-v1,RL-s16-b300-a1.00,20018,0.25
BT-v1,RL-s16-b300-a1.00,20019,0.0
BT-v1,RL-s16-b300-a1.00,20020,0.0
BT-v1,RL-s16-b300-a1.00,20021,0.25
BT-v1,RL-s16-b300-a1.00,20022,0.0
BT-v1,RL-s16-b300-a1.00,20023,0.5
BT-v1,RL-s16-b300-a1.00,20024,0.0
BT-v1,RL-s16-b300-a1.00,20025,0.25
BT-v1,RL-s16-b300-a1.00,20026,0.0
BT-v1,RL-s16-b300-a1.00,20027,0.25
BT-v1,RL-s16-b300-a1.00,20028,0.25
BT-v1,RL-s16-b300-a1.00,20029,0.5
BT-v1,RL-s17-b300-a1.00,20000,0.0
BT-v1,RL-s17-b300-a1.00,20001,0.5
BT-v1,RL-s17-b300-a1.00,20002,0.25
BT-v1,RL-s17-b300-a1.00,20003,0.25
BT-v1,RL-s17-b300-a1.00,20004,0.0
BT-v1,RL-s17-b300-a1.00,20005,0.25
BT-v1,RL-s17-b300-a1.00,20006,0.25
BT-v1,RL-s17-b300-a1.00,20007,0.25
BT-v1,RL-s17-b300-a1.00,20008,0.25
BT-v1,RL-s17-b300-a1.00,20009,0.5
BT-v1,RL-s17-b300-a1.00,20010,0.25
BT-v1,RL-s17-b300-a1.00,20011,0.5
BT-v1,RL-s17-b300-a1.00,20012,0.5
BT-v1,RL-s17-b300-a1.00,20013,0.0
BT-v1,RL-s17-b300-a1.00,20014,0.0
BT-v1,RL-s17-b300-a1.00,20015,0.0
BT-v1,RL-s17-b300-a1.00,20016,0.5
BT-v1,RL-s17-b300-a1.00,20017,0.25
BT-v1,RL-s17-b300-a1.00,20018,0.0
BT-v1,RL-s17-b300-a1.00,20019,0.25
BT-v1,RL-s17-b300-a1.00,20020,0.0
BT-v1,RL-s17-b300-a1.00,20021,0.25
BT-v1,RL-s17-b300-a1.00,20022,0.25
BT-v1,RL-s17-b300-a1.00,20023,0.25
BT-v1,RL-s17-b300-a1.00,20024,0.25
BT-v1,RL-s17-b300-a1.00,20025,0.0
BT-v1,RL-s17-b300-a1.00,20026,0.5
BT-v1,RL-s17-b300-a1.00,20027,0.0
BT-v1,RL-s17-b300-a1.00,20028,0.0
BT-v1,RL-s17-b300-a1.00,20029,0.5
BT-v1,RL-s18-b300-a1.00,20000,0.25
BT-v1,RL-s18-b300-a1.00,20001,0.5
BT-v1,RL-s18-b300-a1.00,20002,0.5
BT-v1,RL-s18-b300-a1.00,20003,0.5
BT-v1,RL-s18-b300-a1.00,20004,0.0
BT-v1,RL-s18-b300-a1.00,20005,0.5
BT-v1,RL-s18-b300-a1.00,20006,0.0
BT-v1,RL-s18-b300-a1.00,20007,0.5
BT-v1,RL-s18-b300-a1.00,20008,0.0
BT-v1,RL-s18-b300-a1.00,20009,0.5
BT-v1,RL-s18-b300-a1.00,20010,0.25
BT-v1,RL-s18-b300-a1.00,20011,0.25
BT-v1,RL-s18-b300-a1.00,20012,0.25
BT-v1,RL-s18-b300-a1.00,20013,0.25
BT-v1,RL-s18-b300-a1.00,20014,0.0
BT-v1,RL-s18-b300-a1.00,20015,0.25
BT-v1,RL-s18-b300-a1.00,20016,0.5
BT-v1,RL-s18-b300-a1.00,20017,0.5
BT-v1,RL-s18-b300-a1.00,20018,0.0
BT-v1,RL-s18-b300-a1.00,20019,0.0
BT-v1,RL-s18-b300-a1.00,20020,0.25
BT-v1,RL-s18-b300-a1.00,20021,0.25
BT-v1,RL-s18-b300-a1.00,20022,0.0
BT-v1,RL-s18-b300-a1.00,20023,0.25
BT-v1,RL-s18-b300-a1.00,20024,0.25
BT-v1,RL-s18-b300-a1.00,20025,0.25
BT-v1,RL-s18-b300-a1.00,20026,0.0
BT-v1,RL-s18-b300-a1.00,20027,0.25
BT-v1,RL-s18-b300-a1.00,20028,0.5
BT-v1,RL-s18-b300-a1.00,20029,0.5
BT-v1,RL-s19-b300-a1.00,20000,0.0
BT-v1,RL-s19-b300-a1.00,20001,0.5
BT-v1,RL-s19-b300-a1.00,20002,0.0
BT-v1,RL-s19-b300-a1.00,20003,0.25
BT-v1,RL-s19-b300-a1.00,20004,0.0
BT-v1,RL-s19-b300-a1.00,20005,0.5
BT-v1,RL-s19-b300-a1.00,20006,0.0
BT-v1,RL-s19-b300-a1.00,20007,0.25
BT-v1,RL-s19-b300-a1.00,20008,0.0
BT-v1,RL-s19-b300-a1.00,20009,0.5
BT-v1,RL-s19-b300-a1.00,20010,0.25
BT-v1,RL-s19-b300-a1.00,20011,0.25
BT-v1,RL-s19-b300-a1.00,20012,0.0
BT-v1,RL-s19-b300-a1.00,20013,0.0
BT-v1,RL-s19-b300-a1.00,20014,0.0
BT-v1,RL-s19-b300-a1.00,20015,0.0
BT-v1,RL-s19-b300-a1.00,20016,0.25
BT-v1,RL-s19-b300-a1.00,20017,0.0
BT-v1,RL-s19-b300-a1.00,20018,0.0
BT-v1,RL-s19-b300-a1.00,20019,0.0
BT-v1,RL-s19-b300-a1.00,20020,0.0
BT-v1,RL-s19-b300-a1.00,20021,0.25
BT-v1,RL-s19-b300-a1.00,20022,0.0
BT-v1,RL-s19-b300-a1.00,20023,0.0
BT-v1,RL-s19-b300-a1.00,20024,0.0
BT-v1,RL-s19-b300-a1.00,20025,0.0
BT-v1,RL-s19-b300-a1.00,20026,0.0
BT-v1,RL-s19-b300-a1.00,20027,0.0
BT-v1,RL-s19-b300-a1.00,20028,0.0
BT-v1,RL-s19-b300-a1.00,20029,0.5
BT-v1,RL-s1-b300-a1.00,20000,0.0
BT-v1,RL-s1-b300-a1.00,20001,0.5
BT-v1,RL-s1-b300-a1.00,20002,0.25
BT-v1,RL-s1-b300-a1.00,20003,0.5
BT-v1,RL-s1-b300-a1.00,20004,0.0
BT-v1,RL-s1-b300-a1.00,20005,0.5
BT-v1,RL-s1-b300-a1.00,20006,0.0
BT-v1,RL-s1-b300-a1.00,20007,0.25
BT-v1,RL-s1-b300-a1.00,20008,0.25
BT-v1,RL-s1-b300-a1.00,20009,0.5
BT-v1,RL-s1-b300-a1.00,20010,0.25
BT-v1,RL-s1-b300-a1.00,20011,0.25
BT-v1,RL-s1-b300-a1.00,20012,0.0
BT-v1,RL-s1-b300-a1.00,20013,0.25
BT-v1,RL-s1-b300-a1.00,20014,0.0
BT-v1,RL-s1-b300-a1.00,20015,0.0
BT-v1,RL-s1-b300-a1.00,20016,0.5
BT-v1,RL-s1-b300-a1.00,20017,0.25
BT-v1,RL-s1-b300-a1.00,20018,0.0
BT-v1,RL-s1-b300-a1.00,20019,0.0
BT-v1,RL-s1-b300-a1.00,20020,0.0
BT-v1,RL-s1-b300-a1.00,20021,0.25
BT-v1,RL-s1-b300-a1.00,20022,0.0
BT-v1,RL-s1-b300-a1.00,20023,0.25
BT-v1,RL-s1-b300-a1.00,20024,0.0
BT-v1,RL-s1-b300-a1.00,20025,0.0
BT-v1,RL-s1-b300-a1.00,20026,0.0
BT-v1,RL-s1-b300-a1.00,20027,0.0
BT-v1,RL-s1-b300-a1.00,20028,0.0
BT-v1,RL-s1-b300-a1.00,20029,0.5
BT-v1,RL-s2-b300-a1.00,20000,0.0
BT-v1,RL-s2-b300-a1.00,20001,0.5
BT-v1,RL-s2-b300-a1.00,20002,0.25
BT-v1,RL-s2-b300-a1.00,20003,0.25
BT-v1,RL-s2-b300-a1.00,20004,0.0
BT-v1,RL-s2-b300-a1.00,20005,0.5
BT-v1,RL-s2-b300-a1.00,20006,0.0
BT-v1,RL-s2-b300-a1.00,20007,0.5
BT-v1,RL-s2-b300-a1.00,20008,0.0
BT-v1,RL-s2-b300-a1.00,20009,0.5
BT-v1,RL-s2-b300-a1.00,20010,0.25
BT-v1,RL-s2-b300-a1.00,20011,0.25
BT-v1,RL-s2-b300-a1.00,20012,0.5
BT-v1,RL-s2-b300-a1.00,20013,0.25
BT-v1,RL-s2-b300-a1.00,20014,0.0
BT-v1,RL-s2-b300-a1.00,20015,0.25
BT-v1,RL-s2-b300-a1.00,20016,0.5
BT-v1,RL-s2-b300-a1.00,20017,0.25
BT-v1,RL-s2-b300-a1.00,20018,0.0
BT-v1,RL-s2-b300-a1.00,20019,0.0
BT-v1,RL-s2-b300-a1.00,20020,0.0
BT-v1,RL-s2-b300-a1.00,20021,0.25
BT-v1,RL-s2-b300-a1.00,20022,0.0
BT-v1,RL-s2-b300-a1.00,20023,0.0
BT-v1,RL-s2-b300-a1.00,20024,0.25
BT-v1,RL-s2-b300-a1.00,20025,0.0
BT-v1,RL-s2-b300-a1.00,20026,0.0
BT-v1,RL-s2-b300-a1.00,20027,0.0
BT-v1,RL-s2-b300-a1.00,20028,0.0
BT-v1,RL-s2-b300-a1.00,20029,0.5
BT-v1,RL-s3-b300-a1.00,20000,0.0
BT-v1,RL-s3-b300-a1.00,20001,0.5
BT-v1,RL-s3-b300-a1.00,20002,0.25
BT-v1,RL-s3-b300-a1.00,20003,0.25
BT-v1,RL-s3-b300-a1.00,20004,0.0
BT-v1,RL-s3-b300-a1.00,20005,0.5
BT-v1,RL-s3-b300-a1.00,20006,0.0
BT-v1,RL-s3-b300-a1.00,20007,0.5
BT-v1,RL-s3-b300-a1.00,20008,0.0
BT-v1,RL-s3-b300-a1.00,20009,0.5
BT-v1,RL-s3-b300-a1.00,20010,0.25
BT-v1,RL-s3-b300-a1.00,20011,0.25
BT-v1,RL-s3-b300-a1.00,20012,0.0
BT-v1,RL-s3-b300-a1.00,20013,0.25
BT-v1,RL-s3-b300-a1.00,20014,0.0
BT-v1,RL-s3-b300-a1.00,20015,0.25
BT-v1,RL-s3-b300-a1.00,20016,0.5
BT-v1,RL-s3-b300-a1.00,20017,0.5
BT-v1,RL-s3-b300-a1.00,20018,0.0
BT-v1,RL-s3-b300-a1.00,20019,0.0
BT-v1,RL-s3-b300-a1.00,20020,0.0
BT-v1,RL-s3-b300-a1.00,20021,0.25
BT-v1,RL-s3-b300-a1.00,20022,0.0
BT-v1,RL-s3-b300-a1.00,20023,0.5
BT-v1,RL-s3-b300-a1.00,20024,0.0
BT-v1,RL-s3-b300-a1.00,20025,0.25
BT-v1,RL-s3-b300-a1.00,20026,0.0
BT-v1,RL-s3-b300-a1.00,20027,0.0
BT-v1,RL-s3-b300-a1.00,20028,0.25
BT-v1,RL-s3-b300-a1.00,20029,0.5
BT-v1,RL-s4-b300-a1.00,20000,0.0
BT-v1,RL-s4-b300-a1.00,20001,0.5
BT-v1,RL-s4-b300-a1.00,20002,0.0
BT-v1,RL-s4-b300-a1.00,20003,0.25
BT-v1,RL-s4-b300-a1.00,20004,0.25
BT-v1,RL-s4-b300-a1.00,20005,0.25
BT-v1,RL-s4-b300-a1.00,20006,0.0
BT-v1,RL-s4-b300-a1.00,20007,0.25
BT-v1,RL-s4-b300-a1.00,20008,0.0
BT-v1,RL-s4-b300-a1.00,20009,0.5
BT-v1,RL-s4-b300-a1.00,20010,0.25
BT-v1,RL-s4-b300-a1.00,20011,0.25
BT-v1,RL-s4-b300-a1.00,20012,0.25
BT-v1,RL-s4-b300-a1.00,20013,0.0
BT-v1,RL-s4-b300-a1.00,20014,0.0
BT-v1,RL-s4-b300-a1.00,20015,0.0
BT-v1,RL-s4-b300-a1.00,20016,0.25
BT-v1,RL-s4-b300-a1.00,20017,0.25
BT-v1,RL-s4-b300-a1.00,20018,0.0
BT-v1,RL-s4-b300-a1.00,20019,0.25
BT-v1,RL-s4-b300-a1.00,20020,0.0
BT-v1,RL-s4-b300-a1.00,20021,0.25
BT-v1,RL-s4-b300-a1.00,20022,0.25
BT-v1,RL-s4-b300-a1.00,20023,0.5
BT-v1,RL-s4-b300-a1.00,20024,0.0
BT-v1,RL-s4-b300-a1.00,20025,0.0
BT-v1,RL-s4-b300-a1.00,20026,0.25
BT-v1,RL-s4-b300-a1.00,20027,0.0
BT-v1,RL-s4-b300-a1.00,20028,0.0
BT-v1,RL-s4-b300-a1.00,20029,0.5
BT-v1,RL-s5-b300-a1.00,20000,0.0
BT-v1,RL-s5-b300-a1.00,20001,0.5
BT-v1,RL-s5-b300-a1.00,20002,0.25
BT-v1,RL-s5-b300-a1.00,20003,0.25
BT-v1,RL-s5-b300-a1.00,20004,0.0
BT-v1,RL-s5-b300-a1.00,20005,0.5
BT-v1,RL-s5-b300-a1.00,20006,0.25
BT-v1,RL-s5-b300-a1.00,20007,0.5
BT-v1,RL-s5-b300-a1.00,20008,0.0
BT-v1,RL-s5-b300-a1.00,20009,0.5
BT-v1,RL-s5-b300-a1.00,20010,0.25
BT-v1,RL-s5-b300-a1.00,20011,0.25
BT-v1,RL-s5-b300-a1.00,20012,0.0
BT-v1,RL-s5-b300-a1.00,20013,0.0
BT-v1,RL-s5-b300-a1.00,20014,0.0
BT-v1,RL-s5-b300-a1.00,20015,0.25
BT-v1,RL-s5-b300-a1.00,20016,0.5
BT-v1,RL-s5-b300-a1.00,20017,0.25
BT-v1,RL-s5-b300-a1.00,20018,0.0
BT-v1,RL-s5-b300-a1.00,20019,0.0
BT-v1,RL-s5-b300-a1.00,20020,0.25
BT-v1,RL-s5-b300-a1.00,20021,0.25
BT-v1,RL-s5-b300-a1.00,20022,0.0
BT-v1,RL-s5-b300-a1.00,20023,0.25
BT-v1,RL-s5-b300-a1.00,20024,0.25
BT-v1,RL-s5-b300-a1.00,20025,0.0
BT-v1,RL-s5-b300-a1.00,20026,0.25
BT-v1,RL-s5-b300-a1.00,20027,0.0
BT-v1,RL-s5-b300-a1.00,20028,0.0
BT-v1,RL-s5-b300-a1.00,20029,0.5
BT-v1,RL-s6-b300-a1.00,20000,0.0
BT-v1,RL-s6-b300-a1.00,20001,0.5
BT-v1,RL-s6-b300-a1.00,20002,0.0
BT-v1,RL-s6-b300-a1.00,20003,0.25
BT-v1,RL-s6-b300-a1.00,20004,0.0
BT-v1,RL-s6-b300-a1.00,20005,0.25
BT-v1,RL-s6-b300-a1.00,20006,0.0
BT-v1,RL-s6-b300-a1.00,20007,0.25
BT-v1,RL-s6-b300-a1.00,20008,0.0
BT-v1,RL-s6-b300-a1.00,20009,0.5
BT-v1,RL-s6-b300-a1.00,20010,0.5
BT-v1,RL-s6-b300-a1.00,20011,0.25
BT-v1,RL-s6-b300-a1.00,20012,0.0
BT-v1,RL-s6-b300-a1.00,20013,0.0
BT-v1,RL-s6-b300-a1.00,20014,0.0
BT-v1,RL-s6-b300-a1.00,20015,0.0
BT-v1,RL-s6-b300-a1.00,20016,0.25
BT-v1,RL-s6-b300-a1.00,20017,0.0
BT-v1,RL-s6-b300-a1.00,20018,0.0
BT-v1,RL-s6-b300-a1.00,20019,0.0
BT-v1,RL-s6-b300-a1.00,20020,0.0
BT-v1,RL-s6-b300-a1.00,20021,0.25
BT-v1,RL-s6-b300-a1.00,20022,0.0
BT-v1,RL-s6-b300-a1.00,20023,0.0
BT-v1,RL-s6-b300-a1.00,20024,0.25
BT-v1,RL-s6-b300-a1.00,20025,0.0
BT-v1,RL-s6-b300-a1.00,20026,0.0
BT-v1,RL-s6-b300-a1.00,20027,0.0
BT-v1,RL-s6-b300-a1.00,20028,0.0
BT-v1,RL-s6-b300-a1.00,20029,0.5
BT-v1,RL-s7-b300-a1.00,20000,0.0
BT-v1,RL-s7-b300-a1.00,20001,0.5
BT-v1,RL-s7-b300-a1.00,20002,0.25
BT-v1,RL-s7-b300-a1.00,20003,0.25
BT-v1,RL-s7-b300-a1.00,20004,0.0
BT-v1,RL-s7-b300-a1.00,20005,0.5
BT-v1,RL-s7-b300-a1.00,20006,0.0
BT-v1,RL-s7-b300-a1.00,20007,0.5
BT-v1,RL-s7-b300-a1.00,20008,0.25
BT-v1,RL-s7-b300-a1.00,20009,0.5
BT-v1,RL-s7-b300-a1.00,20010,0.25
BT-v1,RL-s7-b300-a1.00,20011,0.25
BT-v1,RL-s7-b300-a1.00,20012,0.25
BT-v1,RL-s7-b300-a1.00,20013,0.0
BT-v1,RL-s7-b300-a1.00,20014,0.0
BT-v1,RL-s7-b300-a1.00,20015,0.0
BT-v1,RL-s7-b300-a1.00,20016,0.5
BT-v1,RL-s7-b300-a1.00,20017,0.25
BT-v1,RL-s7-b300-a1.00,20018,0.0
BT-v1,RL-s7-b300-a1.00,20019,0.0
BT-v1,RL-s7-b300-a1.00,20020,0.0
BT-v1,RL-s7-b300-a1.00,20021,0.25
BT-v1,RL-s7-b300-a1.00,20022,0.0
BT-v1,RL-s7-b300-a1.00,20023,0.0
BT-v1,RL-s7-b300-a1.00,20024,0.0
BT-v1,RL-s7-b300-a1.00,20025,0.0
BT-v1,RL-s7-b300-a1.00,20026,0.0
BT-v1,RL-s7-b300-a1.00,20027,0.0
BT-v1,RL-s7-b300-a1.00,20028,0.0
BT-v1,RL-s7-b300-a1.00,20029,0.5
BT-v1,RL-s8-b300-a1.00,20000,0.0
BT-v1,RL-s8-b300-a1.00,20001,0.5
BT-v1,RL-s8-b300-a1.00,20002,0.5
BT-v1,RL-s8-b300-a1.00,20003,0.25
BT-v1,RL-s8-b300-a1.00,20004,0.25
BT-v1,RL-s8-b300-a1.00,20005,0.5
BT-v1,RL-s8-b300-a1.00,20006,0.0
BT-v1,RL-s8-b300-a1.00,20007,0.25
BT-v1,RL-s8-b300-a1.00,20008,0.25
BT-v1,RL-s8-b300-a1.00,20009,0.5
BT-v1,RL-s8-b300-a1.00,20010,0.25
BT-v1,RL-s8-b300-a1.00,20011,0.25
BT-v1,RL-s8-b300-a1.00,20012,0.25
BT-v1,RL-s8-b300-a1.00,20013,0.25
BT-v1,RL-s8-b300-a1.00,20014,0.5
BT-v1,RL-s8-b300-a1.00,20015,0.0
BT-v1,RL-s8-b300-a1.00,20016,0.5
BT-v1,RL-s8-b300-a1.00,20017,0.25
BT-v1,RL-s8-b300-a1.00,20018,0.0
BT-v1,RL-s8-b300-a1.00,20019,0.25
BT-v1,RL-s8-b300-a1.00,20020,0.0
BT-v1,RL-s8-b300-a1.00,20021,0.25
BT-v1,RL-s8-b300-a1.00,20022,0.25
BT-v1,RL-s8-b300-a1.00,20023,0.0
BT-v1,RL-s8-b300-a1.00,20024,0.0
BT-v1,RL-s8-b300-a1.00,20025,0.0
BT-v1,RL-s8-b300-a1.00,20026,0.0
BT-v1,RL-s8-b300-a1.00,20027,0.0
BT-v1,RL-s8-b300-a1.00,20028,0.0
BT-v1,RL-s8-b300-a1.00,20029,0.5
BT-v1,RL-s9-b300-a1.00,20000,0.0
BT-v1,RL-s9-b300-a1.00,20001,0.5
BT-v1,RL-s9-b300-a1.00,20002,0.25
BT-v1,RL-s9-b300-a1.00,20003,0.25
BT-v1,RL-s9-b300-a1.00,20004,0.0
BT-v1,RL-s9-b300-a1.00,20005,0.5
BT-v1,RL-s9-b300-a1.00,20006,0.0
BT-v1,RL-s9-b300-a1.00,20007,0.5
BT-v1,RL-s9-b300-a1.00,20008,0.0
BT-v1,RL-s9-b300-a1.00,20009,0.5
BT-v1,RL-s9-b300-a1.00,20010,0.25
BT-v1,RL-s9-b300-a1.00,20011,0.25
BT-v1,RL-s9-b300-a1.00,20012,0.0
BT-v1,RL-s9-b300-a1.00,20013,0.0
BT-v1,RL-s9-b300-a1.00,20014,0.0
BT-v1,RL-s9-b300-a1.00,20015,0.0
BT-v1,RL-s9-b300-a1.00,20016,0.5
BT-v1,RL-s9-b300-a1.00,20017,0.25
BT-v1,RL-s9-b300-a1.00,20018,0.0
BT-v1,RL-s9-b300-a1.00,20019,0.0
BT-v1,RL-s9-b300-a1.00,20020,0.0
BT-v1,RL-s9-b300-a1.00,20021,0.25
BT-v1,RL-s9-b300-a1.00,20022,0.0
BT-v1,RL-s9-b300-a1.00,20023,0.0
BT-v1,RL-s9-b300-a1.00,20024,0.0
BT-v1,RL-s9-b300-a1.00,20025,0.0
BT-v1,RL-s9-b300-a1.00,20026,0.0
BT-v1,RL-s9-b300-a1.00,20027,0.0
BT-v1,RL-s9-b300-a1.00,20028,0.0
BT-v1,RL-s9-b300-a1.00,20029,0.5
BT-v1,BTO-s0-b300,20000,0.25
BT-v1,BTO-s0-b300,20001,0.5
BT-v1,BTO-s0-b300,20002,0.5
BT-v1,BTO-s0-b300,20003,0.25
BT-v1,BTO-s0-b300,20004,0.0
BT-v1,BTO-s0-b300,20005,0.5
BT-v1,BTO-s0-b300,20006,0.0
BT-v1,BTO-s0-b300,20007,0.5
BT-v1,BTO-s0-b300,20008,0.25
BT-v1,BTO-s0-b300,20009,0.5
BT-v1,BTO-s0-b300,20010,0.25
BT-v1,BTO-s0-b300,20011,0.25
BT-v1,BTO-s0-b300,20012,0.25
BT-v1,BTO-s0-b300,20013,0.0
BT-v1,BTO-s0-b300,20014,0.0
BT-v1,BTO-s0-b300,20015,0.25
BT-v1,BTO-s0-b300,20016,0.5
BT-v1,BTO-s0-b300,20017,0.5
BT-v1,BTO-s0-b300,20018,0.0
BT-v1,BTO-s0-b300,20019,0.0
BT-v1,BTO-s0-b300,20020,0.25
BT-v1,BTO-s0-b300,20021,0.25
BT-v1,BTO-s0-b300,20022,0.25
BT-v1,BTO-s0-b300,20023,0.0
BT-v1,BTO-s0-b300,20024,0.0
BT-v1,BTO-s0-b300,20025,0.0
BT-v1,BTO-s0-b300,20026,0.0
BT-v1,BTO-s0-b300,20027,0.0
BT-v1,BTO-s0-b300,20028,0.0
BT-v1,BTO-s0-b300,20029,0.5
BT-v1,BTO-s1-b300,20000,0.0
BT-v1,BTO-s1-b300,20001,0.5
BT-v1,BTO-s1-b300,20002,0.25
BT-v1,BTO-s1-b300,20003,0.5
BT-v1,BTO-s1-b300,20004,0.0
BT-v1,BTO-s1-b300,20005,0.5
BT-v1,BTO-s1-b300,20006,0.0
BT-v1,BTO-s1-b300,20007,0.5
BT-v1,BTO-s1-b300,20008,0.25
BT-v1,BTO-s1-b300,20009,0.5
BT-v1,BTO-s1-b300,20010,0.5
BT-v1,BTO-s1-b300,20011,0.25
BT-v1,BTO-s1-b300,20012,0.25
BT-v1,BTO-s1-b300,20013,0.0
BT-v1,BTO-s1-b300,20014,0.0
BT-v1,BTO-s1-b300,20015,0.25
BT-v1,BTO-s1-b300,20016,0.5
BT-v1,BTO-s1-b300,20017,0.5
BT-v1,BTO-s1-b300,20018,0.0
BT-v1,BTO-s1-b300,20019,0.0
BT-v1,BTO-s1-b300,20020,0.0
BT-v1,BTO-s1-b300,20021,0.25
BT-v1,BTO-s1-b300,20022,0.0
BT-v1,BTO-s1-b300,20023,0.0
BT-v1,BTO-s1-b300,20024,0.0
BT-v1,BTO-s1-b300,20025,0.0
BT-v1,BTO-s1-b300,20026,0.0
BT-v1,BTO-s1-b300,20027,0.0
BT-v1,BTO-s1-b300,20028,0.0
BT-v1,BTO-s1-b300,20029,0.5
BT-v1,BTO-s2-b300,20000,0.0
BT-v1,BTO-s2-b300,20001,0.5
BT-v1,BTO-s2-b300,20002,0.5
BT-v1,BTO-s2-b300,20003,0.25
BT-v1,BTO-s2-b300,20004,0.0
BT-v1,BTO-s2-b300,20005,0.5
BT-v1,BTO-s2-b300,20006,0.0
BT-v1,BTO-s2-b300,20007,0.5
BT-v1,BTO-s2-b300,20008,0.25
BT-v1,BTO-s2-b300,20009,0.5
BT-v1,BTO-s2-b300,20010,0.25
BT-v1,BTO-s2-b300,20011,0.25
BT-v1,BTO-s2-b300,20012,0.25
BT-v1,BTO-s2-b300,20013,0.0
BT-v1,BTO-s2-b300,20014,0.0
BT-v1,BTO-s2-b300,20015,0.5
BT-v1,BTO-s2-b300,20016,0.5
BT-v1,BTO-s2-b300,20017,0.5
BT-v1,BTO-s2-b300,20018,0.0
BT-v1,BTO-s2-b300,20019,0.0
BT-v1,BTO-s2-b300,20020,0.25
BT-v1,BTO-s2-b300,20021,0.25
BT-v1,BTO-s2-b300,20022,0.25
BT-v1,BTO-s2-b300,20023,0.0
BT-v1,BTO-s2-b300,20024,0.0
BT-v1,BTO-s2-b300,20025,0.0
BT-v1,BTO-s2-b300,20026,0.0
BT-v1,BTO-s2-b300,20027,0.0
BT-v1,BTO-s2-b300,20028,0.0
BT-v1,BTO-s2-b300,20029,0.5
BT-v1,POOL-s0-b1000,20000,0.0
BT-v1,POOL-s0-b1000,20001,0.5
BT-v1,POOL-s0-b1000,20002,0.25
BT-v1,POOL-s0-b1000,20003,0.25
BT-v1,POOL-s0-b1000,20004,0.25
BT-v1,POOL-s0-b1000,20005,0.5
BT-v1,POOL-s0-b1000,20006,0.0
BT-v1,POOL-s0-b1000,20007,0.5
BT-v1,POOL-s0-b1000,20008,0.0
BT-v1,POOL-s0-b1000,20009,0.25
BT-v1,POOL-s0-b1000,20010,0.5
BT-v1,POOL-s0-b1000,20011,0.25
BT-v1,POOL-s0-b1000,20012,0.25
BT-v1,POOL-s0-b1000,20013,0.0
BT-v1,POOL-s0-b1000,20014,0.0
BT-v1,POOL-s0-b1000,20015,0.0
BT-v1,POOL-s0-b1000,20016,0.5
BT-v1,POOL-s0-b1000,20017,0.25
BT-v1,POOL-s0-b1000,20018,0.0
BT-v1,POOL-s0-b1000,20019,0.25
BT-v1,POOL-s0-b1000,20020,0.0
BT-v1,POOL-s0-b1000,20021,0.25
BT-v1,POOL-s0-b1000,20022,0.0
BT-v1,POOL-s0-b1000,20023,0.25
BT-v1,POOL-s0-b1000,20024,0.0
BT-v1,POOL-s0-b1000,20025,0.0
BT-v1,POOL-s0-b1000,20026,0.0
BT-v1,POOL-s0-b1000,20027,0.0
BT-v1,POOL-s0-b1000,20028,0.0
BT-v1,POOL-s0-b1000,20029,0.5
BT-v1,POOL-s1-b1000,20000,0.0
BT-v1,POOL-s1-b1000,20001,0.5
BT-v1,POOL-s1-b1000,20002,0.0
BT-v1,POOL-s1-b1000,20003,0.25
BT-v1,POOL-s1-b1000,20004,0.0
BT-v1,POOL-s1-b1000,20005,0.5
BT-v1,POOL-s1-b1000,20006,0.0
BT-v1,POOL-s1-b1000,20007,0.5
BT-v1,POOL-s1-b1000,20008,0.0
BT-v1,POOL-s1-b1000,20009,0.5
BT-v1,POOL-s1-b1000,20010,0.25
BT-v1,POOL-s1-b1000,20011,0.25
BT-v1,POOL-s1-b1000,20012,0.0
BT-v1,POOL-s1-b1000,20013,0.0
BT-v1,POOL-s1-b1000,20014,0.0
BT-v1,POOL-s1-b1000,20015,0.0
BT-v1,POOL-s1-b1000,20016,0.5
BT-v1,POOL-s1-b1000,20017,0.5
BT-v1,POOL-s1-b1000,20018,0.0
BT-v1,POOL-s1-b1000,20019,0.0
BT-v1,POOL-s1-b1000,20020,0.0
BT-v1,POOL-s1-b1000,20021,0.25
BT-v1,POOL-s1-b1000,20022,0.0
BT-v1,POOL-s1-b1000,20023,0.25
BT-v1,POOL-s1-b1000,20024,0.0
BT-v1,POOL-s1-b1000,20025,0.0
BT-v1,POOL-s1-b1000,20026,0.0
BT-v1,POOL-s1-b1000,20027,0.0
BT-v1,POOL-s1-b1000,20028,0.0
BT-v1,POOL-s1-b1000,20029,0.5
BT-v1,POOL-s2-b1000,20000,0.0
BT-v1,POOL-s2-b1000,20001,0.5
BT-v1,POOL-s2-b1000,20002,0.0
BT-v1,POOL-s2-b1000,20003,0.25
BT-v1,POOL-s2-b1000,20004,0.0
BT-v1,POOL-s2-b1000,20005,0.5
BT-v1,POOL-s2-b1000,20006,0.5
BT-v1,POOL-s2-b1000,20007,0.5
BT-v1,POOL-s2-b1000,20008,0.5
BT-v1,POOL-s2-b1000,20009,0.5
BT-v1,POOL-s2-b1000,20010,0.25
BT-v1,POOL-s2-b1000,20011,0.25
BT-v1,POOL-s2-b1000,20012,0.25
BT-v1,POOL-s2-b1000,20013,0.0
BT-v1,POOL-s2-b1000,20014,0.0
BT-v1,POOL-s2-b1000,20015,0.0
BT-v1,POOL-s2-b1000,20016,0.5
BT-v1,POOL-s2-b1000,20017,0.25
BT-v1,POOL-s2-b1000,20018,0.0
BT-v1,POOL-s2-b1000,20019,0.0
BT-v1,POOL-s2-b1000,20020,0.0
BT-v1,POOL-s2-b1000,20021,0.25
BT-v1,POOL-s2-b1000,20022,0.0
BT-v1,POOL-s2-b1000,20023,0.0
BT-v1,POOL-s2-b1000,20024,0.0
BT-v1,POOL-s2-b1000,20025,0.0
BT-v1,POOL-s2-b1000,20026,0.25
BT-v1,POOL-s2-b1000,20027,0.0
BT-v1,POOL-s2-b1000,20028,0.0
BT-v1,POOL-s2-b1000,20029,0.5
BT-v1,POOL-s3-b1000,20000,0.0
BT-v1,POOL-s3-b1000,20001,0.5
BT-v1,POOL-s3-b1000,20002,0.25
BT-v1,POOL-s3-b1000,20003,0.25
BT-v1,POOL-s3-b1000,20004,0.0
BT-v1,POOL-s3-b1000,20005,0.5
BT-v1,POOL-s3-b1000,20006,0.0
BT-v1,POOL-s3-b1000,20007,0.5
BT-v1,POOL-s3-b1000,20008,0.25
BT-v1,POOL-s3-b1000,20009,0.25
BT-v1,POOL-s3-b1000,20010,0.25
BT-v1,POOL-s3-b1000,20011,0.25
BT-v1,POOL-s3-b1000,20012,0.25
BT-v1,POOL-s3-b1000,20013,0.0
BT-v1,POOL-s3-b1000,20014,0.0
BT-v1,POOL-s3-b1000,20015,0.0
BT-v1,POOL-s3-b1000,20016,0.5
BT-v1,POOL-s3-b1000,20017,0.25
BT-v1,POOL-s3-b1000,20018,0.0
BT-v1,POOL-s3-b1000,20019,0.0
BT-v1,POOL-s3-b1000,20020,0.0
BT-v1,POOL-s3-b1000,20021,0.25
BT-v1,POOL-s3-b1000,20022,0.0
BT-v1,POOL-s3-b1000,20023,0.0
BT-v1,POOL-s3-b1000,20024,0.0
BT-v1,POOL-s3-b1000,20025,0.0
BT-v1,POOL-s3-b1000,20026,0.0
BT-v1,POOL-s3-b1000,20027,0.0
BT-v1,POOL-s3-b1000,20028,0.25
BT-v1,POOL-s3-b1000,20029,0.5
BT-v1,POOL-s4-b1000,20000,0.0
BT-v1,POOL-s4-b1000,20001,0.5
BT-v1,POOL-s4-b1000,20002,0.5
BT-v1,POOL-s4-b1000,20003,0.25
BT-v1,POOL-s4-b1000,20004,0.0
BT-v1,POOL-s4-b1000,20005,0.5
BT-v1,POOL-s4-b1000,20006,0.0
BT-v1,POOL-s4-b1000,20007,0.5
BT-v1,POOL-s4-b1000,20008,0.0
BT-v1,POOL-s4-b1000,20009,0.5
BT-v1,POOL-s4-b1000,20010,0.5
BT-v1,POOL-s4-b1000,20011,0.25
BT-v1,POOL-s4-b1000,20012,0.0
BT-v1,POOL-s4-b1000,20013,0.0
BT-v1,POOL-s4-b1000,20014,0.0
BT-v1,POOL-s4-b1000,20015,0.25
BT-v1,POOL-s4-b1000,20016,0.5
BT-v1,POOL-s4-b1000,20017,0.25
BT-v1,POOL-s4-b1000,20018,0.25
BT-v1,POOL-s4-b1000,20019,0.0
BT-v1,POOL-s4-b1000,20020,0.0
BT-v1,POOL-s4-b1000,20021,0.25
BT-v1,POOL-s4-b1000,20022,0.25
BT-v1,POOL-s4-b1000,20023,0.25
BT-v1,POOL-s4-b1000,20024,0.0
BT-v1,POOL-s4-b1000,20025,0.0
BT-v1,POOL-s4-b1000,20026,0.25
BT-v1,POOL-s4-b1000,20027,0.0
BT-v1,POOL-s4-b1000,20028,0.0
BT-v1,POOL-s4-b1000,20029,0.5
BT-v2,BT-v3,20000,0.25
BT-v2,BT-v3,20001,1.0
BT-v2,BT-v3,20002,1.0
BT-v2,BT-v3,20003,1.0
BT-v2,BT-v3,20004,1.0
BT-v2,BT-v3,20005,0.5
BT-v2,BT-v3,20006,1.0
BT-v2,BT-v3,20007,0.75
BT-v2,BT-v3,20008,0.5
BT-v2,BT-v3,20009,1.0
BT-v2,BT-v3,20010,1.0
BT-v2,BT-v3,20011,1.0
BT-v2,BT-v3,20012,1.0
BT-v2,BT-v3,20013,0.5
BT-v2,BT-v3,20014,1.0
BT-v2,BT-v3,20015,0.5
BT-v2,BT-v3,20016,1.0
BT-v2,BT-v3,20017,1.0
BT-v2,BT-v3,20018,1.0
BT-v2,BT-v3,20019,1.0
BT-v2,BT-v3,20020,0.75
BT-v2,BT-v3,20021,1.0
BT-v2,BT-v3,20022,1.0
BT-v2,BT-v3,20023,0.5
BT-v2,BT-v3,20024,1.0
BT-v2,BT-v3,20025,1.0
BT-v2,BT-v3,20026,1.0
BT-v2,BT-v3,20027,0.75
BT-v2,BT-v3,20028,1.0
BT-v2,BT-v3,20029,1.0
BT-v2,RL-s0-b300-a1.00,20000,0.0
BT-v2,RL-s0-b300-a1.00,20001,0.5
BT-v2,RL-s0-b300-a1.00,20002,0.0
BT-v2,RL-s0-b300-a1.00,20003,0.5
BT-v2,RL-s0-b300-a1.00,20004,0.5
BT-v2,RL-s0-b300-a1.00,20005,0.25
BT-v2,RL-s0-b300-a1.00,20006,0.5
BT-v2,RL-s0-b300-a1.00,20007,0.0
BT-v2,RL-s0-b300-a1.00,20008,0.25
BT-v2,RL-s0-b300-a1.00,20009,0.25
BT-v2,RL-s0-b300-a1.00,20010,0.25
BT-v2,RL-s0-b300-a1.00,20011,0.5
BT-v2,RL-s0-b300-a1.00,20012,0.5
BT-v2,RL-s0-b300-a1.00,20013,0.0
BT-v2,RL-s0-b300-a1.00,20014,0.25
BT-v2,RL-s0-b300-a1.00,20015,0.0
BT-v2,RL-s0-b300-a1.00,20016,0.5
BT-v2,RL-s0-b300-a1.00,20017,0.5
BT-v2,RL-s0-b300-a1.00,20018,0.75
BT-v2,RL-s0-b300-a1.00,20019,0.5
BT-v2,RL-s0-b300-a1.00,20020,0.5
BT-v2,RL-s0-b300-a1.00,20021,0.5
BT-v2,RL-s0-b300-a1.00,20022,0.0
BT-v2,RL-s0-b300-a1.00,20023,0.25
BT-v2,RL-s0-b300-a1.00,20024,0.0
BT-v2,RL-s0-b300-a1.00,20025,0.0
BT-v2,RL-s0-b300-a1.00,20026,0.25
BT-v2,RL-s0-b300-a1.00,20027,0.5
BT-v2,RL-s0-b300-a1.00,20028,1.0
BT-v2,RL-s0-b300-a1.00,20029,0.5
BT-v2,RL-s10-b300-a1.00,20000,0.5
BT-v2,RL-s10-b300-a1.00,20001,0.5
BT-v2,RL-s10-b300-a1.00,20002,0.75
BT-v2,RL-s10-b300-a1.00,20003,0.25
BT-v2,RL-s10-b300-a1.00,20004,0.25
BT-v2,RL-s10-b300-a1.00,20005,0.0
BT-v2,RL-s10-b300-a1.00,20006,0.5
BT-v2,RL-s10-b300-a1.00,20007,0.0
BT-v2,RL-s10-b300-a1.00,20008,0.25
BT-v2,RL-s10-b300-a1.00,20009,0.0
BT-v2,RL-s10-b300-a1.00,20010,0.0
BT-v2,RL-s10-b300-a1.00,20011,0.75
BT-v2,RL-s10-b300-a1.00,20012,0.75
BT-v2,RL-s10-b300-a1.00,20013,0.5
BT-v2,RL-s10-b300-a1.00,20014,0.5
BT-v2,RL-s10-b300-a1.00,20015,0.0
BT-v2,RL-s10-b300-a1.00,20016,0.75
BT-v2,RL-s10-b300-a1.00,20017,0.25
BT-v2,RL-s10-b300-a1.00,20018,0.5
BT-v2,RL-s10-b300-a1.00,20019,0.5
BT-v2,RL-s10-b300-a1.00,20020,0.75
BT-v2,RL-s10-b300-a1.00,20021,0.5
BT-v2,RL-s10-b300-a1.00,20022,0.25
BT-v2,RL-s10-b300-a1.00,20023,0.0
BT-v2,RL-s10-b300-a1.00,20024,0.5
BT-v2,RL-s10-b300-a1.00,20025,0.0
BT-v2,RL-s10-b300-a1.00,20026,0.5
BT-v2,RL-s10-b300-a1.00,20027,0.25
BT-v2,RL-s10-b300-a1.00,20028,0.75
BT-v2,RL-s10-b300-a1.00,20029,0.5
BT-v2,RL-s11-b300-a1.00,20000,0.0
BT-v2,RL-s11-b300-a1.00,20001,0.5
BT-v2,RL-s11-b300-a1.00,20002,0.25
BT-v2,RL-s11-b300-a1.00,20003,0.5
BT-v2,RL-s11-b300-a1.00,20004,0.75
BT-v2,RL-s11-b300-a1.00,20005,0.0
BT-v2,RL-s11-b300-a1.00,20006,0.25
BT-v2,RL-s11-b300-a1.00,20007,0.0
BT-v2,RL-s11-b300-a1.00,20008,0.0
BT-v2,RL-s11-b300-a1.00,20009,0.25
BT-v2,RL-s11-b300-a1.00,20010,0.5
BT-v2,RL-s11-b300-a1.00,20011,0.5
BT-v2,RL-s11-b300-a1.00,20012,0.5
BT-v2,RL-s11-b300-a1.00,20013,0.25
BT-v2,RL-s11-b300-a1.00,20014,0.0
BT-v2,RL-s11-b300-a1.00,20015,0.0
BT-v2,RL-s11-b300-a1.00,20016,0.25
BT-v2,RL-s11-b300-a1.00,20017,0.75
BT-v2,RL-s11-b300-a1.00,20018,0.5
BT-v2,RL-s11-b300-a1.00,20019,0.5
BT-v2,RL-s11-b300-a1.00,20020,0.25
BT-v2,RL-s11-b300-a1.00,20021,0.5
BT-v2,RL-s11-b300-a1.00,20022,0.5
BT-v2,RL-s11-b300-a1.00,20023,0.0
BT-v2,RL-s11-b300-a1.00,20024,0.75
BT-v2,RL-s11-b300-a1.00,20025,0.0
BT-v2,RL-s11-b300-a1.00,20026,0.25
BT-v2,RL-s11-b300-a1.00,20027,0.5
BT-v2,RL-s11-b300-a1.00,20028,0.5
BT-v2,RL-s11-b300-a1.00,20029,0.5
BT-v2,RL-s12-b300-a1.00,20000,0.25
BT-v2,RL-s12-b300-a1.00,20001,0.5
BT-v2,RL-s12-b300-a1.00,20002,0.25
BT-v2,RL-s12-b300-a1.00,20003,0.25
BT-v2,RL-s12-b300-a1.00,20004,0.25
BT-v2,RL-s12-b300-a1.00,20005,0.0
BT-v2,RL-s12-b300-a1.00,20006,0.5
BT-v2,RL-s12-b300-a1.00,20007,0.0
BT-v2,RL-s12-b300-a1.00,20008,0.0
BT-v2,RL-s12-b300-a1.00,20009,0.25
BT-v2,RL-s12-b300-a1.00,20010,0.75
BT-v2,RL-s12-b300-a1.00,20011,0.5
BT-v2,RL-s12-b300-a1.00,20012,0.75
BT-v2,RL-s12-b300-a1.00,20013,0.0
BT-v2,RL-s12-b300-a1.00,20014,0.0
BT-v2,RL-s12-b300-a1.00,20015,0.0
BT-v2,RL-s12-b300-a1.00,20016,0.5
BT-v2,RL-s12-b300-a1.00,20017,0.5
BT-v2,RL-s12-b300-a1.00,20018,0.75
BT-v2,RL-s12-b300-a1.00,20019,0.5
BT-v2,RL-s12-b300-a1.00,20020,0.25
BT-v2,RL-s12-b300-a1.00,20021,0.5
BT-v2,RL-s12-b300-a1.00,20022,0.0
BT-v2,RL-s12-b300-a1.00,20023,0.0
BT-v2,RL-s12-b300-a1.00,20024,0.25
BT-v2,RL-s12-b300-a1.00,20025,0.0
BT-v2,RL-s12-b300-a1.00,20026,0.75
BT-v2,RL-s12-b300-a1.00,20027,0.5
BT-v2,RL-s12-b300-a1.00,20028,1.0
BT-v2,RL-s12-b300-a1.00,20029,0.5
BT-v2,RL-s13-b300-a1.00,20000,0.0
BT-v2,RL-s13-b300-a1.00,20001,0.5
BT-v2,RL-s13-b300-a1.00,20002,0.0
BT-v2,RL-s13-b300-a1.00,20003,0.5
BT-v2,RL-s13-b300-a1.00,20004,0.75
BT-v2,RL-s13-b300-a1.00,20005,0.0
BT-v2,RL-s13-b300-a1.00,20006,0.25
BT-v2,RL-s13-b300-a1.00,20007,0.0
BT-v2,RL-s13-b300-a1.00,20008,0.25
BT-v2,RL-s13-b300-a1.00,20009,0.75
BT-v2,RL-s13-b300-a1.00,20010,0.0
BT-v2,RL-s13-b300-a1.00,20011,0.5
BT-v2,RL-s13-b300-a1.00,20012,0.5
BT-v2,RL-s13-b300-a1.00,20013,0.0
BT-v2,RL-s13-b300-a1.00,20014,0.25
BT-v2,RL-s13-b300-a1.00,20015,0.0
BT-v2,RL-s13-b300-a1.00,20016,0.5
BT-v2,RL-s13-b300-a1.00,20017,0.75
BT-v2,RL-s13-b300-a1.00,20018,0.75
BT-v2,RL-s13-b300-a1.00,20019,0.5
BT-v2,RL-s13-b300-a1.00,20020,0.5
BT-v2,RL-s13-b300-a1.00,20021,0.5
BT-v2,RL-s13-b300-a1.00,20022,0.5
BT-v2,RL-s13-b300-a1.00,20023,0.0
BT-v2,RL-s13-b300-a1.00,20024,0.75
BT-v2,RL-s13-b300-a1.00,20025,0.0
BT-v2,RL-s13-b300-a1.00,20026,0.25
BT-v2,RL-s13-b300-a1.00,20027,0.5
BT-v2,RL-s13-b300-a1.00,20028,0.25
BT-v2,RL-s13-b300-a1.00,20029,0.25
BT-v2,RL-s14-b300-a1.00,20000,0.0
BT-v2,RL-s14-b300-a1.00,20001,0.5
BT-v2,RL-s14-b300-a1.00,20002,1.0
BT-v2,RL-s14-b300-a1.00,20003,0.75
BT-v2,RL-s14-b300-a1.00,20004,0.25
BT-v2,RL-s14-b300-a1.00,20005,0.25
BT-v2,RL-s14-b300-a1.00,20006,0.25
BT-v2,RL-s14-b300-a1.00,20007,0.5
BT-v2,RL-s14-b300-a1.00,20008,0.5
BT-v2,RL-s14-b300-a1.00,20009,0.5
BT-v2,RL-s14-b300-a1.00,20010,0.25
BT-v2,RL-s14-b300-a1.00,20011,0.5
BT-v2,RL-s14-b300-a1.00,20012,0.25
BT-v2,RL-s14-b300-a1.00,20013,0.25
BT-v2,RL-s14-b300-a1.00,20014,0.25
BT-v2,RL-s14-b300-a1.00,20015,0.0
BT-v2,RL-s14-b300-a1.00,20016,0.0
BT-v2,RL-s14-b300-a1.00,20017,0.75
BT-v2,RL-s14-b300-a1.00,20018,0.0
BT-v2,RL-s14-b300-a1.00,20019,0.5
BT-v2,RL-s14-b300-a1.00,20020,0.25
BT-v2,RL-s14-b300-a1.00,20021,0.75
BT-v2,RL-s14-b300-a1.00,20022,0.75
BT-v2,RL-s14-b300-a1.00,20023,0.0
BT-v2,RL-s14-b300-a1.00,20024,0.0
BT-v2,RL-s14-b300-a1.00,20025,0.25
BT-v2,RL-s14-b300-a1.00,20026,0.25
BT-v2,RL-s14-b300-a1.00,20027,0.25
BT-v2,RL-s14-b300-a1.00,20028,0.5
BT-v2,RL-s14-b300-a1.00,20029,1.0
BT-v2,RL-s15-b300-a1.00,20000,0.0
BT-v2,RL-s15-b300-a1.00,20001,0.5
BT-v2,RL-s15-b300-a1.00,20002,0.25
BT-v2,RL-s15-b300-a1.00,20003,0.75
BT-v2,RL-s15-b300-a1.00,20004,0.5
BT-v2,RL-s15-b300-a1.00,20005,0.0
BT-v2,RL-s15-b300-a1.00,20006,0.25
BT-v2,RL-s15-b300-a1.00,20007,0.5
BT-v2,RL-s15-b300-a1.00,20008,0.25
BT-v2,RL-s15-b300-a1.00,20009,0.25
BT-v2,RL-s15-b300-a1.00,20010,0.25
BT-v2,RL-s15-b300-a1.00,20011,0.5
BT-v2,RL-s15-b300-a1.00,20012,0.5
BT-v2,RL-s15-b300-a1.00,20013,0.0
BT-v2,RL-s15-b300-a1.00,20014,0.25
BT-v2,RL-s15-b300-a1.00,20015,0.0
BT-v2,RL-s15-b300-a1.00,20016,0.5
BT-v2,RL-s15-b300-a1.00,20017,0.75
BT-v2,RL-s15-b300-a1.00,20018,0.75
BT-v2,RL-s15-b300-a1.00,20019,0.5
BT-v2,RL-s15-b300-a1.00,20020,0.5
BT-v2,RL-s15-b300-a1.00,20021,0.5
BT-v2,RL-s15-b300-a1.00,20022,0.5
BT-v2,RL-s15-b300-a1.00,20023,0.0
BT-v2,RL-s15-b300-a1.00,20024,0.75
BT-v2,RL-s15-b300-a1.00,20025,0.0
BT-v2,RL-s15-b300-a1.00,20026,0.5
BT-v2,RL-s15-b300-a1.00,20027,0.0
BT-v2,RL-s15-b300-a1.00,20028,1.0
BT-v2,RL-s15-b300-a1.00,20029,0.5
BT-v2,RL-s16-b300-a1.00,20000,0.25
BT-v2,RL-s16-b300-a1.00,20001,0.5
BT-v2,RL-s16-b300-a1.00,20002,0.75
BT-v2,RL-s16-b300-a1.00,20003,0.25
BT-v2,RL-s16-b300-a1.00,20004,1.0
BT-v2,RL-s16-b300-a1.00,20005,0.25
BT-v2,RL-s16-b300-a1.00,20006,0.25
BT-v2,RL-s16-b300-a1.00,20007,0.25
BT-v2,RL-s16-b300-a1.00,20008,0.25
BT-v2,RL-s16-b300-a1.00,20009,0.5
BT-v2,RL-s16-b300-a1.00,20010,1.0
BT-v2,RL-s16-b300-a1.00,20011,0.5
BT-v2,RL-s16-b300-a1.00,20012,0.5
BT-v2,RL-s16-b300-a1.00,20013,0.25
BT-v2,RL-s16-b300-a1.00,20014,0.5
BT-v2,RL-s16-b300-a1.00,20015,0.25
BT-v2,RL-s16-b300-a1.00,20016,0.25
BT-v2,RL-s16-b300-a1.00,20017,1.0
BT-v2,RL-s16-b300-a1.00,20018,0.75
BT-v2,RL-s16-b300-a1.00,20019,0.75
BT-v2,RL-s16-b300-a1.00,20020,0.0
BT-v2,RL-s16-b300-a1.00,20021,0.25
BT-v2,RL-s16-b300-a1.00,20022,0.5
BT-v2,RL-s16-b300-a1.00,20023,0.25
BT-v2,RL-s16-b300-a1.00,20024,0.75
BT-v2,RL-s16-b300-a1.00,20025,0.25
BT-v2,RL-s16-b300-a1.00,20026,0.5
BT-v2,RL-s16-b300-a1.00,20027,0.5
BT-v2,RL-s16-b300-a1.00,20028,1.0
BT-v2,RL-s16-b300-a1.00,20029,0.25
BT-v2,RL-s17-b300-a1.00,20000,0.0
BT-v2,RL-s17-b300-a1.00,20001,0.5
BT-v2,RL-s17-b300-a1.00,20002,0.5
BT-v2,RL-s17-b300-a1.00,20003,0.75
BT-v2,RL-s17-b300-a1.00,20004,0.5
BT-v2,RL-s17-b300-a1.00,20005,0.0
BT-v2,RL-s17-b300-a1.00,20006,0.5
BT-v2,RL-s17-b300-a1.00,20007,0.0
BT-v2,RL-s17-b300-a1.00,20008,0.25
BT-v2,RL-s17-b300-a1.00,20009,0.0
BT-v2,RL-s17-b300-a1.00,20010,0.5
BT-v2,RL-s17-b300-a1.00,20011,0.5
BT-v2,RL-s17-b300-a1.00,20012,0.5
BT-v2,RL-s17-b300-a1.00,20013,0.5
BT-v2,RL-s17-b300-a1.00,20014,0.0
BT-v2,RL-s17-b300-a1.00,20015,0.5
BT-v2,RL-s17-b300-a1.00,20016,0.75
BT-v2,RL-s17-b300-a1.00,20017,0.75
BT-v2,RL-s17-b300-a1.00,20018,0.75
BT-v2,RL-s17-b300-a1.00,20019,0.5
BT-v2,RL-s17-b300-a1.00,20020,0.25
BT-v2,RL-s17-b300-a1.00,20021,0.5
BT-v2,RL-s17-b300-a1.00,20022,0.75
BT-v2,RL-s17-b300-a1.00,20023,0.25
BT-v2,RL-s17-b300-a1.00,20024,0.5
BT-v2,RL-s17-b300-a1.00,20025,0.25
BT-v2,RL-s17-b300-a1.00,20026,0.5
BT-v2,RL-s17-b300-a1.00,20027,1.0
BT-v2,RL-s17-b300-a1.00,20028,0.75
BT-v2,RL-s17-b300-a1.00,20029,0.5
BT-v2,RL-s18-b300-a1.00,20000,1.0
BT-v2,RL-s18-b300-a1.00,20001,0.5
BT-v2,RL-s18-b300-a1.00,20002,0.25
BT-v2,RL-s18-b300-a1.00,20003,0.25
BT-v2,RL-s18-b300-a1.00,20004,1.0
BT-v2,RL-s18-b300-a1.00,20005,0.25
BT-v2,RL-s18-b300-a1.00,20006,0.25
BT-v2,RL-s18-b300-a1.00,20007,0.0
BT-v2,RL-s18-b300-a1.00,20008,0.75
BT-v2,RL-s18-b300-a1.00,20009,0.5
BT-v2,RL-s18-b300-a1.00,20010,0.25
BT-v2,RL-s18-b300-a1.00,20011,0.75
BT-v2,RL-s18-b300-a1.00,20012,0.75
BT-v2,RL-s18-b300-a1.00,20013,0.0
BT-v2,RL-s18-b300-a1.00,20014,0.25
BT-v2,RL-s18-b300-a1.00,20015,0.0
BT-v2,RL-s18-b300-a1.00,20016,0.5
BT-v2,RL-s18-b300-a1.00,20017,1.0
BT-v2,RL-s18-b300-a1.00,20018,0.75
BT-v2,RL-s18-b300-a1.00,20019,0.75
BT-v2,RL-s18-b300-a1.00,20020,0.5
BT-v2,RL-s18-b300-a1.00,20021,0.75
BT-v2,RL-s18-b300-a1.00,20022,0.75
BT-v2,RL-s18-b300-a1.00,20023,0.0
BT-v2,RL-s18-b300-a1.00,20024,0.75
BT-v2,RL-s18-b300-a1.00,20025,0.0
BT-v2,RL-s18-b300-a1.00,20026,0.5
BT-v2,RL-s18-b300-a1.00,20027,0.75
BT-v2,RL-s18-b300-a1.00,20028,0.75
BT-v2,RL-s18-b300-a1.00,20029,0.75
BT-v2,RL-s19-b300-a1.00,20000,0.0
BT-v2,RL-s19-b300-a1.00,20001,0.5
BT-v2,RL-s19-b300-a1.00,20002,0.25
BT-v2,RL-s19-b300-a1.00,20003,0.75
BT-v2,RL-s19-b300-a1.00,20004,0.5
BT-v2,RL-s19-b300-a1.00,20005,0.0
BT-v2,RL-s19-b300-a1.00,20006,0.25
BT-v2,RL-s19-b300-a1.00,20007,0.0
BT-v2,RL-s19-b300-a1.00,20008,0.25
BT-v2,RL-s19-b300-a1.00,20009,0.0
BT-v2,RL-s19-b300-a1.00,20010,0.5
BT-v2,RL-s19-b300-a1.00,20011,0.5
BT-v2,RL-s19-b300-a1.00,20012,0.5
BT-v2,RL-s19-b300-a1.00,20013,0.0
BT-v2,RL-s19-b300-a1.00,20014,0.25
BT-v2,RL-s19-b300-a1.00,20015,0.0
BT-v2,RL-s19-b300-a1.00,20016,0.5
BT-v2,RL-s19-b300-a1.00,20017,0.75
BT-v2,RL-s19-b300-a1.00,20018,0.5
BT-v2,RL-s19-b300-a1.00,20019,0.5
BT-v2,RL-s19-b300-a1.00,20020,0.0
BT-v2,RL-s19-b300-a1.00,20021,0.5
BT-v2,RL-s19-b300-a1.00,20022,0.5
BT-v2,RL-s19-b300-a1.00,20023,0.0
BT-v2,RL-s19-b300-a1.00,20024,0.5
BT-v2,RL-s19-b300-a1.00,20025,0.0
BT-v2,RL-s19-b300-a1.00,20026,0.5
BT-v2,RL-s19-b300-a1.00,20027,1.0
BT-v2,RL-s19-b300-a1.00,20028,0.0
BT-v2,RL-s19-b300-a1.00,20029,0.5
BT-v2,RL-s1-b300-a1.00,20000,0.25
BT-v2,RL-s1-b300-a1.00,20001,0.5
BT-v2,RL-s1-b300-a1.00,20002,0.0
BT-v2,RL-s1-b300-a1.00,20003,0.5
BT-v2,RL-s1-b300-a1.00,20004,0.5
BT-v2,RL-s1-b300-a1.00,20005,0.0
BT-v2,RL-s1-b300-a1.00,20006,0.0
BT-v2,RL-s1-b300-a1.00,20007,0.0
BT-v2,RL-s1-b300-a1.00,20008,0.5
BT-v2,RL-s1-b300-a1.00,20009,0.25
BT-v2,RL-s1-b300-a1.00,20010,0.25
BT-v2,RL-s1-b300-a1.00,20011,0.75
BT-v2,RL-s1-b300-a1.00,20012,0.0
BT-v2,RL-s1-b300-a1.00,20013,0.5
BT-v2,RL-s1-b300-a1.00,20014,0.25
BT-v2,RL-s1-b300-a1.00,20015,0.0
BT-v2,RL-s1-b300-a1.00,20016,0.5
BT-v2,RL-s1-b300-a1.00,20017,0.25
BT-v2,RL-s1-b300-a1.00,20018,0.5
BT-v2,RL-s1-b300-a1.00,20019,0.5
BT-v2,RL-s1-b300-a1.00,20020,0.25
BT-v2,RL-s1-b300-a1.00,20021,0.5
BT-v2,RL-s1-b300-a1.00,20022,0.0
BT-v2,RL-s1-b300-a1.00,20023,0.0
BT-v2,RL-s1-b300-a1.00,20024,0.0
BT-v2,RL-s1-b300-a1.00,20025,0.0
BT-v2,RL-s1-b300-a1.00,20026,0.25
BT-v2,RL-s1-b300-a1.00,20027,0.5
BT-v2,RL-s1-b300-a1.00,20028,0.5
BT-v2,RL-s1-b300-a1.00,20029,0.5
BT-v2,RL-s2-b300-a1.00,20000,0.0
BT-v2,RL-s2-b300-a1.00,20001,0.25
BT-v2,RL-s2-b300-a1.00,20002,0.25
BT-v2,RL-s2-b300-a1.00,20003,0.25
BT-v2,RL-s2-b300-a1.00,20004,0.5
BT-v2,RL-s2-b300-a1.00,20005,0.0
BT-v2,RL-s2-b300-a1.00,20006,0.5
BT-v2,RL-s2-b300-a1.00,20007,0.25
BT-v2,RL-s2-b300-a1.00,20008,0.25
BT-v2,RL-s2-b300-a1.00,20009,0.0
BT-v2,RL-s2-b300-a1.00,20010,0.25
BT-v2,RL-s2-b300-a1.00,20011,0.5
BT-v2,RL-s2-b300-a1.00,20012,0.5
BT-v2,RL-s2-b300-a1.00,20013,0.0
BT-v2,RL-s2-b300-a1.00,20014,0.25
BT-v2,RL-s2-b300-a1.00,20015,0.0
BT-v2,RL-s2-b300-a1.00,20016,0.5
BT-v2,RL-s2-b300-a1.00,20017,0.5
BT-v2,RL-s2-b300-a1.00,20018,0.0
BT-v2,RL-s2-b300-a1.00,20019,0.5
BT-v2,RL-s2-b300-a1.00,20020,0.0
BT-v2,RL-s2-b300-a1.00,20021,0.5
BT-v2,RL-s2-b300-a1.00,20022,0.5
BT-v2,RL-s2-b300-a1.00,20023,0.0
BT-v2,RL-s2-b300-a1.00,20024,0.0
BT-v2,RL-s2-b300-a1.00,20025,0.0
BT-v2,RL-s2-b300-a1.00,20026,0.5
BT-v2,RL-s2-b300-a1.00,20027,0.25
BT-v2,RL-s2-b300-a1.00,20028,0.25
BT-v2,RL-s2-b300-a1.00,20029,0.25
BT-v2,RL-s3-b300-a1.00,20000,0.5
BT-v2,RL-s3-b300-a1.00,20001,0.75
BT-v2,RL-s3-b300-a1.00,20002,0.0
BT-v2,RL-s3-b300-a1.00,20003,0.5
BT-v2,RL-s3-b300-a1.00,20004,0.5
BT-v2,RL-s3-b300-a1.00,20005,0.25
BT-v2,RL-s3-b300-a1.00,20006,0.0
BT-v2,RL-s3-b300-a1.00,20007,0.0
BT-v2,RL-s3-b300-a1.00,20008,0.0
BT-v2,RL-s3-b300-a1.00,20009,0.5
BT-v2,RL-s3-b300-a1.00,20010,0.25
BT-v2,RL-s3-b300-a1.00,20011,0.75
BT-v2,RL-s3-b300-a1.00,20012,0.5
BT-v2,RL-s3-b300-a1.00,20013,0.0
BT-v2,RL-s3-b300-a1.00,20014,0.0
BT-v2,RL-s3-b300-a1.00,20015,0.0
BT-v2,RL-s3-b300-a1.00,20016,0.25
BT-v2,RL-s3-b300-a1.00,20017,0.5
BT-v2,RL-s3-b300-a1.00,20018,0.0
BT-v2,RL-s3-b300-a1.00,20019,0.5
BT-v2,RL-s3-b300-a1.00,20020,0.0
BT-v2,RL-s3-b300-a1.00,20021,0.25
BT-v2,RL-s3-b300-a1.00,20022,0.25
BT-v2,RL-s3-b300-a1.00,20023,0.0
BT-v2,RL-s3-b300-a1.00,20024,0.5
BT-v2,RL-s3-b300-a1.00,20025,0.0
BT-v2,RL-s3-b300-a1.00,20026,0.5
BT-v2,RL-s3-b300-a1.00,20027,0.5
BT-v2,RL-s3-b300-a1.00,20028,0.0
BT-v2,RL-s3-b300-a1.00,20029,0.5
BT-v2,RL-s4-b300-a1.00,20000,0.0
BT-v2,RL-s4-b300-a1.00,20001,0.5
BT-v2,RL-s4-b300-a1.00,20002,0.0
BT-v2,RL-s4-b300-a1.00,20003,0.75
BT-v2,RL-s4-b300-a1.00,20004,0.75
BT-v2,RL-s4-b300-a1.00,20005,0.25
BT-v2,RL-s4-b300-a1.00,20006,0.75
BT-v2,RL-s4-b300-a1.00,20007,0.0
BT-v2,RL-s4-b300-a1.00,20008,0.25
BT-v2,RL-s4-b300-a1.00,20009,0.0
BT-v2,RL-s4-b300-a1.00,20010,0.25
BT-v2,RL-s4-b300-a1.00,20011,0.5
BT-v2,RL-s4-b300-a1.00,20012,0.5
BT-v2,RL-s4-b300-a1.00,20013,0.25
BT-v2,RL-s4-b300-a1.00,20014,0.0
BT-v2,RL-s4-b300-a1.00,20015,0.0
BT-v2,RL-s4-b300-a1.00,20016,0.0
BT-v2,RL-s4-b300-a1.00,20017,0.25
BT-v2,RL-s4-b300-a1.00,20018,0.75
BT-v2,RL-s4-b300-a1.00,20019,0.5
BT-v2,RL-s4-b300-a1.00,20020,0.0
BT-v2,RL-s4-b300-a1.00,20021,0.5
BT-v2,RL-s4-b300-a1.00,20022,0.25
BT-v2,RL-s4-b300-a1.00,20023,0.25
BT-v2,RL-s4-b300-a1.00,20024,0.5
BT-v2,RL-s4-b300-a1.00,20025,0.0
BT-v2,RL-s4-b300-a1.00,20026,0.5
BT-v2,RL-s4-b300-a1.00,20027,0.25
BT-v2,RL-s4-b300-a1.00,20028,0.25
BT-v2,RL-s4-b300-a1.00,20029,0.5
BT-v2,RL-s5-b300-a1.00,20000,0.0
BT-v2,RL-s5-b300-a1.00,20001,0.5
BT-v2,RL-s5-b300-a1.00,20002,0.25
BT-v2,RL-s5-b300-a1.00,20003,0.25
BT-v2,RL-s5-b300-a1.00,20004,0.5
BT-v2,RL-s5-b300-a1.00,20005,0.0
BT-v2,RL-s5-b300-a1.00,20006,0.25
BT-v2,RL-s5-b300-a1.00,20007,0.25
BT-v2,RL-s5-b300-a1.00,20008,0.5
BT-v2,RL-s5-b300-a1.00,20009,0.25
BT-v2,RL-s5-b300-a1.00,20010,0.25
BT-v2,RL-s5-b300-a1.00,20011,0.5
BT-v2,RL-s5-b300-a1.00,20012,0.5
BT-v2,RL-s5-b300-a1.00,20013,0.5
BT-v2,RL-s5-b300-a1.00,20014,0.25
BT-v2,RL-s5-b300-a1.00,20015,0.0
BT-v2,RL-s5-b300-a1.00,20016,0.5
BT-v2,RL-s5-b300-a1.00,20017,0.75
BT-v2,RL-s5-b300-a1.00,20018,0.75
BT-v2,RL-s5-b300-a1.00,20019,0.75
BT-v2,RL-s5-b300-a1.00,20020,0.0
BT-v2,RL-s5-b300-a1.00,20021,0.5
BT-v2,RL-s5-b300-a1.00,20022,0.5
BT-v2,RL-s5-b300-a1.00,20023,0.25
BT-v2,RL-s5-b300-a1.00,20024,0.5
BT-v2,RL-s5-b300-a1.00,20025,0.0
BT-v2,RL-s5-b300-a1.00,20026,0.5
BT-v2,RL-s5-b300-a1.00,20027,0.75
BT-v2,RL-s5-b300-a1.00,20028,0.5
BT-v2,RL-s5-b300-a1.00,20029,0.25
BT-v2,RL-s6-b300-a1.00,20000,0.0
BT-v2,RL-s6-b300-a1.00,20001,0.5
BT-v2,RL-s6-b300-a1.00,20002,0.0
BT-v2,RL-s6-b300-a1.00,20003,0.25
BT-v2,RL-s6-b300-a1.00,20004,0.75
BT-v2,RL-s6-b300-a1.00,20005,0.0
BT-v2,RL-s6-b300-a1.00,20006,0.25
BT-v2,RL-s6-b300-a1.00,20007,0.0
BT-v2,RL-s6-b300-a1.00,20008,0.0
BT-v2,RL-s6-b300-a1.00,20009,0.0
BT-v2,RL-s6-b300-a1.00,20010,0.5
BT-v2,RL-s6-b300-a1.00,20011,0.5
BT-v2,RL-s6-b300-a1.00,20012,0.5
BT-v2,RL-s6-b300-a1.00,20013,0.0
BT-v2,RL-s6-b300-a1.00,20014,0.0
BT-v2,RL-s6-b300-a1.00,20015,0.0
BT-v2,RL-s6-b300-a1.00,20016,0.5
BT-v2,RL-s6-b300-a1.00,20017,0.5
BT-v2,RL-s6-b300-a1.00,20018,0.5
BT-v2,RL-s6-b300-a1.00,20019,0.5
BT-v2,RL-s6-b300-a1.00,20020,0.0
BT-v2,RL-s6-b300-a1.00,20021,0.5
BT-v2,RL-s6-b300-a1.00,20022,0.5
BT-v2,RL-s6-b300-a1.00,20023,0.0
BT-v2,RL-s6-b300-a1.00,20024,0.0
BT-v2,RL-s6-b300-a1.00,20025,0.0
BT-v2,RL-s6-b300-a1.00,20026,0.5
BT-v2,RL-s6-b300-a1.00,20027,0.25
BT-v2,RL-s6-b300-a1.00,20028,0.25
BT-v2,RL-s6-b300-a1.00,20029,0.5
BT-v2,RL-s7-b300-a1.00,20000,0.25
BT-v2,RL-s7-b300-a1.00,20001,0.5
BT-v2,RL-s7-b300-a1.00,20002,0.25
BT-v2,RL-s7-b300-a1.00,20003,0.75
BT-v2,RL-s7-b300-a1.00,20004,0.75
BT-v2,RL-s7-b300-a1.00,20005,0.25
BT-v2,RL-s7-b300-a1.00,20006,0.25
BT-v2,RL-s7-b300-a1.00,20007,0.0
BT-v2,RL-s7-b300-a1.00,20008,0.25
BT-v2,RL-s7-b300-a1.00,20009,0.25
BT-v2,RL-s7-b300-a1.00,20010,0.0
BT-v2,RL-s7-b300-a1.00,20011,0.5
BT-v2,RL-s7-b300-a1.00,20012,0.5
BT-v2,RL-s7-b300-a1.00,20013,0.75
BT-v2,RL-s7-b300-a1.00,20014,0.0
BT-v2,RL-s7-b300-a1.00,20015,0.0
BT-v2,RL-s7-b300-a1.00,20016,0.5
BT-v2,RL-s7-b300-a1.00,20017,0.5
BT-v2,RL-s7-b300-a1.00,20018,0.25
BT-v2,RL-s7-b300-a1.00,20019,0.5
BT-v2,RL-s7-b300-a1.00,20020,0.75
BT-v2,RL-s7-b300-a1.00,20021,0.5
BT-v2,RL-s7-b300-a1.00,20022,0.75
BT-v2,RL-s7-b300-a1.00,20023,0.0
BT-v2,RL-s7-b300-a1.00,20024,0.0
BT-v2,RL-s7-b300-a1.00,20025,0.25
BT-v2,RL-s7-b300-a1.00,20026,0.5
BT-v2,RL-s7-b300-a1.00,20027,0.75
BT-v2,RL-s7-b300-a1.00,20028,0.5
BT-v2,RL-s7-b300-a1.00,20029,0.5
BT-v2,RL-s8-b300-a1.00,20000,0.0
BT-v2,RL-s8-b300-a1.00,20001,0.5
BT-v2,RL-s8-b300-a1.00,20002,0.5
BT-v2,RL-s8-b300-a1.00,20003,0.75
BT-v2,RL-s8-b300-a1.00,20004,0.75
BT-v2,RL-s8-b300-a1.00,20005,0.25
BT-v2,RL-s8-b300-a1.00,20006,0.25
BT-v2,RL-s8-b300-a1.00,20007,0.5
BT-v2,RL-s8-b300-a1.00,20008,0.25
BT-v2,RL-s8-b300-a1.00,20009,0.25
BT-v2,RL-s8-b300-a1.00,20010,0.5
BT-v2,RL-s8-b300-a1.00,20011,0.5
BT-v2,RL-s8-b300-a1.00,20012,0.25
BT-v2,RL-s8-b300-a1.00,20013,0.25
BT-v2,RL-s8-b300-a1.00,20014,0.25
BT-v2,RL-s8-b300-a1.00,20015,0.0
BT-v2,RL-s8-b300-a1.00,20016,0.25
BT-v2,RL-s8-b300-a1.00,20017,0.75
BT-v2,RL-s8-b300-a1.00,20018,0.0
BT-v2,RL-s8-b300-a1.00,20019,0.5
BT-v2,RL-s8-b300-a1.00,20020,0.25
BT-v2,RL-s8-b300-a1.00,20021,0.5
BT-v2,RL-s8-b300-a1.00,20022,0.5
BT-v2,RL-s8-b300-a1.00,20023,0.0
BT-v2,RL-s8-b300-a1.00,20024,0.5
BT-v2,RL-s8-b300-a1.00,20025,0.25
BT-v2,RL-s8-b300-a1.00,20026,0.25
BT-v2,RL-s8-b300-a1.00,20027,0.75
BT-v2,RL-s8-b300-a1.00,20028,1.0
BT-v2,RL-s8-b300-a1.00,20029,0.75
BT-v2,RL-s9-b300-a1.00,20000,0.5
BT-v2,RL-s9-b300-a1.00,20001,0.5
BT-v2,RL-s9-b300-a1.00,20002,0.0
BT-v2,RL-s9-b300-a1.00,20003,0.25
BT-v2,RL-s9-b300-a1.00,20004,0.5
BT-v2,RL-s9-b300-a1.00,20005,0.0
BT-v2,RL-s9-b300-a1.00,20006,0.25
BT-v2,RL-s9-b300-a1.00,20007,0.0
BT-v2,RL-s9-b300-a1.00,20008,0.25
BT-v2,RL-s9-b300-a1.00,20009,0.25
BT-v2,RL-s9-b300-a1.00,20010,0.25
BT-v2,RL-s9-b300-a1.00,20011,0.5
BT-v2,RL-s9-b300-a1.00,20012,0.5
BT-v2,RL-s9-b300-a1.00,20013,0.5
BT-v2,RL-s9-b300-a1.00,20014,0.25
BT-v2,RL-s9-b300-a1.00,20015,0.0
BT-v2,RL-s9-b300-a1.00,20016,0.5
BT-v2,RL-s9-b300-a1.00,20017,0.75
BT-v2,RL-s9-b300-a1.00,20018,0.5
BT-v2,RL-s9-b300-a1.00,20019,0.5
BT-v2,RL-s9-b300-a1.00,20020,0.5
BT-v2,RL-s9-b300-a1.00,20021,0.5
BT-v2,RL-s9-b300-a1.00,20022,0.5
BT-v2,RL-s9-b300-a1.00,20023,0.0
BT-v2,RL-s9-b300-a1.00,20024,0.5
BT-v2,RL-s9-b300-a1.00,20025,0.25
BT-v2,RL-s9-b300-a1.00,20026,0.5
BT-v2,RL-s9-b300-a1.00,20027,0.5
BT-v2,RL-s9-b300-a1.00,20028,0.5
BT-v2,RL-s9-b300-a1.00,20029,0.5
BT-v2,BTO-s0-b300,20000,0.5
BT-v2,BTO-s0-b300,20001,0.5
BT-v2,BTO-s0-b300,20002,1.0
BT-v2,BTO-s0-b300,20003,0.5
BT-v2,BTO-s0-b300,20004,0.5
BT-v2,BTO-s0-b300,20005,0.5
BT-v2,BTO-s0-b300,20006,1.0
BT-v2,BTO-s0-b300,20007,0.5
BT-v2,BTO-s0-b300,20008,0.5
BT-v2,BTO-s0-b300,20009,1.0
BT-v2,BTO-s0-b300,20010,0.75
BT-v2,BTO-s0-b300,20011,1.0
BT-v2,BTO-s0-b300,20012,1.0
BT-v2,BTO-s0-b300,20013,0.5
BT-v2,BTO-s0-b300,20014,0.5
BT-v2,BTO-s0-b300,20015,0.5
BT-v2,BTO-s0-b300,20016,1.0
BT-v2,BTO-s0-b300,20017,0.5
BT-v2,BTO-s0-b300,20018,1.0
BT-v2,BTO-s0-b300,20019,1.0
BT-v2,BTO-s0-b300,20020,0.5
BT-v2,BTO-s0-b300,20021,1.0
BT-v2,BTO-s0-b300,20022,0.5
BT-v2,BTO-s0-b300,20023,0.5
BT-v2,BTO-s0-b300,20024,0.25
BT-v2,BTO-s0-b300,20025,0.5
BT-v2,BTO-s0-b300,20026,0.5
BT-v2,BTO-s0-b300,20027,0.5
BT-v2,BTO-s0-b300,20028,0.0
BT-v2,BTO-s0-b300,20029,1.0
BT-v2,BTO-s1-b300,20000,0.5
BT-v2,BTO-s1-b300,20001,1.0
BT-v2,BTO-s1-b300,20002,0.75
BT-v2,BTO-s1-b300,20003,0.75
BT-v2,BTO-s1-b300,20004,0.5
BT-v2,BTO-s1-b300,20005,0.5
BT-v2,BTO-s1-b300,20006,1.0
BT-v2,BTO-s1-b300,20007,0.5
BT-v2,BTO-s1-b300,20008,0.5
BT-v2,BTO-s1-b300,20009,1.0
BT-v2,BTO-s1-b300,20010,1.0
BT-v2,BTO-s1-b300,20011,1.0
BT-v2,BTO-s1-b300,20012,1.0
BT-v2,BTO-s1-b300,20013,0.5
BT-v2,BTO-s1-b300,20014,0.25
BT-v2,BTO-s1-b300,20015,0.0
BT-v2,BTO-s1-b300,20016,1.0
BT-v2,BTO-s1-b300,20017,0.5
BT-v2,BTO-s1-b300,20018,1.0
BT-v2,BTO-s1-b300,20019,1.0
BT-v2,BTO-s1-b300,20020,0.5
BT-v2,BTO-s1-b300,20021,1.0
BT-v2,BTO-s1-b300,20022,0.5
BT-v2,BTO-s1-b300,20023,0.5
BT-v2,BTO-s1-b300,20024,0.5
BT-v2,BTO-s1-b300,20025,0.75
BT-v2,BTO-s1-b300,20026,1.0
BT-v2,BTO-s1-b300,20027,0.5
BT-v2,BTO-s1-b300,20028,0.25
BT-v2,BTO-s1-b300,20029,1.0
BT-v2,BTO-s2-b300,20000,0.5
BT-v2,BTO-s2-b300,20001,0.5
BT-v2,BTO-s2-b300,20002,0.75
BT-v2,BTO-s2-b300,20003,0.25
BT-v2,BTO-s2-b300,20004,0.5
BT-v2,BTO-s2-b300,20005,0.5
BT-v2,BTO-s2-b300,20006,1.0
BT-v2,BTO-s2-b300,20007,0.5
BT-v2,BTO-s2-b300,20008,0.5
BT-v2,BTO-s2-b300,20009,1.0
BT-v2,BTO-s2-b300,20010,0.75
BT-v2,BTO-s2-b300,20011,1.0
BT-v2,BTO-s2-b300,20012,1.0
BT-v2,BTO-s2-b300,20013,0.5
BT-v2,BTO-s2-b300,20014,0.25
BT-v2,BTO-s2-b300,20015,0.5
BT-v2,BTO-s2-b300,20016,1.0
BT-v2,BTO-s2-b300,20017,0.5
BT-v2,BTO-s2-b300,20018,1.0
BT-v2,BTO-s2-b300,20019,1.0
BT-v2,BTO-s2-b300,20020,0.5
BT-v2,BTO-s2-b300,20021,1.0
BT-v2,BTO-s2-b300,20022,0.25
BT-v2,BTO-s2-b300,20023,0.5
BT-v2,BTO-s2-b300,20024,0.5
BT-v2,BTO-s2-b300,20025,1.0
BT-v2,BTO-s2-b300,20026,0.5
BT-v2,BTO-s2-b300,20027,0.5
BT-v2,BTO-s2-b300,20028,0.0
BT-v2,BTO-s2-b300,20029,1.0
BT-v2,POOL-s0-b1000,20000,0.0
BT-v2,POOL-s0-b1000,20001,0.5
BT-v2,POOL-s0-b1000,20002,0.25
BT-v2,POOL-s0-b1000,20003,0.25
BT-v2,POOL-s0-b1000,20004,0.25
BT-v2,POOL-s0-b1000,20005,0.0
BT-v2,POOL-s0-b1000,20006,1.0
BT-v2,POOL-s0-b1000,20007,0.25
BT-v2,POOL-s0-b1000,20008,0.25
BT-v2,POOL-s0-b1000,20009,1.0
BT-v2,POOL-s0-b1000,20010,0.75
BT-v2,POOL-s0-b1000,20011,0.5
BT-v2,POOL-s0-b1000,20012,0.5
BT-v2,POOL-s0-b1000,20013,0.0
BT-v2,POOL-s0-b1000,20014,0.0
BT-v2,POOL-s0-b1000,20015,0.0
BT-v2,POOL-s0-b1000,20016,0.5
BT-v2,POOL-s0-b1000,20017,0.25
BT-v2,POOL-s0-b1000,20018,0.75
BT-v2,POOL-s0-b1000,20019,0.5
BT-v2,POOL-s0-b1000,20020,0.25
BT-v2,POOL-s0-b1000,20021,0.5
BT-v2,POOL-s0-b1000,20022,0.25
BT-v2,POOL-s0-b1000,20023,0.0
BT-v2,POOL-s0-b1000,20024,0.0
BT-v2,POOL-s0-b1000,20025,0.0
BT-v2,POOL-s0-b1000,20026,0.5
BT-v2,POOL-s0-b1000,20027,0.0
BT-v2,POOL-s0-b1000,20028,0.25
BT-v2,POOL-s0-b1000,20029,0.75
BT-v2,POOL-s1-b1000,20000,0.0
BT-v2,POOL-s1-b1000,20001,0.5
BT-v2,POOL-s1-b1000,20002,0.0
BT-v2,POOL-s1-b1000,20003,0.5
BT-v2,POOL-s1-b1000,20004,0.0
BT-v2,POOL-s1-b1000,20005,0.0
BT-v2,POOL-s1-b1000,20006,0.5
BT-v2,POOL-s1-b1000,20007,0.0
BT-v2,POOL-s1-b1000,20008,0.0
BT-v2,POOL-s1-b1000,20009,0.75
BT-v2,POOL-s1-b1000,20010,1.0
BT-v2,POOL-s1-b1000,20011,0.5
BT-v2,POOL-s1-b1000,20012,0.5
BT-v2,POOL-s1-b1000,20013,0.0
BT-v2,POOL-s1-b1000,20014,0.0
BT-v2,POOL-s1-b1000,20015,0.0
BT-v2,POOL-s1-b1000,20016,1.0
BT-v2,POOL-s1-b1000,20017,0.25
BT-v2,POOL-s1-b1000,20018,0.5
BT-v2,POOL-s1-b1000,20019,0.5
BT-v2,POOL-s1-b1000,20020,0.0
BT-v2,POOL-s1-b1000,20021,0.5
BT-v2,POOL-s1-b1000,20022,0.25
BT-v2,POOL-s1-b1000,20023,0.0
BT-v2,POOL-s1-b1000,20024,0.25
BT-v2,POOL-s1-b1000,20025,0.5
BT-v2,POOL-s1-b1000,20026,0.25
BT-v2,POOL-s1-b1000,20027,0.0
BT-v2,POOL-s1-b1000,20028,0.5
BT-v2,POOL-s1-b1000,20029,0.5
BT-v2,POOL-s2-b1000,20000,0.0
BT-v2,POOL-s2-b1000,20001,1.0
BT-v2,POOL-s2-b1000,20002,1.0
BT-v2,POOL-s2-b1000,20003,0.25
BT-v2,POOL-s2-b1000,20004,0.0
BT-v2,POOL-s2-b1000,20005,0.25
BT-v2,POOL-s2-b1000,20006,1.0
BT-v2,POOL-s2-b1000,20007,0.5
BT-v2,POOL-s2-b1000,20008,0.5
BT-v2,POOL-s2-b1000,20009,1.0
BT-v2,POOL-s2-b1000,20010,1.0
BT-v2,POOL-s2-b1000,20011,1.0
BT-v2,POOL-s2-b1000,20012,0.5
BT-v2,POOL-s2-b1000,20013,0.0
BT-v2,POOL-s2-b1000,20014,0.0
BT-v2,POOL-s2-b1000,20015,0.0
BT-v2,POOL-s2-b1000,20016,1.0
BT-v2,POOL-s2-b1000,20017,0.25
BT-v2,POOL-s2-b1000,20018,1.0
BT-v2,POOL-s2-b1000,20019,1.0
BT-v2,POOL-s2-b1000,20020,0.0
BT-v2,POOL-s2-b1000,20021,1.0
BT-v2,POOL-s2-b1000,20022,0.5
BT-v2,POOL-s2-b1000,20023,0.5
BT-v2,POOL-s2-b1000,20024,0.5
BT-v2,POOL-s2-b1000,20025,1.0
BT-v2,POOL-s2-b1000,20026,0.25
BT-v2,POOL-s2-b1000,20027,0.5
BT-v2,POOL-s2-b1000,20028,1.0
BT-v2,POOL-s2-b1000,20029,0.5
BT-v2,POOL-s3-b1000,20000,0.25
BT-v2,POOL-s3-b1000,20001,0.5
BT-v2,POOL-s3-b1000,20002,0.75
BT-v2,POOL-s3-b1000,20003,0.25
BT-v2,POOL-s3-b1000,20004,0.75
BT-v2,POOL-s3-b1000,20005,0.25
BT-v2,POOL-s3-b1000,20006,0.0
BT-v2,POOL-s3-b1000,20007,0.5
BT-v2,POOL-s3-b1000,20008,0.25
BT-v2,POOL-s3-b1000,20009,0.0
BT-v2,POOL-s3-b1000,20010,0.75
BT-v2,POOL-s3-b1000,20011,0.5
BT-v2,POOL-s3-b1000,20012,1.0
BT-v2,POOL-s3-b1000,20013,0.75
BT-v2,POOL-s3-b1000,20014,0.75
BT-v2,POOL-s3-b1000,20015,0.75
BT-v2,POOL-s3-b1000,20016,0.25
BT-v2,POOL-s3-b1000,20017,0.75
BT-v2,POOL-s3-b1000,20018,0.0
BT-v2,POOL-s3-b1000,20019,1.0
BT-v2,POOL-s3-b1000,20020,0.5
BT-v2,POOL-s3-b1000,20021,1.0
BT-v2,POOL-s3-b1000,20022,1.0
BT-v2,POOL-s3-b1000,20023,0.75
BT-v2,POOL-s3-b1000,20024,0.5
BT-v2,POOL-s3-b1000,20025,0.25
BT-v2,POOL-s3-b1000,20026,1.0
BT-v2,POOL-s3-b1000,20027,1.0
BT-v2,POOL-s3-b1000,20028,0.75
BT-v2,POOL-s3-b1000,20029,1.0
BT-v2,POOL-s4-b1000,20000,0.0
BT-v2,POOL-s4-b1000,20001,0.75
BT-v2,POOL-s4-b1000,20002,0.0
BT-v2,POOL-s4-b1000,20003,0.0
BT-v2,POOL-s4-b1000,20004,0.0
BT-v2,POOL-s4-b1000,20005,0.25
BT-v2,POOL-s4-b1000,20006,0.75
BT-v2,POOL-s4-b1000,20007,0.0
BT-v2,POOL-s4-b1000,20008,0.25
BT-v2,POOL-s4-b1000,20009,0.75
BT-v2,POOL-s4-b1000,20010,0.5
BT-v2,POOL-s4-b1000,20011,0.5
BT-v2,POOL-s4-b1000,20012,0.25
BT-v2,POOL-s4-b1000,20013,0.0
BT-v2,POOL-s4-b1000,20014,0.0
BT-v2,POOL-s4-b1000,20015,0.25
BT-v2,POOL-s4-b1000,20016,0.5
BT-v2,POOL-s4-b1000,20017,0.75
BT-v2,POOL-s4-b1000,20018,0.5
BT-v2,POOL-s4-b1000,20019,0.5
BT-v2,POOL-s4-b1000,20020,0.0
BT-v2,POOL-s4-b1000,20021,0.0
BT-v2,POOL-s4-b1000,20022,0.0
BT-v2,POOL-s4-b1000,20023,0.5
BT-v2,POOL-s4-b1000,20024,0.25
BT-v2,POOL-s4-b1000,20025,0.0
BT-v2,POOL-s4-b1000,20026,0.0
BT-v2,POOL-s4-b1000,20027,0.0
BT-v2,POOL-s4-b1000,20028,0.5
BT-v2,POOL-s4-b1000,20029,0.5
BT-v3,RL-s0-b300-a1.00,20000,0.0
BT-v3,RL-s0-b300-a1.00,20001,0.5
BT-v3,RL-s0-b300-a1.00,20002,0.25
BT-v3,RL-s0-b300-a1.00,20003,0.0
BT-v3,RL-s0-b300-a1.00,20004,0.0
BT-v3,RL-s0-b300-a1.00,20005,0.5
BT-v3,RL-s0-b300-a1.00,20006,0.25
BT-v3,RL-s0-b300-a1.00,20007,0.5
BT-v3,RL-s0-b300-a1.00,20008,0.75
BT-v3,RL-s0-b300-a1.00,20009,0.25
BT-v3,RL-s0-b300-a1.00,20010,0.0
BT-v3,RL-s0-b300-a1.00,20011,0.5
BT-v3,RL-s0-b300-a1.00,20012,0.25
BT-v3,RL-s0-b300-a1.00,20013,0.0
BT-v3,RL-s0-b300-a1.00,20014,0.0
BT-v3,RL-s0-b300-a1.00,20015,0.0
BT-v3,RL-s0-b300-a1.00,20016,0.25
BT-v3,RL-s0-b300-a1.00,20017,0.25
BT-v3,RL-s0-b300-a1.00,20018,0.25
BT-v3,RL-s0-b300-a1.00,20019,0.5
BT-v3,RL-s0-b300-a1.00,20020,0.5
BT-v3,RL-s0-b300-a1.00,20021,0.5
BT-v3,RL-s0-b300-a1.00,20022,0.0
BT-v3,RL-s0-b300-a1.00,20023,0.0
BT-v3,RL-s0-b300-a1.00,20024,0.25
BT-v3,RL-s0-b300-a1.00,20025,0.0
BT-v3,RL-s0-b300-a1.00,20026,0.5
BT-v3,RL-s0-b300-a1.00,20027,0.0
BT-v3,RL-s0-b300-a1.00,20028,0.0
BT-v3,RL-s0-b300-a1.00,20029,0.5
BT-v3,RL-s10-b300-a1.00,20000,0.0
BT-v3,RL-s10-b300-a1.00,20001,0.5
BT-v3,RL-s10-b300-a1.00,20002,0.25
BT-v3,RL-s10-b300-a1.00,20003,0.0
BT-v3,RL-s10-b300-a1.00,20004,0.25
BT-v3,RL-s10-b300-a1.00,20005,0.5
BT-v3,RL-s10-b300-a1.00,20006,0.0
BT-v3,RL-s10-b300-a1.00,20007,0.0
BT-v3,RL-s10-b300-a1.00,20008,0.0
BT-v3,RL-s10-b300-a1.00,20009,0.5
BT-v3,RL-s10-b300-a1.00,20010,0.25
BT-v3,RL-s10-b300-a1.00,20011,0.0
BT-v3,RL-s10-b300-a1.00,20012,0.0
BT-v3,RL-s10-b300-a1.00,20013,0.0
BT-v3,RL-s10-b300-a1.00,20014,0.0
BT-v3,RL-s10-b300-a1.00,20015,0.0
BT-v3,RL-s10-b300-a1.00,20016,0.75
BT-v3,RL-s10-b300-a1.00,20017,0.5
BT-v3,RL-s10-b300-a1.00,20018,0.5
BT-v3,RL-s10-b300-a1.00,20019,0.0
BT-v3,RL-s10-b300-a1.00,20020,0.5
BT-v3,RL-s10-b300-a1.00,20021,0.0
BT-v3,RL-s10-b300-a1.00,20022,0.0
BT-v3,RL-s10-b300-a1.00,20023,0.0
BT-v3,RL-s10-b300-a1.00,20024,0.25
BT-v3,RL-s10-b300-a1.00,20025,0.0
BT-v3,RL-s10-b300-a1.00,20026,0.0
BT-v3,RL-s10-b300-a1.00,20027,0.0
BT-v3,RL-s10-b300-a1.00,20028,0.25
BT-v3,RL-s10-b300-a1.00,20029,0.0
BT-v3,RL-s11-b300-a1.00,20000,0.0
BT-v3,RL-s11-b300-a1.00,20001,0.25
BT-v3,RL-s11-b300-a1.00,20002,0.0
BT-v3,RL-s11-b300-a1.00,20003,0.0
BT-v3,RL-s11-b300-a1.00,20004,0.25
BT-v3,RL-s11-b300-a1.00,20005,0.0
BT-v3,RL-s11-b300-a1.00,20006,0.0
BT-v3,RL-s11-b300-a1.00,20007,0.0
BT-v3,RL-s11-b300-a1.00,20008,0.5
BT-v3,RL-s11-b300-a1.00,20009,0.0
BT-v3,RL-s11-b300-a1.00,20010,0.0
BT-v3,RL-s11-b300-a1.00,20011,0.5
BT-v3,RL-s11-b300-a1.00,20012,0.5
BT-v3,RL-s11-b300-a1.00,20013,0.25
BT-v3,RL-s11-b300-a1.00,20014,0.0
BT-v3,RL-s11-b300-a1.00,20015,0.0
BT-v3,RL-s11-b300-a1.00,20016,0.0
BT-v3,RL-s11-b300-a1.00,20017,0.5
BT-v3,RL-s11-b300-a1.00,20018,0.0
BT-v3,RL-s11-b300-a1.00,20019,0.5
BT-v3,RL-s11-b300-a1.00,20020,0.5
BT-v3,RL-s11-b300-a1.00,20021,0.25
BT-v3,RL-s11-b300-a1.00,20022,0.0
BT-v3,RL-s11-b300-a1.00,20023,0.0
BT-v3,RL-s11-b300-a1.00,20024,0.0
BT-v3,RL-s11-b300-a1.00,20025,0.0
BT-v3,RL-s11-b300-a1.00,20026,0.25
BT-v3,RL-s11-b300-a1.00,20027,0.25
BT-v3,RL-s11-b300-a1.00,20028,0.0
BT-v3,RL-s11-b300-a1.00,20029,0.5
BT-v3,RL-s12-b300-a1.00,20000,0.0
BT-v3,RL-s12-b300-a1.00,20001,0.5
BT-v3,RL-s12-b300-a1.00,20002,0.0
BT-v3,RL-s12-b300-a1.00,20003,0.25
BT-v3,RL-s12-b300-a1.00,20004,0.0
BT-v3,RL-s12-b300-a1.00,20005,0.25
BT-v3,RL-s12-b300-a1.00,20006,0.25
BT-v3,RL-s12-b300-a1.00,20007,0.5
BT-v3,RL-s12-b300-a1.00,20008,0.0
BT-v3,RL-s12-b300-a1.00,20009,0.25
BT-v3,RL-s12-b300-a1.00,20010,0.25
BT-v3,RL-s12-b300-a1.00,20011,0.5
BT-v3,RL-s12-b300-a1.00,20012,0.5
BT-v3,RL-s12-b300-a1.00,20013,0.25
BT-v3,RL-s12-b300-a1.00,20014,0.0
BT-v3,RL-s12-b300-a1.00,20015,0.0
BT-v3,RL-s12-b300-a1.00,20016,0.25
BT-v3,RL-s12-b300-a1.00,20017,0.0
BT-v3,RL-s12-b300-a1.00,20018,0.25
BT-v3,RL-s12-b300-a1.00,20019,0.5
BT-v3,RL-s12-b300-a1.00,20020,0.25
BT-v3,RL-s12-b300-a1.00,20021,0.5
BT-v3,RL-s12-b300-a1.00,20022,0.0
BT-v3,RL-s12-b300-a1.00,20023,0.0
BT-v3,RL-s12-b300-a1.00,20024,0.0
BT-v3,RL-s12-b300-a1.00,20025,0.0
BT-v3,RL-s12-b300-a1.00,20026,0.5
BT-v3,RL-s12-b300-a1.00,20027,0.0
BT-v3,RL-s12-b300-a1.00,20028,0.0
BT-v3,RL-s12-b300-a1.00,20029,0.5
BT-v3,RL-s13-b300-a1.00,20000,0.0
BT-v3,RL-s13-b300-a1.00,20001,0.5
BT-v3,RL-s13-b300-a1.00,20002,0.0
BT-v3,RL-s13-b300-a1.00,20003,0.0
BT-v3,RL-s13-b300-a1.00,20004,0.5
BT-v3,RL-s13-b300-a1.00,20005,0.25
BT-v3,RL-s13-b300-a1.00,20006,0.5
BT-v3,RL-s13-b300-a1.00,20007,0.25
BT-v3,RL-s13-b300-a1.00,20008,0.25
BT-v3,RL-s13-b300-a1.00,20009,0.25
BT-v3,RL-s13-b300-a1.00,20010,0.0
BT-v3,RL-s13-b300-a1.00,20011,0.5
BT-v3,RL-s13-b300-a1.00,20012,0.5
BT-v3,RL-s13-b300-a1.00,20013,0.5
BT-v3,RL-s13-b300-a1.00,20014,0.25
BT-v3,RL-s13-b300-a1.00,20015,0.0
BT-v3,RL-s13-b300-a1.00,20016,0.25
BT-v3,RL-s13-b300-a1.00,20017,0.25
BT-v3,RL-s13-b300-a1.00,20018,0.5
BT-v3,RL-s13-b300-a1.00,20019,0.75
BT-v3,RL-s13-b300-a1.00,20020,0.5
BT-v3,RL-s13-b300-a1.00,20021,0.5
BT-v3,RL-s13-b300-a1.00,20022,0.25
BT-v3,RL-s13-b300-a1.00,20023,0.0
BT-v3,RL-s13-b300-a1.00,20024,0.5
BT-v3,RL-s13-b300-a1.00,20025,0.0
BT-v3,RL-s13-b300-a1.00,20026,0.5
BT-v3,RL-s13-b300-a1.00,20027,0.25
BT-v3,RL-s13-b300-a1.00,20028,0.5
BT-v3,RL-s13-b300-a1.00,20029,0.75
BT-v3,RL-s14-b300-a1.00,20000,0.0
BT-v3,RL-s14-b300-a1.00,20001,0.5
BT-v3,RL-s14-b300-a1.00,20002,0.5
BT-v3,RL-s14-b300-a1.00,20003,0.5
BT-v3,RL-s14-b300-a1.00,20004,0.5
BT-v3,RL-s14-b300-a1.00,20005,0.0
BT-v3,RL-s14-b300-a1.00,20006,0.0
BT-v3,RL-s14-b300-a1.00,20007,0.0
BT-v3,RL-s14-b300-a1.00,20008,0.25
BT-v3,RL-s14-b300-a1.00,20009,0.0
BT-v3,RL-s14-b300-a1.00,20010,0.0
BT-v3,RL-s14-b300-a1.00,20011,0.25
BT-v3,RL-s14-b300-a1.00,20012,0.25
BT-v3,RL-s14-b300-a1.00,20013,0.25
BT-v3,RL-s14-b300-a1.00,20014,0.25
BT-v3,RL-s14-b300-a1.00,20015,0.0
BT-v3,RL-s14-b300-a1.00,20016,0.25
BT-v3,RL-s14-b300-a1.00,20017,0.0
BT-v3,RL-s14-b300-a1.00,20018,0.0
BT-v3,RL-s14-b300-a1.00,20019,0.5
BT-v3,RL-s14-b300-a1.00,20020,0.0
BT-v3,RL-s14-b300-a1.00,20021,0.5
BT-v3,RL-s14-b300-a1.00,20022,0.5
BT-v3,RL-s14-b300-a1.00,20023,0.0
BT-v3,RL-s14-b300-a1.00,20024,0.0
BT-v3,RL-s14-b300-a1.00,20025,0.0
BT-v3,RL-s14-b300-a1.00,20026,0.25
BT-v3,RL-s14-b300-a1.00,20027,0.5
BT-v3,RL-s14-b300-a1.00,20028,0.0
BT-v3,RL-s14-b300-a1.00,20029,0.25
BT-v3,RL-s15-b300-a1.00,20000,0.0
BT-v3,RL-s15-b300-a1.00,20001,0.0
BT-v3,RL-s15-b300-a1.00,20002,0.5
BT-v3,RL-s15-b300-a1.00,20003,0.5
BT-v3,RL-s15-b300-a1.00,20004,0.0
BT-v3,RL-s15-b300-a1.00,20005,0.25
BT-v3,RL-s15-b300-a1.00,20006,0.0
BT-v3,RL-s15-b300-a1.00,20007,0.5
BT-v3,RL-s15-b300-a1.00,20008,0.75
BT-v3,RL-s15-b300-a1.00,20009,0.0
BT-v3,RL-s15-b300-a1.00,20010,0.5
BT-v3,RL-s15-b300-a1.00,20011,0.5
BT-v3,RL-s15-b300-a1.00,20012,0.5
BT-v3,RL-s15-b300-a1.00,20013,0.0
BT-v3,RL-s15-b300-a1.00,20014,0.25
BT-v3,RL-s15-b300-a1.00,20015,0.0
BT-v3,RL-s15-b300-a1.00,20016,0.25
BT-v3,RL-s15-b300-a1.00,20017,0.25
BT-v3,RL-s15-b300-a1.00,20018,0.25
BT-v3,RL-s15-b300-a1.00,20019,0.5
BT-v3,RL-s15-b300-a1.00,20020,0.0
BT-v3,RL-s15-b300-a1.00,20021,0.0
BT-v3,RL-s15-b300-a1.00,20022,0.25
BT-v3,RL-s15-b300-a1.00,20023,0.0
BT-v3,RL-s15-b300-a1.00,20024,0.25
BT-v3,RL-s15-b300-a1.00,20025,0.25
BT-v3,RL-s15-b300-a1.00,20026,0.5
BT-v3,RL-s15-b300-a1.00,20027,0.25
BT-v3,RL-s15-b300-a1.00,20028,0.0
BT-v3,RL-s15-b300-a1.00,20029,0.5
BT-v3,RL-s16-b300-a1.00,20000,0.0
BT-v3,RL-s16-b300-a1.00,20001,0.5
BT-v3,RL-s16-b300-a1.00,20002,0.0
BT-v3,RL-s16-b300-a1.00,20003,0.0
BT-v3,RL-s16-b300-a1.00,20004,0.0
BT-v3,RL-s16-b300-a1.00,20005,0.5
BT-v3,RL-s16-b300-a1.00,20006,0.0
BT-v3,RL-s16-b300-a1.00,20007,0.0
BT-v3,RL-s16-b300-a1.00,20008,0.0
BT-v3,RL-s16-b300-a1.00,20009,0.0
BT-v3,RL-s16-b300-a1.00,20010,0.25
BT-v3,RL-s16-b300-a1.00,20011,0.5
BT-v3,RL-s16-b300-a1.00,20012,0.5
BT-v3,RL-s16-b300-a1.00,20013,0.5
BT-v3,RL-s16-b300-a1.00,20014,0.0
BT-v3,RL-s16-b300-a1.00,20015,0.0
BT-v3,RL-s16-b300-a1.00,20016,0.5
BT-v3,RL-s16-b300-a1.00,20017,0.25
BT-v3,RL-s16-b300-a1.00,20018,0.0
BT-v3,RL-s16-b300-a1.00,20019,0.5
BT-v3,RL-s16-b300-a1.00,20020,0.0
BT-v3,RL-s16-b300-a1.00,20021,0.5
BT-v3,RL-s16-b300-a1.00,20022,0.25
BT-v3,RL-s16-b300-a1.00,20023,0.25
BT-v3,RL-s16-b300-a1.00,20024,0.25
BT-v3,RL-s16-b300-a1.00,20025,0.5
BT-v3,RL-s16-b300-a1.00,20026,0.5
BT-v3,RL-s16-b300-a1.00,20027,0.25
BT-v3,RL-s16-b300-a1.00,20028,0.0
BT-v3,RL-s16-b300-a1.00,20029,0.5
BT-v3,RL-s17-b300-a1.00,20000,0.25
BT-v3,RL-s17-b300-a1.00,20001,0.25
BT-v3,RL-s17-b300-a1.00,20002,0.25
BT-v3,RL-s17-b300-a1.00,20003,0.5
BT-v3,RL-s17-b300-a1.00,20004,0.25
BT-v3,RL-s17-b300-a1.00,20005,0.0
BT-v3,RL-s17-b300-a1.00,20006,0.25
BT-v3,RL-s17-b300-a1.00,20007,0.5
BT-v3,RL-s17-b300-a1.00,20008,0.75
BT-v3,RL-s17-b300-a1.00,20009,0.0
BT-v3,RL-s17-b300-a1.00,20010,0.75
BT-v3,RL-s17-b300-a1.00,20011,0.5
BT-v3,RL-s17-b300-a1.00,20012,0.5
BT-v3,RL-s17-b300-a1.00,20013,1.0
BT-v3,RL-s17-b300-a1.00,20014,0.0
BT-v3,RL-s17-b300-a1.00,20015,0.5
BT-v3,RL-s17-b300-a1.00,20016,0.25
BT-v3,RL-s17-b300-a1.00,20017,0.25
BT-v3,RL-s17-b300-a1.00,20018,0.25
BT-v3,RL-s17-b300-a1.00,20019,0.5
BT-v3,RL-s17-b300-a1.00,20020,0.5
BT-v3,RL-s17-b300-a1.00,20021,0.5
BT-v3,RL-s17-b300-a1.00,20022,0.25
BT-v3,RL-s17-b300-a1.00,20023,0.0
BT-v3,RL-s17-b300-a1.00,20024,0.25
BT-v3,RL-s17-b300-a1.00,20025,0.25
BT-v3,RL-s17-b300-a1.00,20026,0.5
BT-v3,RL-s17-b300-a1.00,20027,0.0
BT-v3,RL-s17-b300-a1.00,20028,0.0
BT-v3,RL-s17-b300-a1.00,20029,0.75
BT-v3,RL-s18-b300-a1.00,20000,0.0
BT-v3,RL-s18-b300-a1.00,20001,0.75
BT-v3,RL-s18-b300-a1.00,20002,0.0
BT-v3,RL-s18-b300-a1.00,20003,0.25
BT-v3,RL-s18-b300-a1.00,20004,0.25
BT-v3,RL-s18-b300-a1.00,20005,0.25
BT-v3,RL-s18-b300-a1.00,20006,0.25
BT-v3,RL-s18-b300-a1.00,20007,1.0
BT-v3,RL-s18-b300-a1.00,20008,0.5
BT-v3,RL-s18-b300-a1.00,20009,0.25
BT-v3,RL-s18-b300-a1.00,20010,0.0
BT-v3,RL-s18-b300-a1.00,20011,0.75
BT-v3,RL-s18-b300-a1.00,20012,0.75
BT-v3,RL-s18-b300-a1.00,20013,0.25
BT-v3,RL-s18-b300-a1.00,20014,0.25
BT-v3,RL-s18-b300-a1.00,20015,0.0
BT-v3,RL-s18-b300-a1.00,20016,0.5
BT-v3,RL-s18-b300-a1.00,20017,0.5
BT-v3,RL-s18-b300-a1.00,20018,0.75
BT-v3,RL-s18-b300-a1.00,20019,0.75
BT-v3,RL-s18-b300-a1.00,20020,0.5
BT-v3,RL-s18-b300-a1.00,20021,0.5
BT-v3,RL-s18-b300-a1.00,20022,0.75
BT-v3,RL-s18-b300-a1.00,20023,0.0
BT-v3,RL-s18-b300-a1.00,20024,0.25
BT-v3,RL-s18-b300-a1.00,20025,0.0
BT-v3,RL-s18-b300-a1.00,20026,0.75
BT-v3,RL-s18-b300-a1.00,20027,0.25
BT-v3,RL-s18-b300-a1.00,20028,0.75
BT-v3,RL-s18-b300-a1.00,20029,0.5
BT-v3,RL-s19-b300-a1.00,20000,0.5
BT-v3,RL-s19-b300-a1.00,20001,0.5
BT-v3,RL-s19-b300-a1.00,20002,0.0
BT-v3,RL-s19-b300-a1.00,20003,0.25
BT-v3,RL-s19-b300-a1.00,20004,0.0
BT-v3,RL-s19-b300-a1.00,20005,0.25
BT-v3,RL-s19-b300-a1.00,20006,0.0
BT-v3,RL-s19-b300-a1.00,20007,1.0
BT-v3,RL-s19-b300-a1.00,20008,0.5
BT-v3,RL-s19-b300-a1.00,20009,0.0
BT-v3,RL-s19-b300-a1.00,20010,0.0
BT-v3,RL-s19-b300-a1.00,20011,0.5
BT-v3,RL-s19-b300-a1.00,20012,0.5
BT-v3,RL-s19-b300-a1.00,20013,0.0
BT-v3,RL-s19-b300-a1.00,20014,0.25
BT-v3,RL-s19-b300-a1.00,20015,0.0
BT-v3,RL-s19-b300-a1.00,20016,0.25
BT-v3,RL-s19-b300-a1.00,20017,0.25
BT-v3,RL-s19-b300-a1.00,20018,0.25
BT-v3,RL-s19-b300-a1.00,20019,0.5
BT-v3,RL-s19-b300-a1.00,20020,0.0
BT-v3,RL-s19-b300-a1.00,20021,0.0
BT-v3,RL-s19-b300-a1.00,20022,0.25
BT-v3,RL-s19-b300-a1.00,20023,0.0
BT-v3,RL-s19-b300-a1.00,20024,0.0
BT-v3,RL-s19-b300-a1.00,20025,0.0
BT-v3,RL-s19-b300-a1.00,20026,0.5
BT-v3,RL-s19-b300-a1.00,20027,0.0
BT-v3,RL-s19-b300-a1.00,20028,0.0
BT-v3,RL-s19-b300-a1.00,20029,0.5
BT-v3,RL-s1-b300-a1.00,20000,0.0
BT-v3,RL-s1-b300-a1.00,20001,0.5
BT-v3,RL-s1-b300-a1.00,20002,0.5
BT-v3,RL-s1-b300-a1.00,20003,0.0
BT-v3,RL-s1-b300-a1.00,20004,0.25
BT-v3,RL-s1-b300-a1.00,20005,0.0
BT-v3,RL-s1-b300-a1.00,20006,0.25
BT-v3,RL-s1-b300-a1.00,20007,0.5
BT-v3,RL-s1-b300-a1.00,20008,0.5
BT-v3,RL-s1-b300-a1.00,20009,0.25
BT-v3,RL-s1-b300-a1.00,20010,0.0
BT-v3,RL-s1-b300-a1.00,20011,0.0
BT-v3,RL-s1-b300-a1.00,20012,0.0
BT-v3,RL-s1-b300-a1.00,20013,0.5
BT-v3,RL-s1-b300-a1.00,20014,0.0
BT-v3,RL-s1-b300-a1.00,20015,0.0
BT-v3,RL-s1-b300-a1.00,20016,0.25
BT-v3,RL-s1-b300-a1.00,20017,0.0
BT-v3,RL-s1-b300-a1.00,20018,0.25
BT-v3,RL-s1-b300-a1.00,20019,0.0
BT-v3,RL-s1-b300-a1.00,20020,0.5
BT-v3,RL-s1-b300-a1.00,20021,0.0
BT-v3,RL-s1-b300-a1.00,20022,0.0
BT-v3,RL-s1-b300-a1.00,20023,0.25
BT-v3,RL-s1-b300-a1.00,20024,0.25
BT-v3,RL-s1-b300-a1.00,20025,0.0
BT-v3,RL-s1-b300-a1.00,20026,0.0
BT-v3,RL-s1-b300-a1.00,20027,0.0
BT-v3,RL-s1-b300-a1.00,20028,0.25
BT-v3,RL-s1-b300-a1.00,20029,0.0
BT-v3,RL-s2-b300-a1.00,20000,0.0
BT-v3,RL-s2-b300-a1.00,20001,0.5
BT-v3,RL-s2-b300-a1.00,20002,0.0
BT-v3,RL-s2-b300-a1.00,20003,0.0
BT-v3,RL-s2-b300-a1.00,20004,0.0
BT-v3,RL-s2-b300-a1.00,20005,0.5
BT-v3,RL-s2-b300-a1.00,20006,0.25
BT-v3,RL-s2-b300-a1.00,20007,0.25
BT-v3,RL-s2-b300-a1.00,20008,0.25
BT-v3,RL-s2-b300-a1.00,20009,0.5
BT-v3,RL-s2-b300-a1.00,20010,0.0
BT-v3,RL-s2-b300-a1.00,20011,0.5
BT-v3,RL-s2-b300-a1.00,20012,0.25
BT-v3,RL-s2-b300-a1.00,20013,0.0
BT-v3,RL-s2-b300-a1.00,20014,0.0
BT-v3,RL-s2-b300-a1.00,20015,0.0
BT-v3,RL-s2-b300-a1.00,20016,0.25
BT-v3,RL-s2-b300-a1.00,20017,0.25
BT-v3,RL-s2-b300-a1.00,20018,0.25
BT-v3,RL-s2-b300-a1.00,20019,0.5
BT-v3,RL-s2-b300-a1.00,20020,0.5
BT-v3,RL-s2-b300-a1.00,20021,0.25
BT-v3,RL-s2-b300-a1.00,20022,0.5
BT-v3,RL-s2-b300-a1.00,20023,0.0
BT-v3,RL-s2-b300-a1.00,20024,0.0
BT-v3,RL-s2-b300-a1.00,20025,0.0
BT-v3,RL-s2-b300-a1.00,20026,0.5
BT-v3,RL-s2-b300-a1.00,20027,0.25
BT-v3,RL-s2-b300-a1.00,20028,0.0
BT-v3,RL-s2-b300-a1.00,20029,0.25
BT-v3,RL-s3-b300-a1.00,20000,0.0
BT-v3,RL-s3-b300-a1.00,20001,0.75
BT-v3,RL-s3-b300-a1.00,20002,0.0
BT-v3,RL-s3-b300-a1.00,20003,0.25
BT-v3,RL-s3-b300-a1.00,20004,0.25
BT-v3,RL-s3-b300-a1.00,20005,0.5
BT-v3,RL-s3-b300-a1.00,20006,0.5
BT-v3,RL-s3-b300-a1.00,20007,0.0
BT-v3,RL-s3-b300-a1.00,20008,0.5
BT-v3,RL-s3-b300-a1.00,20009,0.5
BT-v3,RL-s3-b300-a1.00,20010,0.5
BT-v3,RL-s3-b300-a1.00,20011,0.5
BT-v3,RL-s3-b300-a1.00,20012,0.5
BT-v3,RL-s3-b300-a1.00,20013,0.5
BT-v3,RL-s3-b300-a1.00,20014,0.0
BT-v3,RL-s3-b300-a1.00,20015,0.0
BT-v3,RL-s3-b300-a1.00,20016,0.25
BT-v3,RL-s3-b300-a1.00,20017,0.25
BT-v3,RL-s3-b300-a1.00,20018,0.25
BT-v3,RL-s3-b300-a1.00,20019,0.5
BT-v3,RL-s3-b300-a1.00,20020,0.5
BT-v3,RL-s3-b300-a1.00,20021,0.25
BT-v3,RL-s3-b300-a1.00,20022,0.25
BT-v3,RL-s3-b300-a1.00,20023,0.0
BT-v3,RL-s3-b300-a1.00,20024,0.0
BT-v3,RL-s3-b300-a1.00,20025,0.0
BT-v3,RL-s3-b300-a1.00,20026,0.25
BT-v3,RL-s3-b300-a1.00,20027,0.5
BT-v3,RL-s3-b300-a1.00,20028,0.0
BT-v3,RL-s3-b300-a1.00,20029,0.5
BT-v3,RL-s4-b300-a1.00,20000,0.0
BT-v3,RL-s4-b300-a1.00,20001,0.5
BT-v3,RL-s4-b300-a1.00,20002,0.0
BT-v3,RL-s4-b300-a1.00,20003,0.25
BT-v3,RL-s4-b300-a1.00,20004,0.0
BT-v3,RL-s4-b300-a1.00,20005,0.0
BT-v3,RL-s4-b300-a1.00,20006,0.25
BT-v3,RL-s4-b300-a1.00,20007,0.5
BT-v3,RL-s4-b300-a1.00,20008,1.0
BT-v3,RL-s4-b300-a1.00,20009,0.5
BT-v3,RL-s4-b300-a1.00,20010,0.5
BT-v3,RL-s4-b300-a1.00,20011,0.5
BT-v3,RL-s4-b300-a1.00,20012,0.25
BT-v3,RL-s4-b300-a1.00,20013,0.5
BT-v3,RL-s4-b300-a1.00,20014,0.25
BT-v3,RL-s4-b300-a1.00,20015,0.25
BT-v3,RL-s4-b300-a1.00,20016,0.25
BT-v3,RL-s4-b300-a1.00,20017,0.25
BT-v3,RL-s4-b300-a1.00,20018,0.25
BT-v3,RL-s4-b300-a1.00,20019,0.5
BT-v3,RL-s4-b300-a1.00,20020,0.5
BT-v3,RL-s4-b300-a1.00,20021,0.75
BT-v3,RL-s4-b300-a1.00,20022,0.0
BT-v3,RL-s4-b300-a1.00,20023,0.25
BT-v3,RL-s4-b300-a1.00,20024,0.25
BT-v3,RL-s4-b300-a1.00,20025,0.0
BT-v3,RL-s4-b300-a1.00,20026,0.25
BT-v3,RL-s4-b300-a1.00,20027,0.5
BT-v3,RL-s4-b300-a1.00,20028,0.25
BT-v3,RL-s4-b300-a1.00,20029,0.5
BT-v3,RL-s5-b300-a1.00,20000,0.25
BT-v3,RL-s5-b300-a1.00,20001,0.5
BT-v3,RL-s5-b300-a1.00,20002,0.25
BT-v3,RL-s5-b300-a1.00,20003,0.25
BT-v3,RL-s5-b300-a1.00,20004,0.25
BT-v3,RL-s5-b300-a1.00,20005,0.25
BT-v3,RL-s5-b300-a1.00,20006,0.25
BT-v3,RL-s5-b300-a1.00,20007,0.5
BT-v3,RL-s5-b300-a1.00,20008,0.25
BT-v3,RL-s5-b300-a1.00,20009,0.5
BT-v3,RL-s5-b300-a1.00,20010,0.25
BT-v3,RL-s5-b300-a1.00,20011,0.5
BT-v3,RL-s5-b300-a1.00,20012,0.5
BT-v3,RL-s5-b300-a1.00,20013,0.5
BT-v3,RL-s5-b300-a1.00,20014,0.25
BT-v3,RL-s5-b300-a1.00,20015,0.0
BT-v3,RL-s5-b300-a1.00,20016,0.5
BT-v3,RL-s5-b300-a1.00,20017,0.25
BT-v3,RL-s5-b300-a1.00,20018,0.5
BT-v3,RL-s5-b300-a1.00,20019,0.5
BT-v3,RL-s5-b300-a1.00,20020,0.5
BT-v3,RL-s5-b300-a1.00,20021,0.25
BT-v3,RL-s5-b300-a1.00,20022,0.25
BT-v3,RL-s5-b300-a1.00,20023,0.0
BT-v3,RL-s5-b300-a1.00,20024,0.0
BT-v3,RL-s5-b300-a1.00,20025,0.0
BT-v3,RL-s5-b300-a1.00,20026,0.75
BT-v3,RL-s5-b300-a1.00,20027,0.25
BT-v3,RL-s5-b300-a1.00,20028,0.0
BT-v3,RL-s5-b300-a1.00,20029,0.25
BT-v3,RL-s6-b300-a1.00,20000,0.0
BT-v3,RL-s6-b300-a1.00,20001,0.5
BT-v3,RL-s6-b300-a1.00,20002,0.0
BT-v3,RL-s6-b300-a1.00,20003,0.25
BT-v3,RL-s6-b300-a1.00,20004,0.5
BT-v3,RL-s6-b300-a1.00,20005,0.0
BT-v3,RL-s6-b300-a1.00,20006,0.25
BT-v3,RL-s6-b300-a1.00,20007,0.0
BT-v3,RL-s6-b300-a1.00,20008,0.75
BT-v3,RL-s6-b300-a1.00,20009,0.25
BT-v3,RL-s6-b300-a1.00,20010,0.0
BT-v3,RL-s6-b300-a1.00,20011,0.5
BT-v3,RL-s6-b300-a1.00,20012,0.25
BT-v3,RL-s6-b300-a1.00,20013,0.5
BT-v3,RL-s6-b300-a1.00,20014,0.0
BT-v3,RL-s6-b300-a1.00,20015,0.0
BT-v3,RL-s6-b300-a1.00,20016,1.0
BT-v3,RL-s6-b300-a1.00,20017,0.25
BT-v3,RL-s6-b300-a1.00,20018,0.75
BT-v3,RL-s6-b300-a1.00,20019,0.5
BT-v3,RL-s6-b300-a1.00,20020,0.5
BT-v3,RL-s6-b300-a1.00,20021,0.5
BT-v3,RL-s6-b300-a1.00,20022,0.5
BT-v3,RL-s6-b300-a1.00,20023,0.0
BT-v3,RL-s6-b300-a1.00,20024,0.5
BT-v3,RL-s6-b300-a1.00,20025,0.0
BT-v3,RL-s6-b300-a1.00,20026,0.25
BT-v3,RL-s6-b300-a1.00,20027,0.25
BT-v3,RL-s6-b300-a1.00,20028,0.25
BT-v3,RL-s6-b300-a1.00,20029,0.5
BT-v3,RL-s7-b300-a1.00,20000,0.0
BT-v3,RL-s7-b300-a1.00,20001,0.5
BT-v3,RL-s7-b300-a1.00,20002,0.25
BT-v3,RL-s7-b300-a1.00,20003,0.5
BT-v3,RL-s7-b300-a1.00,20004,0.5
BT-v3,RL-s7-b300-a1.00,20005,0.25
BT-v3,RL-s7-b300-a1.00,20006,0.0
BT-v3,RL-s7-b300-a1.00,20007,0.25
BT-v3,RL-s7-b300-a1.00,20008,0.5
BT-v3,RL-s7-b300-a1.00,20009,0.5
BT-v3,RL-s7-b300-a1.00,20010,0.0
BT-v3,RL-s7-b300-a1.00,20011,0.5
BT-v3,RL-s7-b300-a1.00,20012,0.5
BT-v3,RL-s7-b300-a1.00,20013,0.75
BT-v3,RL-s7-b300-a1.00,20014,0.25
BT-v3,RL-s7-b300-a1.00,20015,0.0
BT-v3,RL-s7-b300-a1.00,20016,0.0
BT-v3,RL-s7-b300-a1.00,20017,0.0
BT-v3,RL-s7-b300-a1.00,20018,0.0
BT-v3,RL-s7-b300-a1.00,20019,0.5
BT-v3,RL-s7-b300-a1.00,20020,1.0
BT-v3,RL-s7-b300-a1.00,20021,0.5
BT-v3,RL-s7-b300-a1.00,20022,0.5
BT-v3,RL-s7-b300-a1.00,20023,0.0
BT-v3,RL-s7-b300-a1.00,20024,0.5
BT-v3,RL-s7-b300-a1.00,20025,0.0
BT-v3,RL-s7-b300-a1.00,20026,0.75
BT-v3,RL-s7-b300-a1.00,20027,0.5
BT-v3,RL-s7-b300-a1.00,20028,0.25
BT-v3,RL-s7-b300-a1.00,20029,0.5
BT-v3,RL-s8-b300-a1.00,20000,0.0
BT-v3,RL-s8-b300-a1.00,20001,0.5
BT-v3,RL-s8-b300-a1.00,20002,0.5
BT-v3,RL-s8-b300-a1.00,20003,0.5
BT-v3,RL-s8-b300-a1.00,20004,0.5
BT-v3,RL-s8-b300-a1.00,20005,0.25
BT-v3,RL-s8-b300-a1.00,20006,0.25
BT-v3,RL-s8-b300-a1.00,20007,0.0
BT-v3,RL-s8-b300-a1.00,20008,0.75
BT-v3,RL-s8-b300-a1.00,20009,0.25
BT-v3,RL-s8-b300-a1.00,20010,0.25
BT-v3,RL-s8-b300-a1.00,20011,0.5
BT-v3,RL-s8-b300-a1.00,20012,0.5
BT-v3,RL-s8-b300-a1.00,20013,0.75
BT-v3,RL-s8-b300-a1.00,20014,0.25
BT-v3,RL-s8-b300-a1.00,20015,0.0
BT-v3,RL-s8-b300-a1.00,20016,0.25
BT-v3,RL-s8-b300-a1.00,20017,0.25
BT-v3,RL-s8-b300-a1.00,20018,0.25
BT-v3,RL-s8-b300-a1.00,20019,0.5
BT-v3,RL-s8-b300-a1.00,20020,0.5
BT-v3,RL-s8-b300-a1.00,20021,0.5
BT-v3,RL-s8-b300-a1.00,20022,0.75
BT-v3,RL-s8-b300-a1.00,20023,0.25
BT-v3,RL-s8-b300-a1.00,20024,0.25
BT-v3,RL-s8-b300-a1.00,20025,0.0
BT-v3,RL-s8-b300-a1.00,20026,0.25
BT-v3,RL-s8-b300-a1.00,20027,0.75
BT-v3,RL-s8-b300-a1.00,20028,0.25
BT-v3,RL-s8-b300-a1.00,20029,0.5
BT-v3,RL-s9-b300-a1.00,20000,0.0
BT-v3,RL-s9-b300-a1.00,20001,0.25
BT-v3,RL-s9-b300-a1.00,20002,0.25
BT-v3,RL-s9-b300-a1.00,20003,0.0
BT-v3,RL-s9-b300-a1.00,20004,0.0
BT-v3,RL-s9-b300-a1.00,20005,0.25
BT-v3,RL-s9-b300-a1.00,20006,0.25
BT-v3,RL-s9-b300-a1.00,20007,0.25
BT-v3,RL-s9-b300-a1.00,20008,0.5
BT-v3,RL-s9-b300-a1.00,20009,0.25
BT-v3,RL-s9-b300-a1.00,20010,0.0
BT-v3,RL-s9-b300-a1.00,20011,0.5
BT-v3,RL-s9-b300-a1.00,20012,0.5
BT-v3,RL-s9-b300-a1.00,20013,0.0
BT-v3,RL-s9-b300-a1.00,20014,0.0
BT-v3,RL-s9-b300-a1.00,20015,0.0
BT-v3,RL-s9-b300-a1.00,20016,0.25
BT-v3,RL-s9-b300-a1.00,20017,0.25
BT-v3,RL-s9-b300-a1.00,20018,0.25
BT-v3,RL-s9-b300-a1.00,20019,0.0
BT-v3,RL-s9-b300-a1.00,20020,0.5
BT-v3,RL-s9-b300-a1.00,20021,0.5
BT-v3,RL-s9-b300-a1.00,20022,0.25
BT-v3,RL-s9-b300-a1.00,20023,0.25
BT-v3,RL-s9-b300-a1.00,20024,0.0
BT-v3,RL-s9-b300-a1.00,20025,0.25
BT-v3,RL-s9-b300-a1.00,20026,0.25
BT-v3,RL-s9-b300-a1.00,20027,0.25
BT-v3,RL-s9-b300-a1.00,20028,0.0
BT-v3,RL-s9-b300-a1.00,20029,0.5
BT-v3,BTO-s0-b300,20000,0.25
BT-v3,BTO-s0-b300,20001,0.0
BT-v3,BTO-s0-b300,20002,0.0
BT-v3,BTO-s0-b300,20003,0.0
BT-v3,BTO-s0-b300,20004,0.0
BT-v3,BTO-s0-b300,20005,0.5
BT-v3,BTO-s0-b300,20006,0.0
BT-v3,BTO-s0-b300,20007,0.0
BT-v3,BTO-s0-b300,20008,0.5
BT-v3,BTO-s0-b300,20009,0.0
BT-v3,BTO-s0-b300,20010,0.0
BT-v3,BTO-s0-b300,20011,0.0
BT-v3,BTO-s0-b300,20012,0.0
BT-v3,BTO-s0-b300,20013,0.5
BT-v3,BTO-s0-b300,20014,0.5
BT-v3,BTO-s0-b300,20015,0.5
BT-v3,BTO-s0-b300,20016,0.0
BT-v3,BTO-s0-b300,20017,0.0
BT-v3,BTO-s0-b300,20018,0.0
BT-v3,BTO-s0-b300,20019,0.0
BT-v3,BTO-s0-b300,20020,0.0
BT-v3,BTO-s0-b300,20021,0.0
BT-v3,BTO-s0-b300,20022,0.25
BT-v3,BTO-s0-b300,20023,0.5
BT-v3,BTO-s0-b300,20024,0.0
BT-v3,BTO-s0-b300,20025,0.0
BT-v3,BTO-s0-b300,20026,0.0
BT-v3,BTO-s0-b300,20027,0.25
BT-v3,BTO-s0-b300,20028,0.0
BT-v3,BTO-s0-b300,20029,0.0
BT-v3,BTO-s1-b300,20000,0.25
BT-v3,BTO-s1-b300,20001,0.0
BT-v3,BTO-s1-b300,20002,0.0
BT-v3,BTO-s1-b300,20003,0.0
BT-v3,BTO-s1-b300,20004,0.25
BT-v3,BTO-s1-b300,20005,0.0
BT-v3,BTO-s1-b300,20006,0.0
BT-v3,BTO-s1-b300,20007,0.25
BT-v3,BTO-s1-b300,20008,0.5
BT-v3,BTO-s1-b300,20009,0.0
BT-v3,BTO-s1-b300,20010,0.0
BT-v3,BTO-s1-b300,20011,0.0
BT-v3,BTO-s1-b300,20012,0.0
BT-v3,BTO-s1-b300,20013,0.0
BT-v3,BTO-s1-b300,20014,0.5
BT-v3,BTO-s1-b300,20015,0.25
BT-v3,BTO-s1-b300,20016,0.0
BT-v3,BTO-s1-b300,20017,0.0
BT-v3,BTO-s1-b300,20018,0.0
BT-v3,BTO-s1-b300,20019,0.0
BT-v3,BTO-s1-b300,20020,0.0
BT-v3,BTO-s1-b300,20021,0.0
BT-v3,BTO-s1-b300,20022,0.0
BT-v3,BTO-s1-b300,20023,0.25
BT-v3,BTO-s1-b300,20024,0.0
BT-v3,BTO-s1-b300,20025,0.0
BT-v3,BTO-s1-b300,20026,0.0
BT-v3,BTO-s1-b300,20027,0.0
BT-v3,BTO-s1-b300,20028,0.0
BT-v3,BTO-s1-b300,20029,0.0
BT-v3,BTO-s2-b300,20000,0.25
BT-v3,BTO-s2-b300,20001,0.0
BT-v3,BTO-s2-b300,20002,0.0
BT-v3,BTO-s2-b300,20003,0.0
BT-v3,BTO-s2-b300,20004,0.0
BT-v3,BTO-s2-b300,20005,0.5
BT-v3,BTO-s2-b300,20006,0.0
BT-v3,BTO-s2-b300,20007,0.0
BT-v3,BTO-s2-b300,20008,0.5
BT-v3,BTO-s2-b300,20009,0.0
BT-v3,BTO-s2-b300,20010,0.0
BT-v3,BTO-s2-b300,20011,0.0
BT-v3,BTO-s2-b300,20012,0.0
BT-v3,BTO-s2-b300,20013,0.0
BT-v3,BTO-s2-b300,20014,0.0
BT-v3,BTO-s2-b300,20015,0.5
BT-v3,BTO-s2-b300,20016,0.0
BT-v3,BTO-s2-b300,20017,0.0
BT-v3,BTO-s2-b300,20018,0.0
BT-v3,BTO-s2-b300,20019,0.0
BT-v3,BTO-s2-b300,20020,0.0
BT-v3,BTO-s2-b300,20021,0.0
BT-v3,BTO-s2-b300,20022,0.0
BT-v3,BTO-s2-b300,20023,0.5
BT-v3,BTO-s2-b300,20024,0.0
BT-v3,BTO-s2-b300,20025,0.0
BT-v3,BTO-s2-b300,20026,0.0
BT-v3,BTO-s2-b300,20027,0.25
BT-v3,BTO-s2-b300,20028,0.0
BT-v3,BTO-s2-b300,20029,0.0
BT-v3,POOL-s0-b1000,20000,0.0
BT-v3,POOL-s0-b1000,20001,0.0
BT-v3,POOL-s0-b1000,20002,0.0
BT-v3,POOL-s0-b1000,20003,0.0
BT-v3,POOL-s0-b1000,20004,0.0
BT-v3,POOL-s0-b1000,20005,0.25
BT-v3,POOL-s0-b1000,20006,0.0
BT-v3,POOL-s0-b1000,20007,0.0
BT-v3,POOL-s0-b1000,20008,0.0
BT-v3,POOL-s0-b1000,20009,0.0
BT-v3,POOL-s0-b1000,20010,0.5
BT-v3,POOL-s0-b1000,20011,0.0
BT-v3,POOL-s0-b1000,20012,0.0
BT-v3,POOL-s0-b1000,20013,0.0
BT-v3,POOL-s0-b1000,20014,0.0
BT-v3,POOL-s0-b1000,20015,0.0
BT-v3,POOL-s0-b1000,20016,0.25
BT-v3,POOL-s0-b1000,20017,0.0
BT-v3,POOL-s0-b1000,20018,0.0
BT-v3,POOL-s0-b1000,20019,0.0
BT-v3,POOL-s0-b1000,20020,0.0
BT-v3,POOL-s0-b1000,20021,0.0
BT-v3,POOL-s0-b1000,20022,0.0
BT-v3,POOL-s0-b1000,20023,0.0
BT-v3,POOL-s0-b1000,20024,0.0
BT-v3,POOL-s0-b1000,20025,0.0
BT-v3,POOL-s0-b1000,20026,0.0
BT-v3,POOL-s0-b1000,20027,0.0
BT-v3,POOL-s0-b1000,20028,0.0
BT-v3,POOL-s0-b1000,20029,0.0
BT-v3,POOL-s1-b1000,20000,0.0
BT-v3,POOL-s1-b1000,20001,0.5
BT-v3,POOL-s1-b1000,20002,0.0
BT-v3,POOL-s1-b1000,20003,0.0
BT-v3,POOL-s1-b1000,20004,0.0
BT-v3,POOL-s1-b1000,20005,0.0
BT-v3,POOL-s1-b1000,20006,0.0
BT-v3,POOL-s1-b1000,20007,0.0
BT-v3,POOL-s1-b1000,20008,0.0
BT-v3,POOL-s1-b1000,20009,0.0
BT-v3,POOL-s1-b1000,20010,0.0
BT-v3,POOL-s1-b1000,20011,0.5
BT-v3,POOL-s1-b1000,20012,0.5
BT-v3,POOL-s1-b1000,20013,0.0
BT-v3,POOL-s1-b1000,20014,0.0
BT-v3,POOL-s1-b1000,20015,0.0
BT-v3,POOL-s1-b1000,20016,0.0
BT-v3,POOL-s1-b1000,20017,0.0
BT-v3,POOL-s1-b1000,20018,0.0
BT-v3,POOL-s1-b1000,20019,0.5
BT-v3,POOL-s1-b1000,20020,0.0
BT-v3,POOL-s1-b1000,20021,0.0
BT-v3,POOL-s1-b1000,20022,0.0
BT-v3,POOL-s1-b1000,20023,0.0
BT-v3,POOL-s1-b1000,20024,0.0
BT-v3,POOL-s1-b1000,20025,0.0
BT-v3,POOL-s1-b1000,20026,0.5
BT-v3,POOL-s1-b1000,20027,0.0
BT-v3,POOL-s1-b1000,20028,0.0
BT-v3,POOL-s1-b1000,20029,0.5
BT-v3,POOL-s2-b1000,20000,0.0
BT-v3,POOL-s2-b1000,20001,0.0
BT-v3,POOL-s2-b1000,20002,0.0
BT-v3,POOL-s2-b1000,20003,0.0
BT-v3,POOL-s2-b1000,20004,0.0
BT-v3,POOL-s2-b1000,20005,0.0
BT-v3,POOL-s2-b1000,20006,0.0
BT-v3,POOL-s2-b1000,20007,0.0
BT-v3,POOL-s2-b1000,20008,0.0
BT-v3,POOL-s2-b1000,20009,0.0
BT-v3,POOL-s2-b1000,20010,0.0
BT-v3,POOL-s2-b1000,20011,0.0
BT-v3,POOL-s2-b1000,20012,0.0
BT-v3,POOL-s2-b1000,20013,0.0
BT-v3,POOL-s2-b1000,20014,0.0
BT-v3,POOL-s2-b1000,20015,0.0
BT-v3,POOL-s2-b1000,20016,0.0
BT-v3,POOL-s2-b1000,20017,0.0
BT-v3,POOL-s2-b1000,20018,0.0
BT-v3,POOL-s2-b1000,20019,0.0
BT-v3,POOL-s2-b1000,20020,0.0
BT-v3,POOL-s2-b1000,20021,0.0
BT-v3,POOL-s2-b1000,20022,0.0
BT-v3,POOL-s2-b1000,20023,0.0
BT-v3,POOL-s2-b1000,20024,0.0
BT-v3,POOL-s2-b1000,20025,0.0
BT-v3,POOL-s2-b1000,20026,0.0
BT-v3,POOL-s2-b1000,20027,0.0
BT-v3,POOL-s2-b1000,20028,0.0
BT-v3,POOL-s2-b1000,20029,0.0
BT-v3,POOL-s3-b1000,20000,0.0
BT-v3,POOL-s3-b1000,20001,0.0
BT-v3,POOL-s3-b1000,20002,0.0
BT-v3,POOL-s3-b1000,20003,0.0
BT-v3,POOL-s3-b1000,20004,0.0
BT-v3,POOL-s3-b1000,20005,0.0
BT-v3,POOL-s3-b1000,20006,0.0
BT-v3,POOL-s3-b1000,20007,0.0
BT-v3,POOL-s3-b1000,20008,0.25
BT-v3,POOL-s3-b1000,20009,0.0
BT-v3,POOL-s3-b1000,20010,0.0
BT-v3,POOL-s3-b1000,20011,0.0
BT-v3,POOL-s3-b1000,20012,0.0
BT-v3,POOL-s3-b1000,20013,0.0
BT-v3,POOL-s3-b1000,20014,0.0
BT-v3,POOL-s3-b1000,20015,0.0
BT-v3,POOL-s3-b1000,20016,0.0
BT-v3,POOL-s3-b1000,20017,0.25
BT-v3,POOL-s3-b1000,20018,0.0
BT-v3,POOL-s3-b1000,20019,0.0
BT-v3,POOL-s3-b1000,20020,0.25
BT-v3,POOL-s3-b1000,20021,0.0
BT-v3,POOL-s3-b1000,20022,0.0
BT-v3,POOL-s3-b1000,20023,0.0
BT-v3,POOL-s3-b1000,20024,0.0
BT-v3,POOL-s3-b1000,20025,0.0
BT-v3,POOL-s3-b1000,20026,0.0
BT-v3,POOL-s3-b1000,20027,0.25
BT-v3,POOL-s3-b1000,20028,0.25
BT-v3,POOL-s3-b1000,20029,0.5
BT-v3,POOL-s4-b1000,20000,0.0
BT-v3,POOL-s4-b1000,20001,0.0
BT-v3,POOL-s4-b1000,20002,0.0
BT-v3,POOL-s4-b1000,20003,0.0
BT-v3,POOL-s4-b1000,20004,0.0
BT-v3,POOL-s4-b1000,20005,0.25
BT-v3,POOL-s4-b1000,20006,0.0
BT-v3,POOL-s4-b1000,20007,0.0
BT-v3,POOL-s4-b1000,20008,0.25
BT-v3,POOL-s4-b1000,20009,0.0
BT-v3,POOL-s4-b1000,20010,0.0
BT-v3,POOL-s4-b1000,20011,0.0
BT-v3,POOL-s4-b1000,20012,0.25
BT-v3,POOL-s4-b1000,20013,0.0
BT-v3,POOL-s4-b1000,20014,0.0
BT-v3,POOL-s4-b1000,20015,0.0
BT-v3,POOL-s4-b1000,20016,0.0
BT-v3,POOL-s4-b1000,20017,0.0
BT-v3,POOL-s4-b1000,20018,0.0
BT-v3,POOL-s4-b1000,20019,0.5
BT-v3,POOL-s4-b1000,20020,0.0
BT-v3,POOL-s4-b1000,20021,0.0
BT-v3,POOL-s4-b1000,20022,0.0
BT-v3,POOL-s4-b1000,20023,0.0
BT-v3,POOL-s4-b1000,20024,0.0
BT-v3,POOL-s4-b1000,20025,0.0
BT-v3,POOL-s4-b1000,20026,0.0
BT-v3,POOL-s4-b1000,20027,0.0
BT-v3,POOL-s4-b1000,20028,0.0
BT-v3,POOL-s4-b1000,20029,0.5
RL-s0-b300-a1.00,RL-s10-b300-a1.00,20000,0.5
RL-s0-b300-a1.00,RL-s10-b300-a1.00,20001,0.5
RL-s0-b300-a1.00,RL-s10-b300-a1.00,20002,0.5
RL-s0-b300-a1.00,RL-s10-b300-a1.00,20003,0.75
RL-s0-b300-a1.00,RL-s10-b300-a1.00,20004,0.75
RL-s0-b300-a1.00,RL-s10-b300-a1.00,20005,0.5
RL-s0-b300-a1.00,RL-s10-b300-a1.00,20006,0.75
RL-s0-b300-a1.00,RL-s10-b300-a1.00,20007,0.5
RL-s0-b300-a1.00,RL-s10-b300-a1.00,20008,0.5
RL-s0-b300-a1.00,RL-s10-b300-a1.00,20009,0.75
RL-s0-b300-a1.00,RL-s10-b300-a1.00,20010,0.75
RL-s0-b300-a1.00,RL-s10-b300-a1.00,20011,0.5
RL-s0-b300-a1.00,RL-s10-b300-a1.00,20012,0.5
RL-s0-b300-a1.00,RL-s10-b300-a1.00,20013,0.5
RL-s0-b300-a1.00,RL-s10-b300-a1.00,20014,0.5
RL-s0-b300-a1.00,RL-s10-b300-a1.00,20015,0.5
RL-s0-b300-a1.00,RL-s10-b300-a1.00,20016,0.5
RL-s0-b300-a1.00,RL-s10-b300-a1.00,20017,0.75
RL-s0-b300-a1.00,RL-s10-b300-a1.00,20018,0.5
RL-s0-b300-a1.00,RL-s10-b300-a1.00,20019,0.5
RL-s0-b300-a1.00,RL-s10-b300-a1.00,20020,0.75
RL-s0-b300-a1.00,RL-s10-b300-a1.00,20021,0.5
RL-s0-b300-a1.00,RL-s10-b300-a1.00,20022,0.5
RL-s0-b300-a1.00,RL-s10-b300-a1.00,20023,0.5
RL-s0-b300-a1.00,RL-s10-b300-a1.00,20024,0.75
RL-s0-b300-a1.00,RL-s10-b300-a1.00,20025,0.25
RL-s0-b300-a1.00,RL-s10-b300-a1.00,20026,0.5
RL-s0-b300-a1.00,RL-s10-b300-a1.00,20027,0.75
RL-s0-b300-a1.00,RL-s10-b300-a1.00,20028,0.75
RL-s0-b300-a1.00,RL-s10-b300-a1.00,20029,0.5
RL-s0-b300-a1.00,RL-s11-b300-a1.00,20000,0.5
RL-s0-b300-a1.00,RL-s11-b300-a1.00,20001,0.5
RL-s0-b300-a1.00,RL-s11-b300-a1.00,20002,0.25
RL-s0-b300-a1.00,RL-s11-b300-a1.00,20003,0.5
RL-s0-b300-a1.00,RL-s11-b300-a1.00,20004,0.5
RL-s0-b300-a1.00,RL-s11-b300-a1.00,20005,0.75
RL-s0-b300-a1.00,RL-s11-b300-a1.00,20006,0.5
RL-s0-b300-a1.00,RL-s11-b300-a1.00,20007,0.5
RL-s0-b300-a1.00,RL-s11-b300-a1.00,20008,0.5
RL-s0-b300-a1.00,RL-s11-b300-a1.00,20009,0.5
RL-s0-b300-a1.00,RL-s11-b300-a1.00,20010,0.5
RL-s0-b300-a1.00,RL-s11-b300-a1.00,20011,0.75
RL-s0-b300-a1.00,RL-s11-b300-a1.00,20012,0.75
RL-s0-b300-a1.00,RL-s11-b300-a1.00,20013,0.5
RL-s0-b300-a1.00,RL-s11-b300-a1.00,20014,0.25
RL-s0-b300-a1.00,RL-s11-b300-a1.00,20015,0.5
RL-s0-b300-a1.00,RL-s11-b300-a1.00,20016,0.5
RL-s0-b300-a1.00,RL-s11-b300-a1.00,20017,0.25
RL-s0-b300-a1.00,RL-s11-b300-a1.00,20018,0.25
RL-s0-b300-a1.00,RL-s11-b300-a1.00,20019,0.75
RL-s0-b300-a1.00,RL-s11-b300-a1.00,20020,0.5
RL-s0-b300-a1.00,RL-s11-b300-a1.00,20021,0.5
RL-s0-b300-a1.00,RL-s11-b300-a1.00,20022,0.5
RL-s0-b300-a1.00,RL-s11-b300-a1.00,20023,0.5
RL-s0-b300-a1.00,RL-s11-b300-a1.00,20024,0.5
RL-s0-b300-a1.00,RL-s11-b300-a1.00,20025,0.5
RL-s0-b300-a1.00,RL-s11-b300-a1.00,20026,0.5
RL-s0-b300-a1.00,RL-s11-b300-a1.00,20027,0.5
RL-s0-b300-a1.00,RL-s11-b300-a1.00,20028,0.5
RL-s0-b300-a1.00,RL-s11-b300-a1.00,20029,0.75
RL-s0-b300-a1.00,RL-s12-b300-a1.00,20000,0.5
RL-s0-b300-a1.00,RL-s12-b300-a1.00,20001,0.5
RL-s0-b300-a1.00,RL-s12-b300-a1.00,20002,0.25
RL-s0-b300-a1.00,RL-s12-b300-a1.00,20003,0.5
RL-s0-b300-a1.00,RL-s12-b300-a1.00,20004,0.5
RL-s0-b300-a1.00,RL-s12-b300-a1.00,20005,0.5
RL-s0-b300-a1.00,RL-s12-b300-a1.00,20006,0.5
RL-s0-b300-a1.00,RL-s12-b300-a1.00,20007,0.5
RL-s0-b300-a1.00,RL-s12-b300-a1.00,20008,0.5
RL-s0-b300-a1.00,RL-s12-b300-a1.00,20009,0.5
RL-s0-b300-a1.00,RL-s12-b300-a1.00,20010,0.75
RL-s0-b300-a1.00,RL-s12-b300-a1.00,20011,0.5
RL-s0-b300-a1.00,RL-s12-b300-a1.00,20012,0.75
RL-s0-b300-a1.00,RL-s12-b300-a1.00,20013,0.25
RL-s0-b300-a1.00,RL-s12-b300-a1.00,20014,0.25
RL-s0-b300-a1.00,RL-s12-b300-a1.00,20015,0.5
RL-s0-b300-a1.00,RL-s12-b300-a1.00,20016,0.75
RL-s0-b300-a1.00,RL-s12-b300-a1.00,20017,0.5
RL-s0-b300-a1.00,RL-s12-b300-a1.00,20018,0.5
RL-s0-b300-a1.00,RL-s12-b300-a1.00,20019,0.75
RL-s0-b300-a1.00,RL-s12-b300-a1.00,20020,0.5
RL-s0-b300-a1.00,RL-s12-b300-a1.00,20021,0.5
RL-s0-b300-a1.00,RL-s12-b300-a1.00,20022,0.5
RL-s0-b300-a1.00,RL-s12-b300-a1.00,20023,0.5
RL-s0-b300-a1.00,RL-s12-b300-a1.00,20024,0.5
RL-s0-b300-a1.00,RL-s12-b300-a1.00,20025,0.0
RL-s0-b300-a1.00,RL-s12-b300-a1.00,20026,0.5
RL-s0-b300-a1.00,RL-s12-b300-a1.00,20027,0.5
RL-s0-b300-a1.00,RL-s12-b300-a1.00,20028,0.5
RL-s0-b300-a1.00,RL-s12-b300-a1.00,20029,0.75
RL-s0-b300-a1.00,RL-s13-b300-a1.00,20000,0.5
RL-s0-b300-a1.00,RL-s13-b300-a1.00,20001,0.5
RL-s0-b300-a1.00,RL-s13-b300-a1.00,20002,0.5
RL-s0-b300-a1.00,RL-s13-b300-a1.00,20003,0.25
RL-s0-b300-a1.00,RL-s13-b300-a1.00,20004,0.5
RL-s0-b300-a1.00,RL-s13-b300-a1.00,20005,0.5
RL-s0-b300-a1.00,RL-s13-b300-a1.00,20006,0.75
RL-s0-b300-a1.00,RL-s13-b300-a1.00,20007,0.5
RL-s0-b300-a1.00,RL-s13-b300-a1.00,20008,0.5
RL-s0-b300-a1.00,RL-s13-b300-a1.00,20009,1.0
RL-s0-b300-a1.00,RL-s13-b300-a1.00,20010,0.5
RL-s0-b300-a1.00,RL-s13-b300-a1.00,20011,0.5
RL-s0-b300-a1.00,RL-s13-b300-a1.00,20012,0.5
RL-s0-b300-a1.00,RL-s13-b300-a1.00,20013,0.5
RL-s0-b300-a1.00,RL-s13-b300-a1.00,20014,0.5
RL-s0-b300-a1.00,RL-s13-b300-a1.00,20015,0.5
RL-s0-b300-a1.00,RL-s13-b300-a1.00,20016,0.5
RL-s0-b300-a1.00,RL-s13-b300-a1.00,20017,0.75
RL-s0-b300-a1.00,RL-s13-b300-a1.00,20018,0.75
RL-s0-b300-a1.00,RL-s13-b300-a1.00,20019,0.5
RL-s0-b300-a1.00,RL-s13-b300-a1.00,20020,0.5
RL-s0-b300-a1.00,RL-s13-b300-a1.00,20021,0.75
RL-s0-b300-a1.00,RL-s13-b300-a1.00,20022,0.5
RL-s0-b300-a1.00,RL-s13-b300-a1.00,20023,0.25
RL-s0-b300-a1.00,RL-s13-b300-a1.00,20024,0.75
RL-s0-b300-a1.00,RL-s13-b300-a1.00,20025,0.25
RL-s0-b300-a1.00,RL-s13-b300-a1.00,20026,0.5
RL-s0-b300-a1.00,RL-s13-b300-a1.00,20027,0.5
RL-s0-b300-a1.00,RL-s13-b300-a1.00,20028,0.75
RL-s0-b300-a1.00,RL-s13-b300-a1.00,20029,0.75
RL-s0-b300-a1.00,RL-s14-b300-a1.00,20000,0.5
RL-s0-b300-a1.00,RL-s14-b300-a1.00,20001,0.5
RL-s0-b300-a1.00,RL-s14-b300-a1.00,20002,0.5
RL-s0-b300-a1.00,RL-s14-b300-a1.00,20003,0.75
RL-s0-b300-a1.00,RL-s14-b300-a1.00,20004,0.75
RL-s0-b300-a1.00,RL-s14-b300-a1.00,20005,0.75
RL-s0-b300-a1.00,RL-s14-b300-a1.00,20006,0.5
RL-s0-b300-a1.00,RL-s14-b300-a1.00,20007,0.0
RL-s0-b300-a1.00,RL-s14-b300-a1.00,20008,0.75
RL-s0-b300-a1.00,RL-s14-b300-a1.00,20009,0.5
RL-s0-b300-a1.00,RL-s14-b300-a1.00,20010,0.25
RL-s0-b300-a1.00,RL-s14-b300-a1.00,20011,0.75
RL-s0-b300-a1.00,RL-s14-b300-a1.00,20012,0.5
RL-s0-b300-a1.00,RL-s14-b300-a1.00,20013,0.75
RL-s0-b300-a1.00,RL-s14-b300-a1.00,20014,0.75
RL-s0-b300-a1.00,RL-s14-b300-a1.00,20015,0.5
RL-s0-b300-a1.00,RL-s14-b300-a1.00,20016,0.75
RL-s0-b300-a1.00,RL-s14-b300-a1.00,20017,0.25
RL-s0-b300-a1.00,RL-s14-b300-a1.00,20018,0.5
RL-s0-b300-a1.00,RL-s14-b300-a1.00,20019,0.5
RL-s0-b300-a1.00,RL-s14-b300-a1.00,20020,0.75
RL-s0-b300-a1.00,RL-s14-b300-a1.00,20021,0.75
RL-s0-b300-a1.00,RL-s14-b300-a1.00,20022,0.75
RL-s0-b300-a1.00,RL-s14-b300-a1.00,20023,0.5
RL-s0-b300-a1.00,RL-s14-b300-a1.00,20024,0.5
RL-s0-b300-a1.00,RL-s14-b300-a1.00,20025,0.5
RL-s0-b300-a1.00,RL-s14-b300-a1.00,20026,0.5
RL-s0-b300-a1.00,RL-s14-b300-a1.00,20027,0.75
RL-s0-b300-a1.00,RL-s14-b300-a1.00,20028,0.75
RL-s0-b300-a1.00,RL-s14-b300-a1.00,20029,0.5
RL-s0-b300-a1.00,RL-s15-b300-a1.00,20000,0.5
RL-s0-b300-a1.00,RL-s15-b300-a1.00,20001,0.75
RL-s0-b300-a1.00,RL-s15-b300-a1.00,20002,0.25
RL-s0-b300-a1.00,RL-s15-b300-a1.00,20003,0.5
RL-s0-b300-a1.00,RL-s15-b300-a1.00,20004,0.75
RL-s0-b300-a1.00,RL-s15-b300-a1.00,20005,0.5
RL-s0-b300-a1.00,RL-s15-b300-a1.00,20006,0.5
RL-s0-b300-a1.00,RL-s15-b300-a1.00,20007,0.5
RL-s0-b300-a1.00,RL-s15-b300-a1.00,20008,0.25
RL-s0-b300-a1.00,RL-s15-b300-a1.00,20009,0.5
RL-s0-b300-a1.00,RL-s15-b300-a1.00,20010,0.5
RL-s0-b300-a1.00,RL-s15-b300-a1.00,20011,0.5
RL-s0-b300-a1.00,RL-s15-b300-a1.00,20012,0.5
RL-s0-b300-a1.00,RL-s15-b300-a1.00,20013,0.5
RL-s0-b300-a1.00,RL-s15-b300-a1.00,20014,0.5
RL-s0-b300-a1.00,RL-s15-b300-a1.00,20015,0.5
RL-s0-b300-a1.00,RL-s15-b300-a1.00,20016,0.5
RL-s0-b300-a1.00,RL-s15-b300-a1.00,20017,0.5
RL-s0-b300-a1.00,RL-s15-b300-a1.00,20018,0.5
RL-s0-b300-a1.00,RL-s15-b300-a1.00,20019,0.5
RL-s0-b300-a1.00,RL-s15-b300-a1.00,20020,0.5
RL-s0-b300-a1.00,RL-s15-b300-a1.00,20021,0.5
RL-s0-b300-a1.00,RL-s15-b300-a1.00,20022,0.5
RL-s0-b300-a1.00,RL-s15-b300-a1.00,20023,0.5
RL-s0-b300-a1.00,RL-s15-b300-a1.00,20024,0.5
RL-s0-b300-a1.00,RL-s15-b300-a1.00,20025,0.5
RL-s0-b300-a1.00,RL-s15-b300-a1.00,20026,0.75
RL-s0-b300-a1.00,RL-s15-b300-a1.00,20027,0.5
RL-s0-b300-a1.00,RL-s15-b300-a1.00,20028,0.5
RL-s0-b300-a1.00,RL-s15-b300-a1.00,20029,0.5
RL-s0-b300-a1.00,RL-s16-b300-a1.00,20000,0.5
RL-s0-b300-a1.00,RL-s16-b300-a1.00,20001,0.5
RL-s0-b300-a1.00,RL-s16-b300-a1.00,20002,0.75
RL-s0-b300-a1.00,RL-s16-b300-a1.00,20003,0.5
RL-s0-b300-a1.00,RL-s16-b300-a1.00,20004,0.5
RL-s0-b300-a1.00,RL-s16-b300-a1.00,20005,1.0
RL-s0-b300-a1.00,RL-s16-b300-a1.00,20006,0.5
RL-s0-b300-a1.00,RL-s16-b300-a1.00,20007,0.5
RL-s0-b300-a1.00,RL-s16-b300-a1.00,20008,0.25
RL-s0-b300-a1.00,RL-s16-b300-a1.00,20009,0.25
RL-s0-b300-a1.00,RL-s16-b300-a1.00,20010,0.5
RL-s0-b300-a1.00,RL-s16-b300-a1.00,20011,0.75
RL-s0-b300-a1.00,RL-s16-b300-a1.00,20012,0.5
RL-s0-b300-a1.00,RL-s16-b300-a1.00,20013,0.5
RL-s0-b300-a1.00,RL-s16-b300-a1.00,20014,0.5
RL-s0-b300-a1.00,RL-s16-b300-a1.00,20015,0.5
RL-s0-b300-a1.00,RL-s16-b300-a1.00,20016,0.75
RL-s0-b300-a1.00,RL-s16-b300-a1.00,20017,0.5
RL-s0-b300-a1.00,RL-s16-b300-a1.00,20018,0.75
RL-s0-b300-a1.00,RL-s16-b300-a1.00,20019,0.5
RL-s0-b300-a1.00,RL-s16-b300-a1.00,20020,0.5
RL-s0-b300-a1.00,RL-s16-b300-a1.00,20021,0.75
RL-s0-b300-a1.00,RL-s16-b300-a1.00,20022,0.75
RL-s0-b300-a1.00,RL-s16-b300-a1.00,20023,0.5
RL-s0-b300-a1.00,RL-s16-b300-a1.00,20024,0.5
RL-s0-b300-a1.00,RL-s16-b300-a1.00,20025,0.25
RL-s0-b300-a1.00,RL-s16-b300-a1.00,20026,0.75
RL-s0-b300-a1.00,RL-s16-b300-a1.00,20027,0.5
RL-s0-b300-a1.00,RL-s16-b300-a1.00,20028,0.5
RL-s0-b300-a1.00,RL-s16-b300-a1.00,20029,0.25
RL-s0-b300-a1.00,RL-s17-b300-a1.00,20000,0.5
RL-s0-b300-a1.00,RL-s17-b300-a1.00,20001,0.5
RL-s0-b300-a1.00,RL-s17-b300-a1.00,20002,0.75
RL-s0-b300-a1.00,RL-s17-b300-a1.00,20003,0.5
RL-s0-b300-a1.00,RL-s17-b300-a1.00,20004,0.5
RL-s0-b300-a1.00,RL-s17-b300-a1.00,20005,0.5
RL-s0-b300-a1.00,RL-s17-b300-a1.00,20006,0.5
RL-s0-b300-a1.00,RL-s17-b300-a1.00,20007,0.5
RL-s0-b300-a1.00,RL-s17-b300-a1.00,20008,0.5
RL-s0-b300-a1.00,RL-s17-b300-a1.00,20009,0.5
RL-s0-b300-a1.00,RL-s17-b300-a1.00,20010,0.5
RL-s0-b300-a1.00,RL-s17-b300-a1.00,20011,0.5
RL-s0-b300-a1.00,RL-s17-b300-a1.00,20012,0.5
RL-s0-b300-a1.00,RL-s17-b300-a1.00,20013,0.5
RL-s0-b300-a1.00,RL-s17-b300-a1.00,20014,0.5
RL-s0-b300-a1.00,RL-s17-b300-a1.00,20015,0.5
RL-s0-b300-a1.00,RL-s17-b300-a1.00,20016,0.5
RL-s0-b300-a1.00,RL-s17-b300-a1.00,20017,0.5
RL-s0-b300-a1.00,RL-s17-b300-a1.00,20018,0.5
RL-s0-b300-a1.00,RL-s17-b300-a1.00,20019,0.5
RL-s0-b300-a1.00,RL-s17-b300-a1.00,20020,0.5
RL-s0-b300-a1.00,RL-s17-b300-a1.00,20021,0.5
RL-s0-b300-a1.00,RL-s17-b300-a1.00,20022,0.5
RL-s0-b300-a1.00,RL-s17-b300-a1.00,20023,0.5
RL-s0-b300-a1.00,RL-s17-b300-a1.00,20024,0.5
RL-s0-b300-a1.00,RL-s17-b300-a1.00,20025,0.5
RL-s0-b300-a1.00,RL-s17-b300-a1.00,20026,0.5
RL-s0-b300-a1.00,RL-s17-b300-a1.00,20027,0.5
RL-s0-b300-a1.00,RL-s17-b300-a1.00,20028,0.5
RL-s0-b300-a1.00,RL-s17-b300-a1.00,20029,0.75
RL-s0-b300-a1.00,RL-s18-b300-a1.00,20000,0.5
RL-s0-b300-a1.00,RL-s18-b300-a1.00,20001,0.5
RL-s0-b300-a1.00,RL-s18-b300-a1.00,20002,0.5
RL-s0-b300-a1.00,RL-s18-b300-a1.00,20003,0.5
RL-s0-b300-a1.00,RL-s18-b300-a1.00,20004,0.5
RL-s0-b300-a1.00,RL-s18-b300-a1.00,20005,0.75
RL-s0-b300-a1.00,RL-s18-b300-a1.00,20006,0.5
RL-s0-b300-a1.00,RL-s18-b300-a1.00,20007,0.5
RL-s0-b300-a1.00,RL-s18-b300-a1.00,20008,0.5
RL-s0-b300-a1.00,RL-s18-b300-a1.00,20009,0.5
RL-s0-b300-a1.00,RL-s18-b300-a1.00,20010,0.5
RL-s0-b300-a1.00,RL-s18-b300-a1.00,20011,0.75
RL-s0-b300-a1.00,RL-s18-b300-a1.00,20012,0.5
RL-s0-b300-a1.00,RL-s18-b300-a1.00,20013,0.5
RL-s0-b300-a1.00,RL-s18-b300-a1.00,20014,0.5
RL-s0-b300-a1.00,RL-s18-b300-a1.00,20015,0.5
RL-s0-b300-a1.00,RL-s18-b300-a1.00,20016,0.5
RL-s0-b300-a1.00,RL-s18-b300-a1.00,20017,0.5
RL-s0-b300-a1.00,RL-s18-b300-a1.00,20018,0.5
RL-s0-b300-a1.00,RL-s18-b300-a1.00,20019,0.5
RL-s0-b300-a1.00,RL-s18-b300-a1.00,20020,0.5
RL-s0-b300-a1.00,RL-s18-b300-a1.00,20021,0.75
RL-s0-b300-a1.00,RL-s18-b300-a1.00,20022,0.5
RL-s0-b300-a1.00,RL-s18-b300-a1.00,20023,0.5
RL-s0-b300-a1.00,RL-s18-b300-a1.00,20024,0.75
RL-s0-b300-a1.00,RL-s18-b300-a1.00,20025,0.5
RL-s0-b300-a1.00,RL-s18-b300-a1.00,20026,0.5
RL-s0-b300-a1.00,RL-s18-b300-a1.00,20027,0.5
RL-s0-b300-a1.00,RL-s18-b300-a1.00,20028,0.75
RL-s0-b300-a1.00,RL-s18-b300-a1.00,20029,0.75
RL-s0-b300-a1.00,RL-s19-b300-a1.00,20000,0.5
RL-s0-b300-a1.00,RL-s19-b300-a1.00,20001,0.5
RL-s0-b300-a1.00,RL-s19-b300-a1.00,20002,0.5
RL-s0-b300-a1.00,RL-s19-b300-a1.00,20003,0.5
RL-s0-b300-a1.00,RL-s19-b300-a1.00,20004,0.5
RL-s0-b300-a1.00,RL-s19-b300-a1.00,20005,0.5
RL-s0-b300-a1.00,RL-s19-b300-a1.00,20006,0.5
RL-s0-b300-a1.00,RL-s19-b300-a1.00,20007,0.5
RL-s0-b300-a1.00,RL-s19-b300-a1.00,20008,0.5
RL-s0-b300-a1.00,RL-s19-b300-a1.00,20009,0.5
RL-s0-b300-a1.00,RL-s19-b300-a1.00,20010,0.25
RL-s0-b300-a1.00,RL-s19-b300-a1.00,20011,0.5
RL-s0-b300-a1.00,RL-s19-b300-a1.00,20012,0.5
RL-s0-b300-a1.00,RL-s19-b300-a1.00,20013,0.5
RL-s0-b300-a1.00,RL-s19-b300-a1.00,20014,0.5
RL-s0-b300-a1.00,RL-s19-b300-a1.00,20015,0.5
RL-s0-b300-a1.00,RL-s19-b300-a1.00,20016,0.25
RL-s0-b300-a1.00,RL-s19-b300-a1.00,20017,0.5
RL-s0-b300-a1.00,RL-s19-b300-a1.00,20018,0.5
RL-s0-b300-a1.00,RL-s19-b300-a1.00,20019,0.5
RL-s0-b300-a1.00,RL-s19-b300-a1.00,20020,0.5
RL-s0-b300-a1.00,RL-s19-b300-a1.00,20021,0.5
RL-s0-b300-a1.00,RL-s19-b300-a1.00,20022,0.5
RL-s0-b300-a1.00,RL-s19-b300-a1.00,20023,0.5
RL-s0-b300-a1.00,RL-s19-b300-a1.00,20024,0.5
RL-s0-b300-a1.00,RL-s19-b300-a1.00,20025,0.5
RL-s0-b300-a1.00,RL-s19-b300-a1.00,20026,0.75
RL-s0-b300-a1.00,RL-s19-b300-a1.00,20027,0.5
RL-s0-b300-a1.00,RL-s19-b300-a1.00,20028,0.5
RL-s0-b300-a1.00,RL-s19-b300-a1.00,20029,0.75
RL-s0-b300-a1.00,RL-s1-b300-a1.00,20000,0.75
RL-s0-b300-a1.00,RL-s1-b300-a1.00,20001,0.5
RL-s0-b300-a1.00,RL-s1-b300-a1.00,20002,0.5
RL-s0-b300-a1.00,RL-s1-b300-a1.00,20003,0.75
RL-s0-b300-a1.00,RL-s1-b300-a1.00,20004,0.75
RL-s0-b300-a1.00,RL-s1-b300-a1.00,20005,0.5
RL-s0-b300-a1.00,RL-s1-b300-a1.00,20006,0.25
RL-s0-b300-a1.00,RL-s1-b300-a1.00,20007,0.75
RL-s0-b300-a1.00,RL-s1-b300-a1.00,20008,0.75
RL-s0-b300-a1.00,RL-s1-b300-a1.00,20009,0.5
RL-s0-b300-a1.00,RL-s1-b300-a1.00,20010,0.75
RL-s0-b300-a1.00,RL-s1-b300-a1.00,20011,0.5
RL-s0-b300-a1.00,RL-s1-b300-a1.00,20012,0.75
RL-s0-b300-a1.00,RL-s1-b300-a1.00,20013,0.75
RL-s0-b300-a1.00,RL-s1-b300-a1.00,20014,0.75
RL-s0-b300-a1.00,RL-s1-b300-a1.00,20015,0.5
RL-s0-b300-a1.00,RL-s1-b300-a1.00,20016,0.5
RL-s0-b300-a1.00,RL-s1-b300-a1.00,20017,0.5
RL-s0-b300-a1.00,RL-s1-b300-a1.00,20018,0.5
RL-s0-b300-a1.00,RL-s1-b300-a1.00,20019,0.5
RL-s0-b300-a1.00,RL-s1-b300-a1.00,20020,0.5
RL-s0-b300-a1.00,RL-s1-b300-a1.00,20021,0.5
RL-s0-b300-a1.00,RL-s1-b300-a1.00,20022,0.5
RL-s0-b300-a1.00,RL-s1-b300-a1.00,20023,0.75
RL-s0-b300-a1.00,RL-s1-b300-a1.00,20024,0.5
RL-s0-b300-a1.00,RL-s1-b300-a1.00,20025,0.5
RL-s0-b300-a1.00,RL-s1-b300-a1.00,20026,0.75
RL-s0-b300-a1.00,RL-s1-b300-a1.00,20027,0.75
RL-s0-b300-a1.00,RL-s1-b300-a1.00,20028,0.5
RL-s0-b300-a1.00,RL-s1-b300-a1.00,20029,0.75
RL-s0-b300-a1.00,RL-s2-b300-a1.00,20000,0.5
RL-s0-b300-a1.00,RL-s2-b300-a1.00,20001,0.5
RL-s0-b300-a1.00,RL-s2-b300-a1.00,20002,0.5
RL-s0-b300-a1.00,RL-s2-b300-a1.00,20003,0.75
RL-s0-b300-a1.00,RL-s2-b300-a1.00,20004,0.5
RL-s0-b300-a1.00,RL-s2-b300-a1.00,20005,0.5
RL-s0-b300-a1.00,RL-s2-b300-a1.00,20006,0.5
RL-s0-b300-a1.00,RL-s2-b300-a1.00,20007,0.5
RL-s0-b300-a1.00,RL-s2-b300-a1.00,20008,0.5
RL-s0-b300-a1.00,RL-s2-b300-a1.00,20009,0.5
RL-s0-b300-a1.00,RL-s2-b300-a1.00,20010,0.5
RL-s0-b300-a1.00,RL-s2-b300-a1.00,20011,0.5
RL-s0-b300-a1.00,RL-s2-b300-a1.00,20012,0.5
RL-s0-b300-a1.00,RL-s2-b300-a1.00,20013,0.5
RL-s0-b300-a1.00,RL-s2-b300-a1.00,20014,0.5
RL-s0-b300-a1.00,RL-s2-b300-a1.00,20015,0.5
RL-s0-b300-a1.00,RL-s2-b300-a1.00,20016,0.5
RL-s0-b300-a1.00,RL-s2-b300-a1.00,20017,0.5
RL-s0-b300-a1.00,RL-s2-b300-a1.00,20018,0.5
RL-s0-b300-a1.00,RL-s2-b300-a1.00,20019,0.5
RL-s0-b300-a1.00,RL-s2-b300-a1.00,20020,0.5
RL-s0-b300-a1.00,RL-s2-b300-a1.00,20021,0.5
RL-s0-b300-a1.00,RL-s2-b300-a1.00,20022,0.5
RL-s0-b300-a1.00,RL-s2-b300-a1.00,20023,0.5
RL-s0-b300-a1.00,RL-s2-b300-a1.00,20024,0.25
RL-s0-b300-a1.00,RL-s2-b300-a1.00,20025,0.5
RL-s0-b300-a1.00,RL-s2-b300-a1.00,20026,0.25
RL-s0-b300-a1.00,RL-s2-b300-a1.00,20027,0.5
RL-s0-b300-a1.00,RL-s2-b300-a1.00,20028,0.5
RL-s0-b300-a1.00,RL-s2-b300-a1.00,20029,0.5
RL-s0-b300-a1.00,RL-s3-b300-a1.00,20000,0.5
RL-s0-b300-a1.00,RL-s3-b300-a1.00,20001,0.5
RL-s0-b300-a1.00,RL-s3-b300-a1.00,20002,0.25
RL-s0-b300-a1.00,RL-s3-b300-a1.00,20003,0.5
RL-s0-b300-a1.00,RL-s3-b300-a1.00,20004,0.5
RL-s0-b300-a1.00,RL-s3-b300-a1.00,20005,0.5
RL-s0-b300-a1.00,RL-s3-b300-a1.00,20006,0.5
RL-s0-b300-a1.00,RL-s3-b300-a1.00,20007,0.5
RL-s0-b300-a1.00,RL-s3-b300-a1.00,20008,0.5
RL-s0-b300-a1.00,RL-s3-b300-a1.00,20009,0.5
RL-s0-b300-a1.00,RL-s3-b300-a1.00,20010,0.25
RL-s0-b300-a1.00,RL-s3-b300-a1.00,20011,0.75
RL-s0-b300-a1.00,RL-s3-b300-a1.00,20012,0.5
RL-s0-b300-a1.00,RL-s3-b300-a1.00,20013,0.5
RL-s0-b300-a1.00,RL-s3-b300-a1.00,20014,0.5
RL-s0-b300-a1.00,RL-s3-b300-a1.00,20015,0.5
RL-s0-b300-a1.00,RL-s3-b300-a1.00,20016,0.5
RL-s0-b300-a1.00,RL-s3-b300-a1.00,20017,0.5
RL-s0-b300-a1.00,RL-s3-b300-a1.00,20018,0.5
RL-s0-b300-a1.00,RL-s3-b300-a1.00,20019,0.75
RL-s0-b300-a1.00,RL-s3-b300-a1.00,20020,0.5
RL-s0-b300-a1.00,RL-s3-b300-a1.00,20021,0.5
RL-s0-b300-a1.00,RL-s3-b300-a1.00,20022,0.5
RL-s0-b300-a1.00,RL-s3-b300-a1.00,20023,0.5
RL-s0-b300-a1.00,RL-s3-b300-a1.00,20024,0.5
RL-s0-b300-a1.00,RL-s3-b300-a1.00,20025,0.5
RL-s0-b300-a1.00,RL-s3-b300-a1.00,20026,0.5
RL-s0-b300-a1.00,RL-s3-b300-a1.00,20027,0.5
RL-s0-b300-a1.00,RL-s3-b300-a1.00,20028,0.5
RL-s0-b300-a1.00,RL-s3-b300-a1.00,20029,0.75
RL-s0-b300-a1.00,RL-s4-b300-a1.00,20000,0.5
RL-s0-b300-a1.00,RL-s4-b300-a1.00,20001,0.5
RL-s0-b300-a1.00,RL-s4-b300-a1.00,20002,0.5
RL-s0-b300-a1.00,RL-s4-b300-a1.00,20003,0.25
RL-s0-b300-a1.00,RL-s4-b300-a1.00,20004,0.75
RL-s0-b300-a1.00,RL-s4-b300-a1.00,20005,0.25
RL-s0-b300-a1.00,RL-s4-b300-a1.00,20006,0.5
RL-s0-b300-a1.00,RL-s4-b300-a1.00,20007,0.5
RL-s0-b300-a1.00,RL-s4-b300-a1.00,20008,0.25
RL-s0-b300-a1.00,RL-s4-b300-a1.00,20009,0.5
RL-s0-b300-a1.00,RL-s4-b300-a1.00,20010,0.5
RL-s0-b300-a1.00,RL-s4-b300-a1.00,20011,0.75
RL-s0-b300-a1.00,RL-s4-b300-a1.00,20012,0.5
RL-s0-b300-a1.00,RL-s4-b300-a1.00,20013,0.5
RL-s0-b300-a1.00,RL-s4-b300-a1.00,20014,0.5
RL-s0-b300-a1.00,RL-s4-b300-a1.00,20015,0.5
RL-s0-b300-a1.00,RL-s4-b300-a1.00,20016,0.5
RL-s0-b300-a1.00,RL-s4-b300-a1.00,20017,0.5
RL-s0-b300-a1.00,RL-s4-b300-a1.00,20018,0.5
RL-s0-b300-a1.00,RL-s4-b300-a1.00,20019,0.5
RL-s0-b300-a1.00,RL-s4-b300-a1.00,20020,0.5
RL-s0-b300-a1.00,RL-s4-b300-a1.00,20021,0.5
RL-s0-b300-a1.00,RL-s4-b300-a1.00,20022,0.5
RL-s0-b300-a1.00,RL-s4-b300-a1.00,20023,0.5
RL-s0-b300-a1.00,RL-s4-b300-a1.00,20024,0.5
RL-s0-b300-a1.00,RL-s4-b300-a1.00,20025,0.5
RL-s0-b300-a1.00,RL-s4-b300-a1.00,20026,0.5
RL-s0-b300-a1.00,RL-s4-b300-a1.00,20027,0.5
RL-s0-b300-a1.00,RL-s4-b300-a1.00,20028,0.5
RL-s0-b300-a1.00,RL-s4-b300-a1.00,20029,0.5
RL-s0-b300-a1.00,RL-s5-b300-a1.00,20000,0.25
RL-s0-b300-a1.00,RL-s5-b300-a1.00,20001,0.5
RL-s0-b300-a1.00,RL-s5-b300-a1.00,20002,0.75
RL-s0-b300-a1.00,RL-s5-b300-a1.00,20003,0.5
RL-s0-b300-a1.00,RL-s5-b300-a1.00,20004,0.5
RL-s0-b300-a1.00,RL-s5-b300-a1.00,20005,0.5
RL-s0-b300-a1.00,RL-s5-b300-a1.00,20006,0.5
RL-s0-b300-a1.00,RL-s5-b300-a1.00,20007,0.75
RL-s0-b300-a1.00,RL-s5-b300-a1.00,20008,0.5
RL-s0-b300-a1.00,RL-s5-b300-a1.00,20009,0.5
RL-s0-b300-a1.00,RL-s5-b300-a1.00,20010,0.5
RL-s0-b300-a1.00,RL-s5-b300-a1.00,20011,0.5
RL-s0-b300-a1.00,RL-s5-b300-a1.00,20012,0.5
RL-s0-b300-a1.00,RL-s5-b300-a1.00,20013,0.5
RL-s0-b300-a1.00,RL-s5-b300-a1.00,20014,0.5
RL-s0-b300-a1.00,RL-s5-b300-a1.00,20015,0.5
RL-s0-b300-a1.00,RL-s5-b300-a1.00,20016,0.5
RL-s0-b300-a1.00,RL-s5-b300-a1.00,20017,0.5
RL-s0-b300-a1.00,RL-s5-b300-a1.00,20018,0.5
RL-s0-b300-a1.00,RL-s5-b300-a1.00,20019,0.5
RL-s0-b300-a1.00,RL-s5-b300-a1.00,20020,0.5
RL-s0-b300-a1.00,RL-s5-b300-a1.00,20021,0.5
RL-s0-b300-a1.00,RL-s5-b300-a1.00,20022,0.5
RL-s0-b300-a1.00,RL-s5-b300-a1.00,20023,0.75
RL-s0-b300-a1.00,RL-s5-b300-a1.00,20024,0.5
RL-s0-b300-a1.00,RL-s5-b300-a1.00,20025,0.5
RL-s0-b300-a1.00,RL-s5-b300-a1.00,20026,0.75
RL-s0-b300-a1.00,RL-s5-b300-a1.00,20027,0.25
RL-s0-b300-a1.00,RL-s5-b300-a1.00,20028,0.5
RL-s0-b300-a1.00,RL-s5-b300-a1.00,20029,0.25
RL-s0-b300-a1.00,RL-s6-b300-a1.00,20000,0.5
RL-s0-b300-a1.00,RL-s6-b300-a1.00,20001,0.5
RL-s0-b300-a1.00,RL-s6-b300-a1.00,20002,0.25
RL-s0-b300-a1.00,RL-s6-b300-a1.00,20003,0.25
RL-s0-b300-a1.00,RL-s6-b300-a1.00,20004,0.5
RL-s0-b300-a1.00,RL-s6-b300-a1.00,20005,0.5
RL-s0-b300-a1.00,RL-s6-b300-a1.00,20006,0.5
RL-s0-b300-a1.00,RL-s6-b300-a1.00,20007,0.5
RL-s0-b300-a1.00,RL-s6-b300-a1.00,20008,0.25
RL-s0-b300-a1.00,RL-s6-b300-a1.00,20009,0.25
RL-s0-b300-a1.00,RL-s6-b300-a1.00,20010,0.5
RL-s0-b300-a1.00,RL-s6-b300-a1.00,20011,0.5
RL-s0-b300-a1.00,RL-s6-b300-a1.00,20012,0.5
RL-s0-b300-a1.00,RL-s6-b300-a1.00,20013,0.5
RL-s0-b300-a1.00,RL-s6-b300-a1.00,20014,0.5
RL-s0-b300-a1.00,RL-s6-b300-a1.00,20015,0.5
RL-s0-b300-a1.00,RL-s6-b300-a1.00,20016,0.5
RL-s0-b300-a1.00,RL-s6-b300-a1.00,20017,0.5
RL-s0-b300-a1.00,RL-s6-b300-a1.00,20018,0.5
RL-s0-b300-a1.00,RL-s6-b300-a1.00,20019,0.5
RL-s0-b300-a1.00,RL-s6-b300-a1.00,20020,0.5
RL-s0-b300-a1.00,RL-s6-b300-a1.00,20021,0.5
RL-s0-b300-a1.00,RL-s6-b300-a1.00,20022,0.5
RL-s0-b300-a1.00,RL-s6-b300-a1.00,20023,0.5
RL-s0-b300-a1.00,RL-s6-b300-a1.00,20024,0.5
RL-s0-b300-a1.00,RL-s6-b300-a1.00,20025,0.5
RL-s0-b300-a1.00,RL-s6-b300-a1.00,20026,0.75
RL-s0-b300-a1.00,RL-s6-b300-a1.00,20027,0.5
RL-s0-b300-a1.00,RL-s6-b300-a1.00,20028,0.5
RL-s0-b300-a1.00,RL-s6-b300-a1.00,20029,0.5
RL-s0-b300-a1.00,RL-s7-b300-a1.00,20000,0.75
RL-s0-b300-a1.00,RL-s7-b300-a1.00,20001,0.5
RL-s0-b300-a1.00,RL-s7-b300-a1.00,20002,0.75
RL-s0-b300-a1.00,RL-s7-b300-a1.00,20003,0.75
RL-s0-b300-a1.00,RL-s7-b300-a1.00,20004,0.75
RL-s0-b300-a1.00,RL-s7-b300-a1.00,20005,0.75
RL-s0-b300-a1.00,RL-s7-b300-a1.00,20006,0.5
RL-s0-b300-a1.00,RL-s7-b300-a1.00,20007,0.75
RL-s0-b300-a1.00,RL-s7-b300-a1.00,20008,0.5
RL-s0-b300-a1.00,RL-s7-b300-a1.00,20009,0.75
RL-s0-b300-a1.00,RL-s7-b300-a1.00,20010,0.25
RL-s0-b300-a1.00,RL-s7-b300-a1.00,20011,0.5
RL-s0-b300-a1.00,RL-s7-b300-a1.00,20012,0.5
RL-s0-b300-a1.00,RL-s7-b300-a1.00,20013,0.5
RL-s0-b300-a1.00,RL-s7-b300-a1.00,20014,0.5
RL-s0-b300-a1.00,RL-s7-b300-a1.00,20015,0.5
RL-s0-b300-a1.00,RL-s7-b300-a1.00,20016,0.5
RL-s0-b300-a1.00,RL-s7-b300-a1.00,20017,0.5
RL-s0-b300-a1.00,RL-s7-b300-a1.00,20018,0.5
RL-s0-b300-a1.00,RL-s7-b300-a1.00,20019,0.5
RL-s0-b300-a1.00,RL-s7-b300-a1.00,20020,0.5
RL-s0-b300-a1.00,RL-s7-b300-a1.00,20021,0.5
RL-s0-b300-a1.00,RL-s7-b300-a1.00,20022,0.75
RL-s0-b300-a1.00,RL-s7-b300-a1.00,20023,0.5
RL-s0-b300-a1.00,RL-s7-b300-a1.00,20024,0.5
RL-s0-b300-a1.00,RL-s7-b300-a1.00,20025,0.5
RL-s0-b300-a1.00,RL-s7-b300-a1.00,20026,0.75
RL-s0-b300-a1.00,RL-s7-b300-a1.00,20027,0.5
RL-s0-b300-a1.00,RL-s7-b300-a1.00,20028,0.5
RL-s0-b300-a1.00,RL-s7-b300-a1.00,20029,0.5
RL-s0-b300-a1.00,RL-s8-b300-a1.00,20000,0.5
RL-s0-b300-a1.00,RL-s8-b300-a1.00,20001,0.5
RL-s0-b300-a1.00,RL-s8-b300-a1.00,20002,0.75
RL-s0-b300-a1.00,RL-s8-b300-a1.00,20003,0.75
RL-s0-b300-a1.00,RL-s8-b300-a1.00,20004,0.75
RL-s0-b300-a1.00,RL-s8-b300-a1.00,20005,0.5
RL-s0-b300-a1.00,RL-s8-b300-a1.00,20006,0.5
RL-s0-b300-a1.00,RL-s8-b300-a1.00,20007,0.25
RL-s0-b300-a1.00,RL-s8-b300-a1.00,20008,0.5
RL-s0-b300-a1.00,RL-s8-b300-a1.00,20009,0.5
RL-s0-b300-a1.00,RL-s8-b300-a1.00,20010,0.25
RL-s0-b300-a1.00,RL-s8-b300-a1.00,20011,0.5
RL-s0-b300-a1.00,RL-s8-b300-a1.00,20012,0.5
RL-s0-b300-a1.00,RL-s8-b300-a1.00,20013,0.75
RL-s0-b300-a1.00,RL-s8-b300-a1.00,20014,0.25
RL-s0-b300-a1.00,RL-s8-b300-a1.00,20015,0.5
RL-s0-b300-a1.00,RL-s8-b300-a1.00,20016,0.5
RL-s0-b300-a1.00,RL-s8-b300-a1.00,20017,0.25
RL-s0-b300-a1.00,RL-s8-b300-a1.00,20018,0.5
RL-s0-b300-a1.00,RL-s8-b300-a1.00,20019,0.5
RL-s0-b300-a1.00,RL-s8-b300-a1.00,20020,0.75
RL-s0-b300-a1.00,RL-s8-b300-a1.00,20021,0.75
RL-s0-b300-a1.00,RL-s8-b300-a1.00,20022,0.75
RL-s0-b300-a1.00,RL-s8-b300-a1.00,20023,0.5
RL-s0-b300-a1.00,RL-s8-b300-a1.00,20024,0.5
RL-s0-b300-a1.00,RL-s8-b300-a1.00,20025,0.25
RL-s0-b300-a1.00,RL-s8-b300-a1.00,20026,0.75
RL-s0-b300-a1.00,RL-s8-b300-a1.00,20027,0.75
RL-s0-b300-a1.00,RL-s8-b300-a1.00,20028,0.75
RL-s0-b300-a1.00,RL-s8-b300-a1.00,20029,0.75
RL-s0-b300-a1.00,RL-s9-b300-a1.00,20000,0.5
RL-s0-b300-a1.00,RL-s9-b300-a1.00,20001,0.5
RL-s0-b300-a1.00,RL-s9-b300-a1.00,20002,0.5
RL-s0-b300-a1.00,RL-s9-b300-a1.00,20003,0.25
RL-s0-b300-a1.00,RL-s9-b300-a1.00,20004,0.5
RL-s0-b300-a1.00,RL-s9-b300-a1.00,20005,0.5
RL-s0-b300-a1.00,RL-s9-b300-a1.00,20006,0.5
RL-s0-b300-a1.00,RL-s9-b300-a1.00,20007,1.0
RL-s0-b300-a1.00,RL-s9-b300-a1.00,20008,0.25
RL-s0-b300-a1.00,RL-s9-b300-a1.00,20009,0.5
RL-s0-b300-a1.00,RL-s9-b300-a1.00,20010,0.5
RL-s0-b300-a1.00,RL-s9-b300-a1.00,20011,0.5
RL-s0-b300-a1.00,RL-s9-b300-a1.00,20012,0.5
RL-s0-b300-a1.00,RL-s9-b300-a1.00,20013,0.5
RL-s0-b300-a1.00,RL-s9-b300-a1.00,20014,0.75
RL-s0-b300-a1.00,RL-s9-b300-a1.00,20015,0.5
RL-s0-b300-a1.00,RL-s9-b300-a1.00,20016,0.5
RL-s0-b300-a1.00,RL-s9-b300-a1.00,20017,0.5
RL-s0-b300-a1.00,RL-s9-b300-a1.00,20018,0.5
RL-s0-b300-a1.00,RL-s9-b300-a1.00,20019,0.5
RL-s0-b300-a1.00,RL-s9-b300-a1.00,20020,0.5
RL-s0-b300-a1.00,RL-s9-b300-a1.00,20021,0.5
RL-s0-b300-a1.00,RL-s9-b300-a1.00,20022,0.5
RL-s0-b300-a1.00,RL-s9-b300-a1.00,20023,0.5
RL-s0-b300-a1.00,RL-s9-b300-a1.00,20024,0.5
RL-s0-b300-a1.00,RL-s9-b300-a1.00,20025,0.5
RL-s0-b300-a1.00,RL-s9-b300-a1.00,20026,0.5
RL-s0-b300-a1.00,RL-s9-b300-a1.00,20027,0.5
RL-s0-b300-a1.00,RL-s9-b300-a1.00,20028,0.5
RL-s0-b300-a1.00,RL-s9-b300-a1.00,20029,0.5
RL-s0-b300-a1.00,BTO-s0-b300,20000,1.0
RL-s0-b300-a1.00,BTO-s0-b300,20001,0.5
RL-s0-b300-a1.00,BTO-s0-b300,20002,1.0
RL-s0-b300-a1.00,BTO-s0-b300,20003,0.5
RL-s0-b300-a1.00,BTO-s0-b300,20004,0.0
RL-s0-b300-a1.00,BTO-s0-b300,20005,0.75
RL-s0-b300-a1.00,BTO-s0-b300,20006,0.5
RL-s0-b300-a1.00,BTO-s0-b300,20007,1.0
RL-s0-b300-a1.00,BTO-s0-b300,20008,0.5
RL-s0-b300-a1.00,BTO-s0-b300,20009,0.75
RL-s0-b300-a1.00,BTO-s0-b300,20010,0.75
RL-s0-b300-a1.00,BTO-s0-b300,20011,0.5
RL-s0-b300-a1.00,BTO-s0-b300,20012,0.5
RL-s0-b300-a1.00,BTO-s0-b300,20013,1.0
RL-s0-b300-a1.00,BTO-s0-b300,20014,0.75
RL-s0-b300-a1.00,BTO-s0-b300,20015,1.0
RL-s0-b300-a1.00,BTO-s0-b300,20016,0.25
RL-s0-b300-a1.00,BTO-s0-b300,20017,0.5
RL-s0-b300-a1.00,BTO-s0-b300,20018,0.25
RL-s0-b300-a1.00,BTO-s0-b300,20019,0.5
RL-s0-b300-a1.00,BTO-s0-b300,20020,0.5
RL-s0-b300-a1.00,BTO-s0-b300,20021,0.5
RL-s0-b300-a1.00,BTO-s0-b300,20022,1.0
RL-s0-b300-a1.00,BTO-s0-b300,20023,0.75
RL-s0-b300-a1.00,BTO-s0-b300,20024,1.0
RL-s0-b300-a1.00,BTO-s0-b300,20025,1.0
RL-s0-b300-a1.00,BTO-s0-b300,20026,0.5
RL-s0-b300-a1.00,BTO-s0-b300,20027,0.5
RL-s0-b300-a1.00,BTO-s0-b300,20028,0.25
RL-s0-b300-a1.00,BTO-s0-b300,20029,0.5
RL-s0-b300-a1.00,BTO-s1-b300,20000,1.0
RL-s0-b300-a1.00,BTO-s1-b300,20001,0.5
RL-s0-b300-a1.00,BTO-s1-b300,20002,1.0
RL-s0-b300-a1.00,BTO-s1-b300,20003,0.75
RL-s0-b300-a1.00,BTO-s1-b300,20004,0.5
RL-s0-b300-a1.00,BTO-s1-b300,20005,0.75
RL-s0-b300-a1.00,BTO-s1-b300,20006,0.5
RL-s0-b300-a1.00,BTO-s1-b300,20007,0.5
RL-s0-b300-a1.00,BTO-s1-b300,20008,0.25
RL-s0-b300-a1.00,BTO-s1-b300,20009,0.5
RL-s0-b300-a1.00,BTO-s1-b300,20010,0.75
RL-s0-b300-a1.00,BTO-s1-b300,20011,0.5
RL-s0-b300-a1.00,BTO-s1-b300,20012,0.5
RL-s0-b300-a1.00,BTO-s1-b300,20013,0.75
RL-s0-b300-a1.00,BTO-s1-b300,20014,1.0
RL-s0-b300-a1.00,BTO-s1-b300,20015,1.0
RL-s0-b300-a1.00,BTO-s1-b300,20016,0.75
RL-s0-b300-a1.00,BTO-s1-b300,20017,0.5
RL-s0-b300-a1.00,BTO-s1-b300,20018,0.5
RL-s0-b300-a1.00,BTO-s1-b300,20019,0.5
RL-s0-b300-a1.00,BTO-s1-b300,20020,0.5
RL-s0-b300-a1.00,BTO-s1-b300,20021,0.5
RL-s0-b300-a1.00,BTO-s1-b300,20022,0.75
RL-s0-b300-a1.00,BTO-s1-b300,20023,0.5
RL-s0-b300-a1.00,BTO-s1-b300,20024,0.75
RL-s0-b300-a1.00,BTO-s1-b300,20025,0.75
RL-s0-b300-a1.00,BTO-s1-b300,20026,0.5
RL-s0-b300-a1.00,BTO-s1-b300,20027,0.75
RL-s0-b300-a1.00,BTO-s1-b300,20028,0.5
RL-s0-b300-a1.00,BTO-s1-b300,20029,0.5
RL-s0-b300-a1.00,BTO-s2-b300,20000,1.0
RL-s0-b300-a1.00,BTO-s2-b300,20001,0.75
RL-s0-b300-a1.00,BTO-s2-b300,20002,1.0
RL-s0-b300-a1.00,BTO-s2-b300,20003,0.75
RL-s0-b300-a1.00,BTO-s2-b300,20004,0.75
RL-s0-b300-a1.00,BTO-s2-b300,20005,0.75
RL-s0-b300-a1.00,BTO-s2-b300,20006,0.5
RL-s0-b300-a1.00,BTO-s2-b300,20007,1.0
RL-s0-b300-a1.00,BTO-s2-b300,20008,0.5
RL-s0-b300-a1.00,BTO-s2-b300,20009,0.75
RL-s0-b300-a1.00,BTO-s2-b300,20010,0.75
RL-s0-b300-a1.00,BTO-s2-b300,20011,0.5
RL-s0-b300-a1.00,BTO-s2-b300,20012,0.5
RL-s0-b300-a1.00,BTO-s2-b300,20013,1.0
RL-s0-b300-a1.00,BTO-s2-b300,20014,0.75
RL-s0-b300-a1.00,BTO-s2-b300,20015,1.0
RL-s0-b300-a1.00,BTO-s2-b300,20016,0.5
RL-s0-b300-a1.00,BTO-s2-b300,20017,0.75
RL-s0-b300-a1.00,BTO-s2-b300,20018,0.25
RL-s0-b300-a1.00,BTO-s2-b300,20019,0.5
RL-s0-b300-a1.00,BTO-s2-b300,20020,0.5
RL-s0-b300-a1.00,BTO-s2-b300,20021,0.5
RL-s0-b300-a1.00,BTO-s2-b300,20022,0.75
RL-s0-b300-a1.00,BTO-s2-b300,20023,1.0
RL-s0-b300-a1.00,BTO-s2-b300,20024,0.75
RL-s0-b300-a1.00,BTO-s2-b300,20025,1.0
RL-s0-b300-a1.00,BTO-s2-b300,20026,0.5
RL-s0-b300-a1.00,BTO-s2-b300,20027,0.75
RL-s0-b300-a1.00,BTO-s2-b300,20028,0.5
RL-s0-b300-a1.00,BTO-s2-b300,20029,0.5
RL-s0-b300-a1.00,POOL-s0-b1000,20000,0.5
RL-s0-b300-a1.00,POOL-s0-b1000,20001,0.5
RL-s0-b300-a1.00,POOL-s0-b1000,20002,0.25
RL-s0-b300-a1.00,POOL-s0-b1000,20003,0.25
RL-s0-b300-a1.00,POOL-s0-b1000,20004,0.5
RL-s0-b300-a1.00,POOL-s0-b1000,20005,0.75
RL-s0-b300-a1.00,POOL-s0-b1000,20006,0.5
RL-s0-b300-a1.00,POOL-s0-b1000,20007,0.25
RL-s0-b300-a1.00,POOL-s0-b1000,20008,0.25
RL-s0-b300-a1.00,POOL-s0-b1000,20009,0.5
RL-s0-b300-a1.00,POOL-s0-b1000,20010,0.75
RL-s0-b300-a1.00,POOL-s0-b1000,20011,0.5
RL-s0-b300-a1.00,POOL-s0-b1000,20012,0.5
RL-s0-b300-a1.00,POOL-s0-b1000,20013,0.5
RL-s0-b300-a1.00,POOL-s0-b1000,20014,0.25
RL-s0-b300-a1.00,POOL-s0-b1000,20015,0.5
RL-s0-b300-a1.00,POOL-s0-b1000,20016,0.5
RL-s0-b300-a1.00,POOL-s0-b1000,20017,0.5
RL-s0-b300-a1.00,POOL-s0-b1000,20018,0.5
RL-s0-b300-a1.00,POOL-s0-b1000,20019,0.5
RL-s0-b300-a1.00,POOL-s0-b1000,20020,0.5
RL-s0-b300-a1.00,POOL-s0-b1000,20021,0.5
RL-s0-b300-a1.00,POOL-s0-b1000,20022,0.5
RL-s0-b300-a1.00,POOL-s0-b1000,20023,0.25
RL-s0-b300-a1.00,POOL-s0-b1000,20024,0.5
RL-s0-b300-a1.00,POOL-s0-b1000,20025,0.0
RL-s0-b300-a1.00,POOL-s0-b1000,20026,0.75
RL-s0-b300-a1.00,POOL-s0-b1000,20027,0.5
RL-s0-b300-a1.00,POOL-s0-b1000,20028,0.5
RL-s0-b300-a1.00,POOL-s0-b1000,20029,0.5
RL-s0-b300-a1.00,POOL-s1-b1000,20000,0.5
RL-s0-b300-a1.00,POOL-s1-b1000,20001,0.5
RL-s0-b300-a1.00,POOL-s1-b1000,20002,0.5
RL-s0-b300-a1.00,POOL-s1-b1000,20003,0.5
RL-s0-b300-a1.00,POOL-s1-b1000,20004,0.5
RL-s0-b300-a1.00,POOL-s1-b1000,20005,0.25
RL-s0-b300-a1.00,POOL-s1-b1000,20006,0.5
RL-s0-b300-a1.00,POOL-s1-b1000,20007,0.25
RL-s0-b300-a1.00,POOL-s1-b1000,20008,0.25
RL-s0-b300-a1.00,POOL-s1-b1000,20009,0.5
RL-s0-b300-a1.00,POOL-s1-b1000,20010,0.5
RL-s0-b300-a1.00,POOL-s1-b1000,20011,0.5
RL-s0-b300-a1.00,POOL-s1-b1000,20012,0.75
RL-s0-b300-a1.00,POOL-s1-b1000,20013,0.5
RL-s0-b300-a1.00,POOL-s1-b1000,20014,0.5
RL-s0-b300-a1.00,POOL-s1-b1000,20015,0.5
RL-s0-b300-a1.00,POOL-s1-b1000,20016,0.5
RL-s0-b300-a1.00,POOL-s1-b1000,20017,0.5
RL-s0-b300-a1.00,POOL-s1-b1000,20018,0.5
RL-s0-b300-a1.00,POOL-s1-b1000,20019,0.5
RL-s0-b300-a1.00,POOL-s1-b1000,20020,0.5
RL-s0-b300-a1.00,POOL-s1-b1000,20021,0.5
RL-s0-b300-a1.00,POOL-s1-b1000,20022,0.5
RL-s0-b300-a1.00,POOL-s1-b1000,20023,0.5
RL-s0-b300-a1.00,POOL-s1-b1000,20024,0.5
RL-s0-b300-a1.00,POOL-s1-b1000,20025,0.5
RL-s0-b300-a1.00,POOL-s1-b1000,20026,0.25
RL-s0-b300-a1.00,POOL-s1-b1000,20027,0.5
RL-s0-b300-a1.00,POOL-s1-b1000,20028,0.5
RL-s0-b300-a1.00,POOL-s1-b1000,20029,0.5
RL-s0-b300-a1.00,POOL-s2-b1000,20000,0.5
RL-s0-b300-a1.00,POOL-s2-b1000,20001,0.5
RL-s0-b300-a1.00,POOL-s2-b1000,20002,0.25
RL-s0-b300-a1.00,POOL-s2-b1000,20003,0.5
RL-s0-b300-a1.00,POOL-s2-b1000,20004,0.5
RL-s0-b300-a1.00,POOL-s2-b1000,20005,0.75
RL-s0-b300-a1.00,POOL-s2-b1000,20006,0.5
RL-s0-b300-a1.00,POOL-s2-b1000,20007,0.25
RL-s0-b300-a1.00,POOL-s2-b1000,20008,0.25
RL-s0-b300-a1.00,POOL-s2-b1000,20009,0.5
RL-s0-b300-a1.00,POOL-s2-b1000,20010,0.5
RL-s0-b300-a1.00,POOL-s2-b1000,20011,0.5
RL-s0-b300-a1.00,POOL-s2-b1000,20012,0.5
RL-s0-b300-a1.00,POOL-s2-b1000,20013,0.5
RL-s0-b300-a1.00,POOL-s2-b1000,20014,0.5
RL-s0-b300-a1.00,POOL-s2-b1000,20015,0.5
RL-s0-b300-a1.00,POOL-s2-b1000,20016,0.5
RL-s0-b300-a1.00,POOL-s2-b1000,20017,0.5
RL-s0-b300-a1.00,POOL-s2-b1000,20018,0.5
RL-s0-b300-a1.00,POOL-s2-b1000,20019,0.5
RL-s0-b300-a1.00,POOL-s2-b1000,20020,0.5
RL-s0-b300-a1.00,POOL-s2-b1000,20021,0.5
RL-s0-b300-a1.00,POOL-s2-b1000,20022,0.5
RL-s0-b300-a1.00,POOL-s2-b1000,20023,0.5
RL-s0-b300-a1.00,POOL-s2-b1000,20024,0.5
RL-s0-b300-a1.00,POOL-s2-b1000,20025,0.5
RL-s0-b300-a1.00,POOL-s2-b1000,20026,0.5
RL-s0-b300-a1.00,POOL-s2-b1000,20027,0.5
RL-s0-b300-a1.00,POOL-s2-b1000,20028,0.5
RL-s0-b300-a1.00,POOL-s2-b1000,20029,0.5
RL-s0-b300-a1.00,POOL-s3-b1000,20000,0.5
RL-s0-b300-a1.00,POOL-s3-b1000,20001,0.5
RL-s0-b300-a1.00,POOL-s3-b1000,20002,0.5
RL-s0-b300-a1.00,POOL-s3-b1000,20003,0.75
RL-s0-b300-a1.00,POOL-s3-b1000,20004,0.5
RL-s0-b300-a1.00,POOL-s3-b1000,20005,0.75
RL-s0-b300-a1.00,POOL-s3-b1000,20006,0.5
RL-s0-b300-a1.00,POOL-s3-b1000,20007,0.5
RL-s0-b300-a1.00,POOL-s3-b1000,20008,0.5
RL-s0-b300-a1.00,POOL-s3-b1000,20009,0.5
RL-s0-b300-a1.00,POOL-s3-b1000,20010,0.5
RL-s0-b300-a1.00,POOL-s3-b1000,20011,0.5
RL-s0-b300-a1.00,POOL-s3-b1000,20012,0.5
RL-s0-b300-a1.00,POOL-s3-b1000,20013,0.5
RL-s0-b300-a1.00,POOL-s3-b1000,20014,0.25
RL-s0-b300-a1.00,POOL-s3-b1000,20015,0.5
RL-s0-b300-a1.00,POOL-s3-b1000,20016,0.25
RL-s0-b300-a1.00,POOL-s3-b1000,20017,0.5
RL-s0-b300-a1.00,POOL-s3-b1000,20018,0.5
RL-s0-b300-a1.00,POOL-s3-b1000,20019,0.5
RL-s0-b300-a1.00,POOL-s3-b1000,20020,0.5
RL-s0-b300-a1.00,POOL-s3-b1000,20021,0.5
RL-s0-b300-a1.00,POOL-s3-b1000,20022,0.5
RL-s0-b300-a1.00,POOL-s3-b1000,20023,0.5
RL-s0-b300-a1.00,POOL-s3-b1000,20024,0.5
RL-s0-b300-a1.00,POOL-s3-b1000,20025,0.25
RL-s0-b300-a1.00,POOL-s3-b1000,20026,0.5
RL-s0-b300-a1.00,POOL-s3-b1000,20027,0.25
RL-s0-b300-a1.00,POOL-s3-b1000,20028,0.75
RL-s0-b300-a1.00,POOL-s3-b1000,20029,0.5
RL-s0-b300-a1.00,POOL-s4-b1000,20000,0.5
RL-s0-b300-a1.00,POOL-s4-b1000,20001,0.5
RL-s0-b300-a1.00,POOL-s4-b1000,20002,0.5
RL-s0-b300-a1.00,POOL-s4-b1000,20003,0.25
RL-s0-b300-a1.00,POOL-s4-b1000,20004,0.5
RL-s0-b300-a1.00,POOL-s4-b1000,20005,0.5
RL-s0-b300-a1.00,POOL-s4-b1000,20006,0.5
RL-s0-b300-a1.00,POOL-s4-b1000,20007,0.5
RL-s0-b300-a1.00,POOL-s4-b1000,20008,0.5
RL-s0-b300-a1.00,POOL-s4-b1000,20009,0.5
RL-s0-b300-a1.00,POOL-s4-b1000,20010,0.75
RL-s0-b300-a1.00,POOL-s4-b1000,20011,0.5
RL-s0-b300-a1.00,POOL-s4-b1000,20012,0.5
RL-s0-b300-a1.00,POOL-s4-b1000,20013,0.5
RL-s0-b300-a1.00,POOL-s4-b1000,20014,0.5
RL-s0-b300-a1.00,POOL-s4-b1000,20015,0.5
RL-s0-b300-a1.00,POOL-s4-b1000,20016,0.75
RL-s0-b300-a1.00,POOL-s4-b1000,20017,0.5
RL-s0-b300-a1.00,POOL-s4-b1000,20018,0.5
RL-s0-b300-a1.00,POOL-s4-b1000,20019,0.5
RL-s0-b300-a1.00,POOL-s4-b1000,20020,0.5
RL-s0-b300-a1.00,POOL-s4-b1000,20021,0.5
RL-s0-b300-a1.00,POOL-s4-b1000,20022,0.5
RL-s0-b300-a1.00,POOL-s4-b1000,20023,0.5
RL-s0-b300-a1.00,POOL-s4-b1000,20024,0.25
RL-s0-b300-a1.00,POOL-s4-b1000,20025,0.5
RL-s0-b300-a1.00,POOL-s4-b1000,20026,0.75
RL-s0-b300-a1.00,POOL-s4-b1000,20027,0.5
RL-s0-b300-a1.00,POOL-s4-b1000,20028,0.5
RL-s0-b300-a1.00,POOL-s4-b1000,20029,0.5
RL-s10-b300-a1.00,RL-s11-b300-a1.00,20000,0.5
RL-s10-b300-a1.00,RL-s11-b300-a1.00,20001,0.5
RL-s10-b300-a1.00,RL-s11-b300-a1.00,20002,0.5
RL-s10-b300-a1.00,RL-s11-b300-a1.00,20003,0.5
RL-s10-b300-a1.00,RL-s11-b300-a1.00,20004,0.5
RL-s10-b300-a1.00,RL-s11-b300-a1.00,20005,0.25
RL-s10-b300-a1.00,RL-s11-b300-a1.00,20006,0.25
RL-s10-b300-a1.00,RL-s11-b300-a1.00,20007,0.5
RL-s10-b300-a1.00,RL-s11-b300-a1.00,20008,0.5
RL-s10-b300-a1.00,RL-s11-b300-a1.00,20009,0.5
RL-s10-b300-a1.00,RL-s11-b300-a1.00,20010,0.5
RL-s10-b300-a1.00,RL-s11-b300-a1.00,20011,0.25
RL-s10-b300-a1.00,RL-s11-b300-a1.00,20012,0.25
RL-s10-b300-a1.00,RL-s11-b300-a1.00,20013,0.5
RL-s10-b300-a1.00,RL-s11-b300-a1.00,20014,0.5
RL-s10-b300-a1.00,RL-s11-b300-a1.00,20015,0.5
RL-s10-b300-a1.00,RL-s11-b300-a1.00,20016,0.5
RL-s10-b300-a1.00,RL-s11-b300-a1.00,20017,0.25
RL-s10-b300-a1.00,RL-s11-b300-a1.00,20018,0.5
RL-s10-b300-a1.00,RL-s11-b300-a1.00,20019,0.5
RL-s10-b300-a1.00,RL-s11-b300-a1.00,20020,0.25
RL-s10-b300-a1.00,RL-s11-b300-a1.00,20021,0.5
RL-s10-b300-a1.00,RL-s11-b300-a1.00,20022,0.5
RL-s10-b300-a1.00,RL-s11-b300-a1.00,20023,0.5
RL-s10-b300-a1.00,RL-s11-b300-a1.00,20024,0.5
RL-s10-b300-a1.00,RL-s11-b300-a1.00,20025,0.5
RL-s10-b300-a1.00,RL-s11-b300-a1.00,20026,0.5
RL-s10-b300-a1.00,RL-s11-b300-a1.00,20027,0.5
RL-s10-b300-a1.00,RL-s11-b300-a1.00,20028,0.25
RL-s10-b300-a1.00,RL-s11-b300-a1.00,20029,0.5
RL-s10-b300-a1.00,RL-s12-b300-a1.00,20000,0.75
RL-s10-b300-a1.00,RL-s12-b300-a1.00,20001,0.75
RL-s10-b300-a1.00,RL-s12-b300-a1.00,20002,0.5
RL-s10-b300-a1.00,RL-s12-b300-a1.00,20003,0.5
RL-s10-b300-a1.00,RL-s12-b300-a1.00,20004,0.5
RL-s10-b300-a1.00,RL-s12-b300-a1.00,20005,0.5
RL-s10-b300-a1.00,RL-s12-b300-a1.00,20006,0.75
RL-s10-b300-a1.00,RL-s12-b300-a1.00,20007,0.5
RL-s10-b300-a1.00,RL-s12-b300-a1.00,20008,0.5
RL-s10-b300-a1.00,RL-s12-b300-a1.00,20009,0.75
RL-s10-b300-a1.00,RL-s12-b300-a1.00,20010,0.5
RL-s10-b300-a1.00,RL-s12-b300-a1.00,20011,0.75
RL-s10-b300-a1.00,RL-s12-b300-a1.00,20012,0.75
RL-s10-b300-a1.00,RL-s12-b300-a1.00,20013,0.25
RL-s10-b300-a1.00,RL-s12-b300-a1.00,20014,0.5
RL-s10-b300-a1.00,RL-s12-b300-a1.00,20015,0.5
RL-s10-b300-a1.00,RL-s12-b300-a1.00,20016,0.5
RL-s10-b300-a1.00,RL-s12-b300-a1.00,20017,0.25
RL-s10-b300-a1.00,RL-s12-b300-a1.00,20018,0.5
RL-s10-b300-a1.00,RL-s12-b300-a1.00,20019,0.75
RL-s10-b300-a1.00,RL-s12-b300-a1.00,20020,0.25
RL-s10-b300-a1.00,RL-s12-b300-a1.00,20021,0.5
RL-s10-b300-a1.00,RL-s12-b300-a1.00,20022,0.5
RL-s10-b300-a1.00,RL-s12-b300-a1.00,20023,0.5
RL-s10-b300-a1.00,RL-s12-b300-a1.00,20024,0.5
RL-s10-b300-a1.00,RL-s12-b300-a1.00,20025,0.25
RL-s10-b300-a1.00,RL-s12-b300-a1.00,20026,0.75
RL-s10-b300-a1.00,RL-s12-b300-a1.00,20027,0.5
RL-s10-b300-a1.00,RL-s12-b300-a1.00,20028,0.25
RL-s10-b300-a1.00,RL-s12-b300-a1.00,20029,0.75
RL-s10-b300-a1.00,RL-s13-b300-a1.00,20000,0.5
RL-s10-b300-a1.00,RL-s13-b300-a1.00,20001,0.5
RL-s10-b300-a1.00,RL-s13-b300-a1.00,20002,0.25
RL-s10-b300-a1.00,RL-s13-b300-a1.00,20003,0.5
RL-s10-b300-a1.00,RL-s13-b300-a1.00,20004,0.25
RL-s10-b300-a1.00,RL-s13-b300-a1.00,20005,0.75
RL-s10-b300-a1.00,RL-s13-b300-a1.00,20006,0.5
RL-s10-b300-a1.00,RL-s13-b300-a1.00,20007,0.75
RL-s10-b300-a1.00,RL-s13-b300-a1.00,20008,0.5
RL-s10-b300-a1.00,RL-s13-b300-a1.00,20009,0.5
RL-s10-b300-a1.00,RL-s13-b300-a1.00,20010,0.75
RL-s10-b300-a1.00,RL-s13-b300-a1.00,20011,0.75
RL-s10-b300-a1.00,RL-s13-b300-a1.00,20012,0.5
RL-s10-b300-a1.00,RL-s13-b300-a1.00,20013,0.75
RL-s10-b300-a1.00,RL-s13-b300-a1.00,20014,0.5
RL-s10-b300-a1.00,RL-s13-b300-a1.00,20015,0.5
RL-s10-b300-a1.00,RL-s13-b300-a1.00,20016,0.5
RL-s10-b300-a1.00,RL-s13-b300-a1.00,20017,0.5
RL-s10-b300-a1.00,RL-s13-b300-a1.00,20018,0.25
RL-s10-b300-a1.00,RL-s13-b300-a1.00,20019,0.75
RL-s10-b300-a1.00,RL-s13-b300-a1.00,20020,0.75
RL-s10-b300-a1.00,RL-s13-b300-a1.00,20021,0.5
RL-s10-b300-a1.00,RL-s13-b300-a1.00,20022,0.25
RL-s10-b300-a1.00,RL-s13-b300-a1.00,20023,0.5
RL-s10-b300-a1.00,RL-s13-b300-a1.00,20024,0.75
RL-s10-b300-a1.00,RL-s13-b300-a1.00,20025,0.75
RL-s10-b300-a1.00,RL-s13-b300-a1.00,20026,0.75
RL-s10-b300-a1.00,RL-s13-b300-a1.00,20027,0.5
RL-s10-b300-a1.00,RL-s13-b300-a1.00,20028,0.0
RL-s10-b300-a1.00,RL-s13-b300-a1.00,20029,0.75
RL-s10-b300-a1.00,RL-s14-b300-a1.00,20000,0.5
RL-s10-b300-a1.00,RL-s14-b300-a1.00,20001,0.5
RL-s10-b300-a1.00,RL-s14-b300-a1.00,20002,0.75
RL-s10-b300-a1.00,RL-s14-b300-a1.00,20003,0.5
RL-s10-b300-a1.00,RL-s14-b300-a1.00,20004,0.75
RL-s10-b300-a1.00,RL-s14-b300-a1.00,20005,0.25
RL-s10-b300-a1.00,RL-s14-b300-a1.00,20006,0.75
RL-s10-b300-a1.00,RL-s14-b300-a1.00,20007,0.5
RL-s10-b300-a1.00,RL-s14-b300-a1.00,20008,0.75
RL-s10-b300-a1.00,RL-s14-b300-a1.00,20009,0.25
RL-s10-b300-a1.00,RL-s14-b300-a1.00,20010,0.75
RL-s10-b300-a1.00,RL-s14-b300-a1.00,20011,0.0
RL-s10-b300-a1.00,RL-s14-b300-a1.00,20012,0.5
RL-s10-b300-a1.00,RL-s14-b300-a1.00,20013,0.75
RL-s10-b300-a1.00,RL-s14-b300-a1.00,20014,0.5
RL-s10-b300-a1.00,RL-s14-b300-a1.00,20015,0.5
RL-s10-b300-a1.00,RL-s14-b300-a1.00,20016,0.5
RL-s10-b300-a1.00,RL-s14-b300-a1.00,20017,0.25
RL-s10-b300-a1.00,RL-s14-b300-a1.00,20018,0.5
RL-s10-b300-a1.00,RL-s14-b300-a1.00,20019,0.5
RL-s10-b300-a1.00,RL-s14-b300-a1.00,20020,0.5
RL-s10-b300-a1.00,RL-s14-b300-a1.00,20021,0.0
RL-s10-b300-a1.00,RL-s14-b300-a1.00,20022,0.75
RL-s10-b300-a1.00,RL-s14-b300-a1.00,20023,0.5
RL-s10-b300-a1.00,RL-s14-b300-a1.00,20024,0.5
RL-s10-b300-a1.00,RL-s14-b300-a1.00,20025,0.25
RL-s10-b300-a1.00,RL-s14-b300-a1.00,20026,0.5
RL-s10-b300-a1.00,RL-s14-b300-a1.00,20027,0.75
RL-s10-b300-a1.00,RL-s14-b300-a1.00,20028,0.5
RL-s10-b300-a1.00,RL-s14-b300-a1.00,20029,0.5
RL-s10-b300-a1.00,RL-s15-b300-a1.00,20000,0.5
RL-s10-b300-a1.00,RL-s15-b300-a1.00,20001,0.5
RL-s10-b300-a1.00,RL-s15-b300-a1.00,20002,0.5
RL-s10-b300-a1.00,RL-s15-b300-a1.00,20003,0.5
RL-s10-b300-a1.00,RL-s15-b300-a1.00,20004,0.5
RL-s10-b300-a1.00,RL-s15-b300-a1.00,20005,0.75
RL-s10-b300-a1.00,RL-s15-b300-a1.00,20006,0.5
RL-s10-b300-a1.00,RL-s15-b300-a1.00,20007,0.75
RL-s10-b300-a1.00,RL-s15-b300-a1.00,20008,0.5
RL-s10-b300-a1.00,RL-s15-b300-a1.00,20009,0.75
RL-s10-b300-a1.00,RL-s15-b300-a1.00,20010,0.75
RL-s10-b300-a1.00,RL-s15-b300-a1.00,20011,0.5
RL-s10-b300-a1.00,RL-s15-b300-a1.00,20012,0.75
RL-s10-b300-a1.00,RL-s15-b300-a1.00,20013,0.5
RL-s10-b300-a1.00,RL-s15-b300-a1.00,20014,0.5
RL-s10-b300-a1.00,RL-s15-b300-a1.00,20015,0.5
RL-s10-b300-a1.00,RL-s15-b300-a1.00,20016,0.5
RL-s10-b300-a1.00,RL-s15-b300-a1.00,20017,0.25
RL-s10-b300-a1.00,RL-s15-b300-a1.00,20018,0.25
RL-s10-b300-a1.00,RL-s15-b300-a1.00,20019,0.75
RL-s10-b300-a1.00,RL-s15-b300-a1.00,20020,0.25
RL-s10-b300-a1.00,RL-s15-b300-a1.00,20021,0.5
RL-s10-b300-a1.00,RL-s15-b300-a1.00,20022,0.5
RL-s10-b300-a1.00,RL-s15-b300-a1.00,20023,0.5
RL-s10-b300-a1.00,RL-s15-b300-a1.00,20024,0.5
RL-s10-b300-a1.00,RL-s15-b300-a1.00,20025,0.5
RL-s10-b300-a1.00,RL-s15-b300-a1.00,20026,0.75
RL-s10-b300-a1.00,RL-s15-b300-a1.00,20027,0.5
RL-s10-b300-a1.00,RL-s15-b300-a1.00,20028,0.5
RL-s10-b300-a1.00,RL-s15-b300-a1.00,20029,0.5
RL-s10-b300-a1.00,RL-s16-b300-a1.00,20000,0.5
RL-s10-b300-a1.00,RL-s16-b300-a1.00,20001,0.5
RL-s10-b300-a1.00,RL-s16-b300-a1.00,20002,0.5
RL-s10-b300-a1.00,RL-s16-b300-a1.00,20003,0.5
RL-s10-b300-a1.00,RL-s16-b300-a1.00,20004,0.5
RL-s10-b300-a1.00,RL-s16-b300-a1.00,20005,0.5
RL-s10-b300-a1.00,RL-s16-b300-a1.00,20006,0.25
RL-s10-b300-a1.00,RL-s16-b300-a1.00,20007,0.5
RL-s10-b300-a1.00,RL-s16-b300-a1.00,20008,0.75
RL-s10-b300-a1.00,RL-s16-b300-a1.00,20009,0.25
RL-s10-b300-a1.00,RL-s16-b300-a1.00,20010,0.5
RL-s10-b300-a1.00,RL-s16-b300-a1.00,20011,0.75
RL-s10-b300-a1.00,RL-s16-b300-a1.00,20012,0.25
RL-s10-b300-a1.00,RL-s16-b300-a1.00,20013,0.75
RL-s10-b300-a1.00,RL-s16-b300-a1.00,20014,0.5
RL-s10-b300-a1.00,RL-s16-b300-a1.00,20015,0.5
RL-s10-b300-a1.00,RL-s16-b300-a1.00,20016,0.5
RL-s10-b300-a1.00,RL-s16-b300-a1.00,20017,0.5
RL-s10-b300-a1.00,RL-s16-b300-a1.00,20018,0.5
RL-s10-b300-a1.00,RL-s16-b300-a1.00,20019,1.0
RL-s10-b300-a1.00,RL-s16-b300-a1.00,20020,0.5
RL-s10-b300-a1.00,RL-s16-b300-a1.00,20021,1.0
RL-s10-b300-a1.00,RL-s16-b300-a1.00,20022,0.5
RL-s10-b300-a1.00,RL-s16-b300-a1.00,20023,0.5
RL-s10-b300-a1.00,RL-s16-b300-a1.00,20024,0.5
RL-s10-b300-a1.00,RL-s16-b300-a1.00,20025,0.5
RL-s10-b300-a1.00,RL-s16-b300-a1.00,20026,1.0
RL-s10-b300-a1.00,RL-s16-b300-a1.00,20027,0.75
RL-s10-b300-a1.00,RL-s16-b300-a1.00,20028,0.5
RL-s10-b300-a1.00,RL-s16-b300-a1.00,20029,1.0
RL-s10-b300-a1.00,RL-s17-b300-a1.00,20000,0.5
RL-s10-b300-a1.00,RL-s17-b300-a1.00,20001,0.5
RL-s10-b300-a1.00,RL-s17-b300-a1.00,20002,0.5
RL-s10-b300-a1.00,RL-s17-b300-a1.00,20003,0.5
RL-s10-b300-a1.00,RL-s17-b300-a1.00,20004,0.5
RL-s10-b300-a1.00,RL-s17-b300-a1.00,20005,0.75
RL-s10-b300-a1.00,RL-s17-b300-a1.00,20006,0.25
RL-s10-b300-a1.00,RL-s17-b300-a1.00,20007,0.5
RL-s10-b300-a1.00,RL-s17-b300-a1.00,20008,0.5
RL-s10-b300-a1.00,RL-s17-b300-a1.00,20009,0.5
RL-s10-b300-a1.00,RL-s17-b300-a1.00,20010,0.5
RL-s10-b300-a1.00,RL-s17-b300-a1.00,20011,0.5
RL-s10-b300-a1.00,RL-s17-b300-a1.00,20012,0.75
RL-s10-b300-a1.00,RL-s17-b300-a1.00,20013,0.5
RL-s10-b300-a1.00,RL-s17-b300-a1.00,20014,0.5
RL-s10-b300-a1.00,RL-s17-b300-a1.00,20015,0.5
RL-s10-b300-a1.00,RL-s17-b300-a1.00,20016,0.5
RL-s10-b300-a1.00,RL-s17-b300-a1.00,20017,0.25
RL-s10-b300-a1.00,RL-s17-b300-a1.00,20018,0.25
RL-s10-b300-a1.00,RL-s17-b300-a1.00,20019,0.75
RL-s10-b300-a1.00,RL-s17-b300-a1.00,20020,0.25
RL-s10-b300-a1.00,RL-s17-b300-a1.00,20021,0.5
RL-s10-b300-a1.00,RL-s17-b300-a1.00,20022,0.5
RL-s10-b300-a1.00,RL-s17-b300-a1.00,20023,0.5
RL-s10-b300-a1.00,RL-s17-b300-a1.00,20024,0.5
RL-s10-b300-a1.00,RL-s17-b300-a1.00,20025,0.5
RL-s10-b300-a1.00,RL-s17-b300-a1.00,20026,0.75
RL-s10-b300-a1.00,RL-s17-b300-a1.00,20027,0.5
RL-s10-b300-a1.00,RL-s17-b300-a1.00,20028,0.25
RL-s10-b300-a1.00,RL-s17-b300-a1.00,20029,0.5
RL-s10-b300-a1.00,RL-s18-b300-a1.00,20000,0.5
RL-s10-b300-a1.00,RL-s18-b300-a1.00,20001,0.5
RL-s10-b300-a1.00,RL-s18-b300-a1.00,20002,0.5
RL-s10-b300-a1.00,RL-s18-b300-a1.00,20003,0.5
RL-s10-b300-a1.00,RL-s18-b300-a1.00,20004,0.5
RL-s10-b300-a1.00,RL-s18-b300-a1.00,20005,0.5
RL-s10-b300-a1.00,RL-s18-b300-a1.00,20006,0.75
RL-s10-b300-a1.00,RL-s18-b300-a1.00,20007,0.5
RL-s10-b300-a1.00,RL-s18-b300-a1.00,20008,0.5
RL-s10-b300-a1.00,RL-s18-b300-a1.00,20009,0.5
RL-s10-b300-a1.00,RL-s18-b300-a1.00,20010,0.25
RL-s10-b300-a1.00,RL-s18-b300-a1.00,20011,0.75
RL-s10-b300-a1.00,RL-s18-b300-a1.00,20012,0.75
RL-s10-b300-a1.00,RL-s18-b300-a1.00,20013,0.5
RL-s10-b300-a1.00,RL-s18-b300-a1.00,20014,0.5
RL-s10-b300-a1.00,RL-s18-b300-a1.00,20015,0.5
RL-s10-b300-a1.00,RL-s18-b300-a1.00,20016,0.25
RL-s10-b300-a1.00,RL-s18-b300-a1.00,20017,0.25
RL-s10-b300-a1.00,RL-s18-b300-a1.00,20018,0.25
RL-s10-b300-a1.00,RL-s18-b300-a1.00,20019,0.75
RL-s10-b300-a1.00,RL-s18-b300-a1.00,20020,0.5
RL-s10-b300-a1.00,RL-s18-b300-a1.00,20021,0.5
RL-s10-b300-a1.00,RL-s18-b300-a1.00,20022,0.5
RL-s10-b300-a1.00,RL-s18-b300-a1.00,20023,0.5
RL-s10-b300-a1.00,RL-s18-b300-a1.00,20024,0.75
RL-s10-b300-a1.00,RL-s18-b300-a1.00,20025,0.5
RL-s10-b300-a1.00,RL-s18-b300-a1.00,20026,0.75
RL-s10-b300-a1.00,RL-s18-b300-a1.00,20027,0.5
RL-s10-b300-a1.00,RL-s18-b300-a1.00,20028,0.5
RL-s10-b300-a1.00,RL-s18-b300-a1.00,20029,0.75
RL-s10-b300-a1.00,RL-s19-b300-a1.00,20000,0.5
RL-s10-b300-a1.00,RL-s19-b300-a1.00,20001,0.5
RL-s10-b300-a1.00,RL-s19-b300-a1.00,20002,0.5
RL-s10-b300-a1.00,RL-s19-b300-a1.00,20003,0.25
RL-s10-b300-a1.00,RL-s19-b300-a1.00,20004,0.5
RL-s10-b300-a1.00,RL-s19-b300-a1.00,20005,0.5
RL-s10-b300-a1.00,RL-s19-b300-a1.00,20006,0.25
RL-s10-b300-a1.00,RL-s19-b300-a1.00,20007,0.5
RL-s10-b300-a1.00,RL-s19-b300-a1.00,20008,0.5
RL-s10-b300-a1.00,RL-s19-b300-a1.00,20009,1.0
RL-s10-b300-a1.00,RL-s19-b300-a1.00,20010,0.5
RL-s10-b300-a1.00,RL-s19-b300-a1.00,20011,0.5
RL-s10-b300-a1.00,RL-s19-b300-a1.00,20012,1.0
RL-s10-b300-a1.00,RL-s19-b300-a1.00,20013,0.5
RL-s10-b300-a1.00,RL-s19-b300-a1.00,20014,0.5
RL-s10-b300-a1.00,RL-s19-b300-a1.00,20015,0.5
RL-s10-b300-a1.00,RL-s19-b300-a1.00,20016,0.5
RL-s10-b300-a1.00,RL-s19-b300-a1.00,20017,0.25
RL-s10-b300-a1.00,RL-s19-b300-a1.00,20018,0.25
RL-s10-b300-a1.00,RL-s19-b300-a1.00,20019,1.0
RL-s10-b300-a1.00,RL-s19-b300-a1.00,20020,0.5
RL-s10-b300-a1.00,RL-s19-b300-a1.00,20021,0.5
RL-s10-b300-a1.00,RL-s19-b300-a1.00,20022,0.5
RL-s10-b300-a1.00,RL-s19-b300-a1.00,20023,0.5
RL-s10-b300-a1.00,RL-s19-b300-a1.00,20024,0.5
RL-s10-b300-a1.00,RL-s19-b300-a1.00,20025,0.5
RL-s10-b300-a1.00,RL-s19-b300-a1.00,20026,0.75
RL-s10-b300-a1.00,RL-s19-b300-a1.00,20027,0.5
RL-s10-b300-a1.00,RL-s19-b300-a1.00,20028,0.25
RL-s10-b300-a1.00,RL-s19-b300-a1.00,20029,0.5
RL-s10-b300-a1.00,RL-s1-b300-a1.00,20000,1.0
RL-s10-b300-a1.00,RL-s1-b300-a1.00,20001,0.75
RL-s10-b300-a1.00,RL-s1-b300-a1.00,20002,0.5
RL-s10-b300-a1.00,RL-s1-b300-a1.00,20003,0.75
RL-s10-b300-a1.00,RL-s1-b300-a1.00,20004,0.5
RL-s10-b300-a1.00,RL-s1-b300-a1.00,20005,0.75
RL-s10-b300-a1.00,RL-s1-b300-a1.00,20006,0.5
RL-s10-b300-a1.00,RL-s1-b300-a1.00,20007,1.0
RL-s10-b300-a1.00,RL-s1-b300-a1.00,20008,0.5
RL-s10-b300-a1.00,RL-s1-b300-a1.00,20009,0.5
RL-s10-b300-a1.00,RL-s1-b300-a1.00,20010,0.5
RL-s10-b300-a1.00,RL-s1-b300-a1.00,20011,0.5
RL-s10-b300-a1.00,RL-s1-b300-a1.00,20012,0.75
RL-s10-b300-a1.00,RL-s1-b300-a1.00,20013,0.5
RL-s10-b300-a1.00,RL-s1-b300-a1.00,20014,1.0
RL-s10-b300-a1.00,RL-s1-b300-a1.00,20015,0.5
RL-s10-b300-a1.00,RL-s1-b300-a1.00,20016,0.5
RL-s10-b300-a1.00,RL-s1-b300-a1.00,20017,0.5
RL-s10-b300-a1.00,RL-s1-b300-a1.00,20018,0.25
RL-s10-b300-a1.00,RL-s1-b300-a1.00,20019,0.75
RL-s10-b300-a1.00,RL-s1-b300-a1.00,20020,0.5
RL-s10-b300-a1.00,RL-s1-b300-a1.00,20021,0.5
RL-s10-b300-a1.00,RL-s1-b300-a1.00,20022,0.5
RL-s10-b300-a1.00,RL-s1-b300-a1.00,20023,0.5
RL-s10-b300-a1.00,RL-s1-b300-a1.00,20024,0.5
RL-s10-b300-a1.00,RL-s1-b300-a1.00,20025,0.5
RL-s10-b300-a1.00,RL-s1-b300-a1.00,20026,0.75
RL-s10-b300-a1.00,RL-s1-b300-a1.00,20027,0.5
RL-s10-b300-a1.00,RL-s1-b300-a1.00,20028,0.5
RL-s10-b300-a1.00,RL-s1-b300-a1.00,20029,0.5
RL-s10-b300-a1.00,RL-s2-b300-a1.00,20000,0.5
RL-s10-b300-a1.00,RL-s2-b300-a1.00,20001,0.5
RL-s10-b300-a1.00,RL-s2-b300-a1.00,20002,0.5
RL-s10-b300-a1.00,RL-s2-b300-a1.00,20003,0.5
RL-s10-b300-a1.00,RL-s2-b300-a1.00,20004,0.5
RL-s10-b300-a1.00,RL-s2-b300-a1.00,20005,0.5
RL-s10-b300-a1.00,RL-s2-b300-a1.00,20006,0.5
RL-s10-b300-a1.00,RL-s2-b300-a1.00,20007,0.75
RL-s10-b300-a1.00,RL-s2-b300-a1.00,20008,0.5
RL-s10-b300-a1.00,RL-s2-b300-a1.00,20009,0.5
RL-s10-b300-a1.00,RL-s2-b300-a1.00,20010,0.5
RL-s10-b300-a1.00,RL-s2-b300-a1.00,20011,1.0
RL-s10-b300-a1.00,RL-s2-b300-a1.00,20012,0.75
RL-s10-b300-a1.00,RL-s2-b300-a1.00,20013,0.5
RL-s10-b300-a1.00,RL-s2-b300-a1.00,20014,0.5
RL-s10-b300-a1.00,RL-s2-b300-a1.00,20015,0.5
RL-s10-b300-a1.00,RL-s2-b300-a1.00,20016,0.25
RL-s10-b300-a1.00,RL-s2-b300-a1.00,20017,0.25
RL-s10-b300-a1.00,RL-s2-b300-a1.00,20018,0.0
RL-s10-b300-a1.00,RL-s2-b300-a1.00,20019,0.75
RL-s10-b300-a1.00,RL-s2-b300-a1.00,20020,0.5
RL-s10-b300-a1.00,RL-s2-b300-a1.00,20021,0.5
RL-s10-b300-a1.00,RL-s2-b300-a1.00,20022,0.5
RL-s10-b300-a1.00,RL-s2-b300-a1.00,20023,0.25
RL-s10-b300-a1.00,RL-s2-b300-a1.00,20024,0.5
RL-s10-b300-a1.00,RL-s2-b300-a1.00,20025,0.5
RL-s10-b300-a1.00,RL-s2-b300-a1.00,20026,0.75
RL-s10-b300-a1.00,RL-s2-b300-a1.00,20027,0.5
RL-s10-b300-a1.00,RL-s2-b300-a1.00,20028,0.25
RL-s10-b300-a1.00,RL-s2-b300-a1.00,20029,1.0
RL-s10-b300-a1.00,RL-s3-b300-a1.00,20000,0.5
RL-s10-b300-a1.00,RL-s3-b300-a1.00,20001,0.75
RL-s10-b300-a1.00,RL-s3-b300-a1.00,20002,0.5
RL-s10-b300-a1.00,RL-s3-b300-a1.00,20003,0.5
RL-s10-b300-a1.00,RL-s3-b300-a1.00,20004,0.5
RL-s10-b300-a1.00,RL-s3-b300-a1.00,20005,0.5
RL-s10-b300-a1.00,RL-s3-b300-a1.00,20006,0.25
RL-s10-b300-a1.00,RL-s3-b300-a1.00,20007,0.5
RL-s10-b300-a1.00,RL-s3-b300-a1.00,20008,0.5
RL-s10-b300-a1.00,RL-s3-b300-a1.00,20009,0.5
RL-s10-b300-a1.00,RL-s3-b300-a1.00,20010,0.5
RL-s10-b300-a1.00,RL-s3-b300-a1.00,20011,0.5
RL-s10-b300-a1.00,RL-s3-b300-a1.00,20012,0.25
RL-s10-b300-a1.00,RL-s3-b300-a1.00,20013,0.5
RL-s10-b300-a1.00,RL-s3-b300-a1.00,20014,0.5
RL-s10-b300-a1.00,RL-s3-b300-a1.00,20015,0.5
RL-s10-b300-a1.00,RL-s3-b300-a1.00,20016,0.5
RL-s10-b300-a1.00,RL-s3-b300-a1.00,20017,0.25
RL-s10-b300-a1.00,RL-s3-b300-a1.00,20018,0.25
RL-s10-b300-a1.00,RL-s3-b300-a1.00,20019,0.75
RL-s10-b300-a1.00,RL-s3-b300-a1.00,20020,0.5
RL-s10-b300-a1.00,RL-s3-b300-a1.00,20021,0.5
RL-s10-b300-a1.00,RL-s3-b300-a1.00,20022,0.5
RL-s10-b300-a1.00,RL-s3-b300-a1.00,20023,0.5
RL-s10-b300-a1.00,RL-s3-b300-a1.00,20024,0.5
RL-s10-b300-a1.00,RL-s3-b300-a1.00,20025,0.5
RL-s10-b300-a1.00,RL-s3-b300-a1.00,20026,0.75
RL-s10-b300-a1.00,RL-s3-b300-a1.00,20027,0.5
RL-s10-b300-a1.00,RL-s3-b300-a1.00,20028,0.25
RL-s10-b300-a1.00,RL-s3-b300-a1.00,20029,0.75
RL-s10-b300-a1.00,RL-s4-b300-a1.00,20000,0.5
RL-s10-b300-a1.00,RL-s4-b300-a1.00,20001,0.5
RL-s10-b300-a1.00,RL-s4-b300-a1.00,20002,0.5
RL-s10-b300-a1.00,RL-s4-b300-a1.00,20003,0.5
RL-s10-b300-a1.00,RL-s4-b300-a1.00,20004,0.5
RL-s10-b300-a1.00,RL-s4-b300-a1.00,20005,0.5
RL-s10-b300-a1.00,RL-s4-b300-a1.00,20006,0.25
RL-s10-b300-a1.00,RL-s4-b300-a1.00,20007,0.5
RL-s10-b300-a1.00,RL-s4-b300-a1.00,20008,0.25
RL-s10-b300-a1.00,RL-s4-b300-a1.00,20009,0.25
RL-s10-b300-a1.00,RL-s4-b300-a1.00,20010,0.5
RL-s10-b300-a1.00,RL-s4-b300-a1.00,20011,0.5
RL-s10-b300-a1.00,RL-s4-b300-a1.00,20012,0.25
RL-s10-b300-a1.00,RL-s4-b300-a1.00,20013,0.5
RL-s10-b300-a1.00,RL-s4-b300-a1.00,20014,0.5
RL-s10-b300-a1.00,RL-s4-b300-a1.00,20015,0.5
RL-s10-b300-a1.00,RL-s4-b300-a1.00,20016,0.25
RL-s10-b300-a1.00,RL-s4-b300-a1.00,20017,0.25
RL-s10-b300-a1.00,RL-s4-b300-a1.00,20018,0.0
RL-s10-b300-a1.00,RL-s4-b300-a1.00,20019,0.5
RL-s10-b300-a1.00,RL-s4-b300-a1.00,20020,0.25
RL-s10-b300-a1.00,RL-s4-b300-a1.00,20021,0.5
RL-s10-b300-a1.00,RL-s4-b300-a1.00,20022,0.5
RL-s10-b300-a1.00,RL-s4-b300-a1.00,20023,0.5
RL-s10-b300-a1.00,RL-s4-b300-a1.00,20024,0.5
RL-s10-b300-a1.00,RL-s4-b300-a1.00,20025,0.5
RL-s10-b300-a1.00,RL-s4-b300-a1.00,20026,0.5
RL-s10-b300-a1.00,RL-s4-b300-a1.00,20027,0.5
RL-s10-b300-a1.00,RL-s4-b300-a1.00,20028,0.5
RL-s10-b300-a1.00,RL-s4-b300-a1.00,20029,0.5
RL-s10-b300-a1.00,RL-s5-b300-a1.00,20000,0.75
RL-s10-b300-a1.00,RL-s5-b300-a1.00,20001,0.75
RL-s10-b300-a1.00,RL-s5-b300-a1.00,20002,0.5
RL-s10-b300-a1.00,RL-s5-b300-a1.00,20003,0.5
RL-s10-b300-a1.00,RL-s5-b300-a1.00,20004,0.5
RL-s10-b300-a1.00,RL-s5-b300-a1.00,20005,0.75
RL-s10-b300-a1.00,RL-s5-b300-a1.00,20006,0.75
RL-s10-b300-a1.00,RL-s5-b300-a1.00,20007,1.0
RL-s10-b300-a1.00,RL-s5-b300-a1.00,20008,0.5
RL-s10-b300-a1.00,RL-s5-b300-a1.00,20009,0.25
RL-s10-b300-a1.00,RL-s5-b300-a1.00,20010,0.5
RL-s10-b300-a1.00,RL-s5-b300-a1.00,20011,0.75
RL-s10-b300-a1.00,RL-s5-b300-a1.00,20012,0.75
RL-s10-b300-a1.00,RL-s5-b300-a1.00,20013,0.5
RL-s10-b300-a1.00,RL-s5-b300-a1.00,20014,0.75
RL-s10-b300-a1.00,RL-s5-b300-a1.00,20015,0.5
RL-s10-b300-a1.00,RL-s5-b300-a1.00,20016,0.25
RL-s10-b300-a1.00,RL-s5-b300-a1.00,20017,0.25
RL-s10-b300-a1.00,RL-s5-b300-a1.00,20018,0.25
RL-s10-b300-a1.00,RL-s5-b300-a1.00,20019,0.5
RL-s10-b300-a1.00,RL-s5-b300-a1.00,20020,0.5
RL-s10-b300-a1.00,RL-s5-b300-a1.00,20021,0.5
RL-s10-b300-a1.00,RL-s5-b300-a1.00,20022,0.5
RL-s10-b300-a1.00,RL-s5-b300-a1.00,20023,0.5
RL-s10-b300-a1.00,RL-s5-b300-a1.00,20024,0.5
RL-s10-b300-a1.00,RL-s5-b300-a1.00,20025,0.5
RL-s10-b300-a1.00,RL-s5-b300-a1.00,20026,0.75
RL-s10-b300-a1.00,RL-s5-b300-a1.00,20027,0.5
RL-s10-b300-a1.00,RL-s5-b300-a1.00,20028,0.5
RL-s10-b300-a1.00,RL-s5-b300-a1.00,20029,0.75
RL-s10-b300-a1.00,RL-s6-b300-a1.00,20000,0.5
RL-s10-b300-a1.00,RL-s6-b300-a1.00,20001,0.5
RL-s10-b300-a1.00,RL-s6-b300-a1.00,20002,0.5
RL-s10-b300-a1.00,RL-s6-b300-a1.00,20003,0.5
RL-s10-b300-a1.00,RL-s6-b300-a1.00,20004,0.5
RL-s10-b300-a1.00,RL-s6-b300-a1.00,20005,0.5
RL-s10-b300-a1.00,RL-s6-b300-a1.00,20006,0.25
RL-s10-b300-a1.00,RL-s6-b300-a1.00,20007,0.5
RL-s10-b300-a1.00,RL-s6-b300-a1.00,20008,0.5
RL-s10-b300-a1.00,RL-s6-b300-a1.00,20009,0.25
RL-s10-b300-a1.00,RL-s6-b300-a1.00,20010,0.5
RL-s10-b300-a1.00,RL-s6-b300-a1.00,20011,0.75
RL-s10-b300-a1.00,RL-s6-b300-a1.00,20012,0.75
RL-s10-b300-a1.00,RL-s6-b300-a1.00,20013,0.5
RL-s10-b300-a1.00,RL-s6-b300-a1.00,20014,0.5
RL-s10-b300-a1.00,RL-s6-b300-a1.00,20015,0.5
RL-s10-b300-a1.00,RL-s6-b300-a1.00,20016,0.75
RL-s10-b300-a1.00,RL-s6-b300-a1.00,20017,0.25
RL-s10-b300-a1.00,RL-s6-b300-a1.00,20018,0.25
RL-s10-b300-a1.00,RL-s6-b300-a1.00,20019,0.75
RL-s10-b300-a1.00,RL-s6-b300-a1.00,20020,0.75
RL-s10-b300-a1.00,RL-s6-b300-a1.00,20021,0.5
RL-s10-b300-a1.00,RL-s6-b300-a1.00,20022,0.75
RL-s10-b300-a1.00,RL-s6-b300-a1.00,20023,0.5
RL-s10-b300-a1.00,RL-s6-b300-a1.00,20024,0.5
RL-s10-b300-a1.00,RL-s6-b300-a1.00,20025,0.5
RL-s10-b300-a1.00,RL-s6-b300-a1.00,20026,0.75
RL-s10-b300-a1.00,RL-s6-b300-a1.00,20027,0.5
RL-s10-b300-a1.00,RL-s6-b300-a1.00,20028,0.25
RL-s10-b300-a1.00,RL-s6-b300-a1.00,20029,0.75
RL-s10-b300-a1.00,RL-s7-b300-a1.00,20000,0.5
RL-s10-b300-a1.00,RL-s7-b300-a1.00,20001,0.75
RL-s10-b300-a1.00,RL-s7-b300-a1.00,20002,0.25
RL-s10-b300-a1.00,RL-s7-b300-a1.00,20003,0.5
RL-s10-b300-a1.00,RL-s7-b300-a1.00,20004,0.75
RL-s10-b300-a1.00,RL-s7-b300-a1.00,20005,0.75
RL-s10-b300-a1.00,RL-s7-b300-a1.00,20006,0.5
RL-s10-b300-a1.00,RL-s7-b300-a1.00,20007,0.75
RL-s10-b300-a1.00,RL-s7-b300-a1.00,20008,0.75
RL-s10-b300-a1.00,RL-s7-b300-a1.00,20009,0.75
RL-s10-b300-a1.00,RL-s7-b300-a1.00,20010,0.5
RL-s10-b300-a1.00,RL-s7-b300-a1.00,20011,0.75
RL-s10-b300-a1.00,RL-s7-b300-a1.00,20012,0.75
RL-s10-b300-a1.00,RL-s7-b300-a1.00,20013,0.75
RL-s10-b300-a1.00,RL-s7-b300-a1.00,20014,0.5
RL-s10-b300-a1.00,RL-s7-b300-a1.00,20015,0.5
RL-s10-b300-a1.00,RL-s7-b300-a1.00,20016,0.25
RL-s10-b300-a1.00,RL-s7-b300-a1.00,20017,0.25
RL-s10-b300-a1.00,RL-s7-b300-a1.00,20018,0.0
RL-s10-b300-a1.00,RL-s7-b300-a1.00,20019,0.75
RL-s10-b300-a1.00,RL-s7-b300-a1.00,20020,0.25
RL-s10-b300-a1.00,RL-s7-b300-a1.00,20021,0.5
RL-s10-b300-a1.00,RL-s7-b300-a1.00,20022,0.75
RL-s10-b300-a1.00,RL-s7-b300-a1.00,20023,0.5
RL-s10-b300-a1.00,RL-s7-b300-a1.00,20024,0.25
RL-s10-b300-a1.00,RL-s7-b300-a1.00,20025,0.5
RL-s10-b300-a1.00,RL-s7-b300-a1.00,20026,0.75
RL-s10-b300-a1.00,RL-s7-b300-a1.00,20027,0.5
RL-s10-b300-a1.00,RL-s7-b300-a1.00,20028,0.5
RL-s10-b300-a1.00,RL-s7-b300-a1.00,20029,0.75
RL-s10-b300-a1.00,RL-s8-b300-a1.00,20000,0.25
RL-s10-b300-a1.00,RL-s8-b300-a1.00,20001,0.5
RL-s10-b300-a1.00,RL-s8-b300-a1.00,20002,0.75
RL-s10-b300-a1.00,RL-s8-b300-a1.00,20003,0.75
RL-s10-b300-a1.00,RL-s8-b300-a1.00,20004,0.75
RL-s10-b300-a1.00,RL-s8-b300-a1.00,20005,0.5
RL-s10-b300-a1.00,RL-s8-b300-a1.00,20006,0.25
RL-s10-b300-a1.00,RL-s8-b300-a1.00,20007,0.5
RL-s10-b300-a1.00,RL-s8-b300-a1.00,20008,0.5
RL-s10-b300-a1.00,RL-s8-b300-a1.00,20009,0.25
RL-s10-b300-a1.00,RL-s8-b300-a1.00,20010,0.5
RL-s10-b300-a1.00,RL-s8-b300-a1.00,20011,0.5
RL-s10-b300-a1.00,RL-s8-b300-a1.00,20012,0.5
RL-s10-b300-a1.00,RL-s8-b300-a1.00,20013,0.75
RL-s10-b300-a1.00,RL-s8-b300-a1.00,20014,0.75
RL-s10-b300-a1.00,RL-s8-b300-a1.00,20015,0.5
RL-s10-b300-a1.00,RL-s8-b300-a1.00,20016,0.0
RL-s10-b300-a1.00,RL-s8-b300-a1.00,20017,0.25
RL-s10-b300-a1.00,RL-s8-b300-a1.00,20018,0.25
RL-s10-b300-a1.00,RL-s8-b300-a1.00,20019,0.5
RL-s10-b300-a1.00,RL-s8-b300-a1.00,20020,0.5
RL-s10-b300-a1.00,RL-s8-b300-a1.00,20021,0.25
RL-s10-b300-a1.00,RL-s8-b300-a1.00,20022,0.5
RL-s10-b300-a1.00,RL-s8-b300-a1.00,20023,0.5
RL-s10-b300-a1.00,RL-s8-b300-a1.00,20024,0.25
RL-s10-b300-a1.00,RL-s8-b300-a1.00,20025,0.25
RL-s10-b300-a1.00,RL-s8-b300-a1.00,20026,0.75
RL-s10-b300-a1.00,RL-s8-b300-a1.00,20027,0.75
RL-s10-b300-a1.00,RL-s8-b300-a1.00,20028,0.25
RL-s10-b300-a1.00,RL-s8-b300-a1.00,20029,0.5
RL-s10-b300-a1.00,RL-s9-b300-a1.00,20000,0.5
RL-s10-b300-a1.00,RL-s9-b300-a1.00,20001,0.5
RL-s10-b300-a1.00,RL-s9-b300-a1.00,20002,0.75
RL-s10-b300-a1.00,RL-s9-b300-a1.00,20003,0.5
RL-s10-b300-a1.00,RL-s9-b300-a1.00,20004,0.5
RL-s10-b300-a1.00,RL-s9-b300-a1.00,20005,0.75
RL-s10-b300-a1.00,RL-s9-b300-a1.00,20006,0.25
RL-s10-b300-a1.00,RL-s9-b300-a1.00,20007,1.0
RL-s10-b300-a1.00,RL-s9-b300-a1.00,20008,0.75
RL-s10-b300-a1.00,RL-s9-b300-a1.00,20009,0.25
RL-s10-b300-a1.00,RL-s9-b300-a1.00,20010,0.5
RL-s10-b300-a1.00,RL-s9-b300-a1.00,20011,0.5
RL-s10-b300-a1.00,RL-s9-b300-a1.00,20012,0.5
RL-s10-b300-a1.00,RL-s9-b300-a1.00,20013,0.5
RL-s10-b300-a1.00,RL-s9-b300-a1.00,20014,0.5
RL-s10-b300-a1.00,RL-s9-b300-a1.00,20015,0.5
RL-s10-b300-a1.00,RL-s9-b300-a1.00,20016,0.5
RL-s10-b300-a1.00,RL-s9-b300-a1.00,20017,0.5
RL-s10-b300-a1.00,RL-s9-b300-a1.00,20018,0.25
RL-s10-b300-a1.00,RL-s9-b300-a1.00,20019,0.5
RL-s10-b300-a1.00,RL-s9-b300-a1.00,20020,0.5
RL-s10-b300-a1.00,RL-s9-b300-a1.00,20021,0.25
RL-s10-b300-a1.00,RL-s9-b300-a1.00,20022,0.75
RL-s10-b300-a1.00,RL-s9-b300-a1.00,20023,0.5
RL-s10-b300-a1.00,RL-s9-b300-a1.00,20024,0.5
RL-s10-b300-a1.00,RL-s9-b300-a1.00,20025,0.5
RL-s10-b300-a1.00,RL-s9-b300-a1.00,20026,0.5
RL-s10-b300-a1.00,RL-s9-b300-a1.00,20027,0.5
RL-s10-b300-a1.00,RL-s9-b300-a1.00,20028,0.75
RL-s10-b300-a1.00,RL-s9-b300-a1.00,20029,1.0
RL-s10-b300-a1.00,BTO-s0-b300,20000,1.0
RL-s10-b300-a1.00,BTO-s0-b300,20001,0.75
RL-s10-b300-a1.00,BTO-s0-b300,20002,1.0
RL-s10-b300-a1.00,BTO-s0-b300,20003,0.5
RL-s10-b300-a1.00,BTO-s0-b300,20004,0.75
RL-s10-b300-a1.00,BTO-s0-b300,20005,1.0
RL-s10-b300-a1.00,BTO-s0-b300,20006,1.0
RL-s10-b300-a1.00,BTO-s0-b300,20007,1.0
RL-s10-b300-a1.00,BTO-s0-b300,20008,1.0
RL-s10-b300-a1.00,BTO-s0-b300,20009,1.0
RL-s10-b300-a1.00,BTO-s0-b300,20010,1.0
RL-s10-b300-a1.00,BTO-s0-b300,20011,1.0
RL-s10-b300-a1.00,BTO-s0-b300,20012,0.75
RL-s10-b300-a1.00,BTO-s0-b300,20013,1.0
RL-s10-b300-a1.00,BTO-s0-b300,20014,0.75
RL-s10-b300-a1.00,BTO-s0-b300,20015,1.0
RL-s10-b300-a1.00,BTO-s0-b300,20016,0.25
RL-s10-b300-a1.00,BTO-s0-b300,20017,0.75
RL-s10-b300-a1.00,BTO-s0-b300,20018,0.25
RL-s10-b300-a1.00,BTO-s0-b300,20019,0.75
RL-s10-b300-a1.00,BTO-s0-b300,20020,0.25
RL-s10-b300-a1.00,BTO-s0-b300,20021,1.0
RL-s10-b300-a1.00,BTO-s0-b300,20022,0.5
RL-s10-b300-a1.00,BTO-s0-b300,20023,1.0
RL-s10-b300-a1.00,BTO-s0-b300,20024,0.5
RL-s10-b300-a1.00,BTO-s0-b300,20025,1.0
RL-s10-b300-a1.00,BTO-s0-b300,20026,1.0
RL-s10-b300-a1.00,BTO-s0-b300,20027,0.75
RL-s10-b300-a1.00,BTO-s0-b300,20028,0.75
RL-s10-b300-a1.00,BTO-s0-b300,20029,0.5
RL-s10-b300-a1.00,BTO-s1-b300,20000,1.0
RL-s10-b300-a1.00,BTO-s1-b300,20001,0.5
RL-s10-b300-a1.00,BTO-s1-b300,20002,0.5
RL-s10-b300-a1.00,BTO-s1-b300,20003,0.75
RL-s10-b300-a1.00,BTO-s1-b300,20004,0.75
RL-s10-b300-a1.00,BTO-s1-b300,20005,0.75
RL-s10-b300-a1.00,BTO-s1-b300,20006,0.5
RL-s10-b300-a1.00,BTO-s1-b300,20007,1.0
RL-s10-b300-a1.00,BTO-s1-b300,20008,0.75
RL-s10-b300-a1.00,BTO-s1-b300,20009,0.5
RL-s10-b300-a1.00,BTO-s1-b300,20010,1.0
RL-s10-b300-a1.00,BTO-s1-b300,20011,0.75
RL-s10-b300-a1.00,BTO-s1-b300,20012,1.0
RL-s10-b300-a1.00,BTO-s1-b300,20013,0.75
RL-s10-b300-a1.00,BTO-s1-b300,20014,1.0
RL-s10-b300-a1.00,BTO-s1-b300,20015,1.0
RL-s10-b300-a1.00,BTO-s1-b300,20016,0.25
RL-s10-b300-a1.00,BTO-s1-b300,20017,0.5
RL-s10-b300-a1.00,BTO-s1-b300,20018,0.5
RL-s10-b300-a1.00,BTO-s1-b300,20019,0.75
RL-s10-b300-a1.00,BTO-s1-b300,20020,0.75
RL-s10-b300-a1.00,BTO-s1-b300,20021,1.0
RL-s10-b300-a1.00,BTO-s1-b300,20022,0.75
RL-s10-b300-a1.00,BTO-s1-b300,20023,1.0
RL-s10-b300-a1.00,BTO-s1-b300,20024,0.75
RL-s10-b300-a1.00,BTO-s1-b300,20025,1.0
RL-s10-b300-a1.00,BTO-s1-b300,20026,1.0
RL-s10-b300-a1.00,BTO-s1-b300,20027,1.0
RL-s10-b300-a1.00,BTO-s1-b300,20028,0.25
RL-s10-b300-a1.00,BTO-s1-b300,20029,1.0
RL-s10-b300-a1.00,BTO-s2-b300,20000,1.0
RL-s10-b300-a1.00,BTO-s2-b300,20001,1.0
RL-s10-b300-a1.00,BTO-s2-b300,20002,0.75
RL-s10-b300-a1.00,BTO-s2-b300,20003,1.0
RL-s10-b300-a1.00,BTO-s2-b300,20004,0.5
RL-s10-b300-a1.00,BTO-s2-b300,20005,1.0
RL-s10-b300-a1.00,BTO-s2-b300,20006,1.0
RL-s10-b300-a1.00,BTO-s2-b300,20007,0.75
RL-s10-b300-a1.00,BTO-s2-b300,20008,0.75
RL-s10-b300-a1.00,BTO-s2-b300,20009,0.5
RL-s10-b300-a1.00,BTO-s2-b300,20010,0.75
RL-s10-b300-a1.00,BTO-s2-b300,20011,1.0
RL-s10-b300-a1.00,BTO-s2-b300,20012,0.75
RL-s10-b300-a1.00,BTO-s2-b300,20013,0.25
RL-s10-b300-a1.00,BTO-s2-b300,20014,1.0
RL-s10-b300-a1.00,BTO-s2-b300,20015,0.75
RL-s10-b300-a1.00,BTO-s2-b300,20016,0.25
RL-s10-b300-a1.00,BTO-s2-b300,20017,0.5
RL-s10-b300-a1.00,BTO-s2-b300,20018,0.5
RL-s10-b300-a1.00,BTO-s2-b300,20019,1.0
RL-s10-b300-a1.00,BTO-s2-b300,20020,0.75
RL-s10-b300-a1.00,BTO-s2-b300,20021,0.75
RL-s10-b300-a1.00,BTO-s2-b300,20022,0.25
RL-s10-b300-a1.00,BTO-s2-b300,20023,1.0
RL-s10-b300-a1.00,BTO-s2-b300,20024,0.75
RL-s10-b300-a1.00,BTO-s2-b300,20025,0.75
RL-s10-b300-a1.00,BTO-s2-b300,20026,0.75
RL-s10-b300-a1.00,BTO-s2-b300,20027,1.0
RL-s10-b300-a1.00,BTO-s2-b300,20028,0.0
RL-s10-b300-a1.00,BTO-s2-b300,20029,1.0
RL-s10-b300-a1.00,POOL-s0-b1000,20000,0.5
RL-s10-b300-a1.00,POOL-s0-b1000,20001,0.5
RL-s10-b300-a1.00,POOL-s0-b1000,20002,0.5
RL-s10-b300-a1.00,POOL-s0-b1000,20003,0.5
RL-s10-b300-a1.00,POOL-s0-b1000,20004,0.5
RL-s10-b300-a1.00,POOL-s0-b1000,20005,0.5
RL-s10-b300-a1.00,POOL-s0-b1000,20006,0.5
RL-s10-b300-a1.00,POOL-s0-b1000,20007,0.5
RL-s10-b300-a1.00,POOL-s0-b1000,20008,0.5
RL-s10-b300-a1.00,POOL-s0-b1000,20009,0.5
RL-s10-b300-a1.00,POOL-s0-b1000,20010,0.5
RL-s10-b300-a1.00,POOL-s0-b1000,20011,0.5
RL-s10-b300-a1.00,POOL-s0-b1000,20012,0.5
RL-s10-b300-a1.00,POOL-s0-b1000,20013,0.5
RL-s10-b300-a1.00,POOL-s0-b1000,20014,0.5
RL-s10-b300-a1.00,POOL-s0-b1000,20015,0.5
RL-s10-b300-a1.00,POOL-s0-b1000,20016,0.5
RL-s10-b300-a1.00,POOL-s0-b1000,20017,0.5
RL-s10-b300-a1.00,POOL-s0-b1000,20018,0.5
RL-s10-b300-a1.00,POOL-s0-b1000,20019,0.5
RL-s10-b300-a1.00,POOL-s0-b1000,20020,0.5
RL-s10-b300-a1.00,POOL-s0-b1000,20021,0.5
RL-s10-b300-a1.00,POOL-s0-b1000,20022,0.5
RL-s10-b300-a1.00,POOL-s0-b1000,20023,0.5
RL-s10-b300-a1.00,POOL-s0-b1000,20024,0.5
RL-s10-b300-a1.00,POOL-s0-b1000,20025,0.5
RL-s10-b300-a1.00,POOL-s0-b1000,20026,0.5
RL-s10-b300-a1.00,POOL-s0-b1000,20027,0.5
RL-s10-b300-a1.00,POOL-s0-b1000,20028,0.5
RL-s10-b300-a1.00,POOL-s0-b1000,20029,0.5
RL-s10-b300-a1.00,POOL-s1-b1000,20000,0.5
RL-s10-b300-a1.00,POOL-s1-b1000,20001,0.5
RL-s10-b300-a1.00,POOL-s1-b1000,20002,0.5
RL-s10-b300-a1.00,POOL-s1-b1000,20003,0.5
RL-s10-b300-a1.00,POOL-s1-b1000,20004,0.5
RL-s10-b300-a1.00,POOL-s1-b1000,20005,0.25
RL-s10-b300-a1.00,POOL-s1-b1000,20006,0.25
RL-s10-b300-a1.00,POOL-s1-b1000,20007,0.75
RL-s10-b300-a1.00,POOL-s1-b1000,20008,0.5
RL-s10-b300-a1.00,POOL-s1-b1000,20009,0.5
RL-s10-b300-a1.00,POOL-s1-b1000,20010,0.5
RL-s10-b300-a1.00,POOL-s1-b1000,20011,0.25
RL-s10-b300-a1.00,POOL-s1-b1000,20012,0.5
RL-s10-b300-a1.00,POOL-s1-b1000,20013,0.5
RL-s10-b300-a1.00,POOL-s1-b1000,20014,0.5
RL-s10-b300-a1.00,POOL-s1-b1000,20015,0.5
RL-s10-b300-a1.00,POOL-s1-b1000,20016,0.5
RL-s10-b300-a1.00,POOL-s1-b1000,20017,0.25
RL-s10-b300-a1.00,POOL-s1-b1000,20018,0.5
RL-s10-b300-a1.00,POOL-s1-b1000,20019,0.5
RL-s10-b300-a1.00,POOL-s1-b1000,20020,0.5
RL-s10-b300-a1.00,POOL-s1-b1000,20021,0.25
RL-s10-b300-a1.00,POOL-s1-b1000,20022,0.5
RL-s10-b300-a1.00,POOL-s1-b1000,20023,0.5
RL-s10-b300-a1.00,POOL-s1-b1000,20024,0.5
RL-s10-b300-a1.00,POOL-s1-b1000,20025,0.5
RL-s10-b300-a1.00,POOL-s1-b1000,20026,0.5
RL-s10-b300-a1.00,POOL-s1-b1000,20027,0.5
RL-s10-b300-a1.00,POOL-s1-b1000,20028,0.25
RL-s10-b300-a1.00,POOL-s1-b1000,20029,0.25
RL-s10-b300-a1.00,POOL-s2-b1000,20000,0.5
RL-s10-b300-a1.00,POOL-s2-b1000,20001,0.75
RL-s10-b300-a1.00,POOL-s2-b1000,20002,0.5
RL-s10-b300-a1.00,POOL-s2-b1000,20003,0.5
RL-s10-b300-a1.00,POOL-s2-b1000,20004,0.5
RL-s10-b300-a1.00,POOL-s2-b1000,20005,0.25
RL-s10-b300-a1.00,POOL-s2-b1000,20006,0.5
RL-s10-b300-a1.00,POOL-s2-b1000,20007,0.5
RL-s10-b300-a1.00,POOL-s2-b1000,20008,0.5
RL-s10-b300-a1.00,POOL-s2-b1000,20009,0.25
RL-s10-b300-a1.00,POOL-s2-b1000,20010,0.25
RL-s10-b300-a1.00,POOL-s2-b1000,20011,0.5
RL-s10-b300-a1.00,POOL-s2-b1000,20012,0.5
RL-s10-b300-a1.00,POOL-s2-b1000,20013,0.5
RL-s10-b300-a1.00,POOL-s2-b1000,20014,0.5
RL-s10-b300-a1.00,POOL-s2-b1000,20015,0.5
RL-s10-b300-a1.00,POOL-s2-b1000,20016,0.5
RL-s10-b300-a1.00,POOL-s2-b1000,20017,0.5
RL-s10-b300-a1.00,POOL-s2-b1000,20018,0.5
RL-s10-b300-a1.00,POOL-s2-b1000,20019,0.5
RL-s10-b300-a1.00,POOL-s2-b1000,20020,0.5
RL-s10-b300-a1.00,POOL-s2-b1000,20021,0.5
RL-s10-b300-a1.00,POOL-s2-b1000,20022,0.5
RL-s10-b300-a1.00,POOL-s2-b1000,20023,0.5
RL-s10-b300-a1.00,POOL-s2-b1000,20024,0.5
RL-s10-b300-a1.00,POOL-s2-b1000,20025,0.5
RL-s10-b300-a1.00,POOL-s2-b1000,20026,0.5
RL-s10-b300-a1.00,POOL-s2-b1000,20027,0.5
RL-s10-b300-a1.00,POOL-s2-b1000,20028,0.5
RL-s10-b300-a1.00,POOL-s2-b1000,20029,0.5
RL-s10-b300-a1.00,POOL-s3-b1000,20000,0.5
RL-s10-b300-a1.00,POOL-s3-b1000,20001,0.25
RL-s10-b300-a1.00,POOL-s3-b1000,20002,0.5
RL-s10-b300-a1.00,POOL-s3-b1000,20003,0.5
RL-s10-b300-a1.00,POOL-s3-b1000,20004,0.5
RL-s10-b300-a1.00,POOL-s3-b1000,20005,0.0
RL-s10-b300-a1.00,POOL-s3-b1000,20006,0.75
RL-s10-b300-a1.00,POOL-s3-b1000,20007,0.5
RL-s10-b300-a1.00,POOL-s3-b1000,20008,0.5
RL-s10-b300-a1.00,POOL-s3-b1000,20009,0.25
RL-s10-b300-a1.00,POOL-s3-b1000,20010,0.75
RL-s10-b300-a1.00,POOL-s3-b1000,20011,1.0
RL-s10-b300-a1.00,POOL-s3-b1000,20012,1.0
RL-s10-b300-a1.00,POOL-s3-b1000,20013,0.5
RL-s10-b300-a1.00,POOL-s3-b1000,20014,0.5
RL-s10-b300-a1.00,POOL-s3-b1000,20015,0.5
RL-s10-b300-a1.00,POOL-s3-b1000,20016,0.5
RL-s10-b300-a1.00,POOL-s3-b1000,20017,0.5
RL-s10-b300-a1.00,POOL-s3-b1000,20018,0.5
RL-s10-b300-a1.00,POOL-s3-b1000,20019,0.5
RL-s10-b300-a1.00,POOL-s3-b1000,20020,0.5
RL-s10-b300-a1.00,POOL-s3-b1000,20021,0.5
RL-s10-b300-a1.00,POOL-s3-b1000,20022,0.5
RL-s10-b300-a1.00,POOL-s3-b1000,20023,0.5
RL-s10-b300-a1.00,POOL-s3-b1000,20024,0.5
RL-s10-b300-a1.00,POOL-s3-b1000,20025,0.5
RL-s10-b300-a1.00,POOL-s3-b1000,20026,0.0
RL-s10-b300-a1.00,POOL-s3-b1000,20027,0.5
RL-s10-b300-a1.00,POOL-s3-b1000,20028,0.5
RL-s10-b300-a1.00,POOL-s3-b1000,20029,0.5
RL-s10-b300-a1.00,POOL-s4-b1000,20000,0.5
RL-s10-b300-a1.00,POOL-s4-b1000,20001,0.5
RL-s10-b300-a1.00,POOL-s4-b1000,20002,0.5
RL-s10-b300-a1.00,POOL-s4-b1000,20003,0.5
RL-s10-b300-a1.00,POOL-s4-b1000,20004,0.5
RL-s10-b300-a1.00,POOL-s4-b1000,20005,0.5
RL-s10-b300-a1.00,POOL-s4-b1000,20006,0.5
RL-s10-b300-a1.00,POOL-s4-b1000,20007,0.5
RL-s10-b300-a1.00,POOL-s4-b1000,20008,0.5
RL-s10-b300-a1.00,POOL-s4-b1000,20009,0.5
RL-s10-b300-a1.00,POOL-s4-b1000,20010,0.25
RL-s10-b300-a1.00,POOL-s4-b1000,20011,0.5
RL-s10-b300-a1.00,POOL-s4-b1000,20012,1.0
RL-s10-b300-a1.00,POOL-s4-b1000,20013,0.5
RL-s10-b300-a1.00,POOL-s4-b1000,20014,0.5
RL-s10-b300-a1.00,POOL-s4-b1000,20015,0.5
RL-s10-b300-a1.00,POOL-s4-b1000,20016,0.5
RL-s10-b300-a1.00,POOL-s4-b1000,20017,0.5
RL-s10-b300-a1.00,POOL-s4-b1000,20018,0.5
RL-s10-b300-a1.00,POOL-s4-b1000,20019,0.75
RL-s10-b300-a1.00,POOL-s4-b1000,20020,0.25
RL-s10-b300-a1.00,POOL-s4-b1000,20021,0.5
RL-s10-b300-a1.00,POOL-s4-b1000,20022,0.5
RL-s10-b300-a1.00,POOL-s4-b1000,20023,0.5
RL-s10-b300-a1.00,POOL-s4-b1000,20024,0.5
RL-s10-b300-a1.00,POOL-s4-b1000,20025,0.5
RL-s10-b300-a1.00,POOL-s4-b1000,20026,0.5
RL-s10-b300-a1.00,POOL-s4-b1000,20027,0.5
RL-s10-b300-a1.00,POOL-s4-b1000,20028,0.5
RL-s10-b300-a1.00,POOL-s4-b1000,20029,0.5
RL-s11-b300-a1.00,RL-s12-b300-a1.00,20000,0.5
RL-s11-b300-a1.00,RL-s12-b300-a1.00,20001,0.25
RL-s11-b300-a1.00,RL-s12-b300-a1.00,20002,0.25
RL-s11-b300-a1.00,RL-s12-b300-a1.00,20003,0.5
RL-s11-b300-a1.00,RL-s12-b300-a1.00,20004,0.5
RL-s11-b300-a1.00,RL-s12-b300-a1.00,20005,0.25
RL-s11-b300-a1.00,RL-s12-b300-a1.00,20006,0.75
RL-s11-b300-a1.00,RL-s12-b300-a1.00,20007,0.75
RL-s11-b300-a1.00,RL-s12-b300-a1.00,20008,0.5
RL-s11-b300-a1.00,RL-s12-b300-a1.00,20009,0.5
RL-s11-b300-a1.00,RL-s12-b300-a1.00,20010,0.5
RL-s11-b300-a1.00,RL-s12-b300-a1.00,20011,0.5
RL-s11-b300-a1.00,RL-s12-b300-a1.00,20012,0.75
RL-s11-b300-a1.00,RL-s12-b300-a1.00,20013,0.5
RL-s11-b300-a1.00,RL-s12-b300-a1.00,20014,0.5
RL-s11-b300-a1.00,RL-s12-b300-a1.00,20015,0.5
RL-s11-b300-a1.00,RL-s12-b300-a1.00,20016,0.5
RL-s11-b300-a1.00,RL-s12-b300-a1.00,20017,0.5
RL-s11-b300-a1.00,RL-s12-b300-a1.00,20018,0.75
RL-s11-b300-a1.00,RL-s12-b300-a1.00,20019,0.5
RL-s11-b300-a1.00,RL-s12-b300-a1.00,20020,0.5
RL-s11-b300-a1.00,RL-s12-b300-a1.00,20021,0.5
RL-s11-b300-a1.00,RL-s12-b300-a1.00,20022,0.5
RL-s11-b300-a1.00,RL-s12-b300-a1.00,20023,0.5
RL-s11-b300-a1.00,RL-s12-b300-a1.00,20024,0.5
RL-s11-b300-a1.00,RL-s12-b300-a1.00,20025,0.5
RL-s11-b300-a1.00,RL-s12-b300-a1.00,20026,0.5
RL-s11-b300-a1.00,RL-s12-b300-a1.00,20027,0.5
RL-s11-b300-a1.00,RL-s12-b300-a1.00,20028,0.5
RL-s11-b300-a1.00,RL-s12-b300-a1.00,20029,0.75
RL-s11-b300-a1.00,RL-s13-b300-a1.00,20000,0.5
RL-s11-b300-a1.00,RL-s13-b300-a1.00,20001,0.5
RL-s11-b300-a1.00,RL-s13-b300-a1.00,20002,0.25
RL-s11-b300-a1.00,RL-s13-b300-a1.00,20003,0.75
RL-s11-b300-a1.00,RL-s13-b300-a1.00,20004,0.5
RL-s11-b300-a1.00,RL-s13-b300-a1.00,20005,0.5
RL-s11-b300-a1.00,RL-s13-b300-a1.00,20006,0.75
RL-s11-b300-a1.00,RL-s13-b300-a1.00,20007,0.5
RL-s11-b300-a1.00,RL-s13-b300-a1.00,20008,0.5
RL-s11-b300-a1.00,RL-s13-b300-a1.00,20009,0.5
RL-s11-b300-a1.00,RL-s13-b300-a1.00,20010,0.25
RL-s11-b300-a1.00,RL-s13-b300-a1.00,20011,0.5
RL-s11-b300-a1.00,RL-s13-b300-a1.00,20012,0.5
RL-s11-b300-a1.00,RL-s13-b300-a1.00,20013,0.5
RL-s11-b300-a1.00,RL-s13-b300-a1.00,20014,0.5
RL-s11-b300-a1.00,RL-s13-b300-a1.00,20015,0.5
RL-s11-b300-a1.00,RL-s13-b300-a1.00,20016,0.75
RL-s11-b300-a1.00,RL-s13-b300-a1.00,20017,0.75
RL-s11-b300-a1.00,RL-s13-b300-a1.00,20018,0.75
RL-s11-b300-a1.00,RL-s13-b300-a1.00,20019,0.5
RL-s11-b300-a1.00,RL-s13-b300-a1.00,20020,0.5
RL-s11-b300-a1.00,RL-s13-b300-a1.00,20021,0.75
RL-s11-b300-a1.00,RL-s13-b300-a1.00,20022,0.5
RL-s11-b300-a1.00,RL-s13-b300-a1.00,20023,0.5
RL-s11-b300-a1.00,RL-s13-b300-a1.00,20024,0.75
RL-s11-b300-a1.00,RL-s13-b300-a1.00,20025,0.5
RL-s11-b300-a1.00,RL-s13-b300-a1.00,20026,0.75
RL-s11-b300-a1.00,RL-s13-b300-a1.00,20027,0.5
RL-s11-b300-a1.00,RL-s13-b300-a1.00,20028,0.75
RL-s11-b300-a1.00,RL-s13-b300-a1.00,20029,0.75
RL-s11-b300-a1.00,RL-s14-b300-a1.00,20000,0.5
RL-s11-b300-a1.00,RL-s14-b300-a1.00,20001,0.5
RL-s11-b300-a1.00,RL-s14-b300-a1.00,20002,0.75
RL-s11-b300-a1.00,RL-s14-b300-a1.00,20003,0.5
RL-s11-b300-a1.00,RL-s14-b300-a1.00,20004,0.75
RL-s11-b300-a1.00,RL-s14-b300-a1.00,20005,0.5
RL-s11-b300-a1.00,RL-s14-b300-a1.00,20006,0.5
RL-s11-b300-a1.00,RL-s14-b300-a1.00,20007,0.5
RL-s11-b300-a1.00,RL-s14-b300-a1.00,20008,0.5
RL-s11-b300-a1.00,RL-s14-b300-a1.00,20009,0.25
RL-s11-b300-a1.00,RL-s14-b300-a1.00,20010,0.75
RL-s11-b300-a1.00,RL-s14-b300-a1.00,20011,0.5
RL-s11-b300-a1.00,RL-s14-b300-a1.00,20012,0.5
RL-s11-b300-a1.00,RL-s14-b300-a1.00,20013,0.75
RL-s11-b300-a1.00,RL-s14-b300-a1.00,20014,0.5
RL-s11-b300-a1.00,RL-s14-b300-a1.00,20015,0.5
RL-s11-b300-a1.00,RL-s14-b300-a1.00,20016,0.75
RL-s11-b300-a1.00,RL-s14-b300-a1.00,20017,0.5
RL-s11-b300-a1.00,RL-s14-b300-a1.00,20018,0.5
RL-s11-b300-a1.00,RL-s14-b300-a1.00,20019,0.5
RL-s11-b300-a1.00,RL-s14-b300-a1.00,20020,0.75
RL-s11-b300-a1.00,RL-s14-b300-a1.00,20021,0.75
RL-s11-b300-a1.00,RL-s14-b300-a1.00,20022,0.75
RL-s11-b300-a1.00,RL-s14-b300-a1.00,20023,0.5
RL-s11-b300-a1.00,RL-s14-b300-a1.00,20024,0.5
RL-s11-b300-a1.00,RL-s14-b300-a1.00,20025,0.5
RL-s11-b300-a1.00,RL-s14-b300-a1.00,20026,0.75
RL-s11-b300-a1.00,RL-s14-b300-a1.00,20027,0.75
RL-s11-b300-a1.00,RL-s14-b300-a1.00,20028,0.75
RL-s11-b300-a1.00,RL-s14-b300-a1.00,20029,0.5
RL-s11-b300-a1.00,RL-s15-b300-a1.00,20000,0.5
RL-s11-b300-a1.00,RL-s15-b300-a1.00,20001,0.5
RL-s11-b300-a1.00,RL-s15-b300-a1.00,20002,0.75
RL-s11-b300-a1.00,RL-s15-b300-a1.00,20003,0.5
RL-s11-b300-a1.00,RL-s15-b300-a1.00,20004,0.5
RL-s11-b300-a1.00,RL-s15-b300-a1.00,20005,0.25
RL-s11-b300-a1.00,RL-s15-b300-a1.00,20006,0.25
RL-s11-b300-a1.00,RL-s15-b300-a1.00,20007,0.75
RL-s11-b300-a1.00,RL-s15-b300-a1.00,20008,0.5
RL-s11-b300-a1.00,RL-s15-b300-a1.00,20009,0.5
RL-s11-b300-a1.00,RL-s15-b300-a1.00,20010,0.5
RL-s11-b300-a1.00,RL-s15-b300-a1.00,20011,0.25
RL-s11-b300-a1.00,RL-s15-b300-a1.00,20012,0.5
RL-s11-b300-a1.00,RL-s15-b300-a1.00,20013,0.5
RL-s11-b300-a1.00,RL-s15-b300-a1.00,20014,0.5
RL-s11-b300-a1.00,RL-s15-b300-a1.00,20015,0.5
RL-s11-b300-a1.00,RL-s15-b300-a1.00,20016,0.75
RL-s11-b300-a1.00,RL-s15-b300-a1.00,20017,0.5
RL-s11-b300-a1.00,RL-s15-b300-a1.00,20018,0.5
RL-s11-b300-a1.00,RL-s15-b300-a1.00,20019,0.25
RL-s11-b300-a1.00,RL-s15-b300-a1.00,20020,0.5
RL-s11-b300-a1.00,RL-s15-b300-a1.00,20021,0.5
RL-s11-b300-a1.00,RL-s15-b300-a1.00,20022,0.5
RL-s11-b300-a1.00,RL-s15-b300-a1.00,20023,0.5
RL-s11-b300-a1.00,RL-s15-b300-a1.00,20024,0.5
RL-s11-b300-a1.00,RL-s15-b300-a1.00,20025,0.5
RL-s11-b300-a1.00,RL-s15-b300-a1.00,20026,0.5
RL-s11-b300-a1.00,RL-s15-b300-a1.00,20027,0.5
RL-s11-b300-a1.00,RL-s15-b300-a1.00,20028,0.5
RL-s11-b300-a1.00,RL-s15-b300-a1.00,20029,0.25
RL-s11-b300-a1.00,RL-s16-b300-a1.00,20000,0.5
RL-s11-b300-a1.00,RL-s16-b300-a1.00,20001,0.5
RL-s11-b300-a1.00,RL-s16-b300-a1.00,20002,0.5
RL-s11-b300-a1.00,RL-s16-b300-a1.00,20003,0.5
RL-s11-b300-a1.00,RL-s16-b300-a1.00,20004,0.5
RL-s11-b300-a1.00,RL-s16-b300-a1.00,20005,0.75
RL-s11-b300-a1.00,RL-s16-b300-a1.00,20006,0.5
RL-s11-b300-a1.00,RL-s16-b300-a1.00,20007,0.5
RL-s11-b300-a1.00,RL-s16-b300-a1.00,20008,0.5
RL-s11-b300-a1.00,RL-s16-b300-a1.00,20009,0.5
RL-s11-b300-a1.00,RL-s16-b300-a1.00,20010,0.5
RL-s11-b300-a1.00,RL-s16-b300-a1.00,20011,0.75
RL-s11-b300-a1.00,RL-s16-b300-a1.00,20012,0.5
RL-s11-b300-a1.00,RL-s16-b300-a1.00,20013,0.5
RL-s11-b300-a1.00,RL-s16-b300-a1.00,20014,0.5
RL-s11-b300-a1.00,RL-s16-b300-a1.00,20015,0.5
RL-s11-b300-a1.00,RL-s16-b300-a1.00,20016,0.75
RL-s11-b300-a1.00,RL-s16-b300-a1.00,20017,0.5
RL-s11-b300-a1.00,RL-s16-b300-a1.00,20018,0.5
RL-s11-b300-a1.00,RL-s16-b300-a1.00,20019,0.5
RL-s11-b300-a1.00,RL-s16-b300-a1.00,20020,0.5
RL-s11-b300-a1.00,RL-s16-b300-a1.00,20021,0.75
RL-s11-b300-a1.00,RL-s16-b300-a1.00,20022,0.75
RL-s11-b300-a1.00,RL-s16-b300-a1.00,20023,0.75
RL-s11-b300-a1.00,RL-s16-b300-a1.00,20024,0.5
RL-s11-b300-a1.00,RL-s16-b300-a1.00,20025,0.5
RL-s11-b300-a1.00,RL-s16-b300-a1.00,20026,0.75
RL-s11-b300-a1.00,RL-s16-b300-a1.00,20027,0.5
RL-s11-b300-a1.00,RL-s16-b300-a1.00,20028,0.5
RL-s11-b300-a1.00,RL-s16-b300-a1.00,20029,0.5
RL-s11-b300-a1.00,RL-s17-b300-a1.00,20000,0.5
RL-s11-b300-a1.00,RL-s17-b300-a1.00,20001,0.75
RL-s11-b300-a1.00,RL-s17-b300-a1.00,20002,0.75
RL-s11-b300-a1.00,RL-s17-b300-a1.00,20003,0.5
RL-s11-b300-a1.00,RL-s17-b300-a1.00,20004,0.5
RL-s11-b300-a1.00,RL-s17-b300-a1.00,20005,0.25
RL-s11-b300-a1.00,RL-s17-b300-a1.00,20006,0.5
RL-s11-b300-a1.00,RL-s17-b300-a1.00,20007,0.5
RL-s11-b300-a1.00,RL-s17-b300-a1.00,20008,0.5
RL-s11-b300-a1.00,RL-s17-b300-a1.00,20009,0.5
RL-s11-b300-a1.00,RL-s17-b300-a1.00,20010,0.5
RL-s11-b300-a1.00,RL-s17-b300-a1.00,20011,0.25
RL-s11-b300-a1.00,RL-s17-b300-a1.00,20012,0.5
RL-s11-b300-a1.00,RL-s17-b300-a1.00,20013,0.5
RL-s11-b300-a1.00,RL-s17-b300-a1.00,20014,0.5
RL-s11-b300-a1.00,RL-s17-b300-a1.00,20015,0.5
RL-s11-b300-a1.00,RL-s17-b300-a1.00,20016,0.5
RL-s11-b300-a1.00,RL-s17-b300-a1.00,20017,0.75
RL-s11-b300-a1.00,RL-s17-b300-a1.00,20018,0.5
RL-s11-b300-a1.00,RL-s17-b300-a1.00,20019,0.5
RL-s11-b300-a1.00,RL-s17-b300-a1.00,20020,0.5
RL-s11-b300-a1.00,RL-s17-b300-a1.00,20021,0.5
RL-s11-b300-a1.00,RL-s17-b300-a1.00,20022,0.5
RL-s11-b300-a1.00,RL-s17-b300-a1.00,20023,0.5
RL-s11-b300-a1.00,RL-s17-b300-a1.00,20024,0.5
RL-s11-b300-a1.00,RL-s17-b300-a1.00,20025,0.5
RL-s11-b300-a1.00,RL-s17-b300-a1.00,20026,0.5
RL-s11-b300-a1.00,RL-s17-b300-a1.00,20027,0.5
RL-s11-b300-a1.00,RL-s17-b300-a1.00,20028,0.5
RL-s11-b300-a1.00,RL-s17-b300-a1.00,20029,0.25
RL-s11-b300-a1.00,RL-s18-b300-a1.00,20000,0.5
RL-s11-b300-a1.00,RL-s18-b300-a1.00,20001,0.5
RL-s11-b300-a1.00,RL-s18-b300-a1.00,20002,0.5
RL-s11-b300-a1.00,RL-s18-b300-a1.00,20003,0.5
RL-s11-b300-a1.00,RL-s18-b300-a1.00,20004,0.5
RL-s11-b300-a1.00,RL-s18-b300-a1.00,20005,0.75
RL-s11-b300-a1.00,RL-s18-b300-a1.00,20006,0.5
RL-s11-b300-a1.00,RL-s18-b300-a1.00,20007,0.5
RL-s11-b300-a1.00,RL-s18-b300-a1.00,20008,0.5
RL-s11-b300-a1.00,RL-s18-b300-a1.00,20009,0.75
RL-s11-b300-a1.00,RL-s18-b300-a1.00,20010,0.5
RL-s11-b300-a1.00,RL-s18-b300-a1.00,20011,0.75
RL-s11-b300-a1.00,RL-s18-b300-a1.00,20012,0.5
RL-s11-b300-a1.00,RL-s18-b300-a1.00,20013,0.5
RL-s11-b300-a1.00,RL-s18-b300-a1.00,20014,0.5
RL-s11-b300-a1.00,RL-s18-b300-a1.00,20015,0.5
RL-s11-b300-a1.00,RL-s18-b300-a1.00,20016,0.5
RL-s11-b300-a1.00,RL-s18-b300-a1.00,20017,0.5
RL-s11-b300-a1.00,RL-s18-b300-a1.00,20018,0.5
RL-s11-b300-a1.00,RL-s18-b300-a1.00,20019,0.75
RL-s11-b300-a1.00,RL-s18-b300-a1.00,20020,0.5
RL-s11-b300-a1.00,RL-s18-b300-a1.00,20021,0.75
RL-s11-b300-a1.00,RL-s18-b300-a1.00,20022,0.5
RL-s11-b300-a1.00,RL-s18-b300-a1.00,20023,0.5
RL-s11-b300-a1.00,RL-s18-b300-a1.00,20024,0.5
RL-s11-b300-a1.00,RL-s18-b300-a1.00,20025,0.5
RL-s11-b300-a1.00,RL-s18-b300-a1.00,20026,0.75
RL-s11-b300-a1.00,RL-s18-b300-a1.00,20027,0.5
RL-s11-b300-a1.00,RL-s18-b300-a1.00,20028,0.5
RL-s11-b300-a1.00,RL-s18-b300-a1.00,20029,0.75
RL-s11-b300-a1.00,RL-s19-b300-a1.00,20000,0.5
RL-s11-b300-a1.00,RL-s19-b300-a1.00,20001,0.5
RL-s11-b300-a1.00,RL-s19-b300-a1.00,20002,0.5
RL-s11-b300-a1.00,RL-s19-b300-a1.00,20003,0.5
RL-s11-b300-a1.00,RL-s19-b300-a1.00,20004,0.75
RL-s11-b300-a1.00,RL-s19-b300-a1.00,20005,0.25
RL-s11-b300-a1.00,RL-s19-b300-a1.00,20006,0.5
RL-s11-b300-a1.00,RL-s19-b300-a1.00,20007,0.5
RL-s11-b300-a1.00,RL-s19-b300-a1.00,20008,0.5
RL-s11-b300-a1.00,RL-s19-b300-a1.00,20009,0.5
RL-s11-b300-a1.00,RL-s19-b300-a1.00,20010,0.5
RL-s11-b300-a1.00,RL-s19-b300-a1.00,20011,0.5
RL-s11-b300-a1.00,RL-s19-b300-a1.00,20012,0.5
RL-s11-b300-a1.00,RL-s19-b300-a1.00,20013,0.5
RL-s11-b300-a1.00,RL-s19-b300-a1.00,20014,0.75
RL-s11-b300-a1.00,RL-s19-b300-a1.00,20015,0.5
RL-s11-b300-a1.00,RL-s19-b300-a1.00,20016,0.5
RL-s11-b300-a1.00,RL-s19-b300-a1.00,20017,0.5
RL-s11-b300-a1.00,RL-s19-b300-a1.00,20018,0.5
RL-s11-b300-a1.00,RL-s19-b300-a1.00,20019,0.5
RL-s11-b300-a1.00,RL-s19-b300-a1.00,20020,0.5
RL-s11-b300-a1.00,RL-s19-b300-a1.00,20021,0.5
RL-s11-b300-a1.00,RL-s19-b300-a1.00,20022,0.5
RL-s11-b300-a1.00,RL-s19-b300-a1.00,20023,0.5
RL-s11-b300-a1.00,RL-s19-b300-a1.00,20024,0.5
RL-s11-b300-a1.00,RL-s19-b300-a1.00,20025,0.5
RL-s11-b300-a1.00,RL-s19-b300-a1.00,20026,0.75
RL-s11-b300-a1.00,RL-s19-b300-a1.00,20027,0.5
RL-s11-b300-a1.00,RL-s19-b300-a1.00,20028,0.5
RL-s11-b300-a1.00,RL-s19-b300-a1.00,20029,0.5
RL-s11-b300-a1.00,RL-s1-b300-a1.00,20000,0.5
RL-s11-b300-a1.00,RL-s1-b300-a1.00,20001,0.5
RL-s11-b300-a1.00,RL-s1-b300-a1.00,20002,0.5
RL-s11-b300-a1.00,RL-s1-b300-a1.00,20003,0.75
RL-s11-b300-a1.00,RL-s1-b300-a1.00,20004,0.5
RL-s11-b300-a1.00,RL-s1-b300-a1.00,20005,0.5
RL-s11-b300-a1.00,RL-s1-b300-a1.00,20006,0.5
RL-s11-b300-a1.00,RL-s1-b300-a1.00,20007,0.75
RL-s11-b300-a1.00,RL-s1-b300-a1.00,20008,0.5
RL-s11-b300-a1.00,RL-s1-b300-a1.00,20009,0.75
RL-s11-b300-a1.00,RL-s1-b300-a1.00,20010,0.5
RL-s11-b300-a1.00,RL-s1-b300-a1.00,20011,0.75
RL-s11-b300-a1.00,RL-s1-b300-a1.00,20012,0.5
RL-s11-b300-a1.00,RL-s1-b300-a1.00,20013,0.75
RL-s11-b300-a1.00,RL-s1-b300-a1.00,20014,0.75
RL-s11-b300-a1.00,RL-s1-b300-a1.00,20015,0.5
RL-s11-b300-a1.00,RL-s1-b300-a1.00,20016,0.5
RL-s11-b300-a1.00,RL-s1-b300-a1.00,20017,0.5
RL-s11-b300-a1.00,RL-s1-b300-a1.00,20018,0.5
RL-s11-b300-a1.00,RL-s1-b300-a1.00,20019,0.75
RL-s11-b300-a1.00,RL-s1-b300-a1.00,20020,0.5
RL-s11-b300-a1.00,RL-s1-b300-a1.00,20021,0.5
RL-s11-b300-a1.00,RL-s1-b300-a1.00,20022,0.5
RL-s11-b300-a1.00,RL-s1-b300-a1.00,20023,0.5
RL-s11-b300-a1.00,RL-s1-b300-a1.00,20024,0.5
RL-s11-b300-a1.00,RL-s1-b300-a1.00,20025,0.5
RL-s11-b300-a1.00,RL-s1-b300-a1.00,20026,0.75
RL-s11-b300-a1.00,RL-s1-b300-a1.00,20027,0.5
RL-s11-b300-a1.00,RL-s1-b300-a1.00,20028,0.5
RL-s11-b300-a1.00,RL-s1-b300-a1.00,20029,0.75
RL-s11-b300-a1.00,RL-s2-b300-a1.00,20000,0.5
RL-s11-b300-a1.00,RL-s2-b300-a1.00,20001,0.5
RL-s11-b300-a1.00,RL-s2-b300-a1.00,20002,0.25
RL-s11-b300-a1.00,RL-s2-b300-a1.00,20003,0.5
RL-s11-b300-a1.00,RL-s2-b300-a1.00,20004,0.5
RL-s11-b300-a1.00,RL-s2-b300-a1.00,20005,0.5
RL-s11-b300-a1.00,RL-s2-b300-a1.00,20006,0.5
RL-s11-b300-a1.00,RL-s2-b300-a1.00,20007,0.25
RL-s11-b300-a1.00,RL-s2-b300-a1.00,20008,0.5
RL-s11-b300-a1.00,RL-s2-b300-a1.00,20009,0.5
RL-s11-b300-a1.00,RL-s2-b300-a1.00,20010,0.5
RL-s11-b300-a1.00,RL-s2-b300-a1.00,20011,0.5
RL-s11-b300-a1.00,RL-s2-b300-a1.00,20012,0.5
RL-s11-b300-a1.00,RL-s2-b300-a1.00,20013,0.5
RL-s11-b300-a1.00,RL-s2-b300-a1.00,20014,0.5
RL-s11-b300-a1.00,RL-s2-b300-a1.00,20015,0.5
RL-s11-b300-a1.00,RL-s2-b300-a1.00,20016,0.5
RL-s11-b300-a1.00,RL-s2-b300-a1.00,20017,0.5
RL-s11-b300-a1.00,RL-s2-b300-a1.00,20018,0.5
RL-s11-b300-a1.00,RL-s2-b300-a1.00,20019,0.5
RL-s11-b300-a1.00,RL-s2-b300-a1.00,20020,0.5
RL-s11-b300-a1.00,RL-s2-b300-a1.00,20021,0.5
RL-s11-b300-a1.00,RL-s2-b300-a1.00,20022,0.5
RL-s11-b300-a1.00,RL-s2-b300-a1.00,20023,0.5
RL-s11-b300-a1.00,RL-s2-b300-a1.00,20024,0.5
RL-s11-b300-a1.00,RL-s2-b300-a1.00,20025,0.5
RL-s11-b300-a1.00,RL-s2-b300-a1.00,20026,0.5
RL-s11-b300-a1.00,RL-s2-b300-a1.00,20027,0.5
RL-s11-b300-a1.00,RL-s2-b300-a1.00,20028,0.5
RL-s11-b300-a1.00,RL-s2-b300-a1.00,20029,0.5
RL-s11-b300-a1.00,RL-s3-b300-a1.00,20000,0.5
RL-s11-b300-a1.00,RL-s3-b300-a1.00,20001,0.5
RL-s11-b300-a1.00,RL-s3-b300-a1.00,20002,0.5
RL-s11-b300-a1.00,RL-s3-b300-a1.00,20003,0.5
RL-s11-b300-a1.00,RL-s3-b300-a1.00,20004,0.5
RL-s11-b300-a1.00,RL-s3-b300-a1.00,20005,0.5
RL-s11-b300-a1.00,RL-s3-b300-a1.00,20006,0.5
RL-s11-b300-a1.00,RL-s3-b300-a1.00,20007,0.5
RL-s11-b300-a1.00,RL-s3-b300-a1.00,20008,0.5
RL-s11-b300-a1.00,RL-s3-b300-a1.00,20009,0.5
RL-s11-b300-a1.00,RL-s3-b300-a1.00,20010,0.5
RL-s11-b300-a1.00,RL-s3-b300-a1.00,20011,0.75
RL-s11-b300-a1.00,RL-s3-b300-a1.00,20012,0.5
RL-s11-b300-a1.00,RL-s3-b300-a1.00,20013,0.5
RL-s11-b300-a1.00,RL-s3-b300-a1.00,20014,0.5
RL-s11-b300-a1.00,RL-s3-b300-a1.00,20015,0.5
RL-s11-b300-a1.00,RL-s3-b300-a1.00,20016,0.5
RL-s11-b300-a1.00,RL-s3-b300-a1.00,20017,0.5
RL-s11-b300-a1.00,RL-s3-b300-a1.00,20018,0.5
RL-s11-b300-a1.00,RL-s3-b300-a1.00,20019,0.5
RL-s11-b300-a1.00,RL-s3-b300-a1.00,20020,0.5
RL-s11-b300-a1.00,RL-s3-b300-a1.00,20021,0.5
RL-s11-b300-a1.00,RL-s3-b300-a1.00,20022,0.5
RL-s11-b300-a1.00,RL-s3-b300-a1.00,20023,0.5
RL-s11-b300-a1.00,RL-s3-b300-a1.00,20024,0.5
RL-s11-b300-a1.00,RL-s3-b300-a1.00,20025,0.5
RL-s11-b300-a1.00,RL-s3-b300-a1.00,20026,0.75
RL-s11-b300-a1.00,RL-s3-b300-a1.00,20027,0.5
RL-s11-b300-a1.00,RL-s3-b300-a1.00,20028,0.5
RL-s11-b300-a1.00,RL-s3-b300-a1.00,20029,0.5
RL-s11-b300-a1.00,RL-s4-b300-a1.00,20000,0.5
RL-s11-b300-a1.00,RL-s4-b300-a1.00,20001,0.5
RL-s11-b300-a1.00,RL-s4-b300-a1.00,20002,0.5
RL-s11-b300-a1.00,RL-s4-b300-a1.00,20003,0.25
RL-s11-b300-a1.00,RL-s4-b300-a1.00,20004,0.5
RL-s11-b300-a1.00,RL-s4-b300-a1.00,20005,0.5
RL-s11-b300-a1.00,RL-s4-b300-a1.00,20006,0.5
RL-s11-b300-a1.00,RL-s4-b300-a1.00,20007,0.25
RL-s11-b300-a1.00,RL-s4-b300-a1.00,20008,0.5
RL-s11-b300-a1.00,RL-s4-b300-a1.00,20009,0.5
RL-s11-b300-a1.00,RL-s4-b300-a1.00,20010,0.25
RL-s11-b300-a1.00,RL-s4-b300-a1.00,20011,0.25
RL-s11-b300-a1.00,RL-s4-b300-a1.00,20012,0.5
RL-s11-b300-a1.00,RL-s4-b300-a1.00,20013,0.5
RL-s11-b300-a1.00,RL-s4-b300-a1.00,20014,0.5
RL-s11-b300-a1.00,RL-s4-b300-a1.00,20015,0.5
RL-s11-b300-a1.00,RL-s4-b300-a1.00,20016,0.5
RL-s11-b300-a1.00,RL-s4-b300-a1.00,20017,0.5
RL-s11-b300-a1.00,RL-s4-b300-a1.00,20018,0.5
RL-s11-b300-a1.00,RL-s4-b300-a1.00,20019,0.5
RL-s11-b300-a1.00,RL-s4-b300-a1.00,20020,0.5
RL-s11-b300-a1.00,RL-s4-b300-a1.00,20021,0.5
RL-s11-b300-a1.00,RL-s4-b300-a1.00,20022,0.75
RL-s11-b300-a1.00,RL-s4-b300-a1.00,20023,0.5
RL-s11-b300-a1.00,RL-s4-b300-a1.00,20024,0.5
RL-s11-b300-a1.00,RL-s4-b300-a1.00,20025,0.5
RL-s11-b300-a1.00,RL-s4-b300-a1.00,20026,0.5
RL-s11-b300-a1.00,RL-s4-b300-a1.00,20027,0.5
RL-s11-b300-a1.00,RL-s4-b300-a1.00,20028,0.5
RL-s11-b300-a1.00,RL-s4-b300-a1.00,20029,0.75
RL-s11-b300-a1.00,RL-s5-b300-a1.00,20000,0.5
RL-s11-b300-a1.00,RL-s5-b300-a1.00,20001,0.5
RL-s11-b300-a1.00,RL-s5-b300-a1.00,20002,0.75
RL-s11-b300-a1.00,RL-s5-b300-a1.00,20003,0.75
RL-s11-b300-a1.00,RL-s5-b300-a1.00,20004,0.5
RL-s11-b300-a1.00,RL-s5-b300-a1.00,20005,0.5
RL-s11-b300-a1.00,RL-s5-b300-a1.00,20006,0.5
RL-s11-b300-a1.00,RL-s5-b300-a1.00,20007,0.5
RL-s11-b300-a1.00,RL-s5-b300-a1.00,20008,0.5
RL-s11-b300-a1.00,RL-s5-b300-a1.00,20009,0.5
RL-s11-b300-a1.00,RL-s5-b300-a1.00,20010,0.5
RL-s11-b300-a1.00,RL-s5-b300-a1.00,20011,0.5
RL-s11-b300-a1.00,RL-s5-b300-a1.00,20012,0.5
RL-s11-b300-a1.00,RL-s5-b300-a1.00,20013,0.5
RL-s11-b300-a1.00,RL-s5-b300-a1.00,20014,0.5
RL-s11-b300-a1.00,RL-s5-b300-a1.00,20015,0.5
RL-s11-b300-a1.00,RL-s5-b300-a1.00,20016,0.5
RL-s11-b300-a1.00,RL-s5-b300-a1.00,20017,0.5
RL-s11-b300-a1.00,RL-s5-b300-a1.00,20018,0.5
RL-s11-b300-a1.00,RL-s5-b300-a1.00,20019,0.5
RL-s11-b300-a1.00,RL-s5-b300-a1.00,20020,0.5
RL-s11-b300-a1.00,RL-s5-b300-a1.00,20021,0.5
RL-s11-b300-a1.00,RL-s5-b300-a1.00,20022,0.5
RL-s11-b300-a1.00,RL-s5-b300-a1.00,20023,0.5
RL-s11-b300-a1.00,RL-s5-b300-a1.00,20024,0.5
RL-s11-b300-a1.00,RL-s5-b300-a1.00,20025,0.5
RL-s11-b300-a1.00,RL-s5-b300-a1.00,20026,0.75
RL-s11-b300-a1.00,RL-s5-b300-a1.00,20027,0.5
RL-s11-b300-a1.00,RL-s5-b300-a1.00,20028,0.5
RL-s11-b300-a1.00,RL-s5-b300-a1.00,20029,0.5
RL-s11-b300-a1.00,RL-s6-b300-a1.00,20000,0.5
RL-s11-b300-a1.00,RL-s6-b300-a1.00,20001,0.75
RL-s11-b300-a1.00,RL-s6-b300-a1.00,20002,0.25
RL-s11-b300-a1.00,RL-s6-b300-a1.00,20003,0.5
RL-s11-b300-a1.00,RL-s6-b300-a1.00,20004,0.5
RL-s11-b300-a1.00,RL-s6-b300-a1.00,20005,0.25
RL-s11-b300-a1.00,RL-s6-b300-a1.00,20006,0.25
RL-s11-b300-a1.00,RL-s6-b300-a1.00,20007,0.5
RL-s11-b300-a1.00,RL-s6-b300-a1.00,20008,0.75
RL-s11-b300-a1.00,RL-s6-b300-a1.00,20009,0.25
RL-s11-b300-a1.00,RL-s6-b300-a1.00,20010,0.25
RL-s11-b300-a1.00,RL-s6-b300-a1.00,20011,0.5
RL-s11-b300-a1.00,RL-s6-b300-a1.00,20012,0.5
RL-s11-b300-a1.00,RL-s6-b300-a1.00,20013,0.5
RL-s11-b300-a1.00,RL-s6-b300-a1.00,20014,0.5
RL-s11-b300-a1.00,RL-s6-b300-a1.00,20015,0.5
RL-s11-b300-a1.00,RL-s6-b300-a1.00,20016,0.5
RL-s11-b300-a1.00,RL-s6-b300-a1.00,20017,0.5
RL-s11-b300-a1.00,RL-s6-b300-a1.00,20018,0.5
RL-s11-b300-a1.00,RL-s6-b300-a1.00,20019,0.5
RL-s11-b300-a1.00,RL-s6-b300-a1.00,20020,0.5
RL-s11-b300-a1.00,RL-s6-b300-a1.00,20021,0.5
RL-s11-b300-a1.00,RL-s6-b300-a1.00,20022,0.5
RL-s11-b300-a1.00,RL-s6-b300-a1.00,20023,0.5
RL-s11-b300-a1.00,RL-s6-b300-a1.00,20024,0.5
RL-s11-b300-a1.00,RL-s6-b300-a1.00,20025,0.5
RL-s11-b300-a1.00,RL-s6-b300-a1.00,20026,0.5
RL-s11-b300-a1.00,RL-s6-b300-a1.00,20027,0.5
RL-s11-b300-a1.00,RL-s6-b300-a1.00,20028,0.5
RL-s11-b300-a1.00,RL-s6-b300-a1.00,20029,0.5
RL-s11-b300-a1.00,RL-s7-b300-a1.00,20000,0.75
RL-s11-b300-a1.00,RL-s7-b300-a1.00,20001,0.25
RL-s11-b300-a1.00,RL-s7-b300-a1.00,20002,0.25
RL-s11-b300-a1.00,RL-s7-b300-a1.00,20003,0.75
RL-s11-b300-a1.00,RL-s7-b300-a1.00,20004,0.75
RL-s11-b300-a1.00,RL-s7-b300-a1.00,20005,0.25
RL-s11-b300-a1.00,RL-s7-b300-a1.00,20006,0.75
RL-s11-b300-a1.00,RL-s7-b300-a1.00,20007,0.75
RL-s11-b300-a1.00,RL-s7-b300-a1.00,20008,0.5
RL-s11-b300-a1.00,RL-s7-b300-a1.00,20009,0.25
RL-s11-b300-a1.00,RL-s7-b300-a1.00,20010,0.5
RL-s11-b300-a1.00,RL-s7-b300-a1.00,20011,0.5
RL-s11-b300-a1.00,RL-s7-b300-a1.00,20012,0.25
RL-s11-b300-a1.00,RL-s7-b300-a1.00,20013,0.5
RL-s11-b300-a1.00,RL-s7-b300-a1.00,20014,0.75
RL-s11-b300-a1.00,RL-s7-b300-a1.00,20015,0.5
RL-s11-b300-a1.00,RL-s7-b300-a1.00,20016,0.5
RL-s11-b300-a1.00,RL-s7-b300-a1.00,20017,0.25
RL-s11-b300-a1.00,RL-s7-b300-a1.00,20018,0.5
RL-s11-b300-a1.00,RL-s7-b300-a1.00,20019,0.5
RL-s11-b300-a1.00,RL-s7-b300-a1.00,20020,0.5
RL-s11-b300-a1.00,RL-s7-b300-a1.00,20021,0.75
RL-s11-b300-a1.00,RL-s7-b300-a1.00,20022,0.5
RL-s11-b300-a1.00,RL-s7-b300-a1.00,20023,0.5
RL-s11-b300-a1.00,RL-s7-b300-a1.00,20024,0.5
RL-s11-b300-a1.00,RL-s7-b300-a1.00,20025,0.5
RL-s11-b300-a1.00,RL-s7-b300-a1.00,20026,0.25
RL-s11-b300-a1.00,RL-s7-b300-a1.00,20027,0.75
RL-s11-b300-a1.00,RL-s7-b300-a1.00,20028,0.5
RL-s11-b300-a1.00,RL-s7-b300-a1.00,20029,0.75
RL-s11-b300-a1.00,RL-s8-b300-a1.00,20000,0.5
RL-s11-b300-a1.00,RL-s8-b300-a1.00,20001,0.25
RL-s11-b300-a1.00,RL-s8-b300-a1.00,20002,0.75
RL-s11-b300-a1.00,RL-s8-b300-a1.00,20003,0.75
RL-s11-b300-a1.00,RL-s8-b300-a1.00,20004,0.75
RL-s11-b300-a1.00,RL-s8-b300-a1.00,20005,0.25
RL-s11-b300-a1.00,RL-s8-b300-a1.00,20006,0.5
RL-s11-b300-a1.00,RL-s8-b300-a1.00,20007,0.25
RL-s11-b300-a1.00,RL-s8-b300-a1.00,20008,0.75
RL-s11-b300-a1.00,RL-s8-b300-a1.00,20009,0.5
RL-s11-b300-a1.00,RL-s8-b300-a1.00,20010,0.5
RL-s11-b300-a1.00,RL-s8-b300-a1.00,20011,0.5
RL-s11-b300-a1.00,RL-s8-b300-a1.00,20012,0.25
RL-s11-b300-a1.00,RL-s8-b300-a1.00,20013,0.75
RL-s11-b300-a1.00,RL-s8-b300-a1.00,20014,0.75
RL-s11-b300-a1.00,RL-s8-b300-a1.00,20015,0.5
RL-s11-b300-a1.00,RL-s8-b300-a1.00,20016,0.5
RL-s11-b300-a1.00,RL-s8-b300-a1.00,20017,0.5
RL-s11-b300-a1.00,RL-s8-b300-a1.00,20018,0.5
RL-s11-b300-a1.00,RL-s8-b300-a1.00,20019,0.5
RL-s11-b300-a1.00,RL-s8-b300-a1.00,20020,0.75
RL-s11-b300-a1.00,RL-s8-b300-a1.00,20021,0.75
RL-s11-b300-a1.00,RL-s8-b300-a1.00,20022,0.75
RL-s11-b300-a1.00,RL-s8-b300-a1.00,20023,0.5
RL-s11-b300-a1.00,RL-s8-b300-a1.00,20024,0.5
RL-s11-b300-a1.00,RL-s8-b300-a1.00,20025,0.5
RL-s11-b300-a1.00,RL-s8-b300-a1.00,20026,0.75
RL-s11-b300-a1.00,RL-s8-b300-a1.00,20027,0.75
RL-s11-b300-a1.00,RL-s8-b300-a1.00,20028,0.75
RL-s11-b300-a1.00,RL-s8-b300-a1.00,20029,0.5
RL-s11-b300-a1.00,RL-s9-b300-a1.00,20000,0.5
RL-s11-b300-a1.00,RL-s9-b300-a1.00,20001,0.5
RL-s11-b300-a1.00,RL-s9-b300-a1.00,20002,0.5
RL-s11-b300-a1.00,RL-s9-b300-a1.00,20003,0.5
RL-s11-b300-a1.00,RL-s9-b300-a1.00,20004,0.5
RL-s11-b300-a1.00,RL-s9-b300-a1.00,20005,0.5
RL-s11-b300-a1.00,RL-s9-b300-a1.00,20006,0.5
RL-s11-b300-a1.00,RL-s9-b300-a1.00,20007,0.75
RL-s11-b300-a1.00,RL-s9-b300-a1.00,20008,0.5
RL-s11-b300-a1.00,RL-s9-b300-a1.00,20009,0.5
RL-s11-b300-a1.00,RL-s9-b300-a1.00,20010,0.5
RL-s11-b300-a1.00,RL-s9-b300-a1.00,20011,0.5
RL-s11-b300-a1.00,RL-s9-b300-a1.00,20012,0.25
RL-s11-b300-a1.00,RL-s9-b300-a1.00,20013,0.5
RL-s11-b300-a1.00,RL-s9-b300-a1.00,20014,0.75
RL-s11-b300-a1.00,RL-s9-b300-a1.00,20015,0.5
RL-s11-b300-a1.00,RL-s9-b300-a1.00,20016,0.5
RL-s11-b300-a1.00,RL-s9-b300-a1.00,20017,0.75
RL-s11-b300-a1.00,RL-s9-b300-a1.00,20018,0.5
RL-s11-b300-a1.00,RL-s9-b300-a1.00,20019,0.5
RL-s11-b300-a1.00,RL-s9-b300-a1.00,20020,0.5
RL-s11-b300-a1.00,RL-s9-b300-a1.00,20021,0.5
RL-s11-b300-a1.00,RL-s9-b300-a1.00,20022,0.5
RL-s11-b300-a1.00,RL-s9-b300-a1.00,20023,0.5
RL-s11-b300-a1.00,RL-s9-b300-a1.00,20024,0.5
RL-s11-b300-a1.00,RL-s9-b300-a1.00,20025,0.5
RL-s11-b300-a1.00,RL-s9-b300-a1.00,20026,0.75
RL-s11-b300-a1.00,RL-s9-b300-a1.00,20027,0.5
RL-s11-b300-a1.00,RL-s9-b300-a1.00,20028,0.5
RL-s11-b300-a1.00,RL-s9-b300-a1.00,20029,0.5
RL-s11-b300-a1.00,BTO-s0-b300,20000,1.0
RL-s11-b300-a1.00,BTO-s0-b300,20001,0.5
RL-s11-b300-a1.00,BTO-s0-b300,20002,1.0
RL-s11-b300-a1.00,BTO-s0-b300,20003,0.5
RL-s11-b300-a1.00,BTO-s0-b300,20004,0.5
RL-s11-b300-a1.00,BTO-s0-b300,20005,1.0
RL-s11-b300-a1.00,BTO-s0-b300,20006,1.0
RL-s11-b300-a1.00,BTO-s0-b300,20007,1.0
RL-s11-b300-a1.00,BTO-s0-b300,20008,0.75
RL-s11-b300-a1.00,BTO-s0-b300,20009,0.75
RL-s11-b300-a1.00,BTO-s0-b300,20010,0.75
RL-s11-b300-a1.00,BTO-s0-b300,20011,0.5
RL-s11-b300-a1.00,BTO-s0-b300,20012,0.5
RL-s11-b300-a1.00,BTO-s0-b300,20013,0.75
RL-s11-b300-a1.00,BTO-s0-b300,20014,1.0
RL-s11-b300-a1.00,BTO-s0-b300,20015,1.0
RL-s11-b300-a1.00,BTO-s0-b300,20016,1.0
RL-s11-b300-a1.00,BTO-s0-b300,20017,0.25
RL-s11-b300-a1.00,BTO-s0-b300,20018,0.5
RL-s11-b300-a1.00,BTO-s0-b300,20019,0.5
RL-s11-b300-a1.00,BTO-s0-b300,20020,1.0
RL-s11-b300-a1.00,BTO-s0-b300,20021,0.5
RL-s11-b300-a1.00,BTO-s0-b300,20022,0.5
RL-s11-b300-a1.00,BTO-s0-b300,20023,1.0
RL-s11-b300-a1.00,BTO-s0-b300,20024,0.25
RL-s11-b300-a1.00,BTO-s0-b300,20025,1.0
RL-s11-b300-a1.00,BTO-s0-b300,20026,0.75
RL-s11-b300-a1.00,BTO-s0-b300,20027,0.5
RL-s11-b300-a1.00,BTO-s0-b300,20028,0.25
RL-s11-b300-a1.00,BTO-s0-b300,20029,0.5
RL-s11-b300-a1.00,BTO-s1-b300,20000,1.0
RL-s11-b300-a1.00,BTO-s1-b300,20001,0.5
RL-s11-b300-a1.00,BTO-s1-b300,20002,1.0
RL-s11-b300-a1.00,BTO-s1-b300,20003,0.75
RL-s11-b300-a1.00,BTO-s1-b300,20004,0.75
RL-s11-b300-a1.00,BTO-s1-b300,20005,1.0
RL-s11-b300-a1.00,BTO-s1-b300,20006,0.75
RL-s11-b300-a1.00,BTO-s1-b300,20007,1.0
RL-s11-b300-a1.00,BTO-s1-b300,20008,0.25
RL-s11-b300-a1.00,BTO-s1-b300,20009,0.75
RL-s11-b300-a1.00,BTO-s1-b300,20010,0.75
RL-s11-b300-a1.00,BTO-s1-b300,20011,0.5
RL-s11-b300-a1.00,BTO-s1-b300,20012,0.5
RL-s11-b300-a1.00,BTO-s1-b300,20013,0.75
RL-s11-b300-a1.00,BTO-s1-b300,20014,1.0
RL-s11-b300-a1.00,BTO-s1-b300,20015,1.0
RL-s11-b300-a1.00,BTO-s1-b300,20016,1.0
RL-s11-b300-a1.00,BTO-s1-b300,20017,0.5
RL-s11-b300-a1.00,BTO-s1-b300,20018,0.25
RL-s11-b300-a1.00,BTO-s1-b300,20019,0.5
RL-s11-b300-a1.00,BTO-s1-b300,20020,1.0
RL-s11-b300-a1.00,BTO-s1-b300,20021,0.75
RL-s11-b300-a1.00,BTO-s1-b300,20022,0.5
RL-s11-b300-a1.00,BTO-s1-b300,20023,1.0
RL-s11-b300-a1.00,BTO-s1-b300,20024,0.5
RL-s11-b300-a1.00,BTO-s1-b300,20025,1.0
RL-s11-b300-a1.00,BTO-s1-b300,20026,0.75
RL-s11-b300-a1.00,BTO-s1-b300,20027,0.5
RL-s11-b300-a1.00,BTO-s1-b300,20028,0.25
RL-s11-b300-a1.00,BTO-s1-b300,20029,0.5
RL-s11-b300-a1.00,BTO-s2-b300,20000,1.0
RL-s11-b300-a1.00,BTO-s2-b300,20001,0.5
RL-s11-b300-a1.00,BTO-s2-b300,20002,1.0
RL-s11-b300-a1.00,BTO-s2-b300,20003,0.75
RL-s11-b300-a1.00,BTO-s2-b300,20004,0.25
RL-s11-b300-a1.00,BTO-s2-b300,20005,1.0
RL-s11-b300-a1.00,BTO-s2-b300,20006,0.5
RL-s11-b300-a1.00,BTO-s2-b300,20007,1.0
RL-s11-b300-a1.00,BTO-s2-b300,20008,0.75
RL-s11-b300-a1.00,BTO-s2-b300,20009,0.75
RL-s11-b300-a1.00,BTO-s2-b300,20010,0.75
RL-s11-b300-a1.00,BTO-s2-b300,20011,0.5
RL-s11-b300-a1.00,BTO-s2-b300,20012,0.5
RL-s11-b300-a1.00,BTO-s2-b300,20013,0.75
RL-s11-b300-a1.00,BTO-s2-b300,20014,1.0
RL-s11-b300-a1.00,BTO-s2-b300,20015,1.0
RL-s11-b300-a1.00,BTO-s2-b300,20016,0.5
RL-s11-b300-a1.00,BTO-s2-b300,20017,0.5
RL-s11-b300-a1.00,BTO-s2-b300,20018,0.25
RL-s11-b300-a1.00,BTO-s2-b300,20019,0.5
RL-s11-b300-a1.00,BTO-s2-b300,20020,1.0
RL-s11-b300-a1.00,BTO-s2-b300,20021,0.25
RL-s11-b300-a1.00,BTO-s2-b300,20022,0.5
RL-s11-b300-a1.00,BTO-s2-b300,20023,1.0
RL-s11-b300-a1.00,BTO-s2-b300,20024,0.75
RL-s11-b300-a1.00,BTO-s2-b300,20025,0.75
RL-s11-b300-a1.00,BTO-s2-b300,20026,0.75
RL-s11-b300-a1.00,BTO-s2-b300,20027,0.75
RL-s11-b300-a1.00,BTO-s2-b300,20028,0.25
RL-s11-b300-a1.00,BTO-s2-b300,20029,0.5
RL-s11-b300-a1.00,POOL-s0-b1000,20000,0.5
RL-s11-b300-a1.00,POOL-s0-b1000,20001,0.75
RL-s11-b300-a1.00,POOL-s0-b1000,20002,0.25
RL-s11-b300-a1.00,POOL-s0-b1000,20003,0.5
RL-s11-b300-a1.00,POOL-s0-b1000,20004,0.5
RL-s11-b300-a1.00,POOL-s0-b1000,20005,0.75
RL-s11-b300-a1.00,POOL-s0-b1000,20006,0.75
RL-s11-b300-a1.00,POOL-s0-b1000,20007,0.5
RL-s11-b300-a1.00,POOL-s0-b1000,20008,0.5
RL-s11-b300-a1.00,POOL-s0-b1000,20009,0.5
RL-s11-b300-a1.00,POOL-s0-b1000,20010,0.75
RL-s11-b300-a1.00,POOL-s0-b1000,20011,0.5
RL-s11-b300-a1.00,POOL-s0-b1000,20012,0.5
RL-s11-b300-a1.00,POOL-s0-b1000,20013,0.5
RL-s11-b300-a1.00,POOL-s0-b1000,20014,0.5
RL-s11-b300-a1.00,POOL-s0-b1000,20015,0.5
RL-s11-b300-a1.00,POOL-s0-b1000,20016,0.5
RL-s11-b300-a1.00,POOL-s0-b1000,20017,0.5
RL-s11-b300-a1.00,POOL-s0-b1000,20018,0.5
RL-s11-b300-a1.00,POOL-s0-b1000,20019,0.5
RL-s11-b300-a1.00,POOL-s0-b1000,20020,0.5
RL-s11-b300-a1.00,POOL-s0-b1000,20021,0.75
RL-s11-b300-a1.00,POOL-s0-b1000,20022,0.5
RL-s11-b300-a1.00,POOL-s0-b1000,20023,0.5
RL-s11-b300-a1.00,POOL-s0-b1000,20024,0.5
RL-s11-b300-a1.00,POOL-s0-b1000,20025,0.5
RL-s11-b300-a1.00,POOL-s0-b1000,20026,0.75
RL-s11-b300-a1.00,POOL-s0-b1000,20027,0.5
RL-s11-b300-a1.00,POOL-s0-b1000,20028,0.5
RL-s11-b300-a1.00,POOL-s0-b1000,20029,0.75
RL-s11-b300-a1.00,POOL-s1-b1000,20000,0.5
RL-s11-b300-a1.00,POOL-s1-b1000,20001,0.25
RL-s11-b300-a1.00,POOL-s1-b1000,20002,0.25
RL-s11-b300-a1.00,POOL-s1-b1000,20003,0.5
RL-s11-b300-a1.00,POOL-s1-b1000,20004,0.5
RL-s11-b300-a1.00,POOL-s1-b1000,20005,1.0
RL-s11-b300-a1.00,POOL-s1-b1000,20006,0.5
RL-s11-b300-a1.00,POOL-s1-b1000,20007,0.5
RL-s11-b300-a1.00,POOL-s1-b1000,20008,0.5
RL-s11-b300-a1.00,POOL-s1-b1000,20009,0.75
RL-s11-b300-a1.00,POOL-s1-b1000,20010,0.5
RL-s11-b300-a1.00,POOL-s1-b1000,20011,0.25
RL-s11-b300-a1.00,POOL-s1-b1000,20012,0.75
RL-s11-b300-a1.00,POOL-s1-b1000,20013,0.5
RL-s11-b300-a1.00,POOL-s1-b1000,20014,0.5
RL-s11-b300-a1.00,POOL-s1-b1000,20015,0.5
RL-s11-b300-a1.00,POOL-s1-b1000,20016,0.75
RL-s11-b300-a1.00,POOL-s1-b1000,20017,0.5
RL-s11-b300-a1.00,POOL-s1-b1000,20018,0.5
RL-s11-b300-a1.00,POOL-s1-b1000,20019,0.25
RL-s11-b300-a1.00,POOL-s1-b1000,20020,0.5
RL-s11-b300-a1.00,POOL-s1-b1000,20021,0.5
RL-s11-b300-a1.00,POOL-s1-b1000,20022,0.5
RL-s11-b300-a1.00,POOL-s1-b1000,20023,0.5
RL-s11-b300-a1.00,POOL-s1-b1000,20024,0.5
RL-s11-b300-a1.00,POOL-s1-b1000,20025,0.5
RL-s11-b300-a1.00,POOL-s1-b1000,20026,0.25
RL-s11-b300-a1.00,POOL-s1-b1000,20027,0.5
RL-s11-b300-a1.00,POOL-s1-b1000,20028,0.5
RL-s11-b300-a1.00,POOL-s1-b1000,20029,0.25
RL-s11-b300-a1.00,POOL-s2-b1000,20000,0.5
RL-s11-b300-a1.00,POOL-s2-b1000,20001,1.0
RL-s11-b300-a1.00,POOL-s2-b1000,20002,0.5
RL-s11-b300-a1.00,POOL-s2-b1000,20003,0.5
RL-s11-b300-a1.00,POOL-s2-b1000,20004,0.5
RL-s11-b300-a1.00,POOL-s2-b1000,20005,1.0
RL-s11-b300-a1.00,POOL-s2-b1000,20006,0.5
RL-s11-b300-a1.00,POOL-s2-b1000,20007,0.5
RL-s11-b300-a1.00,POOL-s2-b1000,20008,0.5
RL-s11-b300-a1.00,POOL-s2-b1000,20009,0.75
RL-s11-b300-a1.00,POOL-s2-b1000,20010,0.75
RL-s11-b300-a1.00,POOL-s2-b1000,20011,0.5
RL-s11-b300-a1.00,POOL-s2-b1000,20012,0.5
RL-s11-b300-a1.00,POOL-s2-b1000,20013,0.5
RL-s11-b300-a1.00,POOL-s2-b1000,20014,0.5
RL-s11-b300-a1.00,POOL-s2-b1000,20015,0.5
RL-s11-b300-a1.00,POOL-s2-b1000,20016,0.75
RL-s11-b300-a1.00,POOL-s2-b1000,20017,0.5
RL-s11-b300-a1.00,POOL-s2-b1000,20018,0.5
RL-s11-b300-a1.00,POOL-s2-b1000,20019,0.5
RL-s11-b300-a1.00,POOL-s2-b1000,20020,0.5
RL-s11-b300-a1.00,POOL-s2-b1000,20021,0.5
RL-s11-b300-a1.00,POOL-s2-b1000,20022,0.5
RL-s11-b300-a1.00,POOL-s2-b1000,20023,0.5
RL-s11-b300-a1.00,POOL-s2-b1000,20024,0.5
RL-s11-b300-a1.00,POOL-s2-b1000,20025,0.5
RL-s11-b300-a1.00,POOL-s2-b1000,20026,0.5
RL-s11-b300-a1.00,POOL-s2-b1000,20027,0.5
RL-s11-b300-a1.00,POOL-s2-b1000,20028,0.5
RL-s11-b300-a1.00,POOL-s2-b1000,20029,0.5
RL-s11-b300-a1.00,POOL-s3-b1000,20000,0.5
RL-s11-b300-a1.00,POOL-s3-b1000,20001,0.5
RL-s11-b300-a1.00,POOL-s3-b1000,20002,0.25
RL-s11-b300-a1.00,POOL-s3-b1000,20003,0.5
RL-s11-b300-a1.00,POOL-s3-b1000,20004,0.5
RL-s11-b300-a1.00,POOL-s3-b1000,20005,0.75
RL-s11-b300-a1.00,POOL-s3-b1000,20006,0.5
RL-s11-b300-a1.00,POOL-s3-b1000,20007,0.5
RL-s11-b300-a1.00,POOL-s3-b1000,20008,0.5
RL-s11-b300-a1.00,POOL-s3-b1000,20009,0.5
RL-s11-b300-a1.00,POOL-s3-b1000,20010,0.75
RL-s11-b300-a1.00,POOL-s3-b1000,20011,0.5
RL-s11-b300-a1.00,POOL-s3-b1000,20012,0.5
RL-s11-b300-a1.00,POOL-s3-b1000,20013,0.5
RL-s11-b300-a1.00,POOL-s3-b1000,20014,0.5
RL-s11-b300-a1.00,POOL-s3-b1000,20015,0.5
RL-s11-b300-a1.00,POOL-s3-b1000,20016,0.75
RL-s11-b300-a1.00,POOL-s3-b1000,20017,0.5
RL-s11-b300-a1.00,POOL-s3-b1000,20018,0.5
RL-s11-b300-a1.00,POOL-s3-b1000,20019,0.5
RL-s11-b300-a1.00,POOL-s3-b1000,20020,0.5
RL-s11-b300-a1.00,POOL-s3-b1000,20021,0.5
RL-s11-b300-a1.00,POOL-s3-b1000,20022,0.5
RL-s11-b300-a1.00,POOL-s3-b1000,20023,0.5
RL-s11-b300-a1.00,POOL-s3-b1000,20024,0.5
RL-s11-b300-a1.00,POOL-s3-b1000,20025,0.5
RL-s11-b300-a1.00,POOL-s3-b1000,20026,0.5
RL-s11-b300-a1.00,POOL-s3-b1000,20027,0.5
RL-s11-b300-a1.00,POOL-s3-b1000,20028,0.5
RL-s11-b300-a1.00,POOL-s3-b1000,20029,0.5
RL-s11-b300-a1.00,POOL-s4-b1000,20000,0.5
RL-s11-b300-a1.00,POOL-s4-b1000,20001,0.5
RL-s11-b300-a1.00,POOL-s4-b1000,20002,0.5
RL-s11-b300-a1.00,POOL-s4-b1000,20003,0.5
RL-s11-b300-a1.00,POOL-s4-b1000,20004,0.5
RL-s11-b300-a1.00,POOL-s4-b1000,20005,0.75
RL-s11-b300-a1.00,POOL-s4-b1000,20006,0.5
RL-s11-b300-a1.00,POOL-s4-b1000,20007,0.5
RL-s11-b300-a1.00,POOL-s4-b1000,20008,0.5
RL-s11-b300-a1.00,POOL-s4-b1000,20009,0.5
RL-s11-b300-a1.00,POOL-s4-b1000,20010,0.5
RL-s11-b300-a1.00,POOL-s4-b1000,20011,0.5
RL-s11-b300-a1.00,POOL-s4-b1000,20012,0.75
RL-s11-b300-a1.00,POOL-s4-b1000,20013,0.5
RL-s11-b300-a1.00,POOL-s4-b1000,20014,0.5
RL-s11-b300-a1.00,POOL-s4-b1000,20015,0.5
RL-s11-b300-a1.00,POOL-s4-b1000,20016,0.75
RL-s11-b300-a1.00,POOL-s4-b1000,20017,0.5
RL-s11-b300-a1.00,POOL-s4-b1000,20018,0.5
RL-s11-b300-a1.00,POOL-s4-b1000,20019,0.5
RL-s11-b300-a1.00,POOL-s4-b1000,20020,0.5
RL-s11-b300-a1.00,POOL-s4-b1000,20021,0.5
RL-s11-b300-a1.00,POOL-s4-b1000,20022,0.5
RL-s11-b300-a1.00,POOL-s4-b1000,20023,0.5
RL-s11-b300-a1.00,POOL-s4-b1000,20024,0.5
RL-s11-b300-a1.00,POOL-s4-b1000,20025,0.5
RL-s11-b300-a1.00,POOL-s4-b1000,20026,0.5
RL-s11-b300-a1.00,POOL-s4-b1000,20027,0.5
RL-s11-b300-a1.00,POOL-s4-b1000,20028,0.5
RL-s11-b300-a1.00,POOL-s4-b1000,20029,0.5
RL-s12-b300-a1.00,RL-s13-b300-a1.00,20000,0.5
RL-s12-b300-a1.00,RL-s13-b300-a1.00,20001,0.5
RL-s12-b300-a1.00,RL-s13-b300-a1.00,20002,0.75
RL-s12-b300-a1.00,RL-s13-b300-a1.00,20003,0.5
RL-s12-b300-a1.00,RL-s13-b300-a1.00,20004,0.5
RL-s12-b300-a1.00,RL-s13-b300-a1.00,20005,0.5
RL-s12-b300-a1.00,RL-s13-b300-a1.00,20006,0.5
RL-s12-b300-a1.00,RL-s13-b300-a1.00,20007,0.5
RL-s12-b300-a1.00,RL-s13-b300-a1.00,20008,0.75
RL-s12-b300-a1.00,RL-s13-b300-a1.00,20009,0.5
RL-s12-b300-a1.00,RL-s13-b300-a1.00,20010,0.5
RL-s12-b300-a1.00,RL-s13-b300-a1.00,20011,0.5
RL-s12-b300-a1.00,RL-s13-b300-a1.00,20012,0.5
RL-s12-b300-a1.00,RL-s13-b300-a1.00,20013,0.75
RL-s12-b300-a1.00,RL-s13-b300-a1.00,20014,0.5
RL-s12-b300-a1.00,RL-s13-b300-a1.00,20015,0.5
RL-s12-b300-a1.00,RL-s13-b300-a1.00,20016,0.75
RL-s12-b300-a1.00,RL-s13-b300-a1.00,20017,0.5
RL-s12-b300-a1.00,RL-s13-b300-a1.00,20018,0.5
RL-s12-b300-a1.00,RL-s13-b300-a1.00,20019,0.5
RL-s12-b300-a1.00,RL-s13-b300-a1.00,20020,0.5
RL-s12-b300-a1.00,RL-s13-b300-a1.00,20021,0.5
RL-s12-b300-a1.00,RL-s13-b300-a1.00,20022,0.5
RL-s12-b300-a1.00,RL-s13-b300-a1.00,20023,0.5
RL-s12-b300-a1.00,RL-s13-b300-a1.00,20024,0.5
RL-s12-b300-a1.00,RL-s13-b300-a1.00,20025,0.5
RL-s12-b300-a1.00,RL-s13-b300-a1.00,20026,0.5
RL-s12-b300-a1.00,RL-s13-b300-a1.00,20027,0.5
RL-s12-b300-a1.00,RL-s13-b300-a1.00,20028,0.5
RL-s12-b300-a1.00,RL-s13-b300-a1.00,20029,0.5
RL-s12-b300-a1.00,RL-s14-b300-a1.00,20000,0.5
RL-s12-b300-a1.00,RL-s14-b300-a1.00,20001,0.5
RL-s12-b300-a1.00,RL-s14-b300-a1.00,20002,0.75
RL-s12-b300-a1.00,RL-s14-b300-a1.00,20003,0.5
RL-s12-b300-a1.00,RL-s14-b300-a1.00,20004,0.5
RL-s12-b300-a1.00,RL-s14-b300-a1.00,20005,0.25
RL-s12-b300-a1.00,RL-s14-b300-a1.00,20006,0.25
RL-s12-b300-a1.00,RL-s14-b300-a1.00,20007,0.25
RL-s12-b300-a1.00,RL-s14-b300-a1.00,20008,0.5
RL-s12-b300-a1.00,RL-s14-b300-a1.00,20009,0.25
RL-s12-b300-a1.00,RL-s14-b300-a1.00,20010,0.5
RL-s12-b300-a1.00,RL-s14-b300-a1.00,20011,0.5
RL-s12-b300-a1.00,RL-s14-b300-a1.00,20012,0.25
RL-s12-b300-a1.00,RL-s14-b300-a1.00,20013,0.5
RL-s12-b300-a1.00,RL-s14-b300-a1.00,20014,0.5
RL-s12-b300-a1.00,RL-s14-b300-a1.00,20015,0.5
RL-s12-b300-a1.00,RL-s14-b300-a1.00,20016,0.5
RL-s12-b300-a1.00,RL-s14-b300-a1.00,20017,0.5
RL-s12-b300-a1.00,RL-s14-b300-a1.00,20018,0.25
RL-s12-b300-a1.00,RL-s14-b300-a1.00,20019,0.25
RL-s12-b300-a1.00,RL-s14-b300-a1.00,20020,0.75
RL-s12-b300-a1.00,RL-s14-b300-a1.00,20021,0.75
RL-s12-b300-a1.00,RL-s14-b300-a1.00,20022,0.5
RL-s12-b300-a1.00,RL-s14-b300-a1.00,20023,0.5
RL-s12-b300-a1.00,RL-s14-b300-a1.00,20024,0.25
RL-s12-b300-a1.00,RL-s14-b300-a1.00,20025,0.5
RL-s12-b300-a1.00,RL-s14-b300-a1.00,20026,0.5
RL-s12-b300-a1.00,RL-s14-b300-a1.00,20027,0.5
RL-s12-b300-a1.00,RL-s14-b300-a1.00,20028,0.75
RL-s12-b300-a1.00,RL-s14-b300-a1.00,20029,0.25
RL-s12-b300-a1.00,RL-s15-b300-a1.00,20000,0.5
RL-s12-b300-a1.00,RL-s15-b300-a1.00,20001,0.5
RL-s12-b300-a1.00,RL-s15-b300-a1.00,20002,0.75
RL-s12-b300-a1.00,RL-s15-b300-a1.00,20003,0.5
RL-s12-b300-a1.00,RL-s15-b300-a1.00,20004,0.5
RL-s12-b300-a1.00,RL-s15-b300-a1.00,20005,0.25
RL-s12-b300-a1.00,RL-s15-b300-a1.00,20006,0.25
RL-s12-b300-a1.00,RL-s15-b300-a1.00,20007,0.5
RL-s12-b300-a1.00,RL-s15-b300-a1.00,20008,0.25
RL-s12-b300-a1.00,RL-s15-b300-a1.00,20009,0.25
RL-s12-b300-a1.00,RL-s15-b300-a1.00,20010,0.5
RL-s12-b300-a1.00,RL-s15-b300-a1.00,20011,0.5
RL-s12-b300-a1.00,RL-s15-b300-a1.00,20012,0.25
RL-s12-b300-a1.00,RL-s15-b300-a1.00,20013,0.5
RL-s12-b300-a1.00,RL-s15-b300-a1.00,20014,0.5
RL-s12-b300-a1.00,RL-s15-b300-a1.00,20015,0.5
RL-s12-b300-a1.00,RL-s15-b300-a1.00,20016,0.5
RL-s12-b300-a1.00,RL-s15-b300-a1.00,20017,0.75
RL-s12-b300-a1.00,RL-s15-b300-a1.00,20018,0.5
RL-s12-b300-a1.00,RL-s15-b300-a1.00,20019,0.5
RL-s12-b300-a1.00,RL-s15-b300-a1.00,20020,0.75
RL-s12-b300-a1.00,RL-s15-b300-a1.00,20021,0.5
RL-s12-b300-a1.00,RL-s15-b300-a1.00,20022,0.5
RL-s12-b300-a1.00,RL-s15-b300-a1.00,20023,0.5
RL-s12-b300-a1.00,RL-s15-b300-a1.00,20024,0.25
RL-s12-b300-a1.00,RL-s15-b300-a1.00,20025,0.5
RL-s12-b300-a1.00,RL-s15-b300-a1.00,20026,0.5
RL-s12-b300-a1.00,RL-s15-b300-a1.00,20027,0.5
RL-s12-b300-a1.00,RL-s15-b300-a1.00,20028,0.5
RL-s12-b300-a1.00,RL-s15-b300-a1.00,20029,0.5
RL-s12-b300-a1.00,RL-s16-b300-a1.00,20000,0.5
RL-s12-b300-a1.00,RL-s16-b300-a1.00,20001,0.75
RL-s12-b300-a1.00,RL-s16-b300-a1.00,20002,0.75
RL-s12-b300-a1.00,RL-s16-b300-a1.00,20003,0.5
RL-s12-b300-a1.00,RL-s16-b300-a1.00,20004,0.5
RL-s12-b300-a1.00,RL-s16-b300-a1.00,20005,0.75
RL-s12-b300-a1.00,RL-s16-b300-a1.00,20006,0.5
RL-s12-b300-a1.00,RL-s16-b300-a1.00,20007,0.5
RL-s12-b300-a1.00,RL-s16-b300-a1.00,20008,0.75
RL-s12-b300-a1.00,RL-s16-b300-a1.00,20009,0.75
RL-s12-b300-a1.00,RL-s16-b300-a1.00,20010,0.5
RL-s12-b300-a1.00,RL-s16-b300-a1.00,20011,0.5
RL-s12-b300-a1.00,RL-s16-b300-a1.00,20012,0.5
RL-s12-b300-a1.00,RL-s16-b300-a1.00,20013,0.5
RL-s12-b300-a1.00,RL-s16-b300-a1.00,20014,0.25
RL-s12-b300-a1.00,RL-s16-b300-a1.00,20015,0.5
RL-s12-b300-a1.00,RL-s16-b300-a1.00,20016,0.5
RL-s12-b300-a1.00,RL-s16-b300-a1.00,20017,0.5
RL-s12-b300-a1.00,RL-s16-b300-a1.00,20018,0.5
RL-s12-b300-a1.00,RL-s16-b300-a1.00,20019,0.5
RL-s12-b300-a1.00,RL-s16-b300-a1.00,20020,0.5
RL-s12-b300-a1.00,RL-s16-b300-a1.00,20021,0.75
RL-s12-b300-a1.00,RL-s16-b300-a1.00,20022,0.75
RL-s12-b300-a1.00,RL-s16-b300-a1.00,20023,0.5
RL-s12-b300-a1.00,RL-s16-b300-a1.00,20024,0.5
RL-s12-b300-a1.00,RL-s16-b300-a1.00,20025,0.5
RL-s12-b300-a1.00,RL-s16-b300-a1.00,20026,0.75
RL-s12-b300-a1.00,RL-s16-b300-a1.00,20027,0.5
RL-s12-b300-a1.00,RL-s16-b300-a1.00,20028,0.25
RL-s12-b300-a1.00,RL-s16-b300-a1.00,20029,0.25
RL-s12-b300-a1.00,RL-s17-b300-a1.00,20000,0.5
RL-s12-b300-a1.00,RL-s17-b300-a1.00,20001,0.5
RL-s12-b300-a1.00,RL-s17-b300-a1.00,20002,0.75
RL-s12-b300-a1.00,RL-s17-b300-a1.00,20003,0.5
RL-s12-b300-a1.00,RL-s17-b300-a1.00,20004,0.5
RL-s12-b300-a1.00,RL-s17-b300-a1.00,20005,0.25
RL-s12-b300-a1.00,RL-s17-b300-a1.00,20006,0.5
RL-s12-b300-a1.00,RL-s17-b300-a1.00,20007,0.25
RL-s12-b300-a1.00,RL-s17-b300-a1.00,20008,0.25
RL-s12-b300-a1.00,RL-s17-b300-a1.00,20009,0.25
RL-s12-b300-a1.00,RL-s17-b300-a1.00,20010,0.5
RL-s12-b300-a1.00,RL-s17-b300-a1.00,20011,0.5
RL-s12-b300-a1.00,RL-s17-b300-a1.00,20012,0.5
RL-s12-b300-a1.00,RL-s17-b300-a1.00,20013,0.5
RL-s12-b300-a1.00,RL-s17-b300-a1.00,20014,0.5
RL-s12-b300-a1.00,RL-s17-b300-a1.00,20015,0.5
RL-s12-b300-a1.00,RL-s17-b300-a1.00,20016,0.5
RL-s12-b300-a1.00,RL-s17-b300-a1.00,20017,0.5
RL-s12-b300-a1.00,RL-s17-b300-a1.00,20018,0.5
RL-s12-b300-a1.00,RL-s17-b300-a1.00,20019,0.5
RL-s12-b300-a1.00,RL-s17-b300-a1.00,20020,0.5
RL-s12-b300-a1.00,RL-s17-b300-a1.00,20021,0.5
RL-s12-b300-a1.00,RL-s17-b300-a1.00,20022,0.5
RL-s12-b300-a1.00,RL-s17-b300-a1.00,20023,0.5
RL-s12-b300-a1.00,RL-s17-b300-a1.00,20024,0.25
RL-s12-b300-a1.00,RL-s17-b300-a1.00,20025,0.5
RL-s12-b300-a1.00,RL-s17-b300-a1.00,20026,0.5
RL-s12-b300-a1.00,RL-s17-b300-a1.00,20027,0.5
RL-s12-b300-a1.00,RL-s17-b300-a1.00,20028,0.5
RL-s12-b300-a1.00,RL-s17-b300-a1.00,20029,0.5
RL-s12-b300-a1.00,RL-s18-b300-a1.00,20000,0.5
RL-s12-b300-a1.00,RL-s18-b300-a1.00,20001,0.5
RL-s12-b300-a1.00,RL-s18-b300-a1.00,20002,0.75
RL-s12-b300-a1.00,RL-s18-b300-a1.00,20003,0.5
RL-s12-b300-a1.00,RL-s18-b300-a1.00,20004,0.5
RL-s12-b300-a1.00,RL-s18-b300-a1.00,20005,0.25
RL-s12-b300-a1.00,RL-s18-b300-a1.00,20006,0.25
RL-s12-b300-a1.00,RL-s18-b300-a1.00,20007,0.25
RL-s12-b300-a1.00,RL-s18-b300-a1.00,20008,0.5
RL-s12-b300-a1.00,RL-s18-b300-a1.00,20009,0.25
RL-s12-b300-a1.00,RL-s18-b300-a1.00,20010,0.5
RL-s12-b300-a1.00,RL-s18-b300-a1.00,20011,0.75
RL-s12-b300-a1.00,RL-s18-b300-a1.00,20012,0.25
RL-s12-b300-a1.00,RL-s18-b300-a1.00,20013,0.5
RL-s12-b300-a1.00,RL-s18-b300-a1.00,20014,0.75
RL-s12-b300-a1.00,RL-s18-b300-a1.00,20015,0.75
RL-s12-b300-a1.00,RL-s18-b300-a1.00,20016,0.5
RL-s12-b300-a1.00,RL-s18-b300-a1.00,20017,0.5
RL-s12-b300-a1.00,RL-s18-b300-a1.00,20018,0.5
RL-s12-b300-a1.00,RL-s18-b300-a1.00,20019,0.75
RL-s12-b300-a1.00,RL-s18-b300-a1.00,20020,0.5
RL-s12-b300-a1.00,RL-s18-b300-a1.00,20021,0.75
RL-s12-b300-a1.00,RL-s18-b300-a1.00,20022,0.5
RL-s12-b300-a1.00,RL-s18-b300-a1.00,20023,0.5
RL-s12-b300-a1.00,RL-s18-b300-a1.00,20024,0.5
RL-s12-b300-a1.00,RL-s18-b300-a1.00,20025,0.5
RL-s12-b300-a1.00,RL-s18-b300-a1.00,20026,0.75
RL-s12-b300-a1.00,RL-s18-b300-a1.00,20027,0.5
RL-s12-b300-a1.00,RL-s18-b300-a1.00,20028,0.75
RL-s12-b300-a1.00,RL-s18-b300-a1.00,20029,0.5
RL-s12-b300-a1.00,RL-s19-b300-a1.00,20000,0.5
RL-s12-b300-a1.00,RL-s19-b300-a1.00,20001,0.5
RL-s12-b300-a1.00,RL-s19-b300-a1.00,20002,0.75
RL-s12-b300-a1.00,RL-s19-b300-a1.00,20003,0.5
RL-s12-b300-a1.00,RL-s19-b300-a1.00,20004,0.5
RL-s12-b300-a1.00,RL-s19-b300-a1.00,20005,0.25
RL-s12-b300-a1.00,RL-s19-b300-a1.00,20006,0.25
RL-s12-b300-a1.00,RL-s19-b300-a1.00,20007,0.25
RL-s12-b300-a1.00,RL-s19-b300-a1.00,20008,0.0
RL-s12-b300-a1.00,RL-s19-b300-a1.00,20009,0.25
RL-s12-b300-a1.00,RL-s19-b300-a1.00,20010,0.5
RL-s12-b300-a1.00,RL-s19-b300-a1.00,20011,0.25
RL-s12-b300-a1.00,RL-s19-b300-a1.00,20012,0.25
RL-s12-b300-a1.00,RL-s19-b300-a1.00,20013,0.25
RL-s12-b300-a1.00,RL-s19-b300-a1.00,20014,0.75
RL-s12-b300-a1.00,RL-s19-b300-a1.00,20015,0.25
RL-s12-b300-a1.00,RL-s19-b300-a1.00,20016,0.5
RL-s12-b300-a1.00,RL-s19-b300-a1.00,20017,0.5
RL-s12-b300-a1.00,RL-s19-b300-a1.00,20018,0.5
RL-s12-b300-a1.00,RL-s19-b300-a1.00,20019,0.25
RL-s12-b300-a1.00,RL-s19-b300-a1.00,20020,0.5
RL-s12-b300-a1.00,RL-s19-b300-a1.00,20021,0.5
RL-s12-b300-a1.00,RL-s19-b300-a1.00,20022,0.5
RL-s12-b300-a1.00,RL-s19-b300-a1.00,20023,0.25
RL-s12-b300-a1.00,RL-s19-b300-a1.00,20024,0.25
RL-s12-b300-a1.00,RL-s19-b300-a1.00,20025,0.5
RL-s12-b300-a1.00,RL-s19-b300-a1.00,20026,0.25
RL-s12-b300-a1.00,RL-s19-b300-a1.00,20027,0.25
RL-s12-b300-a1.00,RL-s19-b300-a1.00,20028,0.5
RL-s12-b300-a1.00,RL-s19-b300-a1.00,20029,0.25
RL-s12-b300-a1.00,RL-s1-b300-a1.00,20000,0.5
RL-s12-b300-a1.00,RL-s1-b300-a1.00,20001,0.5
RL-s12-b300-a1.00,RL-s1-b300-a1.00,20002,0.5
RL-s12-b300-a1.00,RL-s1-b300-a1.00,20003,0.5
RL-s12-b300-a1.00,RL-s1-b300-a1.00,20004,0.5
RL-s12-b300-a1.00,RL-s1-b300-a1.00,20005,0.25
RL-s12-b300-a1.00,RL-s1-b300-a1.00,20006,0.25
RL-s12-b300-a1.00,RL-s1-b300-a1.00,20007,0.5
RL-s12-b300-a1.00,RL-s1-b300-a1.00,20008,0.25
RL-s12-b300-a1.00,RL-s1-b300-a1.00,20009,0.25
RL-s12-b300-a1.00,RL-s1-b300-a1.00,20010,0.5
RL-s12-b300-a1.00,RL-s1-b300-a1.00,20011,0.25
RL-s12-b300-a1.00,RL-s1-b300-a1.00,20012,0.25
RL-s12-b300-a1.00,RL-s1-b300-a1.00,20013,0.5
RL-s12-b300-a1.00,RL-s1-b300-a1.00,20014,0.5
RL-s12-b300-a1.00,RL-s1-b300-a1.00,20015,0.5
RL-s12-b300-a1.00,RL-s1-b300-a1.00,20016,0.5
RL-s12-b300-a1.00,RL-s1-b300-a1.00,20017,0.5
RL-s12-b300-a1.00,RL-s1-b300-a1.00,20018,0.5
RL-s12-b300-a1.00,RL-s1-b300-a1.00,20019,0.5
RL-s12-b300-a1.00,RL-s1-b300-a1.00,20020,0.5
RL-s12-b300-a1.00,RL-s1-b300-a1.00,20021,0.5
RL-s12-b300-a1.00,RL-s1-b300-a1.00,20022,0.5
RL-s12-b300-a1.00,RL-s1-b300-a1.00,20023,0.5
RL-s12-b300-a1.00,RL-s1-b300-a1.00,20024,0.5
RL-s12-b300-a1.00,RL-s1-b300-a1.00,20025,0.5
RL-s12-b300-a1.00,RL-s1-b300-a1.00,20026,0.5
RL-s12-b300-a1.00,RL-s1-b300-a1.00,20027,0.5
RL-s12-b300-a1.00,RL-s1-b300-a1.00,20028,0.5
RL-s12-b300-a1.00,RL-s1-b300-a1.00,20029,0.5
RL-s12-b300-a1.00,RL-s2-b300-a1.00,20000,0.5
RL-s12-b300-a1.00,RL-s2-b300-a1.00,20001,0.5
RL-s12-b300-a1.00,RL-s2-b300-a1.00,20002,0.5
RL-s12-b300-a1.00,RL-s2-b300-a1.00,20003,0.5
RL-s12-b300-a1.00,RL-s2-b300-a1.00,20004,0.5
RL-s12-b300-a1.00,RL-s2-b300-a1.00,20005,0.25
RL-s12-b300-a1.00,RL-s2-b300-a1.00,20006,0.25
RL-s12-b300-a1.00,RL-s2-b300-a1.00,20007,0.5
RL-s12-b300-a1.00,RL-s2-b300-a1.00,20008,0.5
RL-s12-b300-a1.00,RL-s2-b300-a1.00,20009,0.5
RL-s12-b300-a1.00,RL-s2-b300-a1.00,20010,0.5
RL-s12-b300-a1.00,RL-s2-b300-a1.00,20011,0.25
RL-s12-b300-a1.00,RL-s2-b300-a1.00,20012,0.25
RL-s12-b300-a1.00,RL-s2-b300-a1.00,20013,0.5
RL-s12-b300-a1.00,RL-s2-b300-a1.00,20014,0.5
RL-s12-b300-a1.00,RL-s2-b300-a1.00,20015,0.25
RL-s12-b300-a1.00,RL-s2-b300-a1.00,20016,0.25
RL-s12-b300-a1.00,RL-s2-b300-a1.00,20017,0.5
RL-s12-b300-a1.00,RL-s2-b300-a1.00,20018,0.25
RL-s12-b300-a1.00,RL-s2-b300-a1.00,20019,0.25
RL-s12-b300-a1.00,RL-s2-b300-a1.00,20020,0.5
RL-s12-b300-a1.00,RL-s2-b300-a1.00,20021,0.75
RL-s12-b300-a1.00,RL-s2-b300-a1.00,20022,0.5
RL-s12-b300-a1.00,RL-s2-b300-a1.00,20023,0.5
RL-s12-b300-a1.00,RL-s2-b300-a1.00,20024,0.5
RL-s12-b300-a1.00,RL-s2-b300-a1.00,20025,0.5
RL-s12-b300-a1.00,RL-s2-b300-a1.00,20026,0.5
RL-s12-b300-a1.00,RL-s2-b300-a1.00,20027,0.5
RL-s12-b300-a1.00,RL-s2-b300-a1.00,20028,0.5
RL-s12-b300-a1.00,RL-s2-b300-a1.00,20029,0.25
RL-s12-b300-a1.00,RL-s3-b300-a1.00,20000,0.75
RL-s12-b300-a1.00,RL-s3-b300-a1.00,20001,0.5
RL-s12-b300-a1.00,RL-s3-b300-a1.00,20002,0.5
RL-s12-b300-a1.00,RL-s3-b300-a1.00,20003,0.5
RL-s12-b300-a1.00,RL-s3-b300-a1.00,20004,0.5
RL-s12-b300-a1.00,RL-s3-b300-a1.00,20005,0.25
RL-s12-b300-a1.00,RL-s3-b300-a1.00,20006,0.5
RL-s12-b300-a1.00,RL-s3-b300-a1.00,20007,0.5
RL-s12-b300-a1.00,RL-s3-b300-a1.00,20008,0.75
RL-s12-b300-a1.00,RL-s3-b300-a1.00,20009,0.25
RL-s12-b300-a1.00,RL-s3-b300-a1.00,20010,0.5
RL-s12-b300-a1.00,RL-s3-b300-a1.00,20011,0.5
RL-s12-b300-a1.00,RL-s3-b300-a1.00,20012,0.5
RL-s12-b300-a1.00,RL-s3-b300-a1.00,20013,0.75
RL-s12-b300-a1.00,RL-s3-b300-a1.00,20014,0.5
RL-s12-b300-a1.00,RL-s3-b300-a1.00,20015,0.5
RL-s12-b300-a1.00,RL-s3-b300-a1.00,20016,0.5
RL-s12-b300-a1.00,RL-s3-b300-a1.00,20017,0.75
RL-s12-b300-a1.00,RL-s3-b300-a1.00,20018,0.5
RL-s12-b300-a1.00,RL-s3-b300-a1.00,20019,0.5
RL-s12-b300-a1.00,RL-s3-b300-a1.00,20020,0.75
RL-s12-b300-a1.00,RL-s3-b300-a1.00,20021,0.75
RL-s12-b300-a1.00,RL-s3-b300-a1.00,20022,0.5
RL-s12-b300-a1.00,RL-s3-b300-a1.00,20023,0.75
RL-s12-b300-a1.00,RL-s3-b300-a1.00,20024,0.5
RL-s12-b300-a1.00,RL-s3-b300-a1.00,20025,0.75
RL-s12-b300-a1.00,RL-s3-b300-a1.00,20026,0.75
RL-s12-b300-a1.00,RL-s3-b300-a1.00,20027,0.75
RL-s12-b300-a1.00,RL-s3-b300-a1.00,20028,0.5
RL-s12-b300-a1.00,RL-s3-b300-a1.00,20029,0.25
RL-s12-b300-a1.00,RL-s4-b300-a1.00,20000,0.5
RL-s12-b300-a1.00,RL-s4-b300-a1.00,20001,0.25
RL-s12-b300-a1.00,RL-s4-b300-a1.00,20002,0.75
RL-s12-b300-a1.00,RL-s4-b300-a1.00,20003,0.75
RL-s12-b300-a1.00,RL-s4-b300-a1.00,20004,0.5
RL-s12-b300-a1.00,RL-s4-b300-a1.00,20005,0.25
RL-s12-b300-a1.00,RL-s4-b300-a1.00,20006,0.5
RL-s12-b300-a1.00,RL-s4-b300-a1.00,20007,0.25
RL-s12-b300-a1.00,RL-s4-b300-a1.00,20008,0.5
RL-s12-b300-a1.00,RL-s4-b300-a1.00,20009,0.25
RL-s12-b300-a1.00,RL-s4-b300-a1.00,20010,0.5
RL-s12-b300-a1.00,RL-s4-b300-a1.00,20011,0.25
RL-s12-b300-a1.00,RL-s4-b300-a1.00,20012,0.25
RL-s12-b300-a1.00,RL-s4-b300-a1.00,20013,0.5
RL-s12-b300-a1.00,RL-s4-b300-a1.00,20014,0.5
RL-s12-b300-a1.00,RL-s4-b300-a1.00,20015,0.5
RL-s12-b300-a1.00,RL-s4-b300-a1.00,20016,0.5
RL-s12-b300-a1.00,RL-s4-b300-a1.00,20017,0.5
RL-s12-b300-a1.00,RL-s4-b300-a1.00,20018,0.5
RL-s12-b300-a1.00,RL-s4-b300-a1.00,20019,0.25
RL-s12-b300-a1.00,RL-s4-b300-a1.00,20020,0.5
RL-s12-b300-a1.00,RL-s4-b300-a1.00,20021,0.5
RL-s12-b300-a1.00,RL-s4-b300-a1.00,20022,0.5
RL-s12-b300-a1.00,RL-s4-b300-a1.00,20023,0.5
RL-s12-b300-a1.00,RL-s4-b300-a1.00,20024,0.5
RL-s12-b300-a1.00,RL-s4-b300-a1.00,20025,0.5
RL-s12-b300-a1.00,RL-s4-b300-a1.00,20026,0.5
RL-s12-b300-a1.00,RL-s4-b300-a1.00,20027,0.5
RL-s12-b300-a1.00,RL-s4-b300-a1.00,20028,0.5
RL-s12-b300-a1.00,RL-s4-b300-a1.00,20029,0.25
RL-s12-b300-a1.00,RL-s5-b300-a1.00,20000,0.75
RL-s12-b300-a1.00,RL-s5-b300-a1.00,20001,0.25
RL-s12-b300-a1.00,RL-s5-b300-a1.00,20002,0.75
RL-s12-b300-a1.00,RL-s5-b300-a1.00,20003,0.5
RL-s12-b300-a1.00,RL-s5-b300-a1.00,20004,0.5
RL-s12-b300-a1.00,RL-s5-b300-a1.00,20005,0.25
RL-s12-b300-a1.00,RL-s5-b300-a1.00,20006,0.25
RL-s12-b300-a1.00,RL-s5-b300-a1.00,20007,0.75
RL-s12-b300-a1.00,RL-s5-b300-a1.00,20008,0.75
RL-s12-b300-a1.00,RL-s5-b300-a1.00,20009,0.5
RL-s12-b300-a1.00,RL-s5-b300-a1.00,20010,0.5
RL-s12-b300-a1.00,RL-s5-b300-a1.00,20011,0.5
RL-s12-b300-a1.00,RL-s5-b300-a1.00,20012,0.5
RL-s12-b300-a1.00,RL-s5-b300-a1.00,20013,0.75
RL-s12-b300-a1.00,RL-s5-b300-a1.00,20014,0.75
RL-s12-b300-a1.00,RL-s5-b300-a1.00,20015,0.5
RL-s12-b300-a1.00,RL-s5-b300-a1.00,20016,0.5
RL-s12-b300-a1.00,RL-s5-b300-a1.00,20017,0.5
RL-s12-b300-a1.00,RL-s5-b300-a1.00,20018,0.5
RL-s12-b300-a1.00,RL-s5-b300-a1.00,20019,0.5
RL-s12-b300-a1.00,RL-s5-b300-a1.00,20020,0.75
RL-s12-b300-a1.00,RL-s5-b300-a1.00,20021,0.25
RL-s12-b300-a1.00,RL-s5-b300-a1.00,20022,0.5
RL-s12-b300-a1.00,RL-s5-b300-a1.00,20023,0.75
RL-s12-b300-a1.00,RL-s5-b300-a1.00,20024,0.5
RL-s12-b300-a1.00,RL-s5-b300-a1.00,20025,1.0
RL-s12-b300-a1.00,RL-s5-b300-a1.00,20026,0.5
RL-s12-b300-a1.00,RL-s5-b300-a1.00,20027,0.5
RL-s12-b300-a1.00,RL-s5-b300-a1.00,20028,0.5
RL-s12-b300-a1.00,RL-s5-b300-a1.00,20029,0.5
RL-s12-b300-a1.00,RL-s6-b300-a1.00,20000,0.5
RL-s12-b300-a1.00,RL-s6-b300-a1.00,20001,0.5
RL-s12-b300-a1.00,RL-s6-b300-a1.00,20002,0.75
RL-s12-b300-a1.00,RL-s6-b300-a1.00,20003,0.5
RL-s12-b300-a1.00,RL-s6-b300-a1.00,20004,0.5
RL-s12-b300-a1.00,RL-s6-b300-a1.00,20005,0.25
RL-s12-b300-a1.00,RL-s6-b300-a1.00,20006,0.25
RL-s12-b300-a1.00,RL-s6-b300-a1.00,20007,0.5
RL-s12-b300-a1.00,RL-s6-b300-a1.00,20008,0.5
RL-s12-b300-a1.00,RL-s6-b300-a1.00,20009,0.25
RL-s12-b300-a1.00,RL-s6-b300-a1.00,20010,1.0
RL-s12-b300-a1.00,RL-s6-b300-a1.00,20011,0.75
RL-s12-b300-a1.00,RL-s6-b300-a1.00,20012,0.5
RL-s12-b300-a1.00,RL-s6-b300-a1.00,20013,0.75
RL-s12-b300-a1.00,RL-s6-b300-a1.00,20014,0.5
RL-s12-b300-a1.00,RL-s6-b300-a1.00,20015,0.5
RL-s12-b300-a1.00,RL-s6-b300-a1.00,20016,0.5
RL-s12-b300-a1.00,RL-s6-b300-a1.00,20017,0.5
RL-s12-b300-a1.00,RL-s6-b300-a1.00,20018,0.5
RL-s12-b300-a1.00,RL-s6-b300-a1.00,20019,0.5
RL-s12-b300-a1.00,RL-s6-b300-a1.00,20020,0.5
RL-s12-b300-a1.00,RL-s6-b300-a1.00,20021,0.5
RL-s12-b300-a1.00,RL-s6-b300-a1.00,20022,0.5
RL-s12-b300-a1.00,RL-s6-b300-a1.00,20023,0.5
RL-s12-b300-a1.00,RL-s6-b300-a1.00,20024,0.25
RL-s12-b300-a1.00,RL-s6-b300-a1.00,20025,0.5
RL-s12-b300-a1.00,RL-s6-b300-a1.00,20026,0.5
RL-s12-b300-a1.00,RL-s6-b300-a1.00,20027,0.5
RL-s12-b300-a1.00,RL-s6-b300-a1.00,20028,0.5
RL-s12-b300-a1.00,RL-s6-b300-a1.00,20029,0.5
RL-s12-b300-a1.00,RL-s7-b300-a1.00,20000,0.5
RL-s12-b300-a1.00,RL-s7-b300-a1.00,20001,0.5
RL-s12-b300-a1.00,RL-s7-b300-a1.00,20002,0.75
RL-s12-b300-a1.00,RL-s7-b300-a1.00,20003,0.5
RL-s12-b300-a1.00,RL-s7-b300-a1.00,20004,0.5
RL-s12-b300-a1.00,RL-s7-b300-a1.00,20005,0.75
RL-s12-b300-a1.00,RL-s7-b300-a1.00,20006,0.25
RL-s12-b300-a1.00,RL-s7-b300-a1.00,20007,0.5
RL-s12-b300-a1.00,RL-s7-b300-a1.00,20008,0.5
RL-s12-b300-a1.00,RL-s7-b300-a1.00,20009,0.5
RL-s12-b300-a1.00,RL-s7-b300-a1.00,20010,0.5
RL-s12-b300-a1.00,RL-s7-b300-a1.00,20011,0.75
RL-s12-b300-a1.00,RL-s7-b300-a1.00,20012,0.5
RL-s12-b300-a1.00,RL-s7-b300-a1.00,20013,0.75
RL-s12-b300-a1.00,RL-s7-b300-a1.00,20014,0.5
RL-s12-b300-a1.00,RL-s7-b300-a1.00,20015,0.5
RL-s12-b300-a1.00,RL-s7-b300-a1.00,20016,0.25
RL-s12-b300-a1.00,RL-s7-b300-a1.00,20017,0.5
RL-s12-b300-a1.00,RL-s7-b300-a1.00,20018,0.5
RL-s12-b300-a1.00,RL-s7-b300-a1.00,20019,0.5
RL-s12-b300-a1.00,RL-s7-b300-a1.00,20020,0.5
RL-s12-b300-a1.00,RL-s7-b300-a1.00,20021,0.5
RL-s12-b300-a1.00,RL-s7-b300-a1.00,20022,0.5
RL-s12-b300-a1.00,RL-s7-b300-a1.00,20023,0.75
RL-s12-b300-a1.00,RL-s7-b300-a1.00,20024,0.5
RL-s12-b300-a1.00,RL-s7-b300-a1.00,20025,0.75
RL-s12-b300-a1.00,RL-s7-b300-a1.00,20026,0.5
RL-s12-b300-a1.00,RL-s7-b300-a1.00,20027,0.5
RL-s12-b300-a1.00,RL-s7-b300-a1.00,20028,0.5
RL-s12-b300-a1.00,RL-s7-b300-a1.00,20029,0.5
RL-s12-b300-a1.00,RL-s8-b300-a1.00,20000,0.75
RL-s12-b300-a1.00,RL-s8-b300-a1.00,20001,0.5
RL-s12-b300-a1.00,RL-s8-b300-a1.00,20002,1.0
RL-s12-b300-a1.00,RL-s8-b300-a1.00,20003,0.5
RL-s12-b300-a1.00,RL-s8-b300-a1.00,20004,0.5
RL-s12-b300-a1.00,RL-s8-b300-a1.00,20005,0.5
RL-s12-b300-a1.00,RL-s8-b300-a1.00,20006,0.5
RL-s12-b300-a1.00,RL-s8-b300-a1.00,20007,0.25
RL-s12-b300-a1.00,RL-s8-b300-a1.00,20008,0.75
RL-s12-b300-a1.00,RL-s8-b300-a1.00,20009,0.25
RL-s12-b300-a1.00,RL-s8-b300-a1.00,20010,0.5
RL-s12-b300-a1.00,RL-s8-b300-a1.00,20011,0.5
RL-s12-b300-a1.00,RL-s8-b300-a1.00,20012,0.25
RL-s12-b300-a1.00,RL-s8-b300-a1.00,20013,0.75
RL-s12-b300-a1.00,RL-s8-b300-a1.00,20014,0.5
RL-s12-b300-a1.00,RL-s8-b300-a1.00,20015,0.5
RL-s12-b300-a1.00,RL-s8-b300-a1.00,20016,0.5
RL-s12-b300-a1.00,RL-s8-b300-a1.00,20017,0.5
RL-s12-b300-a1.00,RL-s8-b300-a1.00,20018,0.5
RL-s12-b300-a1.00,RL-s8-b300-a1.00,20019,0.5
RL-s12-b300-a1.00,RL-s8-b300-a1.00,20020,0.75
RL-s12-b300-a1.00,RL-s8-b300-a1.00,20021,0.5
RL-s12-b300-a1.00,RL-s8-b300-a1.00,20022,0.5
RL-s12-b300-a1.00,RL-s8-b300-a1.00,20023,0.5
RL-s12-b300-a1.00,RL-s8-b300-a1.00,20024,0.25
RL-s12-b300-a1.00,RL-s8-b300-a1.00,20025,0.75
RL-s12-b300-a1.00,RL-s8-b300-a1.00,20026,0.25
RL-s12-b300-a1.00,RL-s8-b300-a1.00,20027,0.5
RL-s12-b300-a1.00,RL-s8-b300-a1.00,20028,0.5
RL-s12-b300-a1.00,RL-s8-b300-a1.00,20029,0.25
RL-s12-b300-a1.00,RL-s9-b300-a1.00,20000,0.5
RL-s12-b300-a1.00,RL-s9-b300-a1.00,20001,0.5
RL-s12-b300-a1.00,RL-s9-b300-a1.00,20002,0.75
RL-s12-b300-a1.00,RL-s9-b300-a1.00,20003,0.5
RL-s12-b300-a1.00,RL-s9-b300-a1.00,20004,0.5
RL-s12-b300-a1.00,RL-s9-b300-a1.00,20005,0.5
RL-s12-b300-a1.00,RL-s9-b300-a1.00,20006,0.25
RL-s12-b300-a1.00,RL-s9-b300-a1.00,20007,0.75
RL-s12-b300-a1.00,RL-s9-b300-a1.00,20008,0.5
RL-s12-b300-a1.00,RL-s9-b300-a1.00,20009,0.25
RL-s12-b300-a1.00,RL-s9-b300-a1.00,20010,0.5
RL-s12-b300-a1.00,RL-s9-b300-a1.00,20011,0.5
RL-s12-b300-a1.00,RL-s9-b300-a1.00,20012,0.25
RL-s12-b300-a1.00,RL-s9-b300-a1.00,20013,1.0
RL-s12-b300-a1.00,RL-s9-b300-a1.00,20014,0.75
RL-s12-b300-a1.00,RL-s9-b300-a1.00,20015,1.0
RL-s12-b300-a1.00,RL-s9-b300-a1.00,20016,0.5
RL-s12-b300-a1.00,RL-s9-b300-a1.00,20017,0.5
RL-s12-b300-a1.00,RL-s9-b300-a1.00,20018,0.25
RL-s12-b300-a1.00,RL-s9-b300-a1.00,20019,0.25
RL-s12-b300-a1.00,RL-s9-b300-a1.00,20020,0.5
RL-s12-b300-a1.00,RL-s9-b300-a1.00,20021,0.25
RL-s12-b300-a1.00,RL-s9-b300-a1.00,20022,0.5
RL-s12-b300-a1.00,RL-s9-b300-a1.00,20023,0.75
RL-s12-b300-a1.00,RL-s9-b300-a1.00,20024,0.75
RL-s12-b300-a1.00,RL-s9-b300-a1.00,20025,0.75
RL-s12-b300-a1.00,RL-s9-b300-a1.00,20026,0.25
RL-s12-b300-a1.00,RL-s9-b300-a1.00,20027,0.5
RL-s12-b300-a1.00,RL-s9-b300-a1.00,20028,0.5
RL-s12-b300-a1.00,RL-s9-b300-a1.00,20029,0.25
RL-s12-b300-a1.00,BTO-s0-b300,20000,0.75
RL-s12-b300-a1.00,BTO-s0-b300,20001,0.5
RL-s12-b300-a1.00,BTO-s0-b300,20002,1.0
RL-s12-b300-a1.00,BTO-s0-b300,20003,0.75
RL-s12-b300-a1.00,BTO-s0-b300,20004,0.5
RL-s12-b300-a1.00,BTO-s0-b300,20005,1.0
RL-s12-b300-a1.00,BTO-s0-b300,20006,0.5
RL-s12-b300-a1.00,BTO-s0-b300,20007,1.0
RL-s12-b300-a1.00,BTO-s0-b300,20008,1.0
RL-s12-b300-a1.00,BTO-s0-b300,20009,0.75
RL-s12-b300-a1.00,BTO-s0-b300,20010,0.5
RL-s12-b300-a1.00,BTO-s0-b300,20011,0.5
RL-s12-b300-a1.00,BTO-s0-b300,20012,0.5
RL-s12-b300-a1.00,BTO-s0-b300,20013,1.0
RL-s12-b300-a1.00,BTO-s0-b300,20014,1.0
RL-s12-b300-a1.00,BTO-s0-b300,20015,1.0
RL-s12-b300-a1.00,BTO-s0-b300,20016,0.5
RL-s12-b300-a1.00,BTO-s0-b300,20017,0.75
RL-s12-b300-a1.00,BTO-s0-b300,20018,0.5
RL-s12-b300-a1.00,BTO-s0-b300,20019,0.5
RL-s12-b300-a1.00,BTO-s0-b300,20020,1.0
RL-s12-b300-a1.00,BTO-s0-b300,20021,0.5
RL-s12-b300-a1.00,BTO-s0-b300,20022,1.0
RL-s12-b300-a1.00,BTO-s0-b300,20023,1.0
RL-s12-b300-a1.00,BTO-s0-b300,20024,0.75
RL-s12-b300-a1.00,BTO-s0-b300,20025,1.0
RL-s12-b300-a1.00,BTO-s0-b300,20026,0.25
RL-s12-b300-a1.00,BTO-s0-b300,20027,0.75
RL-s12-b300-a1.00,BTO-s0-b300,20028,0.0
RL-s12-b300-a1.00,BTO-s0-b300,20029,0.5
RL-s12-b300-a1.00,BTO-s1-b300,20000,1.0
RL-s12-b300-a1.00,BTO-s1-b300,20001,0.5
RL-s12-b300-a1.00,BTO-s1-b300,20002,1.0
RL-s12-b300-a1.00,BTO-s1-b300,20003,1.0
RL-s12-b300-a1.00,BTO-s1-b300,20004,0.75
RL-s12-b300-a1.00,BTO-s1-b300,20005,0.75
RL-s12-b300-a1.00,BTO-s1-b300,20006,0.75
RL-s12-b300-a1.00,BTO-s1-b300,20007,0.75
RL-s12-b300-a1.00,BTO-s1-b300,20008,0.75
RL-s12-b300-a1.00,BTO-s1-b300,20009,0.75
RL-s12-b300-a1.00,BTO-s1-b300,20010,0.75
RL-s12-b300-a1.00,BTO-s1-b300,20011,0.5
RL-s12-b300-a1.00,BTO-s1-b300,20012,0.5
RL-s12-b300-a1.00,BTO-s1-b300,20013,1.0
RL-s12-b300-a1.00,BTO-s1-b300,20014,1.0
RL-s12-b300-a1.00,BTO-s1-b300,20015,1.0
RL-s12-b300-a1.00,BTO-s1-b300,20016,0.5
RL-s12-b300-a1.00,BTO-s1-b300,20017,0.75
RL-s12-b300-a1.00,BTO-s1-b300,20018,0.25
RL-s12-b300-a1.00,BTO-s1-b300,20019,0.5
RL-s12-b300-a1.00,BTO-s1-b300,20020,1.0
RL-s12-b300-a1.00,BTO-s1-b300,20021,1.0
RL-s12-b300-a1.00,BTO-s1-b300,20022,0.75
RL-s12-b300-a1.00,BTO-s1-b300,20023,1.0
RL-s12-b300-a1.00,BTO-s1-b300,20024,0.75
RL-s12-b300-a1.00,BTO-s1-b300,20025,1.0
RL-s12-b300-a1.00,BTO-s1-b300,20026,0.5
RL-s12-b300-a1.00,BTO-s1-b300,20027,0.75
RL-s12-b300-a1.00,BTO-s1-b300,20028,0.5
RL-s12-b300-a1.00,BTO-s1-b300,20029,0.5
RL-s12-b300-a1.00,BTO-s2-b300,20000,1.0
RL-s12-b300-a1.00,BTO-s2-b300,20001,0.5
RL-s12-b300-a1.00,BTO-s2-b300,20002,1.0
RL-s12-b300-a1.00,BTO-s2-b300,20003,0.75
RL-s12-b300-a1.00,BTO-s2-b300,20004,0.75
RL-s12-b300-a1.00,BTO-s2-b300,20005,1.0
RL-s12-b300-a1.00,BTO-s2-b300,20006,0.75
RL-s12-b300-a1.00,BTO-s2-b300,20007,0.75
RL-s12-b300-a1.00,BTO-s2-b300,20008,0.75
RL-s12-b300-a1.00,BTO-s2-b300,20009,0.75
RL-s12-b300-a1.00,BTO-s2-b300,20010,0.25
RL-s12-b300-a1.00,BTO-s2-b300,20011,0.5
RL-s12-b300-a1.00,BTO-s2-b300,20012,0.5
RL-s12-b300-a1.00,BTO-s2-b300,20013,1.0
RL-s12-b300-a1.00,BTO-s2-b300,20014,0.5
RL-s12-b300-a1.00,BTO-s2-b300,20015,0.75
RL-s12-b300-a1.00,BTO-s2-b300,20016,0.25
RL-s12-b300-a1.00,BTO-s2-b300,20017,0.5
RL-s12-b300-a1.00,BTO-s2-b300,20018,0.75
RL-s12-b300-a1.00,BTO-s2-b300,20019,0.5
RL-s12-b300-a1.00,BTO-s2-b300,20020,0.75
RL-s12-b300-a1.00,BTO-s2-b300,20021,1.0
RL-s12-b300-a1.00,BTO-s2-b300,20022,0.0
RL-s12-b300-a1.00,BTO-s2-b300,20023,1.0
RL-s12-b300-a1.00,BTO-s2-b300,20024,0.5
RL-s12-b300-a1.00,BTO-s2-b300,20025,1.0
RL-s12-b300-a1.00,BTO-s2-b300,20026,0.5
RL-s12-b300-a1.00,BTO-s2-b300,20027,0.75
RL-s12-b300-a1.00,BTO-s2-b300,20028,0.0
RL-s12-b300-a1.00,BTO-s2-b300,20029,0.5
RL-s12-b300-a1.00,POOL-s0-b1000,20000,0.5
RL-s12-b300-a1.00,POOL-s0-b1000,20001,0.5
RL-s12-b300-a1.00,POOL-s0-b1000,20002,0.5
RL-s12-b300-a1.00,POOL-s0-b1000,20003,0.25
RL-s12-b300-a1.00,POOL-s0-b1000,20004,0.5
RL-s12-b300-a1.00,POOL-s0-b1000,20005,0.5
RL-s12-b300-a1.00,POOL-s0-b1000,20006,0.5
RL-s12-b300-a1.00,POOL-s0-b1000,20007,0.25
RL-s12-b300-a1.00,POOL-s0-b1000,20008,0.5
RL-s12-b300-a1.00,POOL-s0-b1000,20009,0.25
RL-s12-b300-a1.00,POOL-s0-b1000,20010,0.5
RL-s12-b300-a1.00,POOL-s0-b1000,20011,0.5
RL-s12-b300-a1.00,POOL-s0-b1000,20012,0.5
RL-s12-b300-a1.00,POOL-s0-b1000,20013,0.5
RL-s12-b300-a1.00,POOL-s0-b1000,20014,0.5
RL-s12-b300-a1.00,POOL-s0-b1000,20015,0.5
RL-s12-b300-a1.00,POOL-s0-b1000,20016,0.5
RL-s12-b300-a1.00,POOL-s0-b1000,20017,0.5
RL-s12-b300-a1.00,POOL-s0-b1000,20018,0.5
RL-s12-b300-a1.00,POOL-s0-b1000,20019,0.5
RL-s12-b300-a1.00,POOL-s0-b1000,20020,0.5
RL-s12-b300-a1.00,POOL-s0-b1000,20021,0.5
RL-s12-b300-a1.00,POOL-s0-b1000,20022,0.5
RL-s12-b300-a1.00,POOL-s0-b1000,20023,0.5
RL-s12-b300-a1.00,POOL-s0-b1000,20024,0.25
RL-s12-b300-a1.00,POOL-s0-b1000,20025,0.5
RL-s12-b300-a1.00,POOL-s0-b1000,20026,0.5
RL-s12-b300-a1.00,POOL-s0-b1000,20027,0.5
RL-s12-b300-a1.00,POOL-s0-b1000,20028,0.5
RL-s12-b300-a1.00,POOL-s0-b1000,20029,0.5
RL-s12-b300-a1.00,POOL-s1-b1000,20000,0.5
RL-s12-b300-a1.00,POOL-s1-b1000,20001,0.5
RL-s12-b300-a1.00,POOL-s1-b1000,20002,0.5
RL-s12-b300-a1.00,POOL-s1-b1000,20003,0.5
RL-s12-b300-a1.00,POOL-s1-b1000,20004,0.5
RL-s12-b300-a1.00,POOL-s1-b1000,20005,0.5
RL-s12-b300-a1.00,POOL-s1-b1000,20006,0.25
RL-s12-b300-a1.00,POOL-s1-b1000,20007,0.25
RL-s12-b300-a1.00,POOL-s1-b1000,20008,0.5
RL-s12-b300-a1.00,POOL-s1-b1000,20009,0.25
RL-s12-b300-a1.00,POOL-s1-b1000,20010,0.25
RL-s12-b300-a1.00,POOL-s1-b1000,20011,0.25
RL-s12-b300-a1.00,POOL-s1-b1000,20012,0.5
RL-s12-b300-a1.00,POOL-s1-b1000,20013,0.5
RL-s12-b300-a1.00,POOL-s1-b1000,20014,0.5
RL-s12-b300-a1.00,POOL-s1-b1000,20015,0.5
RL-s12-b300-a1.00,POOL-s1-b1000,20016,0.25
RL-s12-b300-a1.00,POOL-s1-b1000,20017,0.25
RL-s12-b300-a1.00,POOL-s1-b1000,20018,0.25
RL-s12-b300-a1.00,POOL-s1-b1000,20019,0.25
RL-s12-b300-a1.00,POOL-s1-b1000,20020,0.5
RL-s12-b300-a1.00,POOL-s1-b1000,20021,0.25
RL-s12-b300-a1.00,POOL-s1-b1000,20022,0.5
RL-s12-b300-a1.00,POOL-s1-b1000,20023,0.5
RL-s12-b300-a1.00,POOL-s1-b1000,20024,0.25
RL-s12-b300-a1.00,POOL-s1-b1000,20025,0.5
RL-s12-b300-a1.00,POOL-s1-b1000,20026,0.25
RL-s12-b300-a1.00,POOL-s1-b1000,20027,0.5
RL-s12-b300-a1.00,POOL-s1-b1000,20028,0.5
RL-s12-b300-a1.00,POOL-s1-b1000,20029,0.25
RL-s12-b300-a1.00,POOL-s2-b1000,20000,0.5
RL-s12-b300-a1.00,POOL-s2-b1000,20001,0.5
RL-s12-b300-a1.00,POOL-s2-b1000,20002,0.5
RL-s12-b300-a1.00,POOL-s2-b1000,20003,0.5
RL-s12-b300-a1.00,POOL-s2-b1000,20004,0.5
RL-s12-b300-a1.00,POOL-s2-b1000,20005,0.75
RL-s12-b300-a1.00,POOL-s2-b1000,20006,0.5
RL-s12-b300-a1.00,POOL-s2-b1000,20007,0.5
RL-s12-b300-a1.00,POOL-s2-b1000,20008,0.25
RL-s12-b300-a1.00,POOL-s2-b1000,20009,0.5
RL-s12-b300-a1.00,POOL-s2-b1000,20010,0.5
RL-s12-b300-a1.00,POOL-s2-b1000,20011,0.25
RL-s12-b300-a1.00,POOL-s2-b1000,20012,0.25
RL-s12-b300-a1.00,POOL-s2-b1000,20013,0.5
RL-s12-b300-a1.00,POOL-s2-b1000,20014,0.5
RL-s12-b300-a1.00,POOL-s2-b1000,20015,0.5
RL-s12-b300-a1.00,POOL-s2-b1000,20016,0.25
RL-s12-b300-a1.00,POOL-s2-b1000,20017,0.5
RL-s12-b300-a1.00,POOL-s2-b1000,20018,0.25
RL-s12-b300-a1.00,POOL-s2-b1000,20019,0.25
RL-s12-b300-a1.00,POOL-s2-b1000,20020,0.5
RL-s12-b300-a1.00,POOL-s2-b1000,20021,0.5
RL-s12-b300-a1.00,POOL-s2-b1000,20022,0.5
RL-s12-b300-a1.00,POOL-s2-b1000,20023,0.5
RL-s12-b300-a1.00,POOL-s2-b1000,20024,0.25
RL-s12-b300-a1.00,POOL-s2-b1000,20025,0.5
RL-s12-b300-a1.00,POOL-s2-b1000,20026,0.25
RL-s12-b300-a1.00,POOL-s2-b1000,20027,0.5
RL-s12-b300-a1.00,POOL-s2-b1000,20028,0.5
RL-s12-b300-a1.00,POOL-s2-b1000,20029,0.25
RL-s12-b300-a1.00,POOL-s3-b1000,20000,0.5
RL-s12-b300-a1.00,POOL-s3-b1000,20001,0.5
RL-s12-b300-a1.00,POOL-s3-b1000,20002,0.5
RL-s12-b300-a1.00,POOL-s3-b1000,20003,0.5
RL-s12-b300-a1.00,POOL-s3-b1000,20004,0.5
RL-s12-b300-a1.00,POOL-s3-b1000,20005,0.25
RL-s12-b300-a1.00,POOL-s3-b1000,20006,0.25
RL-s12-b300-a1.00,POOL-s3-b1000,20007,0.5
RL-s12-b300-a1.00,POOL-s3-b1000,20008,0.75
RL-s12-b300-a1.00,POOL-s3-b1000,20009,0.25
RL-s12-b300-a1.00,POOL-s3-b1000,20010,0.5
RL-s12-b300-a1.00,POOL-s3-b1000,20011,0.25
RL-s12-b300-a1.00,POOL-s3-b1000,20012,0.25
RL-s12-b300-a1.00,POOL-s3-b1000,20013,0.5
RL-s12-b300-a1.00,POOL-s3-b1000,20014,0.5
RL-s12-b300-a1.00,POOL-s3-b1000,20015,0.5
RL-s12-b300-a1.00,POOL-s3-b1000,20016,0.5
RL-s12-b300-a1.00,POOL-s3-b1000,20017,0.5
RL-s12-b300-a1.00,POOL-s3-b1000,20018,0.25
RL-s12-b300-a1.00,POOL-s3-b1000,20019,0.25
RL-s12-b300-a1.00,POOL-s3-b1000,20020,0.5
RL-s12-b300-a1.00,POOL-s3-b1000,20021,0.5
RL-s12-b300-a1.00,POOL-s3-b1000,20022,0.5
RL-s12-b300-a1.00,POOL-s3-b1000,20023,0.5
RL-s12-b300-a1.00,POOL-s3-b1000,20024,0.5
RL-s12-b300-a1.00,POOL-s3-b1000,20025,0.5
RL-s12-b300-a1.00,POOL-s3-b1000,20026,0.5
RL-s12-b300-a1.00,POOL-s3-b1000,20027,0.75
RL-s12-b300-a1.00,POOL-s3-b1000,20028,0.5
RL-s12-b300-a1.00,POOL-s3-b1000,20029,0.5
RL-s12-b300-a1.00,POOL-s4-b1000,20000,0.5
RL-s12-b300-a1.00,POOL-s4-b1000,20001,0.5
RL-s12-b300-a1.00,POOL-s4-b1000,20002,0.5
RL-s12-b300-a1.00,POOL-s4-b1000,20003,0.5
RL-s12-b300-a1.00,POOL-s4-b1000,20004,0.5
RL-s12-b300-a1.00,POOL-s4-b1000,20005,0.5
RL-s12-b300-a1.00,POOL-s4-b1000,20006,0.25
RL-s12-b300-a1.00,POOL-s4-b1000,20007,0.25
RL-s12-b300-a1.00,POOL-s4-b1000,20008,0.5
RL-s12-b300-a1.00,POOL-s4-b1000,20009,0.5
RL-s12-b300-a1.00,POOL-s4-b1000,20010,0.5
RL-s12-b300-a1.00,POOL-s4-b1000,20011,0.5
RL-s12-b300-a1.00,POOL-s4-b1000,20012,0.25
RL-s12-b300-a1.00,POOL-s4-b1000,20013,0.5
RL-s12-b300-a1.00,POOL-s4-b1000,20014,0.5
RL-s12-b300-a1.00,POOL-s4-b1000,20015,0.5
RL-s12-b300-a1.00,POOL-s4-b1000,20016,0.5
RL-s12-b300-a1.00,POOL-s4-b1000,20017,0.5
RL-s12-b300-a1.00,POOL-s4-b1000,20018,0.25
RL-s12-b300-a1.00,POOL-s4-b1000,20019,0.25
RL-s12-b300-a1.00,POOL-s4-b1000,20020,0.5
RL-s12-b300-a1.00,POOL-s4-b1000,20021,0.5
RL-s12-b300-a1.00,POOL-s4-b1000,20022,0.5
RL-s12-b300-a1.00,POOL-s4-b1000,20023,0.5
RL-s12-b300-a1.00,POOL-s4-b1000,20024,0.25
RL-s12-b300-a1.00,POOL-s4-b1000,20025,0.5
RL-s12-b300-a1.00,POOL-s4-b1000,20026,0.25
RL-s12-b300-a1.00,POOL-s4-b1000,20027,0.5
RL-s12-b300-a1.00,POOL-s4-b1000,20028,0.5
RL-s12-b300-a1.00,POOL-s4-b1000,20029,0.5
RL-s13-b300-a1.00,RL-s14-b300-a1.00,20000,0.5
RL-s13-b300-a1.00,RL-s14-b300-a1.00,20001,0.5
RL-s13-b300-a1.00,RL-s14-b300-a1.00,20002,0.75
RL-s13-b300-a1.00,RL-s14-b300-a1.00,20003,0.5
RL-s13-b300-a1.00,RL-s14-b300-a1.00,20004,0.75
RL-s13-b300-a1.00,RL-s14-b300-a1.00,20005,0.5
RL-s13-b300-a1.00,RL-s14-b300-a1.00,20006,0.25
RL-s13-b300-a1.00,RL-s14-b300-a1.00,20007,0.5
RL-s13-b300-a1.00,RL-s14-b300-a1.00,20008,0.5
RL-s13-b300-a1.00,RL-s14-b300-a1.00,20009,0.25
RL-s13-b300-a1.00,RL-s14-b300-a1.00,20010,0.5
RL-s13-b300-a1.00,RL-s14-b300-a1.00,20011,0.5
RL-s13-b300-a1.00,RL-s14-b300-a1.00,20012,0.5
RL-s13-b300-a1.00,RL-s14-b300-a1.00,20013,0.75
RL-s13-b300-a1.00,RL-s14-b300-a1.00,20014,0.5
RL-s13-b300-a1.00,RL-s14-b300-a1.00,20015,0.5
RL-s13-b300-a1.00,RL-s14-b300-a1.00,20016,0.5
RL-s13-b300-a1.00,RL-s14-b300-a1.00,20017,0.25
RL-s13-b300-a1.00,RL-s14-b300-a1.00,20018,0.5
RL-s13-b300-a1.00,RL-s14-b300-a1.00,20019,0.5
RL-s13-b300-a1.00,RL-s14-b300-a1.00,20020,0.5
RL-s13-b300-a1.00,RL-s14-b300-a1.00,20021,0.5
RL-s13-b300-a1.00,RL-s14-b300-a1.00,20022,0.5
RL-s13-b300-a1.00,RL-s14-b300-a1.00,20023,0.5
RL-s13-b300-a1.00,RL-s14-b300-a1.00,20024,0.25
RL-s13-b300-a1.00,RL-s14-b300-a1.00,20025,0.5
RL-s13-b300-a1.00,RL-s14-b300-a1.00,20026,0.5
RL-s13-b300-a1.00,RL-s14-b300-a1.00,20027,0.75
RL-s13-b300-a1.00,RL-s14-b300-a1.00,20028,0.5
RL-s13-b300-a1.00,RL-s14-b300-a1.00,20029,0.25
RL-s13-b300-a1.00,RL-s15-b300-a1.00,20000,0.75
RL-s13-b300-a1.00,RL-s15-b300-a1.00,20001,0.25
RL-s13-b300-a1.00,RL-s15-b300-a1.00,20002,0.75
RL-s13-b300-a1.00,RL-s15-b300-a1.00,20003,0.25
RL-s13-b300-a1.00,RL-s15-b300-a1.00,20004,0.5
RL-s13-b300-a1.00,RL-s15-b300-a1.00,20005,0.5
RL-s13-b300-a1.00,RL-s15-b300-a1.00,20006,0.25
RL-s13-b300-a1.00,RL-s15-b300-a1.00,20007,0.75
RL-s13-b300-a1.00,RL-s15-b300-a1.00,20008,0.25
RL-s13-b300-a1.00,RL-s15-b300-a1.00,20009,0.5
RL-s13-b300-a1.00,RL-s15-b300-a1.00,20010,0.75
RL-s13-b300-a1.00,RL-s15-b300-a1.00,20011,0.5
RL-s13-b300-a1.00,RL-s15-b300-a1.00,20012,0.5
RL-s13-b300-a1.00,RL-s15-b300-a1.00,20013,0.5
RL-s13-b300-a1.00,RL-s15-b300-a1.00,20014,0.5
RL-s13-b300-a1.00,RL-s15-b300-a1.00,20015,0.5
RL-s13-b300-a1.00,RL-s15-b300-a1.00,20016,0.25
RL-s13-b300-a1.00,RL-s15-b300-a1.00,20017,0.25
RL-s13-b300-a1.00,RL-s15-b300-a1.00,20018,0.25
RL-s13-b300-a1.00,RL-s15-b300-a1.00,20019,0.5
RL-s13-b300-a1.00,RL-s15-b300-a1.00,20020,0.5
RL-s13-b300-a1.00,RL-s15-b300-a1.00,20021,0.5
RL-s13-b300-a1.00,RL-s15-b300-a1.00,20022,0.5
RL-s13-b300-a1.00,RL-s15-b300-a1.00,20023,0.5
RL-s13-b300-a1.00,RL-s15-b300-a1.00,20024,0.25
RL-s13-b300-a1.00,RL-s15-b300-a1.00,20025,0.5
RL-s13-b300-a1.00,RL-s15-b300-a1.00,20026,0.5
RL-s13-b300-a1.00,RL-s15-b300-a1.00,20027,0.5
RL-s13-b300-a1.00,RL-s15-b300-a1.00,20028,0.5
RL-s13-b300-a1.00,RL-s15-b300-a1.00,20029,0.5
RL-s13-b300-a1.00,RL-s16-b300-a1.00,20000,0.75
RL-s13-b300-a1.00,RL-s16-b300-a1.00,20001,0.75
RL-s13-b300-a1.00,RL-s16-b300-a1.00,20002,0.5
RL-s13-b300-a1.00,RL-s16-b300-a1.00,20003,0.75
RL-s13-b300-a1.00,RL-s16-b300-a1.00,20004,0.5
RL-s13-b300-a1.00,RL-s16-b300-a1.00,20005,0.75
RL-s13-b300-a1.00,RL-s16-b300-a1.00,20006,0.25
RL-s13-b300-a1.00,RL-s16-b300-a1.00,20007,0.75
RL-s13-b300-a1.00,RL-s16-b300-a1.00,20008,0.75
RL-s13-b300-a1.00,RL-s16-b300-a1.00,20009,0.25
RL-s13-b300-a1.00,RL-s16-b300-a1.00,20010,0.5
RL-s13-b300-a1.00,RL-s16-b300-a1.00,20011,0.75
RL-s13-b300-a1.00,RL-s16-b300-a1.00,20012,0.5
RL-s13-b300-a1.00,RL-s16-b300-a1.00,20013,0.75
RL-s13-b300-a1.00,RL-s16-b300-a1.00,20014,0.5
RL-s13-b300-a1.00,RL-s16-b300-a1.00,20015,0.25
RL-s13-b300-a1.00,RL-s16-b300-a1.00,20016,0.5
RL-s13-b300-a1.00,RL-s16-b300-a1.00,20017,0.5
RL-s13-b300-a1.00,RL-s16-b300-a1.00,20018,0.75
RL-s13-b300-a1.00,RL-s16-b300-a1.00,20019,0.5
RL-s13-b300-a1.00,RL-s16-b300-a1.00,20020,0.75
RL-s13-b300-a1.00,RL-s16-b300-a1.00,20021,0.75
RL-s13-b300-a1.00,RL-s16-b300-a1.00,20022,0.5
RL-s13-b300-a1.00,RL-s16-b300-a1.00,20023,0.25
RL-s13-b300-a1.00,RL-s16-b300-a1.00,20024,0.25
RL-s13-b300-a1.00,RL-s16-b300-a1.00,20025,0.5
RL-s13-b300-a1.00,RL-s16-b300-a1.00,20026,0.5
RL-s13-b300-a1.00,RL-s16-b300-a1.00,20027,0.5
RL-s13-b300-a1.00,RL-s16-b300-a1.00,20028,0.5
RL-s13-b300-a1.00,RL-s16-b300-a1.00,20029,0.5
RL-s13-b300-a1.00,RL-s17-b300-a1.00,20000,0.5
RL-s13-b300-a1.00,RL-s17-b300-a1.00,20001,0.25
RL-s13-b300-a1.00,RL-s17-b300-a1.00,20002,0.5
RL-s13-b300-a1.00,RL-s17-b300-a1.00,20003,0.5
RL-s13-b300-a1.00,RL-s17-b300-a1.00,20004,0.5
RL-s13-b300-a1.00,RL-s17-b300-a1.00,20005,0.5
RL-s13-b300-a1.00,RL-s17-b300-a1.00,20006,0.25
RL-s13-b300-a1.00,RL-s17-b300-a1.00,20007,0.5
RL-s13-b300-a1.00,RL-s17-b300-a1.00,20008,0.25
RL-s13-b300-a1.00,RL-s17-b300-a1.00,20009,0.5
RL-s13-b300-a1.00,RL-s17-b300-a1.00,20010,0.5
RL-s13-b300-a1.00,RL-s17-b300-a1.00,20011,0.5
RL-s13-b300-a1.00,RL-s17-b300-a1.00,20012,0.5
RL-s13-b300-a1.00,RL-s17-b300-a1.00,20013,0.5
RL-s13-b300-a1.00,RL-s17-b300-a1.00,20014,0.5
RL-s13-b300-a1.00,RL-s17-b300-a1.00,20015,0.5
RL-s13-b300-a1.00,RL-s17-b300-a1.00,20016,0.5
RL-s13-b300-a1.00,RL-s17-b300-a1.00,20017,0.25
RL-s13-b300-a1.00,RL-s17-b300-a1.00,20018,0.25
RL-s13-b300-a1.00,RL-s17-b300-a1.00,20019,0.5
RL-s13-b300-a1.00,RL-s17-b300-a1.00,20020,0.5
RL-s13-b300-a1.00,RL-s17-b300-a1.00,20021,0.5
RL-s13-b300-a1.00,RL-s17-b300-a1.00,20022,0.5
RL-s13-b300-a1.00,RL-s17-b300-a1.00,20023,0.75
RL-s13-b300-a1.00,RL-s17-b300-a1.00,20024,0.25
RL-s13-b300-a1.00,RL-s17-b300-a1.00,20025,0.75
RL-s13-b300-a1.00,RL-s17-b300-a1.00,20026,0.5
RL-s13-b300-a1.00,RL-s17-b300-a1.00,20027,0.5
RL-s13-b300-a1.00,RL-s17-b300-a1.00,20028,0.5
RL-s13-b300-a1.00,RL-s17-b300-a1.00,20029,0.25
RL-s13-b300-a1.00,RL-s18-b300-a1.00,20000,0.5
RL-s13-b300-a1.00,RL-s18-b300-a1.00,20001,0.5
RL-s13-b300-a1.00,RL-s18-b300-a1.00,20002,0.75
RL-s13-b300-a1.00,RL-s18-b300-a1.00,20003,0.5
RL-s13-b300-a1.00,RL-s18-b300-a1.00,20004,0.75
RL-s13-b300-a1.00,RL-s18-b300-a1.00,20005,0.5
RL-s13-b300-a1.00,RL-s18-b300-a1.00,20006,0.5
RL-s13-b300-a1.00,RL-s18-b300-a1.00,20007,0.25
RL-s13-b300-a1.00,RL-s18-b300-a1.00,20008,0.25
RL-s13-b300-a1.00,RL-s18-b300-a1.00,20009,0.25
RL-s13-b300-a1.00,RL-s18-b300-a1.00,20010,0.5
RL-s13-b300-a1.00,RL-s18-b300-a1.00,20011,0.75
RL-s13-b300-a1.00,RL-s18-b300-a1.00,20012,0.5
RL-s13-b300-a1.00,RL-s18-b300-a1.00,20013,0.5
RL-s13-b300-a1.00,RL-s18-b300-a1.00,20014,0.5
RL-s13-b300-a1.00,RL-s18-b300-a1.00,20015,0.75
RL-s13-b300-a1.00,RL-s18-b300-a1.00,20016,0.5
RL-s13-b300-a1.00,RL-s18-b300-a1.00,20017,0.25
RL-s13-b300-a1.00,RL-s18-b300-a1.00,20018,0.0
RL-s13-b300-a1.00,RL-s18-b300-a1.00,20019,0.5
RL-s13-b300-a1.00,RL-s18-b300-a1.00,20020,0.5
RL-s13-b300-a1.00,RL-s18-b300-a1.00,20021,0.75
RL-s13-b300-a1.00,RL-s18-b300-a1.00,20022,0.5
RL-s13-b300-a1.00,RL-s18-b300-a1.00,20023,0.25
RL-s13-b300-a1.00,RL-s18-b300-a1.00,20024,0.25
RL-s13-b300-a1.00,RL-s18-b300-a1.00,20025,0.5
RL-s13-b300-a1.00,RL-s18-b300-a1.00,20026,0.75
RL-s13-b300-a1.00,RL-s18-b300-a1.00,20027,0.5
RL-s13-b300-a1.00,RL-s18-b300-a1.00,20028,0.25
RL-s13-b300-a1.00,RL-s18-b300-a1.00,20029,0.5
RL-s13-b300-a1.00,RL-s19-b300-a1.00,20000,0.75
RL-s13-b300-a1.00,RL-s19-b300-a1.00,20001,0.5
RL-s13-b300-a1.00,RL-s19-b300-a1.00,20002,0.5
RL-s13-b300-a1.00,RL-s19-b300-a1.00,20003,0.5
RL-s13-b300-a1.00,RL-s19-b300-a1.00,20004,0.5
RL-s13-b300-a1.00,RL-s19-b300-a1.00,20005,0.5
RL-s13-b300-a1.00,RL-s19-b300-a1.00,20006,0.25
RL-s13-b300-a1.00,RL-s19-b300-a1.00,20007,0.5
RL-s13-b300-a1.00,RL-s19-b300-a1.00,20008,0.25
RL-s13-b300-a1.00,RL-s19-b300-a1.00,20009,0.5
RL-s13-b300-a1.00,RL-s19-b300-a1.00,20010,0.5
RL-s13-b300-a1.00,RL-s19-b300-a1.00,20011,0.5
RL-s13-b300-a1.00,RL-s19-b300-a1.00,20012,0.5
RL-s13-b300-a1.00,RL-s19-b300-a1.00,20013,0.5
RL-s13-b300-a1.00,RL-s19-b300-a1.00,20014,0.5
RL-s13-b300-a1.00,RL-s19-b300-a1.00,20015,0.5
RL-s13-b300-a1.00,RL-s19-b300-a1.00,20016,0.5
RL-s13-b300-a1.00,RL-s19-b300-a1.00,20017,0.25
RL-s13-b300-a1.00,RL-s19-b300-a1.00,20018,0.25
RL-s13-b300-a1.00,RL-s19-b300-a1.00,20019,0.5
RL-s13-b300-a1.00,RL-s19-b300-a1.00,20020,0.5
RL-s13-b300-a1.00,RL-s19-b300-a1.00,20021,0.5
RL-s13-b300-a1.00,RL-s19-b300-a1.00,20022,0.5
RL-s13-b300-a1.00,RL-s19-b300-a1.00,20023,0.5
RL-s13-b300-a1.00,RL-s19-b300-a1.00,20024,0.25
RL-s13-b300-a1.00,RL-s19-b300-a1.00,20025,0.5
RL-s13-b300-a1.00,RL-s19-b300-a1.00,20026,0.5
RL-s13-b300-a1.00,RL-s19-b300-a1.00,20027,0.5
RL-s13-b300-a1.00,RL-s19-b300-a1.00,20028,0.25
RL-s13-b300-a1.00,RL-s19-b300-a1.00,20029,0.25
RL-s13-b300-a1.00,RL-s1-b300-a1.00,20000,1.0
RL-s13-b300-a1.00,RL-s1-b300-a1.00,20001,0.25
RL-s13-b300-a1.00,RL-s1-b300-a1.00,20002,0.25
RL-s13-b300-a1.00,RL-s1-b300-a1.00,20003,0.75
RL-s13-b300-a1.00,RL-s1-b300-a1.00,20004,0.25
RL-s13-b300-a1.00,RL-s1-b300-a1.00,20005,0.5
RL-s13-b300-a1.00,RL-s1-b300-a1.00,20006,0.5
RL-s13-b300-a1.00,RL-s1-b300-a1.00,20007,0.5
RL-s13-b300-a1.00,RL-s1-b300-a1.00,20008,0.25
RL-s13-b300-a1.00,RL-s1-b300-a1.00,20009,0.5
RL-s13-b300-a1.00,RL-s1-b300-a1.00,20010,0.75
RL-s13-b300-a1.00,RL-s1-b300-a1.00,20011,0.5
RL-s13-b300-a1.00,RL-s1-b300-a1.00,20012,0.5
RL-s13-b300-a1.00,RL-s1-b300-a1.00,20013,0.5
RL-s13-b300-a1.00,RL-s1-b300-a1.00,20014,1.0
RL-s13-b300-a1.00,RL-s1-b300-a1.00,20015,0.75
RL-s13-b300-a1.00,RL-s1-b300-a1.00,20016,0.5
RL-s13-b300-a1.00,RL-s1-b300-a1.00,20017,0.5
RL-s13-b300-a1.00,RL-s1-b300-a1.00,20018,0.25
RL-s13-b300-a1.00,RL-s1-b300-a1.00,20019,0.25
RL-s13-b300-a1.00,RL-s1-b300-a1.00,20020,0.5
RL-s13-b300-a1.00,RL-s1-b300-a1.00,20021,0.5
RL-s13-b300-a1.00,RL-s1-b300-a1.00,20022,0.5
RL-s13-b300-a1.00,RL-s1-b300-a1.00,20023,0.75
RL-s13-b300-a1.00,RL-s1-b300-a1.00,20024,0.25
RL-s13-b300-a1.00,RL-s1-b300-a1.00,20025,0.75
RL-s13-b300-a1.00,RL-s1-b300-a1.00,20026,0.5
RL-s13-b300-a1.00,RL-s1-b300-a1.00,20027,0.5
RL-s13-b300-a1.00,RL-s1-b300-a1.00,20028,0.5
RL-s13-b300-a1.00,RL-s1-b300-a1.00,20029,0.25
RL-s13-b300-a1.00,RL-s2-b300-a1.00,20000,0.5
RL-s13-b300-a1.00,RL-s2-b300-a1.00,20001,0.5
RL-s13-b300-a1.00,RL-s2-b300-a1.00,20002,0.25
RL-s13-b300-a1.00,RL-s2-b300-a1.00,20003,0.5
RL-s13-b300-a1.00,RL-s2-b300-a1.00,20004,0.5
RL-s13-b300-a1.00,RL-s2-b300-a1.00,20005,0.5
RL-s13-b300-a1.00,RL-s2-b300-a1.00,20006,0.25
RL-s13-b300-a1.00,RL-s2-b300-a1.00,20007,0.25
RL-s13-b300-a1.00,RL-s2-b300-a1.00,20008,0.5
RL-s13-b300-a1.00,RL-s2-b300-a1.00,20009,0.5
RL-s13-b300-a1.00,RL-s2-b300-a1.00,20010,0.5
RL-s13-b300-a1.00,RL-s2-b300-a1.00,20011,0.5
RL-s13-b300-a1.00,RL-s2-b300-a1.00,20012,0.5
RL-s13-b300-a1.00,RL-s2-b300-a1.00,20013,0.5
RL-s13-b300-a1.00,RL-s2-b300-a1.00,20014,0.5
RL-s13-b300-a1.00,RL-s2-b300-a1.00,20015,0.5
RL-s13-b300-a1.00,RL-s2-b300-a1.00,20016,0.25
RL-s13-b300-a1.00,RL-s2-b300-a1.00,20017,0.25
RL-s13-b300-a1.00,RL-s2-b300-a1.00,20018,0.0
RL-s13-b300-a1.00,RL-s2-b300-a1.00,20019,0.5
RL-s13-b300-a1.00,RL-s2-b300-a1.00,20020,0.5
RL-s13-b300-a1.00,RL-s2-b300-a1.00,20021,0.25
RL-s13-b300-a1.00,RL-s2-b300-a1.00,20022,0.5
RL-s13-b300-a1.00,RL-s2-b300-a1.00,20023,0.5
RL-s13-b300-a1.00,RL-s2-b300-a1.00,20024,0.25
RL-s13-b300-a1.00,RL-s2-b300-a1.00,20025,0.5
RL-s13-b300-a1.00,RL-s2-b300-a1.00,20026,0.5
RL-s13-b300-a1.00,RL-s2-b300-a1.00,20027,0.5
RL-s13-b300-a1.00,RL-s2-b300-a1.00,20028,0.5
RL-s13-b300-a1.00,RL-s2-b300-a1.00,20029,0.75
RL-s13-b300-a1.00,RL-s3-b300-a1.00,20000,0.5
RL-s13-b300-a1.00,RL-s3-b300-a1.00,20001,0.25
RL-s13-b300-a1.00,RL-s3-b300-a1.00,20002,0.75
RL-s13-b300-a1.00,RL-s3-b300-a1.00,20003,0.5
RL-s13-b300-a1.00,RL-s3-b300-a1.00,20004,0.5
RL-s13-b300-a1.00,RL-s3-b300-a1.00,20005,0.5
RL-s13-b300-a1.00,RL-s3-b300-a1.00,20006,0.25
RL-s13-b300-a1.00,RL-s3-b300-a1.00,20007,0.5
RL-s13-b300-a1.00,RL-s3-b300-a1.00,20008,0.5
RL-s13-b300-a1.00,RL-s3-b300-a1.00,20009,0.25
RL-s13-b300-a1.00,RL-s3-b300-a1.00,20010,0.75
RL-s13-b300-a1.00,RL-s3-b300-a1.00,20011,0.5
RL-s13-b300-a1.00,RL-s3-b300-a1.00,20012,0.5
RL-s13-b300-a1.00,RL-s3-b300-a1.00,20013,0.5
RL-s13-b300-a1.00,RL-s3-b300-a1.00,20014,0.5
RL-s13-b300-a1.00,RL-s3-b300-a1.00,20015,0.5
RL-s13-b300-a1.00,RL-s3-b300-a1.00,20016,0.5
RL-s13-b300-a1.00,RL-s3-b300-a1.00,20017,0.5
RL-s13-b300-a1.00,RL-s3-b300-a1.00,20018,0.25
RL-s13-b300-a1.00,RL-s3-b300-a1.00,20019,0.5
RL-s13-b300-a1.00,RL-s3-b300-a1.00,20020,0.5
RL-s13-b300-a1.00,RL-s3-b300-a1.00,20021,0.5
RL-s13-b300-a1.00,RL-s3-b300-a1.00,20022,0.5
RL-s13-b300-a1.00,RL-s3-b300-a1.00,20023,0.5
RL-s13-b300-a1.00,RL-s3-b300-a1.00,20024,0.25
RL-s13-b300-a1.00,RL-s3-b300-a1.00,20025,0.5
RL-s13-b300-a1.00,RL-s3-b300-a1.00,20026,0.5
RL-s13-b300-a1.00,RL-s3-b300-a1.00,20027,0.5
RL-s13-b300-a1.00,RL-s3-b300-a1.00,20028,0.25
RL-s13-b300-a1.00,RL-s3-b300-a1.00,20029,0.25
RL-s13-b300-a1.00,RL-s4-b300-a1.00,20000,0.5
RL-s13-b300-a1.00,RL-s4-b300-a1.00,20001,0.5
RL-s13-b300-a1.00,RL-s4-b300-a1.00,20002,0.5
RL-s13-b300-a1.00,RL-s4-b300-a1.00,20003,0.5
RL-s13-b300-a1.00,RL-s4-b300-a1.00,20004,0.5
RL-s13-b300-a1.00,RL-s4-b300-a1.00,20005,0.5
RL-s13-b300-a1.00,RL-s4-b300-a1.00,20006,0.25
RL-s13-b300-a1.00,RL-s4-b300-a1.00,20007,0.5
RL-s13-b300-a1.00,RL-s4-b300-a1.00,20008,0.5
RL-s13-b300-a1.00,RL-s4-b300-a1.00,20009,0.25
RL-s13-b300-a1.00,RL-s4-b300-a1.00,20010,0.5
RL-s13-b300-a1.00,RL-s4-b300-a1.00,20011,0.5
RL-s13-b300-a1.00,RL-s4-b300-a1.00,20012,0.5
RL-s13-b300-a1.00,RL-s4-b300-a1.00,20013,0.5
RL-s13-b300-a1.00,RL-s4-b300-a1.00,20014,0.5
RL-s13-b300-a1.00,RL-s4-b300-a1.00,20015,0.5
RL-s13-b300-a1.00,RL-s4-b300-a1.00,20016,0.25
RL-s13-b300-a1.00,RL-s4-b300-a1.00,20017,0.25
RL-s13-b300-a1.00,RL-s4-b300-a1.00,20018,0.25
RL-s13-b300-a1.00,RL-s4-b300-a1.00,20019,0.5
RL-s13-b300-a1.00,RL-s4-b300-a1.00,20020,0.5
RL-s13-b300-a1.00,RL-s4-b300-a1.00,20021,0.5
RL-s13-b300-a1.00,RL-s4-b300-a1.00,20022,0.5
RL-s13-b300-a1.00,RL-s4-b300-a1.00,20023,0.75
RL-s13-b300-a1.00,RL-s4-b300-a1.00,20024,0.25
RL-s13-b300-a1.00,RL-s4-b300-a1.00,20025,0.5
RL-s13-b300-a1.00,RL-s4-b300-a1.00,20026,0.5
RL-s13-b300-a1.00,RL-s4-b300-a1.00,20027,0.5
RL-s13-b300-a1.00,RL-s4-b300-a1.00,20028,0.75
RL-s13-b300-a1.00,RL-s4-b300-a1.00,20029,0.5
RL-s13-b300-a1.00,RL-s5-b300-a1.00,20000,1.0
RL-s13-b300-a1.00,RL-s5-b300-a1.00,20001,0.5
RL-s13-b300-a1.00,RL-s5-b300-a1.00,20002,1.0
RL-s13-b300-a1.00,RL-s5-b300-a1.00,20003,0.75
RL-s13-b300-a1.00,RL-s5-b300-a1.00,20004,0.5
RL-s13-b300-a1.00,RL-s5-b300-a1.00,20005,0.25
RL-s13-b300-a1.00,RL-s5-b300-a1.00,20006,0.25
RL-s13-b300-a1.00,RL-s5-b300-a1.00,20007,1.0
RL-s13-b300-a1.00,RL-s5-b300-a1.00,20008,0.25
RL-s13-b300-a1.00,RL-s5-b300-a1.00,20009,0.5
RL-s13-b300-a1.00,RL-s5-b300-a1.00,20010,0.75
RL-s13-b300-a1.00,RL-s5-b300-a1.00,20011,0.5
RL-s13-b300-a1.00,RL-s5-b300-a1.00,20012,0.75
RL-s13-b300-a1.00,RL-s5-b300-a1.00,20013,0.5
RL-s13-b300-a1.00,RL-s5-b300-a1.00,20014,0.75
RL-s13-b300-a1.00,RL-s5-b300-a1.00,20015,0.5
RL-s13-b300-a1.00,RL-s5-b300-a1.00,20016,0.25
RL-s13-b300-a1.00,RL-s5-b300-a1.00,20017,0.25
RL-s13-b300-a1.00,RL-s5-b300-a1.00,20018,0.5
RL-s13-b300-a1.00,RL-s5-b300-a1.00,20019,0.25
RL-s13-b300-a1.00,RL-s5-b300-a1.00,20020,0.5
RL-s13-b300-a1.00,RL-s5-b300-a1.00,20021,0.25
RL-s13-b300-a1.00,RL-s5-b300-a1.00,20022,0.5
RL-s13-b300-a1.00,RL-s5-b300-a1.00,20023,0.5
RL-s13-b300-a1.00,RL-s5-b300-a1.00,20024,0.25
RL-s13-b300-a1.00,RL-s5-b300-a1.00,20025,0.5
RL-s13-b300-a1.00,RL-s5-b300-a1.00,20026,0.5
RL-s13-b300-a1.00,RL-s5-b300-a1.00,20027,0.5
RL-s13-b300-a1.00,RL-s5-b300-a1.00,20028,0.25
RL-s13-b300-a1.00,RL-s5-b300-a1.00,20029,0.5
RL-s13-b300-a1.00,RL-s6-b300-a1.00,20000,0.5
RL-s13-b300-a1.00,RL-s6-b300-a1.00,20001,0.5
RL-s13-b300-a1.00,RL-s6-b300-a1.00,20002,0.5
RL-s13-b300-a1.00,RL-s6-b300-a1.00,20003,0.75
RL-s13-b300-a1.00,RL-s6-b300-a1.00,20004,0.5
RL-s13-b300-a1.00,RL-s6-b300-a1.00,20005,0.5
RL-s13-b300-a1.00,RL-s6-b300-a1.00,20006,0.5
RL-s13-b300-a1.00,RL-s6-b300-a1.00,20007,0.5
RL-s13-b300-a1.00,RL-s6-b300-a1.00,20008,0.75
RL-s13-b300-a1.00,RL-s6-b300-a1.00,20009,0.5
RL-s13-b300-a1.00,RL-s6-b300-a1.00,20010,0.5
RL-s13-b300-a1.00,RL-s6-b300-a1.00,20011,0.5
RL-s13-b300-a1.00,RL-s6-b300-a1.00,20012,0.5
RL-s13-b300-a1.00,RL-s6-b300-a1.00,20013,0.5
RL-s13-b300-a1.00,RL-s6-b300-a1.00,20014,0.5
RL-s13-b300-a1.00,RL-s6-b300-a1.00,20015,0.5
RL-s13-b300-a1.00,RL-s6-b300-a1.00,20016,0.5
RL-s13-b300-a1.00,RL-s6-b300-a1.00,20017,0.25
RL-s13-b300-a1.00,RL-s6-b300-a1.00,20018,0.5
RL-s13-b300-a1.00,RL-s6-b300-a1.00,20019,0.5
RL-s13-b300-a1.00,RL-s6-b300-a1.00,20020,0.5
RL-s13-b300-a1.00,RL-s6-b300-a1.00,20021,0.25
RL-s13-b300-a1.00,RL-s6-b300-a1.00,20022,0.5
RL-s13-b300-a1.00,RL-s6-b300-a1.00,20023,0.5
RL-s13-b300-a1.00,RL-s6-b300-a1.00,20024,0.25
RL-s13-b300-a1.00,RL-s6-b300-a1.00,20025,0.5
RL-s13-b300-a1.00,RL-s6-b300-a1.00,20026,0.5
RL-s13-b300-a1.00,RL-s6-b300-a1.00,20027,0.5
RL-s13-b300-a1.00,RL-s6-b300-a1.00,20028,0.25
RL-s13-b300-a1.00,RL-s6-b300-a1.00,20029,0.25
RL-s13-b300-a1.00,RL-s7-b300-a1.00,20000,1.0
RL-s13-b300-a1.00,RL-s7-b300-a1.00,20001,0.5
RL-s13-b300-a1.00,RL-s7-b300-a1.00,20002,0.5
RL-s13-b300-a1.00,RL-s7-b300-a1.00,20003,0.25
RL-s13-b300-a1.00,RL-s7-b300-a1.00,20004,0.75
RL-s13-b300-a1.00,RL-s7-b300-a1.00,20005,0.25
RL-s13-b300-a1.00,RL-s7-b300-a1.00,20006,0.25
RL-s13-b300-a1.00,RL-s7-b300-a1.00,20007,0.5
RL-s13-b300-a1.00,RL-s7-b300-a1.00,20008,0.5
RL-s13-b300-a1.00,RL-s7-b300-a1.00,20009,0.75
RL-s13-b300-a1.00,RL-s7-b300-a1.00,20010,0.25
RL-s13-b300-a1.00,RL-s7-b300-a1.00,20011,0.5
RL-s13-b300-a1.00,RL-s7-b300-a1.00,20012,0.5
RL-s13-b300-a1.00,RL-s7-b300-a1.00,20013,0.75
RL-s13-b300-a1.00,RL-s7-b300-a1.00,20014,0.75
RL-s13-b300-a1.00,RL-s7-b300-a1.00,20015,0.5
RL-s13-b300-a1.00,RL-s7-b300-a1.00,20016,0.25
RL-s13-b300-a1.00,RL-s7-b300-a1.00,20017,0.25
RL-s13-b300-a1.00,RL-s7-b300-a1.00,20018,0.5
RL-s13-b300-a1.00,RL-s7-b300-a1.00,20019,0.5
RL-s13-b300-a1.00,RL-s7-b300-a1.00,20020,0.75
RL-s13-b300-a1.00,RL-s7-b300-a1.00,20021,0.5
RL-s13-b300-a1.00,RL-s7-b300-a1.00,20022,0.5
RL-s13-b300-a1.00,RL-s7-b300-a1.00,20023,0.5
RL-s13-b300-a1.00,RL-s7-b300-a1.00,20024,0.25
RL-s13-b300-a1.00,RL-s7-b300-a1.00,20025,0.5
RL-s13-b300-a1.00,RL-s7-b300-a1.00,20026,0.5
RL-s13-b300-a1.00,RL-s7-b300-a1.00,20027,0.75
RL-s13-b300-a1.00,RL-s7-b300-a1.00,20028,0.5
RL-s13-b300-a1.00,RL-s7-b300-a1.00,20029,0.25
RL-s13-b300-a1.00,RL-s8-b300-a1.00,20000,0.5
RL-s13-b300-a1.00,RL-s8-b300-a1.00,20001,0.25
RL-s13-b300-a1.00,RL-s8-b300-a1.00,20002,1.0
RL-s13-b300-a1.00,RL-s8-b300-a1.00,20003,0.5
RL-s13-b300-a1.00,RL-s8-b300-a1.00,20004,0.75
RL-s13-b300-a1.00,RL-s8-b300-a1.00,20005,0.25
RL-s13-b300-a1.00,RL-s8-b300-a1.00,20006,0.5
RL-s13-b300-a1.00,RL-s8-b300-a1.00,20007,0.25
RL-s13-b300-a1.00,RL-s8-b300-a1.00,20008,0.75
RL-s13-b300-a1.00,RL-s8-b300-a1.00,20009,0.25
RL-s13-b300-a1.00,RL-s8-b300-a1.00,20010,0.25
RL-s13-b300-a1.00,RL-s8-b300-a1.00,20011,0.5
RL-s13-b300-a1.00,RL-s8-b300-a1.00,20012,0.5
RL-s13-b300-a1.00,RL-s8-b300-a1.00,20013,0.75
RL-s13-b300-a1.00,RL-s8-b300-a1.00,20014,0.5
RL-s13-b300-a1.00,RL-s8-b300-a1.00,20015,0.5
RL-s13-b300-a1.00,RL-s8-b300-a1.00,20016,0.25
RL-s13-b300-a1.00,RL-s8-b300-a1.00,20017,0.25
RL-s13-b300-a1.00,RL-s8-b300-a1.00,20018,0.5
RL-s13-b300-a1.00,RL-s8-b300-a1.00,20019,0.5
RL-s13-b300-a1.00,RL-s8-b300-a1.00,20020,0.5
RL-s13-b300-a1.00,RL-s8-b300-a1.00,20021,0.5
RL-s13-b300-a1.00,RL-s8-b300-a1.00,20022,0.5
RL-s13-b300-a1.00,RL-s8-b300-a1.00,20023,0.5
RL-s13-b300-a1.00,RL-s8-b300-a1.00,20024,0.25
RL-s13-b300-a1.00,RL-s8-b300-a1.00,20025,0.5
RL-s13-b300-a1.00,RL-s8-b300-a1.00,20026,0.5
RL-s13-b300-a1.00,RL-s8-b300-a1.00,20027,0.5
RL-s13-b300-a1.00,RL-s8-b300-a1.00,20028,0.5
RL-s13-b300-a1.00,RL-s8-b300-a1.00,20029,0.5
RL-s13-b300-a1.00,RL-s9-b300-a1.00,20000,0.75
RL-s13-b300-a1.00,RL-s9-b300-a1.00,20001,0.25
RL-s13-b300-a1.00,RL-s9-b300-a1.00,20002,0.75
RL-s13-b300-a1.00,RL-s9-b300-a1.00,20003,0.75
RL-s13-b300-a1.00,RL-s9-b300-a1.00,20004,0.75
RL-s13-b300-a1.00,RL-s9-b300-a1.00,20005,0.25
RL-s13-b300-a1.00,RL-s9-b300-a1.00,20006,0.25
RL-s13-b300-a1.00,RL-s9-b300-a1.00,20007,0.75
RL-s13-b300-a1.00,RL-s9-b300-a1.00,20008,0.5
RL-s13-b300-a1.00,RL-s9-b300-a1.00,20009,0.5
RL-s13-b300-a1.00,RL-s9-b300-a1.00,20010,0.75
RL-s13-b300-a1.00,RL-s9-b300-a1.00,20011,0.5
RL-s13-b300-a1.00,RL-s9-b300-a1.00,20012,0.5
RL-s13-b300-a1.00,RL-s9-b300-a1.00,20013,0.5
RL-s13-b300-a1.00,RL-s9-b300-a1.00,20014,0.5
RL-s13-b300-a1.00,RL-s9-b300-a1.00,20015,0.5
RL-s13-b300-a1.00,RL-s9-b300-a1.00,20016,0.25
RL-s13-b300-a1.00,RL-s9-b300-a1.00,20017,0.25
RL-s13-b300-a1.00,RL-s9-b300-a1.00,20018,0.25
RL-s13-b300-a1.00,RL-s9-b300-a1.00,20019,0.5
RL-s13-b300-a1.00,RL-s9-b300-a1.00,20020,0.5
RL-s13-b300-a1.00,RL-s9-b300-a1.00,20021,0.25
RL-s13-b300-a1.00,RL-s9-b300-a1.00,20022,0.5
RL-s13-b300-a1.00,RL-s9-b300-a1.00,20023,0.5
RL-s13-b300-a1.00,RL-s9-b300-a1.00,20024,0.25
RL-s13-b300-a1.00,RL-s9-b300-a1.00,20025,0.5
RL-s13-b300-a1.00,RL-s9-b300-a1.00,20026,0.25
RL-s13-b300-a1.00,RL-s9-b300-a1.00,20027,0.75
RL-s13-b300-a1.00,RL-s9-b300-a1.00,20028,0.25
RL-s13-b300-a1.00,RL-s9-b300-a1.00,20029,0.25
RL-s13-b300-a1.00,BTO-s0-b300,20000,1.0
RL-s13-b300-a1.00,BTO-s0-b300,20001,0.5
RL-s13-b300-a1.00,BTO-s0-b300,20002,1.0
RL-s13-b300-a1.00,BTO-s0-b300,20003,0.5
RL-s13-b300-a1.00,BTO-s0-b300,20004,0.25
RL-s13-b300-a1.00,BTO-s0-b300,20005,1.0
RL-s13-b300-a1.00,BTO-s0-b300,20006,0.75
RL-s13-b300-a1.00,BTO-s0-b300,20007,0.5
RL-s13-b300-a1.00,BTO-s0-b300,20008,0.75
RL-s13-b300-a1.00,BTO-s0-b300,20009,0.5
RL-s13-b300-a1.00,BTO-s0-b300,20010,1.0
RL-s13-b300-a1.00,BTO-s0-b300,20011,0.5
RL-s13-b300-a1.00,BTO-s0-b300,20012,0.5
RL-s13-b300-a1.00,BTO-s0-b300,20013,1.0
RL-s13-b300-a1.00,BTO-s0-b300,20014,1.0
RL-s13-b300-a1.00,BTO-s0-b300,20015,0.5
RL-s13-b300-a1.00,BTO-s0-b300,20016,0.75
RL-s13-b300-a1.00,BTO-s0-b300,20017,0.25
RL-s13-b300-a1.00,BTO-s0-b300,20018,0.25
RL-s13-b300-a1.00,BTO-s0-b300,20019,0.5
RL-s13-b300-a1.00,BTO-s0-b300,20020,0.5
RL-s13-b300-a1.00,BTO-s0-b300,20021,0.5
RL-s13-b300-a1.00,BTO-s0-b300,20022,0.75
RL-s13-b300-a1.00,BTO-s0-b300,20023,1.0
RL-s13-b300-a1.00,BTO-s0-b300,20024,0.5
RL-s13-b300-a1.00,BTO-s0-b300,20025,1.0
RL-s13-b300-a1.00,BTO-s0-b300,20026,0.75
RL-s13-b300-a1.00,BTO-s0-b300,20027,0.0
RL-s13-b300-a1.00,BTO-s0-b300,20028,0.75
RL-s13-b300-a1.00,BTO-s0-b300,20029,0.75
RL-s13-b300-a1.00,BTO-s1-b300,20000,1.0
RL-s13-b300-a1.00,BTO-s1-b300,20001,0.5
RL-s13-b300-a1.00,BTO-s1-b300,20002,1.0
RL-s13-b300-a1.00,BTO-s1-b300,20003,0.75
RL-s13-b300-a1.00,BTO-s1-b300,20004,0.5
RL-s13-b300-a1.00,BTO-s1-b300,20005,0.75
RL-s13-b300-a1.00,BTO-s1-b300,20006,0.75
RL-s13-b300-a1.00,BTO-s1-b300,20007,0.75
RL-s13-b300-a1.00,BTO-s1-b300,20008,1.0
RL-s13-b300-a1.00,BTO-s1-b300,20009,0.5
RL-s13-b300-a1.00,BTO-s1-b300,20010,0.75
RL-s13-b300-a1.00,BTO-s1-b300,20011,0.5
RL-s13-b300-a1.00,BTO-s1-b300,20012,0.5
RL-s13-b300-a1.00,BTO-s1-b300,20013,1.0
RL-s13-b300-a1.00,BTO-s1-b300,20014,1.0
RL-s13-b300-a1.00,BTO-s1-b300,20015,1.0
RL-s13-b300-a1.00,BTO-s1-b300,20016,0.5
RL-s13-b300-a1.00,BTO-s1-b300,20017,0.5
RL-s13-b300-a1.00,BTO-s1-b300,20018,0.25
RL-s13-b300-a1.00,BTO-s1-b300,20019,0.5
RL-s13-b300-a1.00,BTO-s1-b300,20020,0.5
RL-s13-b300-a1.00,BTO-s1-b300,20021,0.5
RL-s13-b300-a1.00,BTO-s1-b300,20022,0.5
RL-s13-b300-a1.00,BTO-s1-b300,20023,1.0
RL-s13-b300-a1.00,BTO-s1-b300,20024,0.75
RL-s13-b300-a1.00,BTO-s1-b300,20025,1.0
RL-s13-b300-a1.00,BTO-s1-b300,20026,0.75
RL-s13-b300-a1.00,BTO-s1-b300,20027,0.75
RL-s13-b300-a1.00,BTO-s1-b300,20028,0.0
RL-s13-b300-a1.00,BTO-s1-b300,20029,0.5
RL-s13-b300-a1.00,BTO-s2-b300,20000,1.0
RL-s13-b300-a1.00,BTO-s2-b300,20001,0.5
RL-s13-b300-a1.00,BTO-s2-b300,20002,1.0
RL-s13-b300-a1.00,BTO-s2-b300,20003,0.25
RL-s13-b300-a1.00,BTO-s2-b300,20004,0.5
RL-s13-b300-a1.00,BTO-s2-b300,20005,1.0
RL-s13-b300-a1.00,BTO-s2-b300,20006,0.75
RL-s13-b300-a1.00,BTO-s2-b300,20007,1.0
RL-s13-b300-a1.00,BTO-s2-b300,20008,0.75
RL-s13-b300-a1.00,BTO-s2-b300,20009,0.5
RL-s13-b300-a1.00,BTO-s2-b300,20010,0.25
RL-s13-b300-a1.00,BTO-s2-b300,20011,0.5
RL-s13-b300-a1.00,BTO-s2-b300,20012,0.5
RL-s13-b300-a1.00,BTO-s2-b300,20013,1.0
RL-s13-b300-a1.00,BTO-s2-b300,20014,0.75
RL-s13-b300-a1.00,BTO-s2-b300,20015,0.5
RL-s13-b300-a1.00,BTO-s2-b300,20016,0.5
RL-s13-b300-a1.00,BTO-s2-b300,20017,0.5
RL-s13-b300-a1.00,BTO-s2-b300,20018,0.0
RL-s13-b300-a1.00,BTO-s2-b300,20019,0.25
RL-s13-b300-a1.00,BTO-s2-b300,20020,0.75
RL-s13-b300-a1.00,BTO-s2-b300,20021,0.5
RL-s13-b300-a1.00,BTO-s2-b300,20022,0.5
RL-s13-b300-a1.00,BTO-s2-b300,20023,1.0
RL-s13-b300-a1.00,BTO-s2-b300,20024,0.25
RL-s13-b300-a1.00,BTO-s2-b300,20025,1.0
RL-s13-b300-a1.00,BTO-s2-b300,20026,0.75
RL-s13-b300-a1.00,BTO-s2-b300,20027,0.75
RL-s13-b300-a1.00,BTO-s2-b300,20028,0.25
RL-s13-b300-a1.00,BTO-s2-b300,20029,0.75
RL-s13-b300-a1.00,POOL-s0-b1000,20000,0.5
RL-s13-b300-a1.00,POOL-s0-b1000,20001,0.25
RL-s13-b300-a1.00,POOL-s0-b1000,20002,0.5
RL-s13-b300-a1.00,POOL-s0-b1000,20003,0.5
RL-s13-b300-a1.00,POOL-s0-b1000,20004,0.25
RL-s13-b300-a1.00,POOL-s0-b1000,20005,0.5
RL-s13-b300-a1.00,POOL-s0-b1000,20006,0.5
RL-s13-b300-a1.00,POOL-s0-b1000,20007,0.25
RL-s13-b300-a1.00,POOL-s0-b1000,20008,0.25
RL-s13-b300-a1.00,POOL-s0-b1000,20009,0.25
RL-s13-b300-a1.00,POOL-s0-b1000,20010,0.75
RL-s13-b300-a1.00,POOL-s0-b1000,20011,0.0
RL-s13-b300-a1.00,POOL-s0-b1000,20012,0.5
RL-s13-b300-a1.00,POOL-s0-b1000,20013,0.5
RL-s13-b300-a1.00,POOL-s0-b1000,20014,0.5
RL-s13-b300-a1.00,POOL-s0-b1000,20015,0.5
RL-s13-b300-a1.00,POOL-s0-b1000,20016,0.75
RL-s13-b300-a1.00,POOL-s0-b1000,20017,0.0
RL-s13-b300-a1.00,POOL-s0-b1000,20018,0.25
RL-s13-b300-a1.00,POOL-s0-b1000,20019,0.0
RL-s13-b300-a1.00,POOL-s0-b1000,20020,0.5
RL-s13-b300-a1.00,POOL-s0-b1000,20021,0.0
RL-s13-b300-a1.00,POOL-s0-b1000,20022,0.25
RL-s13-b300-a1.00,POOL-s0-b1000,20023,0.5
RL-s13-b300-a1.00,POOL-s0-b1000,20024,0.25
RL-s13-b300-a1.00,POOL-s0-b1000,20025,0.5
RL-s13-b300-a1.00,POOL-s0-b1000,20026,0.0
RL-s13-b300-a1.00,POOL-s0-b1000,20027,0.25
RL-s13-b300-a1.00,POOL-s0-b1000,20028,0.25
RL-s13-b300-a1.00,POOL-s0-b1000,20029,0.0
RL-s13-b300-a1.00,POOL-s1-b1000,20000,0.5
RL-s13-b300-a1.00,POOL-s1-b1000,20001,0.5
RL-s13-b300-a1.00,POOL-s1-b1000,20002,0.5
RL-s13-b300-a1.00,POOL-s1-b1000,20003,0.5
RL-s13-b300-a1.00,POOL-s1-b1000,20004,0.5
RL-s13-b300-a1.00,POOL-s1-b1000,20005,0.5
RL-s13-b300-a1.00,POOL-s1-b1000,20006,0.25
RL-s13-b300-a1.00,POOL-s1-b1000,20007,0.75
RL-s13-b300-a1.00,POOL-s1-b1000,20008,0.25
RL-s13-b300-a1.00,POOL-s1-b1000,20009,0.25
RL-s13-b300-a1.00,POOL-s1-b1000,20010,0.25
RL-s13-b300-a1.00,POOL-s1-b1000,20011,0.5
RL-s13-b300-a1.00,POOL-s1-b1000,20012,0.75
RL-s13-b300-a1.00,POOL-s1-b1000,20013,0.5
RL-s13-b300-a1.00,POOL-s1-b1000,20014,0.5
RL-s13-b300-a1.00,POOL-s1-b1000,20015,0.5
RL-s13-b300-a1.00,POOL-s1-b1000,20016,0.25
RL-s13-b300-a1.00,POOL-s1-b1000,20017,0.25
RL-s13-b300-a1.00,POOL-s1-b1000,20018,0.25
RL-s13-b300-a1.00,POOL-s1-b1000,20019,0.5
RL-s13-b300-a1.00,POOL-s1-b1000,20020,0.5
RL-s13-b300-a1.00,POOL-s1-b1000,20021,0.25
RL-s13-b300-a1.00,POOL-s1-b1000,20022,0.5
RL-s13-b300-a1.00,POOL-s1-b1000,20023,0.5
RL-s13-b300-a1.00,POOL-s1-b1000,20024,0.25
RL-s13-b300-a1.00,POOL-s1-b1000,20025,0.5
RL-s13-b300-a1.00,POOL-s1-b1000,20026,0.5
RL-s13-b300-a1.00,POOL-s1-b1000,20027,0.5
RL-s13-b300-a1.00,POOL-s1-b1000,20028,0.25
RL-s13-b300-a1.00,POOL-s1-b1000,20029,0.25
RL-s13-b300-a1.00,POOL-s2-b1000,20000,0.5
RL-s13-b300-a1.00,POOL-s2-b1000,20001,0.5
RL-s13-b300-a1.00,POOL-s2-b1000,20002,0.5
RL-s13-b300-a1.00,POOL-s2-b1000,20003,0.5
RL-s13-b300-a1.00,POOL-s2-b1000,20004,0.5
RL-s13-b300-a1.00,POOL-s2-b1000,20005,0.5
RL-s13-b300-a1.00,POOL-s2-b1000,20006,0.5
RL-s13-b300-a1.00,POOL-s2-b1000,20007,0.25
RL-s13-b300-a1.00,POOL-s2-b1000,20008,0.25
RL-s13-b300-a1.00,POOL-s2-b1000,20009,0.25
RL-s13-b300-a1.00,POOL-s2-b1000,20010,0.5
RL-s13-b300-a1.00,POOL-s2-b1000,20011,0.5
RL-s13-b300-a1.00,POOL-s2-b1000,20012,0.5
RL-s13-b300-a1.00,POOL-s2-b1000,20013,0.5
RL-s13-b300-a1.00,POOL-s2-b1000,20014,0.5
RL-s13-b300-a1.00,POOL-s2-b1000,20015,0.5
RL-s13-b300-a1.00,POOL-s2-b1000,20016,0.25
RL-s13-b300-a1.00,POOL-s2-b1000,20017,0.25
RL-s13-b300-a1.00,POOL-s2-b1000,20018,0.25
RL-s13-b300-a1.00,POOL-s2-b1000,20019,0.0
RL-s13-b300-a1.00,POOL-s2-b1000,20020,0.5
RL-s13-b300-a1.00,POOL-s2-b1000,20021,0.25
RL-s13-b300-a1.00,POOL-s2-b1000,20022,0.5
RL-s13-b300-a1.00,POOL-s2-b1000,20023,0.5
RL-s13-b300-a1.00,POOL-s2-b1000,20024,0.25
RL-s13-b300-a1.00,POOL-s2-b1000,20025,0.5
RL-s13-b300-a1.00,POOL-s2-b1000,20026,0.5
RL-s13-b300-a1.00,POOL-s2-b1000,20027,0.5
RL-s13-b300-a1.00,POOL-s2-b1000,20028,0.25
RL-s13-b300-a1.00,POOL-s2-b1000,20029,0.5
RL-s13-b300-a1.00,POOL-s3-b1000,20000,0.5
RL-s13-b300-a1.00,POOL-s3-b1000,20001,0.5
RL-s13-b300-a1.00,POOL-s3-b1000,20002,0.5
RL-s13-b300-a1.00,POOL-s3-b1000,20003,0.5
RL-s13-b300-a1.00,POOL-s3-b1000,20004,0.5
RL-s13-b300-a1.00,POOL-s3-b1000,20005,0.5
RL-s13-b300-a1.00,POOL-s3-b1000,20006,0.25
RL-s13-b300-a1.00,POOL-s3-b1000,20007,0.75
RL-s13-b300-a1.00,POOL-s3-b1000,20008,0.5
RL-s13-b300-a1.00,POOL-s3-b1000,20009,0.25
RL-s13-b300-a1.00,POOL-s3-b1000,20010,0.25
RL-s13-b300-a1.00,POOL-s3-b1000,20011,0.5
RL-s13-b300-a1.00,POOL-s3-b1000,20012,0.5
RL-s13-b300-a1.00,POOL-s3-b1000,20013,0.5
RL-s13-b300-a1.00,POOL-s3-b1000,20014,0.5
RL-s13-b300-a1.00,POOL-s3-b1000,20015,0.5
RL-s13-b300-a1.00,POOL-s3-b1000,20016,0.25
RL-s13-b300-a1.00,POOL-s3-b1000,20017,0.25
RL-s13-b300-a1.00,POOL-s3-b1000,20018,0.25
RL-s13-b300-a1.00,POOL-s3-b1000,20019,0.5
RL-s13-b300-a1.00,POOL-s3-b1000,20020,0.5
RL-s13-b300-a1.00,POOL-s3-b1000,20021,0.25
RL-s13-b300-a1.00,POOL-s3-b1000,20022,0.5
RL-s13-b300-a1.00,POOL-s3-b1000,20023,0.5
RL-s13-b300-a1.00,POOL-s3-b1000,20024,0.5
RL-s13-b300-a1.00,POOL-s3-b1000,20025,0.5
RL-s13-b300-a1.00,POOL-s3-b1000,20026,0.5
RL-s13-b300-a1.00,POOL-s3-b1000,20027,0.5
RL-s13-b300-a1.00,POOL-s3-b1000,20028,0.5
RL-s13-b300-a1.00,POOL-s3-b1000,20029,0.5
RL-s13-b300-a1.00,POOL-s4-b1000,20000,0.5
RL-s13-b300-a1.00,POOL-s4-b1000,20001,0.5
RL-s13-b300-a1.00,POOL-s4-b1000,20002,0.5
RL-s13-b300-a1.00,POOL-s4-b1000,20003,0.5
RL-s13-b300-a1.00,POOL-s4-b1000,20004,0.5
RL-s13-b300-a1.00,POOL-s4-b1000,20005,0.5
RL-s13-b300-a1.00,POOL-s4-b1000,20006,0.25
RL-s13-b300-a1.00,POOL-s4-b1000,20007,0.5
RL-s13-b300-a1.00,POOL-s4-b1000,20008,0.25
RL-s13-b300-a1.00,POOL-s4-b1000,20009,0.5
RL-s13-b300-a1.00,POOL-s4-b1000,20010,0.5
RL-s13-b300-a1.00,POOL-s4-b1000,20011,0.5
RL-s13-b300-a1.00,POOL-s4-b1000,20012,0.5
RL-s13-b300-a1.00,POOL-s4-b1000,20013,0.5
RL-s13-b300-a1.00,POOL-s4-b1000,20014,0.5
RL-s13-b300-a1.00,POOL-s4-b1000,20015,0.5
RL-s13-b300-a1.00,POOL-s4-b1000,20016,0.25
RL-s13-b300-a1.00,POOL-s4-b1000,20017,0.5
RL-s13-b300-a1.00,POOL-s4-b1000,20018,0.25
RL-s13-b300-a1.00,POOL-s4-b1000,20019,0.5
RL-s13-b300-a1.00,POOL-s4-b1000,20020,0.5
RL-s13-b300-a1.00,POOL-s4-b1000,20021,0.5
RL-s13-b300-a1.00,POOL-s4-b1000,20022,0.5
RL-s13-b300-a1.00,POOL-s4-b1000,20023,0.5
RL-s13-b300-a1.00,POOL-s4-b1000,20024,0.25
RL-s13-b300-a1.00,POOL-s4-b1000,20025,0.5
RL-s13-b300-a1.00,POOL-s4-b1000,20026,0.5
RL-s13-b300-a1.00,POOL-s4-b1000,20027,0.5
RL-s13-b300-a1.00,POOL-s4-b1000,20028,0.25
RL-s13-b300-a1.00,POOL-s4-b1000,20029,0.5
RL-s14-b300-a1.00,RL-s15-b300-a1.00,20000,0.5
RL-s14-b300-a1.00,RL-s15-b300-a1.00,20001,0.5
RL-s14-b300-a1.00,RL-s15-b300-a1.00,20002,0.25
RL-s14-b300-a1.00,RL-s15-b300-a1.00,20003,0.25
RL-s14-b300-a1.00,RL-s15-b300-a1.00,20004,0.25
RL-s14-b300-a1.00,RL-s15-b300-a1.00,20005,0.25
RL-s14-b300-a1.00,RL-s15-b300-a1.00,20006,0.5
RL-s14-b300-a1.00,RL-s15-b300-a1.00,20007,0.75
RL-s14-b300-a1.00,RL-s15-b300-a1.00,20008,0.25
RL-s14-b300-a1.00,RL-s15-b300-a1.00,20009,0.75
RL-s14-b300-a1.00,RL-s15-b300-a1.00,20010,0.5
RL-s14-b300-a1.00,RL-s15-b300-a1.00,20011,0.5
RL-s14-b300-a1.00,RL-s15-b300-a1.00,20012,0.5
RL-s14-b300-a1.00,RL-s15-b300-a1.00,20013,0.25
RL-s14-b300-a1.00,RL-s15-b300-a1.00,20014,0.25
RL-s14-b300-a1.00,RL-s15-b300-a1.00,20015,0.5
RL-s14-b300-a1.00,RL-s15-b300-a1.00,20016,0.5
RL-s14-b300-a1.00,RL-s15-b300-a1.00,20017,0.75
RL-s14-b300-a1.00,RL-s15-b300-a1.00,20018,0.5
RL-s14-b300-a1.00,RL-s15-b300-a1.00,20019,0.5
RL-s14-b300-a1.00,RL-s15-b300-a1.00,20020,0.25
RL-s14-b300-a1.00,RL-s15-b300-a1.00,20021,0.25
RL-s14-b300-a1.00,RL-s15-b300-a1.00,20022,0.25
RL-s14-b300-a1.00,RL-s15-b300-a1.00,20023,0.5
RL-s14-b300-a1.00,RL-s15-b300-a1.00,20024,0.5
RL-s14-b300-a1.00,RL-s15-b300-a1.00,20025,0.5
RL-s14-b300-a1.00,RL-s15-b300-a1.00,20026,0.5
RL-s14-b300-a1.00,RL-s15-b300-a1.00,20027,0.25
RL-s14-b300-a1.00,RL-s15-b300-a1.00,20028,0.25
RL-s14-b300-a1.00,RL-s15-b300-a1.00,20029,0.5
RL-s14-b300-a1.00,RL-s16-b300-a1.00,20000,0.5
RL-s14-b300-a1.00,RL-s16-b300-a1.00,20001,0.5
RL-s14-b300-a1.00,RL-s16-b300-a1.00,20002,0.75
RL-s14-b300-a1.00,RL-s16-b300-a1.00,20003,0.25
RL-s14-b300-a1.00,RL-s16-b300-a1.00,20004,0.5
RL-s14-b300-a1.00,RL-s16-b300-a1.00,20005,0.25
RL-s14-b300-a1.00,RL-s16-b300-a1.00,20006,0.75
RL-s14-b300-a1.00,RL-s16-b300-a1.00,20007,0.5
RL-s14-b300-a1.00,RL-s16-b300-a1.00,20008,0.5
RL-s14-b300-a1.00,RL-s16-b300-a1.00,20009,0.25
RL-s14-b300-a1.00,RL-s16-b300-a1.00,20010,0.5
RL-s14-b300-a1.00,RL-s16-b300-a1.00,20011,0.75
RL-s14-b300-a1.00,RL-s16-b300-a1.00,20012,0.5
RL-s14-b300-a1.00,RL-s16-b300-a1.00,20013,0.5
RL-s14-b300-a1.00,RL-s16-b300-a1.00,20014,0.5
RL-s14-b300-a1.00,RL-s16-b300-a1.00,20015,0.5
RL-s14-b300-a1.00,RL-s16-b300-a1.00,20016,0.5
RL-s14-b300-a1.00,RL-s16-b300-a1.00,20017,0.5
RL-s14-b300-a1.00,RL-s16-b300-a1.00,20018,0.5
RL-s14-b300-a1.00,RL-s16-b300-a1.00,20019,0.5
RL-s14-b300-a1.00,RL-s16-b300-a1.00,20020,0.25
RL-s14-b300-a1.00,RL-s16-b300-a1.00,20021,0.25
RL-s14-b300-a1.00,RL-s16-b300-a1.00,20022,0.25
RL-s14-b300-a1.00,RL-s16-b300-a1.00,20023,0.5
RL-s14-b300-a1.00,RL-s16-b300-a1.00,20024,0.5
RL-s14-b300-a1.00,RL-s16-b300-a1.00,20025,0.5
RL-s14-b300-a1.00,RL-s16-b300-a1.00,20026,0.5
RL-s14-b300-a1.00,RL-s16-b300-a1.00,20027,0.5
RL-s14-b300-a1.00,RL-s16-b300-a1.00,20028,0.25
RL-s14-b300-a1.00,RL-s16-b300-a1.00,20029,0.75
RL-s14-b300-a1.00,RL-s17-b300-a1.00,20000,0.5
RL-s14-b300-a1.00,RL-s17-b300-a1.00,20001,0.75
RL-s14-b300-a1.00,RL-s17-b300-a1.00,20002,0.25
RL-s14-b300-a1.00,RL-s17-b300-a1.00,20003,0.25
RL-s14-b300-a1.00,RL-s17-b300-a1.00,20004,0.25
RL-s14-b300-a1.00,RL-s17-b300-a1.00,20005,0.5
RL-s14-b300-a1.00,RL-s17-b300-a1.00,20006,0.5
RL-s14-b300-a1.00,RL-s17-b300-a1.00,20007,0.5
RL-s14-b300-a1.00,RL-s17-b300-a1.00,20008,0.25
RL-s14-b300-a1.00,RL-s17-b300-a1.00,20009,0.5
RL-s14-b300-a1.00,RL-s17-b300-a1.00,20010,0.5
RL-s14-b300-a1.00,RL-s17-b300-a1.00,20011,0.5
RL-s14-b300-a1.00,RL-s17-b300-a1.00,20012,0.5
RL-s14-b300-a1.00,RL-s17-b300-a1.00,20013,0.25
RL-s14-b300-a1.00,RL-s17-b300-a1.00,20014,0.5
RL-s14-b300-a1.00,RL-s17-b300-a1.00,20015,0.5
RL-s14-b300-a1.00,RL-s17-b300-a1.00,20016,0.5
RL-s14-b300-a1.00,RL-s17-b300-a1.00,20017,0.75
RL-s14-b300-a1.00,RL-s17-b300-a1.00,20018,0.5
RL-s14-b300-a1.00,RL-s17-b300-a1.00,20019,0.75
RL-s14-b300-a1.00,RL-s17-b300-a1.00,20020,0.5
RL-s14-b300-a1.00,RL-s17-b300-a1.00,20021,0.25
RL-s14-b300-a1.00,RL-s17-b300-a1.00,20022,0.5
RL-s14-b300-a1.00,RL-s17-b300-a1.00,20023,0.5
RL-s14-b300-a1.00,RL-s17-b300-a1.00,20024,0.5
RL-s14-b300-a1.00,RL-s17-b300-a1.00,20025,0.5
RL-s14-b300-a1.00,RL-s17-b300-a1.00,20026,0.5
RL-s14-b300-a1.00,RL-s17-b300-a1.00,20027,0.25
RL-s14-b300-a1.00,RL-s17-b300-a1.00,20028,0.5
RL-s14-b300-a1.00,RL-s17-b300-a1.00,20029,0.5
RL-s14-b300-a1.00,RL-s18-b300-a1.00,20000,0.5
RL-s14-b300-a1.00,RL-s18-b300-a1.00,20001,0.5
RL-s14-b300-a1.00,RL-s18-b300-a1.00,20002,0.25
RL-s14-b300-a1.00,RL-s18-b300-a1.00,20003,0.5
RL-s14-b300-a1.00,RL-s18-b300-a1.00,20004,0.5
RL-s14-b300-a1.00,RL-s18-b300-a1.00,20005,0.5
RL-s14-b300-a1.00,RL-s18-b300-a1.00,20006,0.5
RL-s14-b300-a1.00,RL-s18-b300-a1.00,20007,0.5
RL-s14-b300-a1.00,RL-s18-b300-a1.00,20008,0.75
RL-s14-b300-a1.00,RL-s18-b300-a1.00,20009,0.5
RL-s14-b300-a1.00,RL-s18-b300-a1.00,20010,0.5
RL-s14-b300-a1.00,RL-s18-b300-a1.00,20011,0.75
RL-s14-b300-a1.00,RL-s18-b300-a1.00,20012,0.75
RL-s14-b300-a1.00,RL-s18-b300-a1.00,20013,0.75
RL-s14-b300-a1.00,RL-s18-b300-a1.00,20014,0.75
RL-s14-b300-a1.00,RL-s18-b300-a1.00,20015,0.5
RL-s14-b300-a1.00,RL-s18-b300-a1.00,20016,0.5
RL-s14-b300-a1.00,RL-s18-b300-a1.00,20017,0.5
RL-s14-b300-a1.00,RL-s18-b300-a1.00,20018,0.75
RL-s14-b300-a1.00,RL-s18-b300-a1.00,20019,0.5
RL-s14-b300-a1.00,RL-s18-b300-a1.00,20020,0.5
RL-s14-b300-a1.00,RL-s18-b300-a1.00,20021,0.75
RL-s14-b300-a1.00,RL-s18-b300-a1.00,20022,0.25
RL-s14-b300-a1.00,RL-s18-b300-a1.00,20023,0.75
RL-s14-b300-a1.00,RL-s18-b300-a1.00,20024,0.5
RL-s14-b300-a1.00,RL-s18-b300-a1.00,20025,0.5
RL-s14-b300-a1.00,RL-s18-b300-a1.00,20026,0.5
RL-s14-b300-a1.00,RL-s18-b300-a1.00,20027,0.75
RL-s14-b300-a1.00,RL-s18-b300-a1.00,20028,0.5
RL-s14-b300-a1.00,RL-s18-b300-a1.00,20029,0.75
RL-s14-b300-a1.00,RL-s19-b300-a1.00,20000,0.5
RL-s14-b300-a1.00,RL-s19-b300-a1.00,20001,0.5
RL-s14-b300-a1.00,RL-s19-b300-a1.00,20002,0.5
RL-s14-b300-a1.00,RL-s19-b300-a1.00,20003,0.25
RL-s14-b300-a1.00,RL-s19-b300-a1.00,20004,0.25
RL-s14-b300-a1.00,RL-s19-b300-a1.00,20005,0.5
RL-s14-b300-a1.00,RL-s19-b300-a1.00,20006,0.5
RL-s14-b300-a1.00,RL-s19-b300-a1.00,20007,0.5
RL-s14-b300-a1.00,RL-s19-b300-a1.00,20008,0.25
RL-s14-b300-a1.00,RL-s19-b300-a1.00,20009,0.5
RL-s14-b300-a1.00,RL-s19-b300-a1.00,20010,0.5
RL-s14-b300-a1.00,RL-s19-b300-a1.00,20011,0.5
RL-s14-b300-a1.00,RL-s19-b300-a1.00,20012,0.5
RL-s14-b300-a1.00,RL-s19-b300-a1.00,20013,0.25
RL-s14-b300-a1.00,RL-s19-b300-a1.00,20014,0.5
RL-s14-b300-a1.00,RL-s19-b300-a1.00,20015,0.5
RL-s14-b300-a1.00,RL-s19-b300-a1.00,20016,0.5
RL-s14-b300-a1.00,RL-s19-b300-a1.00,20017,0.5
RL-s14-b300-a1.00,RL-s19-b300-a1.00,20018,0.5
RL-s14-b300-a1.00,RL-s19-b300-a1.00,20019,0.5
RL-s14-b300-a1.00,RL-s19-b300-a1.00,20020,0.5
RL-s14-b300-a1.00,RL-s19-b300-a1.00,20021,0.25
RL-s14-b300-a1.00,RL-s19-b300-a1.00,20022,0.25
RL-s14-b300-a1.00,RL-s19-b300-a1.00,20023,0.5
RL-s14-b300-a1.00,RL-s19-b300-a1.00,20024,0.5
RL-s14-b300-a1.00,RL-s19-b300-a1.00,20025,0.5
RL-s14-b300-a1.00,RL-s19-b300-a1.00,20026,0.5
RL-s14-b300-a1.00,RL-s19-b300-a1.00,20027,0.25
RL-s14-b300-a1.00,RL-s19-b300-a1.00,20028,0.25
RL-s14-b300-a1.00,RL-s19-b300-a1.00,20029,0.5
RL-s14-b300-a1.00,RL-s1-b300-a1.00,20000,0.5
RL-s14-b300-a1.00,RL-s1-b300-a1.00,20001,0.75
RL-s14-b300-a1.00,RL-s1-b300-a1.00,20002,0.5
RL-s14-b300-a1.00,RL-s1-b300-a1.00,20003,0.25
RL-s14-b300-a1.00,RL-s1-b300-a1.00,20004,0.25
RL-s14-b300-a1.00,RL-s1-b300-a1.00,20005,0.5
RL-s14-b300-a1.00,RL-s1-b300-a1.00,20006,0.5
RL-s14-b300-a1.00,RL-s1-b300-a1.00,20007,0.5
RL-s14-b300-a1.00,RL-s1-b300-a1.00,20008,0.25
RL-s14-b300-a1.00,RL-s1-b300-a1.00,20009,0.5
RL-s14-b300-a1.00,RL-s1-b300-a1.00,20010,0.5
RL-s14-b300-a1.00,RL-s1-b300-a1.00,20011,0.5
RL-s14-b300-a1.00,RL-s1-b300-a1.00,20012,0.75
RL-s14-b300-a1.00,RL-s1-b300-a1.00,20013,0.5
RL-s14-b300-a1.00,RL-s1-b300-a1.00,20014,0.25
RL-s14-b300-a1.00,RL-s1-b300-a1.00,20015,0.5
RL-s14-b300-a1.00,RL-s1-b300-a1.00,20016,0.5
RL-s14-b300-a1.00,RL-s1-b300-a1.00,20017,0.5
RL-s14-b300-a1.00,RL-s1-b300-a1.00,20018,0.5
RL-s14-b300-a1.00,RL-s1-b300-a1.00,20019,0.5
RL-s14-b300-a1.00,RL-s1-b300-a1.00,20020,0.25
RL-s14-b300-a1.00,RL-s1-b300-a1.00,20021,0.5
RL-s14-b300-a1.00,RL-s1-b300-a1.00,20022,0.25
RL-s14-b300-a1.00,RL-s1-b300-a1.00,20023,0.5
RL-s14-b300-a1.00,RL-s1-b300-a1.00,20024,0.5
RL-s14-b300-a1.00,RL-s1-b300-a1.00,20025,0.5
RL-s14-b300-a1.00,RL-s1-b300-a1.00,20026,0.5
RL-s14-b300-a1.00,RL-s1-b300-a1.00,20027,0.25
RL-s14-b300-a1.00,RL-s1-b300-a1.00,20028,0.5
RL-s14-b300-a1.00,RL-s1-b300-a1.00,20029,0.5
RL-s14-b300-a1.00,RL-s2-b300-a1.00,20000,0.5
RL-s14-b300-a1.00,RL-s2-b300-a1.00,20001,0.5
RL-s14-b300-a1.00,RL-s2-b300-a1.00,20002,0.25
RL-s14-b300-a1.00,RL-s2-b300-a1.00,20003,0.5
RL-s14-b300-a1.00,RL-s2-b300-a1.00,20004,0.25
RL-s14-b300-a1.00,RL-s2-b300-a1.00,20005,0.25
RL-s14-b300-a1.00,RL-s2-b300-a1.00,20006,0.5
RL-s14-b300-a1.00,RL-s2-b300-a1.00,20007,0.5
RL-s14-b300-a1.00,RL-s2-b300-a1.00,20008,0.25
RL-s14-b300-a1.00,RL-s2-b300-a1.00,20009,0.5
RL-s14-b300-a1.00,RL-s2-b300-a1.00,20010,0.25
RL-s14-b300-a1.00,RL-s2-b300-a1.00,20011,0.25
RL-s14-b300-a1.00,RL-s2-b300-a1.00,20012,0.5
RL-s14-b300-a1.00,RL-s2-b300-a1.00,20013,0.25
RL-s14-b300-a1.00,RL-s2-b300-a1.00,20014,0.5
RL-s14-b300-a1.00,RL-s2-b300-a1.00,20015,0.5
RL-s14-b300-a1.00,RL-s2-b300-a1.00,20016,0.5
RL-s14-b300-a1.00,RL-s2-b300-a1.00,20017,0.5
RL-s14-b300-a1.00,RL-s2-b300-a1.00,20018,0.5
RL-s14-b300-a1.00,RL-s2-b300-a1.00,20019,0.5
RL-s14-b300-a1.00,RL-s2-b300-a1.00,20020,0.5
RL-s14-b300-a1.00,RL-s2-b300-a1.00,20021,0.5
RL-s14-b300-a1.00,RL-s2-b300-a1.00,20022,0.25
RL-s14-b300-a1.00,RL-s2-b300-a1.00,20023,0.5
RL-s14-b300-a1.00,RL-s2-b300-a1.00,20024,0.5
RL-s14-b300-a1.00,RL-s2-b300-a1.00,20025,0.5
RL-s14-b300-a1.00,RL-s2-b300-a1.00,20026,0.5
RL-s14-b300-a1.00,RL-s2-b300-a1.00,20027,0.25
RL-s14-b300-a1.00,RL-s2-b300-a1.00,20028,0.25
RL-s14-b300-a1.00,RL-s2-b300-a1.00,20029,0.25
RL-s14-b300-a1.00,RL-s3-b300-a1.00,20000,0.5
RL-s14-b300-a1.00,RL-s3-b300-a1.00,20001,0.5
RL-s14-b300-a1.00,RL-s3-b300-a1.00,20002,0.25
RL-s14-b300-a1.00,RL-s3-b300-a1.00,20003,0.25
RL-s14-b300-a1.00,RL-s3-b300-a1.00,20004,0.25
RL-s14-b300-a1.00,RL-s3-b300-a1.00,20005,0.5
RL-s14-b300-a1.00,RL-s3-b300-a1.00,20006,0.5
RL-s14-b300-a1.00,RL-s3-b300-a1.00,20007,0.5
RL-s14-b300-a1.00,RL-s3-b300-a1.00,20008,0.25
RL-s14-b300-a1.00,RL-s3-b300-a1.00,20009,0.5
RL-s14-b300-a1.00,RL-s3-b300-a1.00,20010,0.5
RL-s14-b300-a1.00,RL-s3-b300-a1.00,20011,0.5
RL-s14-b300-a1.00,RL-s3-b300-a1.00,20012,0.5
RL-s14-b300-a1.00,RL-s3-b300-a1.00,20013,0.25
RL-s14-b300-a1.00,RL-s3-b300-a1.00,20014,0.5
RL-s14-b300-a1.00,RL-s3-b300-a1.00,20015,0.5
RL-s14-b300-a1.00,RL-s3-b300-a1.00,20016,0.5
RL-s14-b300-a1.00,RL-s3-b300-a1.00,20017,0.5
RL-s14-b300-a1.00,RL-s3-b300-a1.00,20018,0.5
RL-s14-b300-a1.00,RL-s3-b300-a1.00,20019,0.5
RL-s14-b300-a1.00,RL-s3-b300-a1.00,20020,0.5
RL-s14-b300-a1.00,RL-s3-b300-a1.00,20021,0.5
RL-s14-b300-a1.00,RL-s3-b300-a1.00,20022,0.25
RL-s14-b300-a1.00,RL-s3-b300-a1.00,20023,0.5
RL-s14-b300-a1.00,RL-s3-b300-a1.00,20024,0.5
RL-s14-b300-a1.00,RL-s3-b300-a1.00,20025,0.5
RL-s14-b300-a1.00,RL-s3-b300-a1.00,20026,0.5
RL-s14-b300-a1.00,RL-s3-b300-a1.00,20027,0.25
RL-s14-b300-a1.00,RL-s3-b300-a1.00,20028,0.5
RL-s14-b300-a1.00,RL-s3-b300-a1.00,20029,0.5
RL-s14-b300-a1.00,RL-s4-b300-a1.00,20000,0.5
RL-s14-b300-a1.00,RL-s4-b300-a1.00,20001,0.5
RL-s14-b300-a1.00,RL-s4-b300-a1.00,20002,0.25
RL-s14-b300-a1.00,RL-s4-b300-a1.00,20003,0.25
RL-s14-b300-a1.00,RL-s4-b300-a1.00,20004,0.25
RL-s14-b300-a1.00,RL-s4-b300-a1.00,20005,0.5
RL-s14-b300-a1.00,RL-s4-b300-a1.00,20006,0.5
RL-s14-b300-a1.00,RL-s4-b300-a1.00,20007,0.5
RL-s14-b300-a1.00,RL-s4-b300-a1.00,20008,0.25
RL-s14-b300-a1.00,RL-s4-b300-a1.00,20009,0.5
RL-s14-b300-a1.00,RL-s4-b300-a1.00,20010,0.5
RL-s14-b300-a1.00,RL-s4-b300-a1.00,20011,0.5
RL-s14-b300-a1.00,RL-s4-b300-a1.00,20012,0.5
RL-s14-b300-a1.00,RL-s4-b300-a1.00,20013,0.25
RL-s14-b300-a1.00,RL-s4-b300-a1.00,20014,0.25
RL-s14-b300-a1.00,RL-s4-b300-a1.00,20015,0.5
RL-s14-b300-a1.00,RL-s4-b300-a1.00,20016,0.5
RL-s14-b300-a1.00,RL-s4-b300-a1.00,20017,0.5
RL-s14-b300-a1.00,RL-s4-b300-a1.00,20018,0.5
RL-s14-b300-a1.00,RL-s4-b300-a1.00,20019,0.5
RL-s14-b300-a1.00,RL-s4-b300-a1.00,20020,0.25
RL-s14-b300-a1.00,RL-s4-b300-a1.00,20021,0.25
RL-s14-b300-a1.00,RL-s4-b300-a1.00,20022,0.25
RL-s14-b300-a1.00,RL-s4-b300-a1.00,20023,0.5
RL-s14-b300-a1.00,RL-s4-b300-a1.00,20024,0.5
RL-s14-b300-a1.00,RL-s4-b300-a1.00,20025,0.5
RL-s14-b300-a1.00,RL-s4-b300-a1.00,20026,0.5
RL-s14-b300-a1.00,RL-s4-b300-a1.00,20027,0.25
RL-s14-b300-a1.00,RL-s4-b300-a1.00,20028,0.5
RL-s14-b300-a1.00,RL-s4-b300-a1.00,20029,0.5
RL-s14-b300-a1.00,RL-s5-b300-a1.00,20000,0.5
RL-s14-b300-a1.00,RL-s5-b300-a1.00,20001,0.5
RL-s14-b300-a1.00,RL-s5-b300-a1.00,20002,0.25
RL-s14-b300-a1.00,RL-s5-b300-a1.00,20003,0.5
RL-s14-b300-a1.00,RL-s5-b300-a1.00,20004,0.5
RL-s14-b300-a1.00,RL-s5-b300-a1.00,20005,0.5
RL-s14-b300-a1.00,RL-s5-b300-a1.00,20006,0.5
RL-s14-b300-a1.00,RL-s5-b300-a1.00,20007,0.5
RL-s14-b300-a1.00,RL-s5-b300-a1.00,20008,0.5
RL-s14-b300-a1.00,RL-s5-b300-a1.00,20009,0.5
RL-s14-b300-a1.00,RL-s5-b300-a1.00,20010,0.5
RL-s14-b300-a1.00,RL-s5-b300-a1.00,20011,0.5
RL-s14-b300-a1.00,RL-s5-b300-a1.00,20012,0.5
RL-s14-b300-a1.00,RL-s5-b300-a1.00,20013,0.5
RL-s14-b300-a1.00,RL-s5-b300-a1.00,20014,0.5
RL-s14-b300-a1.00,RL-s5-b300-a1.00,20015,0.5
RL-s14-b300-a1.00,RL-s5-b300-a1.00,20016,0.5
RL-s14-b300-a1.00,RL-s5-b300-a1.00,20017,0.5
RL-s14-b300-a1.00,RL-s5-b300-a1.00,20018,0.5
RL-s14-b300-a1.00,RL-s5-b300-a1.00,20019,0.5
RL-s14-b300-a1.00,RL-s5-b300-a1.00,20020,0.25
RL-s14-b300-a1.00,RL-s5-b300-a1.00,20021,0.25
RL-s14-b300-a1.00,RL-s5-b300-a1.00,20022,0.5
RL-s14-b300-a1.00,RL-s5-b300-a1.00,20023,0.5
RL-s14-b300-a1.00,RL-s5-b300-a1.00,20024,0.5
RL-s14-b300-a1.00,RL-s5-b300-a1.00,20025,0.5
RL-s14-b300-a1.00,RL-s5-b300-a1.00,20026,0.75
RL-s14-b300-a1.00,RL-s5-b300-a1.00,20027,0.5
RL-s14-b300-a1.00,RL-s5-b300-a1.00,20028,0.5
RL-s14-b300-a1.00,RL-s5-b300-a1.00,20029,0.75
RL-s14-b300-a1.00,RL-s6-b300-a1.00,20000,0.5
RL-s14-b300-a1.00,RL-s6-b300-a1.00,20001,0.75
RL-s14-b300-a1.00,RL-s6-b300-a1.00,20002,0.25
RL-s14-b300-a1.00,RL-s6-b300-a1.00,20003,0.5
RL-s14-b300-a1.00,RL-s6-b300-a1.00,20004,0.25
RL-s14-b300-a1.00,RL-s6-b300-a1.00,20005,0.5
RL-s14-b300-a1.00,RL-s6-b300-a1.00,20006,0.5
RL-s14-b300-a1.00,RL-s6-b300-a1.00,20007,0.5
RL-s14-b300-a1.00,RL-s6-b300-a1.00,20008,0.5
RL-s14-b300-a1.00,RL-s6-b300-a1.00,20009,0.5
RL-s14-b300-a1.00,RL-s6-b300-a1.00,20010,0.75
RL-s14-b300-a1.00,RL-s6-b300-a1.00,20011,0.5
RL-s14-b300-a1.00,RL-s6-b300-a1.00,20012,0.5
RL-s14-b300-a1.00,RL-s6-b300-a1.00,20013,0.5
RL-s14-b300-a1.00,RL-s6-b300-a1.00,20014,0.5
RL-s14-b300-a1.00,RL-s6-b300-a1.00,20015,0.5
RL-s14-b300-a1.00,RL-s6-b300-a1.00,20016,0.5
RL-s14-b300-a1.00,RL-s6-b300-a1.00,20017,0.5
RL-s14-b300-a1.00,RL-s6-b300-a1.00,20018,0.5
RL-s14-b300-a1.00,RL-s6-b300-a1.00,20019,0.5
RL-s14-b300-a1.00,RL-s6-b300-a1.00,20020,0.5
RL-s14-b300-a1.00,RL-s6-b300-a1.00,20021,0.25
RL-s14-b300-a1.00,RL-s6-b300-a1.00,20022,0.25
RL-s14-b300-a1.00,RL-s6-b300-a1.00,20023,0.5
RL-s14-b300-a1.00,RL-s6-b300-a1.00,20024,0.5
RL-s14-b300-a1.00,RL-s6-b300-a1.00,20025,0.5
RL-s14-b300-a1.00,RL-s6-b300-a1.00,20026,0.5
RL-s14-b300-a1.00,RL-s6-b300-a1.00,20027,0.25
RL-s14-b300-a1.00,RL-s6-b300-a1.00,20028,0.5
RL-s14-b300-a1.00,RL-s6-b300-a1.00,20029,0.5
RL-s14-b300-a1.00,RL-s7-b300-a1.00,20000,0.5
RL-s14-b300-a1.00,RL-s7-b300-a1.00,20001,0.75
RL-s14-b300-a1.00,RL-s7-b300-a1.00,20002,0.25
RL-s14-b300-a1.00,RL-s7-b300-a1.00,20003,0.25
RL-s14-b300-a1.00,RL-s7-b300-a1.00,20004,0.5
RL-s14-b300-a1.00,RL-s7-b300-a1.00,20005,0.25
RL-s14-b300-a1.00,RL-s7-b300-a1.00,20006,0.5
RL-s14-b300-a1.00,RL-s7-b300-a1.00,20007,0.5
RL-s14-b300-a1.00,RL-s7-b300-a1.00,20008,0.25
RL-s14-b300-a1.00,RL-s7-b300-a1.00,20009,0.75
RL-s14-b300-a1.00,RL-s7-b300-a1.00,20010,0.5
RL-s14-b300-a1.00,RL-s7-b300-a1.00,20011,0.5
RL-s14-b300-a1.00,RL-s7-b300-a1.00,20012,0.5
RL-s14-b300-a1.00,RL-s7-b300-a1.00,20013,0.5
RL-s14-b300-a1.00,RL-s7-b300-a1.00,20014,0.5
RL-s14-b300-a1.00,RL-s7-b300-a1.00,20015,0.5
RL-s14-b300-a1.00,RL-s7-b300-a1.00,20016,0.25
RL-s14-b300-a1.00,RL-s7-b300-a1.00,20017,0.5
RL-s14-b300-a1.00,RL-s7-b300-a1.00,20018,0.5
RL-s14-b300-a1.00,RL-s7-b300-a1.00,20019,0.5
RL-s14-b300-a1.00,RL-s7-b300-a1.00,20020,0.5
RL-s14-b300-a1.00,RL-s7-b300-a1.00,20021,0.25
RL-s14-b300-a1.00,RL-s7-b300-a1.00,20022,0.5
RL-s14-b300-a1.00,RL-s7-b300-a1.00,20023,0.5
RL-s14-b300-a1.00,RL-s7-b300-a1.00,20024,0.5
RL-s14-b300-a1.00,RL-s7-b300-a1.00,20025,0.75
RL-s14-b300-a1.00,RL-s7-b300-a1.00,20026,0.25
RL-s14-b300-a1.00,RL-s7-b300-a1.00,20027,0.5
RL-s14-b300-a1.00,RL-s7-b300-a1.00,20028,0.25
RL-s14-b300-a1.00,RL-s7-b300-a1.00,20029,0.25
RL-s14-b300-a1.00,RL-s8-b300-a1.00,20000,0.5
RL-s14-b300-a1.00,RL-s8-b300-a1.00,20001,0.5
RL-s14-b300-a1.00,RL-s8-b300-a1.00,20002,0.5
RL-s14-b300-a1.00,RL-s8-b300-a1.00,20003,0.75
RL-s14-b300-a1.00,RL-s8-b300-a1.00,20004,0.5
RL-s14-b300-a1.00,RL-s8-b300-a1.00,20005,0.5
RL-s14-b300-a1.00,RL-s8-b300-a1.00,20006,0.5
RL-s14-b300-a1.00,RL-s8-b300-a1.00,20007,0.5
RL-s14-b300-a1.00,RL-s8-b300-a1.00,20008,0.75
RL-s14-b300-a1.00,RL-s8-b300-a1.00,20009,0.5
RL-s14-b300-a1.00,RL-s8-b300-a1.00,20010,0.5
RL-s14-b300-a1.00,RL-s8-b300-a1.00,20011,0.5
RL-s14-b300-a1.00,RL-s8-b300-a1.00,20012,0.5
RL-s14-b300-a1.00,RL-s8-b300-a1.00,20013,0.75
RL-s14-b300-a1.00,RL-s8-b300-a1.00,20014,0.75
RL-s14-b300-a1.00,RL-s8-b300-a1.00,20015,0.5
RL-s14-b300-a1.00,RL-s8-b300-a1.00,20016,0.5
RL-s14-b300-a1.00,RL-s8-b300-a1.00,20017,0.5
RL-s14-b300-a1.00,RL-s8-b300-a1.00,20018,0.5
RL-s14-b300-a1.00,RL-s8-b300-a1.00,20019,0.5
RL-s14-b300-a1.00,RL-s8-b300-a1.00,20020,0.75
RL-s14-b300-a1.00,RL-s8-b300-a1.00,20021,0.25
RL-s14-b300-a1.00,RL-s8-b300-a1.00,20022,0.5
RL-s14-b300-a1.00,RL-s8-b300-a1.00,20023,0.5
RL-s14-b300-a1.00,RL-s8-b300-a1.00,20024,0.5
RL-s14-b300-a1.00,RL-s8-b300-a1.00,20025,0.5
RL-s14-b300-a1.00,RL-s8-b300-a1.00,20026,0.5
RL-s14-b300-a1.00,RL-s8-b300-a1.00,20027,0.5
RL-s14-b300-a1.00,RL-s8-b300-a1.00,20028,0.5
RL-s14-b300-a1.00,RL-s8-b300-a1.00,20029,0.5
RL-s14-b300-a1.00,RL-s9-b300-a1.00,20000,0.5
RL-s14-b300-a1.00,RL-s9-b300-a1.00,20001,0.5
RL-s14-b300-a1.00,RL-s9-b300-a1.00,20002,1.0
RL-s14-b300-a1.00,RL-s9-b300-a1.00,20003,0.25
RL-s14-b300-a1.00,RL-s9-b300-a1.00,20004,0.25
RL-s14-b300-a1.00,RL-s9-b300-a1.00,20005,0.25
RL-s14-b300-a1.00,RL-s9-b300-a1.00,20006,0.5
RL-s14-b300-a1.00,RL-s9-b300-a1.00,20007,0.75
RL-s14-b300-a1.00,RL-s9-b300-a1.00,20008,0.25
RL-s14-b300-a1.00,RL-s9-b300-a1.00,20009,0.5
RL-s14-b300-a1.00,RL-s9-b300-a1.00,20010,0.25
RL-s14-b300-a1.00,RL-s9-b300-a1.00,20011,0.5
RL-s14-b300-a1.00,RL-s9-b300-a1.00,20012,0.5
RL-s14-b300-a1.00,RL-s9-b300-a1.00,20013,0.25
RL-s14-b300-a1.00,RL-s9-b300-a1.00,20014,0.5
RL-s14-b300-a1.00,RL-s9-b300-a1.00,20015,0.5
RL-s14-b300-a1.00,RL-s9-b300-a1.00,20016,0.5
RL-s14-b300-a1.00,RL-s9-b300-a1.00,20017,0.5
RL-s14-b300-a1.00,RL-s9-b300-a1.00,20018,0.5
RL-s14-b300-a1.00,RL-s9-b300-a1.00,20019,0.5
RL-s14-b300-a1.00,RL-s9-b300-a1.00,20020,0.25
RL-s14-b300-a1.00,RL-s9-b300-a1.00,20021,0.25
RL-s14-b300-a1.00,RL-s9-b300-a1.00,20022,0.25
RL-s14-b300-a1.00,RL-s9-b300-a1.00,20023,0.5
RL-s14-b300-a1.00,RL-s9-b300-a1.00,20024,0.5
RL-s14-b300-a1.00,RL-s9-b300-a1.00,20025,0.5
RL-s14-b300-a1.00,RL-s9-b300-a1.00,20026,0.5
RL-s14-b300-a1.00,RL-s9-b300-a1.00,20027,0.25
RL-s14-b300-a1.00,RL-s9-b300-a1.00,20028,0.5
RL-s14-b300-a1.00,RL-s9-b300-a1.00,20029,0.5
RL-s14-b300-a1.00,BTO-s0-b300,20000,1.0
RL-s14-b300-a1.00,BTO-s0-b300,20001,0.5
RL-s14-b300-a1.00,BTO-s0-b300,20002,0.25
RL-s14-b300-a1.00,BTO-s0-b300,20003,0.0
RL-s14-b300-a1.00,BTO-s0-b300,20004,0.75
RL-s14-b300-a1.00,BTO-s0-b300,20005,1.0
RL-s14-b300-a1.00,BTO-s0-b300,20006,1.0
RL-s14-b300-a1.00,BTO-s0-b300,20007,0.5
RL-s14-b300-a1.00,BTO-s0-b300,20008,0.5
RL-s14-b300-a1.00,BTO-s0-b300,20009,1.0
RL-s14-b300-a1.00,BTO-s0-b300,20010,1.0
RL-s14-b300-a1.00,BTO-s0-b300,20011,0.5
RL-s14-b300-a1.00,BTO-s0-b300,20012,0.5
RL-s14-b300-a1.00,BTO-s0-b300,20013,0.75
RL-s14-b300-a1.00,BTO-s0-b300,20014,0.75
RL-s14-b300-a1.00,BTO-s0-b300,20015,1.0
RL-s14-b300-a1.00,BTO-s0-b300,20016,1.0
RL-s14-b300-a1.00,BTO-s0-b300,20017,0.5
RL-s14-b300-a1.00,BTO-s0-b300,20018,0.5
RL-s14-b300-a1.00,BTO-s0-b300,20019,0.5
RL-s14-b300-a1.00,BTO-s0-b300,20020,0.75
RL-s14-b300-a1.00,BTO-s0-b300,20021,0.25
RL-s14-b300-a1.00,BTO-s0-b300,20022,0.25
RL-s14-b300-a1.00,BTO-s0-b300,20023,0.75
RL-s14-b300-a1.00,BTO-s0-b300,20024,1.0
RL-s14-b300-a1.00,BTO-s0-b300,20025,1.0
RL-s14-b300-a1.00,BTO-s0-b300,20026,0.75
RL-s14-b300-a1.00,BTO-s0-b300,20027,0.75
RL-s14-b300-a1.00,BTO-s0-b300,20028,0.5
RL-s14-b300-a1.00,BTO-s0-b300,20029,0.5
RL-s14-b300-a1.00,BTO-s1-b300,20000,1.0
RL-s14-b300-a1.00,BTO-s1-b300,20001,0.5
RL-s14-b300-a1.00,BTO-s1-b300,20002,0.5
RL-s14-b300-a1.00,BTO-s1-b300,20003,0.5
RL-s14-b300-a1.00,BTO-s1-b300,20004,0.75
RL-s14-b300-a1.00,BTO-s1-b300,20005,1.0
RL-s14-b300-a1.00,BTO-s1-b300,20006,1.0
RL-s14-b300-a1.00,BTO-s1-b300,20007,0.5
RL-s14-b300-a1.00,BTO-s1-b300,20008,0.5
RL-s14-b300-a1.00,BTO-s1-b300,20009,1.0
RL-s14-b300-a1.00,BTO-s1-b300,20010,1.0
RL-s14-b300-a1.00,BTO-s1-b300,20011,0.5
RL-s14-b300-a1.00,BTO-s1-b300,20012,0.75
RL-s14-b300-a1.00,BTO-s1-b300,20013,0.25
RL-s14-b300-a1.00,BTO-s1-b300,20014,0.75
RL-s14-b300-a1.00,BTO-s1-b300,20015,0.75
RL-s14-b300-a1.00,BTO-s1-b300,20016,1.0
RL-s14-b300-a1.00,BTO-s1-b300,20017,0.5
RL-s14-b300-a1.00,BTO-s1-b300,20018,0.25
RL-s14-b300-a1.00,BTO-s1-b300,20019,0.75
RL-s14-b300-a1.00,BTO-s1-b300,20020,0.75
RL-s14-b300-a1.00,BTO-s1-b300,20021,0.25
RL-s14-b300-a1.00,BTO-s1-b300,20022,0.5
RL-s14-b300-a1.00,BTO-s1-b300,20023,1.0
RL-s14-b300-a1.00,BTO-s1-b300,20024,0.5
RL-s14-b300-a1.00,BTO-s1-b300,20025,1.0
RL-s14-b300-a1.00,BTO-s1-b300,20026,0.5
RL-s14-b300-a1.00,BTO-s1-b300,20027,0.75
RL-s14-b300-a1.00,BTO-s1-b300,20028,0.25
RL-s14-b300-a1.00,BTO-s1-b300,20029,0.5
RL-s14-b300-a1.00,BTO-s2-b300,20000,0.75
RL-s14-b300-a1.00,BTO-s2-b300,20001,0.5
RL-s14-b300-a1.00,BTO-s2-b300,20002,0.5
RL-s14-b300-a1.00,BTO-s2-b300,20003,0.25
RL-s14-b300-a1.00,BTO-s2-b300,20004,0.75
RL-s14-b300-a1.00,BTO-s2-b300,20005,1.0
RL-s14-b300-a1.00,BTO-s2-b300,20006,0.75
RL-s14-b300-a1.00,BTO-s2-b300,20007,0.75
RL-s14-b300-a1.00,BTO-s2-b300,20008,0.5
RL-s14-b300-a1.00,BTO-s2-b300,20009,0.25
RL-s14-b300-a1.00,BTO-s2-b300,20010,0.75
RL-s14-b300-a1.00,BTO-s2-b300,20011,0.5
RL-s14-b300-a1.00,BTO-s2-b300,20012,0.5
RL-s14-b300-a1.00,BTO-s2-b300,20013,0.5
RL-s14-b300-a1.00,BTO-s2-b300,20014,0.5
RL-s14-b300-a1.00,BTO-s2-b300,20015,0.75
RL-s14-b300-a1.00,BTO-s2-b300,20016,0.75
RL-s14-b300-a1.00,BTO-s2-b300,20017,0.75
RL-s14-b300-a1.00,BTO-s2-b300,20018,0.5
RL-s14-b300-a1.00,BTO-s2-b300,20019,0.5
RL-s14-b300-a1.00,BTO-s2-b300,20020,0.75
RL-s14-b300-a1.00,BTO-s2-b300,20021,0.25
RL-s14-b300-a1.00,BTO-s2-b300,20022,0.25
RL-s14-b300-a1.00,BTO-s2-b300,20023,1.0
RL-s14-b300-a1.00,BTO-s2-b300,20024,0.75
RL-s14-b300-a1.00,BTO-s2-b300,20025,0.75
RL-s14-b300-a1.00,BTO-s2-b300,20026,0.75
RL-s14-b300-a1.00,BTO-s2-b300,20027,0.75
RL-s14-b300-a1.00,BTO-s2-b300,20028,0.25
RL-s14-b300-a1.00,BTO-s2-b300,20029,0.5
RL-s14-b300-a1.00,POOL-s0-b1000,20000,0.5
RL-s14-b300-a1.00,POOL-s0-b1000,20001,0.5
RL-s14-b300-a1.00,POOL-s0-b1000,20002,0.25
RL-s14-b300-a1.00,POOL-s0-b1000,20003,0.25
RL-s14-b300-a1.00,POOL-s0-b1000,20004,0.75
RL-s14-b300-a1.00,POOL-s0-b1000,20005,0.5
RL-s14-b300-a1.00,POOL-s0-b1000,20006,0.75
RL-s14-b300-a1.00,POOL-s0-b1000,20007,0.5
RL-s14-b300-a1.00,POOL-s0-b1000,20008,0.25
RL-s14-b300-a1.00,POOL-s0-b1000,20009,0.5
RL-s14-b300-a1.00,POOL-s0-b1000,20010,0.25
RL-s14-b300-a1.00,POOL-s0-b1000,20011,1.0
RL-s14-b300-a1.00,POOL-s0-b1000,20012,0.5
RL-s14-b300-a1.00,POOL-s0-b1000,20013,0.75
RL-s14-b300-a1.00,POOL-s0-b1000,20014,0.25
RL-s14-b300-a1.00,POOL-s0-b1000,20015,0.5
RL-s14-b300-a1.00,POOL-s0-b1000,20016,0.5
RL-s14-b300-a1.00,POOL-s0-b1000,20017,0.5
RL-s14-b300-a1.00,POOL-s0-b1000,20018,0.5
RL-s14-b300-a1.00,POOL-s0-b1000,20019,0.5
RL-s14-b300-a1.00,POOL-s0-b1000,20020,0.75
RL-s14-b300-a1.00,POOL-s0-b1000,20021,0.75
RL-s14-b300-a1.00,POOL-s0-b1000,20022,0.25
RL-s14-b300-a1.00,POOL-s0-b1000,20023,0.5
RL-s14-b300-a1.00,POOL-s0-b1000,20024,0.5
RL-s14-b300-a1.00,POOL-s0-b1000,20025,0.5
RL-s14-b300-a1.00,POOL-s0-b1000,20026,0.5
RL-s14-b300-a1.00,POOL-s0-b1000,20027,0.25
RL-s14-b300-a1.00,POOL-s0-b1000,20028,0.5
RL-s14-b300-a1.00,POOL-s0-b1000,20029,0.5
RL-s14-b300-a1.00,POOL-s1-b1000,20000,0.5
RL-s14-b300-a1.00,POOL-s1-b1000,20001,0.25
RL-s14-b300-a1.00,POOL-s1-b1000,20002,0.25
RL-s14-b300-a1.00,POOL-s1-b1000,20003,0.5
RL-s14-b300-a1.00,POOL-s1-b1000,20004,0.25
RL-s14-b300-a1.00,POOL-s1-b1000,20005,0.25
RL-s14-b300-a1.00,POOL-s1-b1000,20006,0.25
RL-s14-b300-a1.00,POOL-s1-b1000,20007,0.5
RL-s14-b300-a1.00,POOL-s1-b1000,20008,0.25
RL-s14-b300-a1.00,POOL-s1-b1000,20009,0.5
RL-s14-b300-a1.00,POOL-s1-b1000,20010,0.25
RL-s14-b300-a1.00,POOL-s1-b1000,20011,0.5
RL-s14-b300-a1.00,POOL-s1-b1000,20012,0.5
RL-s14-b300-a1.00,POOL-s1-b1000,20013,0.5
RL-s14-b300-a1.00,POOL-s1-b1000,20014,0.5
RL-s14-b300-a1.00,POOL-s1-b1000,20015,0.5
RL-s14-b300-a1.00,POOL-s1-b1000,20016,0.5
RL-s14-b300-a1.00,POOL-s1-b1000,20017,0.5
RL-s14-b300-a1.00,POOL-s1-b1000,20018,0.5
RL-s14-b300-a1.00,POOL-s1-b1000,20019,0.5
RL-s14-b300-a1.00,POOL-s1-b1000,20020,0.25
RL-s14-b300-a1.00,POOL-s1-b1000,20021,0.25
RL-s14-b300-a1.00,POOL-s1-b1000,20022,0.25
RL-s14-b300-a1.00,POOL-s1-b1000,20023,0.5
RL-s14-b300-a1.00,POOL-s1-b1000,20024,0.5
RL-s14-b300-a1.00,POOL-s1-b1000,20025,0.5
RL-s14-b300-a1.00,POOL-s1-b1000,20026,0.5
RL-s14-b300-a1.00,POOL-s1-b1000,20027,0.25
RL-s14-b300-a1.00,POOL-s1-b1000,20028,0.25
RL-s14-b300-a1.00,POOL-s1-b1000,20029,0.5
RL-s14-b300-a1.00,POOL-s2-b1000,20000,0.5
RL-s14-b300-a1.00,POOL-s2-b1000,20001,1.0
RL-s14-b300-a1.00,POOL-s2-b1000,20002,0.75
RL-s14-b300-a1.00,POOL-s2-b1000,20003,0.25
RL-s14-b300-a1.00,POOL-s2-b1000,20004,0.25
RL-s14-b300-a1.00,POOL-s2-b1000,20005,0.75
RL-s14-b300-a1.00,POOL-s2-b1000,20006,0.25
RL-s14-b300-a1.00,POOL-s2-b1000,20007,1.0
RL-s14-b300-a1.00,POOL-s2-b1000,20008,0.25
RL-s14-b300-a1.00,POOL-s2-b1000,20009,0.75
RL-s14-b300-a1.00,POOL-s2-b1000,20010,0.5
RL-s14-b300-a1.00,POOL-s2-b1000,20011,0.5
RL-s14-b300-a1.00,POOL-s2-b1000,20012,0.5
RL-s14-b300-a1.00,POOL-s2-b1000,20013,0.25
RL-s14-b300-a1.00,POOL-s2-b1000,20014,0.25
RL-s14-b300-a1.00,POOL-s2-b1000,20015,0.5
RL-s14-b300-a1.00,POOL-s2-b1000,20016,0.5
RL-s14-b300-a1.00,POOL-s2-b1000,20017,0.5
RL-s14-b300-a1.00,POOL-s2-b1000,20018,0.5
RL-s14-b300-a1.00,POOL-s2-b1000,20019,0.5
RL-s14-b300-a1.00,POOL-s2-b1000,20020,0.25
RL-s14-b300-a1.00,POOL-s2-b1000,20021,0.0
RL-s14-b300-a1.00,POOL-s2-b1000,20022,0.25
RL-s14-b300-a1.00,POOL-s2-b1000,20023,0.5
RL-s14-b300-a1.00,POOL-s2-b1000,20024,0.5
RL-s14-b300-a1.00,POOL-s2-b1000,20025,0.5
RL-s14-b300-a1.00,POOL-s2-b1000,20026,0.75
RL-s14-b300-a1.00,POOL-s2-b1000,20027,0.25
RL-s14-b300-a1.00,POOL-s2-b1000,20028,0.25
RL-s14-b300-a1.00,POOL-s2-b1000,20029,0.0
RL-s14-b300-a1.00,POOL-s3-b1000,20000,0.5
RL-s14-b300-a1.00,POOL-s3-b1000,20001,0.25
RL-s14-b300-a1.00,POOL-s3-b1000,20002,0.25
RL-s14-b300-a1.00,POOL-s3-b1000,20003,0.25
RL-s14-b300-a1.00,POOL-s3-b1000,20004,0.25
RL-s14-b300-a1.00,POOL-s3-b1000,20005,0.25
RL-s14-b300-a1.00,POOL-s3-b1000,20006,0.5
RL-s14-b300-a1.00,POOL-s3-b1000,20007,0.5
RL-s14-b300-a1.00,POOL-s3-b1000,20008,0.25
RL-s14-b300-a1.00,POOL-s3-b1000,20009,0.5
RL-s14-b300-a1.00,POOL-s3-b1000,20010,0.25
RL-s14-b300-a1.00,POOL-s3-b1000,20011,0.0
RL-s14-b300-a1.00,POOL-s3-b1000,20012,0.25
RL-s14-b300-a1.00,POOL-s3-b1000,20013,0.25
RL-s14-b300-a1.00,POOL-s3-b1000,20014,0.25
RL-s14-b300-a1.00,POOL-s3-b1000,20015,0.5
RL-s14-b300-a1.00,POOL-s3-b1000,20016,0.5
RL-s14-b300-a1.00,POOL-s3-b1000,20017,0.5
RL-s14-b300-a1.00,POOL-s3-b1000,20018,0.5
RL-s14-b300-a1.00,POOL-s3-b1000,20019,0.0
RL-s14-b300-a1.00,POOL-s3-b1000,20020,0.25
RL-s14-b300-a1.00,POOL-s3-b1000,20021,0.0
RL-s14-b300-a1.00,POOL-s3-b1000,20022,0.25
RL-s14-b300-a1.00,POOL-s3-b1000,20023,0.5
RL-s14-b300-a1.00,POOL-s3-b1000,20024,0.5
RL-s14-b300-a1.00,POOL-s3-b1000,20025,0.5
RL-s14-b300-a1.00,POOL-s3-b1000,20026,0.5
RL-s14-b300-a1.00,POOL-s3-b1000,20027,0.25
RL-s14-b300-a1.00,POOL-s3-b1000,20028,0.5
RL-s14-b300-a1.00,POOL-s3-b1000,20029,0.0
RL-s14-b300-a1.00,POOL-s4-b1000,20000,0.5
RL-s14-b300-a1.00,POOL-s4-b1000,20001,0.25
RL-s14-b300-a1.00,POOL-s4-b1000,20002,0.75
RL-s14-b300-a1.00,POOL-s4-b1000,20003,0.25
RL-s14-b300-a1.00,POOL-s4-b1000,20004,0.25
RL-s14-b300-a1.00,POOL-s4-b1000,20005,0.5
RL-s14-b300-a1.00,POOL-s4-b1000,20006,0.5
RL-s14-b300-a1.00,POOL-s4-b1000,20007,0.5
RL-s14-b300-a1.00,POOL-s4-b1000,20008,0.25
RL-s14-b300-a1.00,POOL-s4-b1000,20009,0.5
RL-s14-b300-a1.00,POOL-s4-b1000,20010,0.25
RL-s14-b300-a1.00,POOL-s4-b1000,20011,0.5
RL-s14-b300-a1.00,POOL-s4-b1000,20012,0.5
RL-s14-b300-a1.00,POOL-s4-b1000,20013,0.25
RL-s14-b300-a1.00,POOL-s4-b1000,20014,0.25
RL-s14-b300-a1.00,POOL-s4-b1000,20015,0.5
RL-s14-b300-a1.00,POOL-s4-b1000,20016,0.5
RL-s14-b300-a1.00,POOL-s4-b1000,20017,0.5
RL-s14-b300-a1.00,POOL-s4-b1000,20018,0.5
RL-s14-b300-a1.00,POOL-s4-b1000,20019,0.5
RL-s14-b300-a1.00,POOL-s4-b1000,20020,0.25
RL-s14-b300-a1.00,POOL-s4-b1000,20021,0.0
RL-s14-b300-a1.00,POOL-s4-b1000,20022,0.25
RL-s14-b300-a1.00,POOL-s4-b1000,20023,0.5
RL-s14-b300-a1.00,POOL-s4-b1000,20024,0.5
RL-s14-b300-a1.00,POOL-s4-b1000,20025,0.5
RL-s14-b300-a1.00,POOL-s4-b1000,20026,0.5
RL-s14-b300-a1.00,POOL-s4-b1000,20027,0.25
RL-s14-b300-a1.00,POOL-s4-b1000,20028,0.25
RL-s14-b300-a1.00,POOL-s4-b1000,20029,0.25
RL-s15-b300-a1.00,RL-s16-b300-a1.00,20000,0.75
RL-s15-b300-a1.00,RL-s16-b300-a1.00,20001,0.75
RL-s15-b300-a1.00,RL-s16-b300-a1.00,20002,0.5
RL-s15-b300-a1.00,RL-s16-b300-a1.00,20003,0.5
RL-s15-b300-a1.00,RL-s16-b300-a1.00,20004,0.5
RL-s15-b300-a1.00,RL-s16-b300-a1.00,20005,0.75
RL-s15-b300-a1.00,RL-s16-b300-a1.00,20006,0.5
RL-s15-b300-a1.00,RL-s16-b300-a1.00,20007,0.25
RL-s15-b300-a1.00,RL-s16-b300-a1.00,20008,0.25
RL-s15-b300-a1.00,RL-s16-b300-a1.00,20009,0.5
RL-s15-b300-a1.00,RL-s16-b300-a1.00,20010,0.5
RL-s15-b300-a1.00,RL-s16-b300-a1.00,20011,0.5
RL-s15-b300-a1.00,RL-s16-b300-a1.00,20012,0.5
RL-s15-b300-a1.00,RL-s16-b300-a1.00,20013,0.5
RL-s15-b300-a1.00,RL-s16-b300-a1.00,20014,0.5
RL-s15-b300-a1.00,RL-s16-b300-a1.00,20015,0.25
RL-s15-b300-a1.00,RL-s16-b300-a1.00,20016,0.5
RL-s15-b300-a1.00,RL-s16-b300-a1.00,20017,0.5
RL-s15-b300-a1.00,RL-s16-b300-a1.00,20018,0.5
RL-s15-b300-a1.00,RL-s16-b300-a1.00,20019,0.75
RL-s15-b300-a1.00,RL-s16-b300-a1.00,20020,0.5
RL-s15-b300-a1.00,RL-s16-b300-a1.00,20021,0.75
RL-s15-b300-a1.00,RL-s16-b300-a1.00,20022,0.5
RL-s15-b300-a1.00,RL-s16-b300-a1.00,20023,0.25
RL-s15-b300-a1.00,RL-s16-b300-a1.00,20024,0.5
RL-s15-b300-a1.00,RL-s16-b300-a1.00,20025,0.75
RL-s15-b300-a1.00,RL-s16-b300-a1.00,20026,0.75
RL-s15-b300-a1.00,RL-s16-b300-a1.00,20027,0.5
RL-s15-b300-a1.00,RL-s16-b300-a1.00,20028,0.75
RL-s15-b300-a1.00,RL-s16-b300-a1.00,20029,0.5
RL-s15-b300-a1.00,RL-s17-b300-a1.00,20000,0.5
RL-s15-b300-a1.00,RL-s17-b300-a1.00,20001,0.5
RL-s15-b300-a1.00,RL-s17-b300-a1.00,20002,0.25
RL-s15-b300-a1.00,RL-s17-b300-a1.00,20003,0.5
RL-s15-b300-a1.00,RL-s17-b300-a1.00,20004,0.5
RL-s15-b300-a1.00,RL-s17-b300-a1.00,20005,0.5
RL-s15-b300-a1.00,RL-s17-b300-a1.00,20006,0.5
RL-s15-b300-a1.00,RL-s17-b300-a1.00,20007,0.5
RL-s15-b300-a1.00,RL-s17-b300-a1.00,20008,0.5
RL-s15-b300-a1.00,RL-s17-b300-a1.00,20009,0.5
RL-s15-b300-a1.00,RL-s17-b300-a1.00,20010,0.5
RL-s15-b300-a1.00,RL-s17-b300-a1.00,20011,0.5
RL-s15-b300-a1.00,RL-s17-b300-a1.00,20012,0.75
RL-s15-b300-a1.00,RL-s17-b300-a1.00,20013,0.5
RL-s15-b300-a1.00,RL-s17-b300-a1.00,20014,0.5
RL-s15-b300-a1.00,RL-s17-b300-a1.00,20015,0.5
RL-s15-b300-a1.00,RL-s17-b300-a1.00,20016,0.5
RL-s15-b300-a1.00,RL-s17-b300-a1.00,20017,0.5
RL-s15-b300-a1.00,RL-s17-b300-a1.00,20018,0.5
RL-s15-b300-a1.00,RL-s17-b300-a1.00,20019,0.5
RL-s15-b300-a1.00,RL-s17-b300-a1.00,20020,0.5
RL-s15-b300-a1.00,RL-s17-b300-a1.00,20021,0.5
RL-s15-b300-a1.00,RL-s17-b300-a1.00,20022,0.5
RL-s15-b300-a1.00,RL-s17-b300-a1.00,20023,0.5
RL-s15-b300-a1.00,RL-s17-b300-a1.00,20024,0.5
RL-s15-b300-a1.00,RL-s17-b300-a1.00,20025,0.5
RL-s15-b300-a1.00,RL-s17-b300-a1.00,20026,0.5
RL-s15-b300-a1.00,RL-s17-b300-a1.00,20027,0.5
RL-s15-b300-a1.00,RL-s17-b300-a1.00,20028,0.5
RL-s15-b300-a1.00,RL-s17-b300-a1.00,20029,0.5
RL-s15-b300-a1.00,RL-s18-b300-a1.00,20000,0.5
RL-s15-b300-a1.00,RL-s18-b300-a1.00,20001,0.25
RL-s15-b300-a1.00,RL-s18-b300-a1.00,20002,0.5
RL-s15-b300-a1.00,RL-s18-b300-a1.00,20003,0.5
RL-s15-b300-a1.00,RL-s18-b300-a1.00,20004,0.5
RL-s15-b300-a1.00,RL-s18-b300-a1.00,20005,0.75
RL-s15-b300-a1.00,RL-s18-b300-a1.00,20006,0.5
RL-s15-b300-a1.00,RL-s18-b300-a1.00,20007,0.5
RL-s15-b300-a1.00,RL-s18-b300-a1.00,20008,0.5
RL-s15-b300-a1.00,RL-s18-b300-a1.00,20009,0.25
RL-s15-b300-a1.00,RL-s18-b300-a1.00,20010,0.5
RL-s15-b300-a1.00,RL-s18-b300-a1.00,20011,0.75
RL-s15-b300-a1.00,RL-s18-b300-a1.00,20012,0.5
RL-s15-b300-a1.00,RL-s18-b300-a1.00,20013,0.5
RL-s15-b300-a1.00,RL-s18-b300-a1.00,20014,0.5
RL-s15-b300-a1.00,RL-s18-b300-a1.00,20015,0.5
RL-s15-b300-a1.00,RL-s18-b300-a1.00,20016,0.75
RL-s15-b300-a1.00,RL-s18-b300-a1.00,20017,0.5
RL-s15-b300-a1.00,RL-s18-b300-a1.00,20018,0.5
RL-s15-b300-a1.00,RL-s18-b300-a1.00,20019,0.75
RL-s15-b300-a1.00,RL-s18-b300-a1.00,20020,0.5
RL-s15-b300-a1.00,RL-s18-b300-a1.00,20021,0.5
RL-s15-b300-a1.00,RL-s18-b300-a1.00,20022,0.5
RL-s15-b300-a1.00,RL-s18-b300-a1.00,20023,0.75
RL-s15-b300-a1.00,RL-s18-b300-a1.00,20024,0.5
RL-s15-b300-a1.00,RL-s18-b300-a1.00,20025,0.5
RL-s15-b300-a1.00,RL-s18-b300-a1.00,20026,0.75
RL-s15-b300-a1.00,RL-s18-b300-a1.00,20027,0.5
RL-s15-b300-a1.00,RL-s18-b300-a1.00,20028,0.5
RL-s15-b300-a1.00,RL-s18-b300-a1.00,20029,0.75
RL-s15-b300-a1.00,RL-s19-b300-a1.00,20000,0.5
RL-s15-b300-a1.00,RL-s19-b300-a1.00,20001,0.25
RL-s15-b300-a1.00,RL-s19-b300-a1.00,20002,0.75
RL-s15-b300-a1.00,RL-s19-b300-a1.00,20003,0.25
RL-s15-b300-a1.00,RL-s19-b300-a1.00,20004,0.5
RL-s15-b300-a1.00,RL-s19-b300-a1.00,20005,0.25
RL-s15-b300-a1.00,RL-s19-b300-a1.00,20006,0.5
RL-s15-b300-a1.00,RL-s19-b300-a1.00,20007,0.25
RL-s15-b300-a1.00,RL-s19-b300-a1.00,20008,0.0
RL-s15-b300-a1.00,RL-s19-b300-a1.00,20009,0.75
RL-s15-b300-a1.00,RL-s19-b300-a1.00,20010,0.25
RL-s15-b300-a1.00,RL-s19-b300-a1.00,20011,0.5
RL-s15-b300-a1.00,RL-s19-b300-a1.00,20012,0.5
RL-s15-b300-a1.00,RL-s19-b300-a1.00,20013,0.5
RL-s15-b300-a1.00,RL-s19-b300-a1.00,20014,0.5
RL-s15-b300-a1.00,RL-s19-b300-a1.00,20015,0.5
RL-s15-b300-a1.00,RL-s19-b300-a1.00,20016,0.5
RL-s15-b300-a1.00,RL-s19-b300-a1.00,20017,0.5
RL-s15-b300-a1.00,RL-s19-b300-a1.00,20018,0.5
RL-s15-b300-a1.00,RL-s19-b300-a1.00,20019,0.5
RL-s15-b300-a1.00,RL-s19-b300-a1.00,20020,0.5
RL-s15-b300-a1.00,RL-s19-b300-a1.00,20021,0.25
RL-s15-b300-a1.00,RL-s19-b300-a1.00,20022,0.5
RL-s15-b300-a1.00,RL-s19-b300-a1.00,20023,0.5
RL-s15-b300-a1.00,RL-s19-b300-a1.00,20024,0.5
RL-s15-b300-a1.00,RL-s19-b300-a1.00,20025,0.5
RL-s15-b300-a1.00,RL-s19-b300-a1.00,20026,0.25
RL-s15-b300-a1.00,RL-s19-b300-a1.00,20027,0.5
RL-s15-b300-a1.00,RL-s19-b300-a1.00,20028,0.5
RL-s15-b300-a1.00,RL-s19-b300-a1.00,20029,0.5
RL-s15-b300-a1.00,RL-s1-b300-a1.00,20000,0.75
RL-s15-b300-a1.00,RL-s1-b300-a1.00,20001,0.5
RL-s15-b300-a1.00,RL-s1-b300-a1.00,20002,0.75
RL-s15-b300-a1.00,RL-s1-b300-a1.00,20003,0.5
RL-s15-b300-a1.00,RL-s1-b300-a1.00,20004,0.5
RL-s15-b300-a1.00,RL-s1-b300-a1.00,20005,0.5
RL-s15-b300-a1.00,RL-s1-b300-a1.00,20006,0.5
RL-s15-b300-a1.00,RL-s1-b300-a1.00,20007,0.5
RL-s15-b300-a1.00,RL-s1-b300-a1.00,20008,0.25
RL-s15-b300-a1.00,RL-s1-b300-a1.00,20009,0.5
RL-s15-b300-a1.00,RL-s1-b300-a1.00,20010,0.5
RL-s15-b300-a1.00,RL-s1-b300-a1.00,20011,0.5
RL-s15-b300-a1.00,RL-s1-b300-a1.00,20012,0.5
RL-s15-b300-a1.00,RL-s1-b300-a1.00,20013,0.5
RL-s15-b300-a1.00,RL-s1-b300-a1.00,20014,0.5
RL-s15-b300-a1.00,RL-s1-b300-a1.00,20015,0.5
RL-s15-b300-a1.00,RL-s1-b300-a1.00,20016,0.25
RL-s15-b300-a1.00,RL-s1-b300-a1.00,20017,0.5
RL-s15-b300-a1.00,RL-s1-b300-a1.00,20018,0.5
RL-s15-b300-a1.00,RL-s1-b300-a1.00,20019,0.5
RL-s15-b300-a1.00,RL-s1-b300-a1.00,20020,0.25
RL-s15-b300-a1.00,RL-s1-b300-a1.00,20021,0.5
RL-s15-b300-a1.00,RL-s1-b300-a1.00,20022,0.5
RL-s15-b300-a1.00,RL-s1-b300-a1.00,20023,0.5
RL-s15-b300-a1.00,RL-s1-b300-a1.00,20024,0.5
RL-s15-b300-a1.00,RL-s1-b300-a1.00,20025,0.5
RL-s15-b300-a1.00,RL-s1-b300-a1.00,20026,0.5
RL-s15-b300-a1.00,RL-s1-b300-a1.00,20027,0.5
RL-s15-b300-a1.00,RL-s1-b300-a1.00,20028,0.5
RL-s15-b300-a1.00,RL-s1-b300-a1.00,20029,0.5
RL-s15-b300-a1.00,RL-s2-b300-a1.00,20000,0.5
RL-s15-b300-a1.00,RL-s2-b300-a1.00,20001,0.5
RL-s15-b300-a1.00,RL-s2-b300-a1.00,20002,0.5
RL-s15-b300-a1.00,RL-s2-b300-a1.00,20003,0.75
RL-s15-b300-a1.00,RL-s2-b300-a1.00,20004,0.5
RL-s15-b300-a1.00,RL-s2-b300-a1.00,20005,0.75
RL-s15-b300-a1.00,RL-s2-b300-a1.00,20006,0.25
RL-s15-b300-a1.00,RL-s2-b300-a1.00,20007,0.5
RL-s15-b300-a1.00,RL-s2-b300-a1.00,20008,0.75
RL-s15-b300-a1.00,RL-s2-b300-a1.00,20009,0.5
RL-s15-b300-a1.00,RL-s2-b300-a1.00,20010,0.25
RL-s15-b300-a1.00,RL-s2-b300-a1.00,20011,0.5
RL-s15-b300-a1.00,RL-s2-b300-a1.00,20012,0.5
RL-s15-b300-a1.00,RL-s2-b300-a1.00,20013,0.5
RL-s15-b300-a1.00,RL-s2-b300-a1.00,20014,0.5
RL-s15-b300-a1.00,RL-s2-b300-a1.00,20015,0.5
RL-s15-b300-a1.00,RL-s2-b300-a1.00,20016,0.25
RL-s15-b300-a1.00,RL-s2-b300-a1.00,20017,0.25
RL-s15-b300-a1.00,RL-s2-b300-a1.00,20018,0.25
RL-s15-b300-a1.00,RL-s2-b300-a1.00,20019,0.5
RL-s15-b300-a1.00,RL-s2-b300-a1.00,20020,0.5
RL-s15-b300-a1.00,RL-s2-b300-a1.00,20021,0.5
RL-s15-b300-a1.00,RL-s2-b300-a1.00,20022,0.5
RL-s15-b300-a1.00,RL-s2-b300-a1.00,20023,0.5
RL-s15-b300-a1.00,RL-s2-b300-a1.00,20024,0.5
RL-s15-b300-a1.00,RL-s2-b300-a1.00,20025,0.25
RL-s15-b300-a1.00,RL-s2-b300-a1.00,20026,0.5
RL-s15-b300-a1.00,RL-s2-b300-a1.00,20027,0.5
RL-s15-b300-a1.00,RL-s2-b300-a1.00,20028,0.5
RL-s15-b300-a1.00,RL-s2-b300-a1.00,20029,0.5
RL-s15-b300-a1.00,RL-s3-b300-a1.00,20000,0.5
RL-s15-b300-a1.00,RL-s3-b300-a1.00,20001,0.5
RL-s15-b300-a1.00,RL-s3-b300-a1.00,20002,0.25
RL-s15-b300-a1.00,RL-s3-b300-a1.00,20003,0.5
RL-s15-b300-a1.00,RL-s3-b300-a1.00,20004,0.5
RL-s15-b300-a1.00,RL-s3-b300-a1.00,20005,0.5
RL-s15-b300-a1.00,RL-s3-b300-a1.00,20006,0.5
RL-s15-b300-a1.00,RL-s3-b300-a1.00,20007,0.25
RL-s15-b300-a1.00,RL-s3-b300-a1.00,20008,0.5
RL-s15-b300-a1.00,RL-s3-b300-a1.00,20009,0.25
RL-s15-b300-a1.00,RL-s3-b300-a1.00,20010,0.5
RL-s15-b300-a1.00,RL-s3-b300-a1.00,20011,0.75
RL-s15-b300-a1.00,RL-s3-b300-a1.00,20012,0.75
RL-s15-b300-a1.00,RL-s3-b300-a1.00,20013,0.5
RL-s15-b300-a1.00,RL-s3-b300-a1.00,20014,0.5
RL-s15-b300-a1.00,RL-s3-b300-a1.00,20015,0.5
RL-s15-b300-a1.00,RL-s3-b300-a1.00,20016,0.5
RL-s15-b300-a1.00,RL-s3-b300-a1.00,20017,0.25
RL-s15-b300-a1.00,RL-s3-b300-a1.00,20018,0.5
RL-s15-b300-a1.00,RL-s3-b300-a1.00,20019,0.75
RL-s15-b300-a1.00,RL-s3-b300-a1.00,20020,0.5
RL-s15-b300-a1.00,RL-s3-b300-a1.00,20021,0.5
RL-s15-b300-a1.00,RL-s3-b300-a1.00,20022,0.5
RL-s15-b300-a1.00,RL-s3-b300-a1.00,20023,0.5
RL-s15-b300-a1.00,RL-s3-b300-a1.00,20024,0.5
RL-s15-b300-a1.00,RL-s3-b300-a1.00,20025,0.5
RL-s15-b300-a1.00,RL-s3-b300-a1.00,20026,0.5
RL-s15-b300-a1.00,RL-s3-b300-a1.00,20027,0.5
RL-s15-b300-a1.00,RL-s3-b300-a1.00,20028,0.5
RL-s15-b300-a1.00,RL-s3-b300-a1.00,20029,0.75
RL-s15-b300-a1.00,RL-s4-b300-a1.00,20000,0.5
RL-s15-b300-a1.00,RL-s4-b300-a1.00,20001,0.5
RL-s15-b300-a1.00,RL-s4-b300-a1.00,20002,0.5
RL-s15-b300-a1.00,RL-s4-b300-a1.00,20003,0.75
RL-s15-b300-a1.00,RL-s4-b300-a1.00,20004,0.5
RL-s15-b300-a1.00,RL-s4-b300-a1.00,20005,0.25
RL-s15-b300-a1.00,RL-s4-b300-a1.00,20006,0.5
RL-s15-b300-a1.00,RL-s4-b300-a1.00,20007,0.25
RL-s15-b300-a1.00,RL-s4-b300-a1.00,20008,0.25
RL-s15-b300-a1.00,RL-s4-b300-a1.00,20009,0.5
RL-s15-b300-a1.00,RL-s4-b300-a1.00,20010,0.25
RL-s15-b300-a1.00,RL-s4-b300-a1.00,20011,0.5
RL-s15-b300-a1.00,RL-s4-b300-a1.00,20012,0.25
RL-s15-b300-a1.00,RL-s4-b300-a1.00,20013,0.25
RL-s15-b300-a1.00,RL-s4-b300-a1.00,20014,0.5
RL-s15-b300-a1.00,RL-s4-b300-a1.00,20015,0.5
RL-s15-b300-a1.00,RL-s4-b300-a1.00,20016,0.5
RL-s15-b300-a1.00,RL-s4-b300-a1.00,20017,0.5
RL-s15-b300-a1.00,RL-s4-b300-a1.00,20018,0.5
RL-s15-b300-a1.00,RL-s4-b300-a1.00,20019,0.25
RL-s15-b300-a1.00,RL-s4-b300-a1.00,20020,0.25
RL-s15-b300-a1.00,RL-s4-b300-a1.00,20021,0.5
RL-s15-b300-a1.00,RL-s4-b300-a1.00,20022,0.5
RL-s15-b300-a1.00,RL-s4-b300-a1.00,20023,0.5
RL-s15-b300-a1.00,RL-s4-b300-a1.00,20024,0.5
RL-s15-b300-a1.00,RL-s4-b300-a1.00,20025,0.5
RL-s15-b300-a1.00,RL-s4-b300-a1.00,20026,0.5
RL-s15-b300-a1.00,RL-s4-b300-a1.00,20027,0.5
RL-s15-b300-a1.00,RL-s4-b300-a1.00,20028,0.5
RL-s15-b300-a1.00,RL-s4-b300-a1.00,20029,0.5
RL-s15-b300-a1.00,RL-s5-b300-a1.00,20000,0.5
RL-s15-b300-a1.00,RL-s5-b300-a1.00,20001,0.5
RL-s15-b300-a1.00,RL-s5-b300-a1.00,20002,0.75
RL-s15-b300-a1.00,RL-s5-b300-a1.00,20003,0.75
RL-s15-b300-a1.00,RL-s5-b300-a1.00,20004,0.5
RL-s15-b300-a1.00,RL-s5-b300-a1.00,20005,0.5
RL-s15-b300-a1.00,RL-s5-b300-a1.00,20006,0.75
RL-s15-b300-a1.00,RL-s5-b300-a1.00,20007,0.75
RL-s15-b300-a1.00,RL-s5-b300-a1.00,20008,0.5
RL-s15-b300-a1.00,RL-s5-b300-a1.00,20009,0.25
RL-s15-b300-a1.00,RL-s5-b300-a1.00,20010,0.5
RL-s15-b300-a1.00,RL-s5-b300-a1.00,20011,0.5
RL-s15-b300-a1.00,RL-s5-b300-a1.00,20012,0.5
RL-s15-b300-a1.00,RL-s5-b300-a1.00,20013,0.5
RL-s15-b300-a1.00,RL-s5-b300-a1.00,20014,0.5
RL-s15-b300-a1.00,RL-s5-b300-a1.00,20015,0.5
RL-s15-b300-a1.00,RL-s5-b300-a1.00,20016,0.25
RL-s15-b300-a1.00,RL-s5-b300-a1.00,20017,0.5
RL-s15-b300-a1.00,RL-s5-b300-a1.00,20018,0.25
RL-s15-b300-a1.00,RL-s5-b300-a1.00,20019,0.75
RL-s15-b300-a1.00,RL-s5-b300-a1.00,20020,0.5
RL-s15-b300-a1.00,RL-s5-b300-a1.00,20021,0.25
RL-s15-b300-a1.00,RL-s5-b300-a1.00,20022,0.75
RL-s15-b300-a1.00,RL-s5-b300-a1.00,20023,0.5
RL-s15-b300-a1.00,RL-s5-b300-a1.00,20024,0.5
RL-s15-b300-a1.00,RL-s5-b300-a1.00,20025,0.5
RL-s15-b300-a1.00,RL-s5-b300-a1.00,20026,0.75
RL-s15-b300-a1.00,RL-s5-b300-a1.00,20027,0.75
RL-s15-b300-a1.00,RL-s5-b300-a1.00,20028,0.5
RL-s15-b300-a1.00,RL-s5-b300-a1.00,20029,0.5
RL-s15-b300-a1.00,RL-s6-b300-a1.00,20000,0.5
RL-s15-b300-a1.00,RL-s6-b300-a1.00,20001,0.5
RL-s15-b300-a1.00,RL-s6-b300-a1.00,20002,0.25
RL-s15-b300-a1.00,RL-s6-b300-a1.00,20003,0.5
RL-s15-b300-a1.00,RL-s6-b300-a1.00,20004,0.5
RL-s15-b300-a1.00,RL-s6-b300-a1.00,20005,0.25
RL-s15-b300-a1.00,RL-s6-b300-a1.00,20006,0.25
RL-s15-b300-a1.00,RL-s6-b300-a1.00,20007,0.25
RL-s15-b300-a1.00,RL-s6-b300-a1.00,20008,0.25
RL-s15-b300-a1.00,RL-s6-b300-a1.00,20009,0.75
RL-s15-b300-a1.00,RL-s6-b300-a1.00,20010,0.5
RL-s15-b300-a1.00,RL-s6-b300-a1.00,20011,0.5
RL-s15-b300-a1.00,RL-s6-b300-a1.00,20012,0.5
RL-s15-b300-a1.00,RL-s6-b300-a1.00,20013,0.5
RL-s15-b300-a1.00,RL-s6-b300-a1.00,20014,0.5
RL-s15-b300-a1.00,RL-s6-b300-a1.00,20015,0.5
RL-s15-b300-a1.00,RL-s6-b300-a1.00,20016,0.5
RL-s15-b300-a1.00,RL-s6-b300-a1.00,20017,0.5
RL-s15-b300-a1.00,RL-s6-b300-a1.00,20018,0.5
RL-s15-b300-a1.00,RL-s6-b300-a1.00,20019,0.5
RL-s15-b300-a1.00,RL-s6-b300-a1.00,20020,0.5
RL-s15-b300-a1.00,RL-s6-b300-a1.00,20021,0.25
RL-s15-b300-a1.00,RL-s6-b300-a1.00,20022,0.5
RL-s15-b300-a1.00,RL-s6-b300-a1.00,20023,0.5
RL-s15-b300-a1.00,RL-s6-b300-a1.00,20024,0.5
RL-s15-b300-a1.00,RL-s6-b300-a1.00,20025,0.5
RL-s15-b300-a1.00,RL-s6-b300-a1.00,20026,0.75
RL-s15-b300-a1.00,RL-s6-b300-a1.00,20027,0.5
RL-s15-b300-a1.00,RL-s6-b300-a1.00,20028,0.5
RL-s15-b300-a1.00,RL-s6-b300-a1.00,20029,0.75
RL-s15-b300-a1.00,RL-s7-b300-a1.00,20000,0.5
RL-s15-b300-a1.00,RL-s7-b300-a1.00,20001,0.5
RL-s15-b300-a1.00,RL-s7-b300-a1.00,20002,0.75
RL-s15-b300-a1.00,RL-s7-b300-a1.00,20003,0.5
RL-s15-b300-a1.00,RL-s7-b300-a1.00,20004,0.75
RL-s15-b300-a1.00,RL-s7-b300-a1.00,20005,0.5
RL-s15-b300-a1.00,RL-s7-b300-a1.00,20006,0.25
RL-s15-b300-a1.00,RL-s7-b300-a1.00,20007,0.5
RL-s15-b300-a1.00,RL-s7-b300-a1.00,20008,0.75
RL-s15-b300-a1.00,RL-s7-b300-a1.00,20009,0.75
RL-s15-b300-a1.00,RL-s7-b300-a1.00,20010,0.5
RL-s15-b300-a1.00,RL-s7-b300-a1.00,20011,0.5
RL-s15-b300-a1.00,RL-s7-b300-a1.00,20012,0.75
RL-s15-b300-a1.00,RL-s7-b300-a1.00,20013,0.75
RL-s15-b300-a1.00,RL-s7-b300-a1.00,20014,0.5
RL-s15-b300-a1.00,RL-s7-b300-a1.00,20015,0.5
RL-s15-b300-a1.00,RL-s7-b300-a1.00,20016,0.5
RL-s15-b300-a1.00,RL-s7-b300-a1.00,20017,0.5
RL-s15-b300-a1.00,RL-s7-b300-a1.00,20018,0.5
RL-s15-b300-a1.00,RL-s7-b300-a1.00,20019,0.5
RL-s15-b300-a1.00,RL-s7-b300-a1.00,20020,0.25
RL-s15-b300-a1.00,RL-s7-b300-a1.00,20021,0.5
RL-s15-b300-a1.00,RL-s7-b300-a1.00,20022,0.5
RL-s15-b300-a1.00,RL-s7-b300-a1.00,20023,0.5
RL-s15-b300-a1.00,RL-s7-b300-a1.00,20024,0.75
RL-s15-b300-a1.00,RL-s7-b300-a1.00,20025,0.5
RL-s15-b300-a1.00,RL-s7-b300-a1.00,20026,0.5
RL-s15-b300-a1.00,RL-s7-b300-a1.00,20027,0.5
RL-s15-b300-a1.00,RL-s7-b300-a1.00,20028,0.5
RL-s15-b300-a1.00,RL-s7-b300-a1.00,20029,0.75
RL-s15-b300-a1.00,RL-s8-b300-a1.00,20000,0.5
RL-s15-b300-a1.00,RL-s8-b300-a1.00,20001,0.5
RL-s15-b300-a1.00,RL-s8-b300-a1.00,20002,1.0
RL-s15-b300-a1.00,RL-s8-b300-a1.00,20003,0.75
RL-s15-b300-a1.00,RL-s8-b300-a1.00,20004,0.75
RL-s15-b300-a1.00,RL-s8-b300-a1.00,20005,0.5
RL-s15-b300-a1.00,RL-s8-b300-a1.00,20006,0.5
RL-s15-b300-a1.00,RL-s8-b300-a1.00,20007,0.5
RL-s15-b300-a1.00,RL-s8-b300-a1.00,20008,1.0
RL-s15-b300-a1.00,RL-s8-b300-a1.00,20009,0.25
RL-s15-b300-a1.00,RL-s8-b300-a1.00,20010,0.25
RL-s15-b300-a1.00,RL-s8-b300-a1.00,20011,0.5
RL-s15-b300-a1.00,RL-s8-b300-a1.00,20012,0.5
RL-s15-b300-a1.00,RL-s8-b300-a1.00,20013,0.5
RL-s15-b300-a1.00,RL-s8-b300-a1.00,20014,0.25
RL-s15-b300-a1.00,RL-s8-b300-a1.00,20015,0.5
RL-s15-b300-a1.00,RL-s8-b300-a1.00,20016,0.25
RL-s15-b300-a1.00,RL-s8-b300-a1.00,20017,0.25
RL-s15-b300-a1.00,RL-s8-b300-a1.00,20018,0.25
RL-s15-b300-a1.00,RL-s8-b300-a1.00,20019,0.5
RL-s15-b300-a1.00,RL-s8-b300-a1.00,20020,0.75
RL-s15-b300-a1.00,RL-s8-b300-a1.00,20021,0.75
RL-s15-b300-a1.00,RL-s8-b300-a1.00,20022,0.75
RL-s15-b300-a1.00,RL-s8-b300-a1.00,20023,0.5
RL-s15-b300-a1.00,RL-s8-b300-a1.00,20024,0.5
RL-s15-b300-a1.00,RL-s8-b300-a1.00,20025,0.25
RL-s15-b300-a1.00,RL-s8-b300-a1.00,20026,0.75
RL-s15-b300-a1.00,RL-s8-b300-a1.00,20027,0.75
RL-s15-b300-a1.00,RL-s8-b300-a1.00,20028,0.75
RL-s15-b300-a1.00,RL-s8-b300-a1.00,20029,0.75
RL-s15-b300-a1.00,RL-s9-b300-a1.00,20000,0.5
RL-s15-b300-a1.00,RL-s9-b300-a1.00,20001,0.5
RL-s15-b300-a1.00,RL-s9-b300-a1.00,20002,0.25
RL-s15-b300-a1.00,RL-s9-b300-a1.00,20003,0.75
RL-s15-b300-a1.00,RL-s9-b300-a1.00,20004,0.75
RL-s15-b300-a1.00,RL-s9-b300-a1.00,20005,0.5
RL-s15-b300-a1.00,RL-s9-b300-a1.00,20006,0.5
RL-s15-b300-a1.00,RL-s9-b300-a1.00,20007,0.5
RL-s15-b300-a1.00,RL-s9-b300-a1.00,20008,0.75
RL-s15-b300-a1.00,RL-s9-b300-a1.00,20009,0.5
RL-s15-b300-a1.00,RL-s9-b300-a1.00,20010,0.5
RL-s15-b300-a1.00,RL-s9-b300-a1.00,20011,0.5
RL-s15-b300-a1.00,RL-s9-b300-a1.00,20012,0.5
RL-s15-b300-a1.00,RL-s9-b300-a1.00,20013,0.5
RL-s15-b300-a1.00,RL-s9-b300-a1.00,20014,0.5
RL-s15-b300-a1.00,RL-s9-b300-a1.00,20015,0.5
RL-s15-b300-a1.00,RL-s9-b300-a1.00,20016,0.5
RL-s15-b300-a1.00,RL-s9-b300-a1.00,20017,0.5
RL-s15-b300-a1.00,RL-s9-b300-a1.00,20018,0.25
RL-s15-b300-a1.00,RL-s9-b300-a1.00,20019,0.5
RL-s15-b300-a1.00,RL-s9-b300-a1.00,20020,0.5
RL-s15-b300-a1.00,RL-s9-b300-a1.00,20021,0.25
RL-s15-b300-a1.00,RL-s9-b300-a1.00,20022,0.5
RL-s15-b300-a1.00,RL-s9-b300-a1.00,20023,0.5
RL-s15-b300-a1.00,RL-s9-b300-a1.00,20024,0.5
RL-s15-b300-a1.00,RL-s9-b300-a1.00,20025,0.5
RL-s15-b300-a1.00,RL-s9-b300-a1.00,20026,0.25
RL-s15-b300-a1.00,RL-s9-b300-a1.00,20027,0.75
RL-s15-b300-a1.00,RL-s9-b300-a1.00,20028,0.5
RL-s15-b300-a1.00,RL-s9-b300-a1.00,20029,0.5
RL-s15-b300-a1.00,BTO-s0-b300,20000,1.0
RL-s15-b300-a1.00,BTO-s0-b300,20001,0.5
RL-s15-b300-a1.00,BTO-s0-b300,20002,0.75
RL-s15-b300-a1.00,BTO-s0-b300,20003,0.25
RL-s15-b300-a1.00,BTO-s0-b300,20004,0.5
RL-s15-b300-a1.00,BTO-s0-b300,20005,1.0
RL-s15-b300-a1.00,BTO-s0-b300,20006,0.75
RL-s15-b300-a1.00,BTO-s0-b300,20007,0.75
RL-s15-b300-a1.00,BTO-s0-b300,20008,1.0
RL-s15-b300-a1.00,BTO-s0-b300,20009,0.75
RL-s15-b300-a1.00,BTO-s0-b300,20010,0.75
RL-s15-b300-a1.00,BTO-s0-b300,20011,0.5
RL-s15-b300-a1.00,BTO-s0-b300,20012,0.5
RL-s15-b300-a1.00,BTO-s0-b300,20013,0.5
RL-s15-b300-a1.00,BTO-s0-b300,20014,0.75
RL-s15-b300-a1.00,BTO-s0-b300,20015,1.0
RL-s15-b300-a1.00,BTO-s0-b300,20016,0.5
RL-s15-b300-a1.00,BTO-s0-b300,20017,0.25
RL-s15-b300-a1.00,BTO-s0-b300,20018,0.25
RL-s15-b300-a1.00,BTO-s0-b300,20019,0.5
RL-s15-b300-a1.00,BTO-s0-b300,20020,0.5
RL-s15-b300-a1.00,BTO-s0-b300,20021,0.5
RL-s15-b300-a1.00,BTO-s0-b300,20022,0.5
RL-s15-b300-a1.00,BTO-s0-b300,20023,0.5
RL-s15-b300-a1.00,BTO-s0-b300,20024,0.25
RL-s15-b300-a1.00,BTO-s0-b300,20025,1.0
RL-s15-b300-a1.00,BTO-s0-b300,20026,0.5
RL-s15-b300-a1.00,BTO-s0-b300,20027,0.5
RL-s15-b300-a1.00,BTO-s0-b300,20028,0.0
RL-s15-b300-a1.00,BTO-s0-b300,20029,0.25
RL-s15-b300-a1.00,BTO-s1-b300,20000,1.0
RL-s15-b300-a1.00,BTO-s1-b300,20001,0.5
RL-s15-b300-a1.00,BTO-s1-b300,20002,0.75
RL-s15-b300-a1.00,BTO-s1-b300,20003,0.5
RL-s15-b300-a1.00,BTO-s1-b300,20004,0.5
RL-s15-b300-a1.00,BTO-s1-b300,20005,1.0
RL-s15-b300-a1.00,BTO-s1-b300,20006,1.0
RL-s15-b300-a1.00,BTO-s1-b300,20007,0.75
RL-s15-b300-a1.00,BTO-s1-b300,20008,1.0
RL-s15-b300-a1.00,BTO-s1-b300,20009,1.0
RL-s15-b300-a1.00,BTO-s1-b300,20010,0.75
RL-s15-b300-a1.00,BTO-s1-b300,20011,0.5
RL-s15-b300-a1.00,BTO-s1-b300,20012,0.5
RL-s15-b300-a1.00,BTO-s1-b300,20013,0.5
RL-s15-b300-a1.00,BTO-s1-b300,20014,0.75
RL-s15-b300-a1.00,BTO-s1-b300,20015,0.75
RL-s15-b300-a1.00,BTO-s1-b300,20016,0.75
RL-s15-b300-a1.00,BTO-s1-b300,20017,0.25
RL-s15-b300-a1.00,BTO-s1-b300,20018,0.5
RL-s15-b300-a1.00,BTO-s1-b300,20019,0.5
RL-s15-b300-a1.00,BTO-s1-b300,20020,0.5
RL-s15-b300-a1.00,BTO-s1-b300,20021,1.0
RL-s15-b300-a1.00,BTO-s1-b300,20022,0.5
RL-s15-b300-a1.00,BTO-s1-b300,20023,1.0
RL-s15-b300-a1.00,BTO-s1-b300,20024,0.25
RL-s15-b300-a1.00,BTO-s1-b300,20025,1.0
RL-s15-b300-a1.00,BTO-s1-b300,20026,0.5
RL-s15-b300-a1.00,BTO-s1-b300,20027,1.0
RL-s15-b300-a1.00,BTO-s1-b300,20028,0.75
RL-s15-b300-a1.00,BTO-s1-b300,20029,0.5
RL-s15-b300-a1.00,BTO-s2-b300,20000,1.0
RL-s15-b300-a1.00,BTO-s2-b300,20001,0.75
RL-s15-b300-a1.00,BTO-s2-b300,20002,1.0
RL-s15-b300-a1.00,BTO-s2-b300,20003,0.5
RL-s15-b300-a1.00,BTO-s2-b300,20004,0.75
RL-s15-b300-a1.00,BTO-s2-b300,20005,1.0
RL-s15-b300-a1.00,BTO-s2-b300,20006,0.75
RL-s15-b300-a1.00,BTO-s2-b300,20007,1.0
RL-s15-b300-a1.00,BTO-s2-b300,20008,0.75
RL-s15-b300-a1.00,BTO-s2-b300,20009,0.75
RL-s15-b300-a1.00,BTO-s2-b300,20010,0.75
RL-s15-b300-a1.00,BTO-s2-b300,20011,0.5
RL-s15-b300-a1.00,BTO-s2-b300,20012,0.5
RL-s15-b300-a1.00,BTO-s2-b300,20013,0.0
RL-s15-b300-a1.00,BTO-s2-b300,20014,1.0
RL-s15-b300-a1.00,BTO-s2-b300,20015,0.5
RL-s15-b300-a1.00,BTO-s2-b300,20016,0.5
RL-s15-b300-a1.00,BTO-s2-b300,20017,0.5
RL-s15-b300-a1.00,BTO-s2-b300,20018,0.5
RL-s15-b300-a1.00,BTO-s2-b300,20019,0.5
RL-s15-b300-a1.00,BTO-s2-b300,20020,0.5
RL-s15-b300-a1.00,BTO-s2-b300,20021,1.0
RL-s15-b300-a1.00,BTO-s2-b300,20022,0.75
RL-s15-b300-a1.00,BTO-s2-b300,20023,1.0
RL-s15-b300-a1.00,BTO-s2-b300,20024,0.5
RL-s15-b300-a1.00,BTO-s2-b300,20025,1.0
RL-s15-b300-a1.00,BTO-s2-b300,20026,0.25
RL-s15-b300-a1.00,BTO-s2-b300,20027,0.75
RL-s15-b300-a1.00,BTO-s2-b300,20028,0.25
RL-s15-b300-a1.00,BTO-s2-b300,20029,0.5
RL-s15-b300-a1.00,POOL-s0-b1000,20000,0.5
RL-s15-b300-a1.00,POOL-s0-b1000,20001,0.5
RL-s15-b300-a1.00,POOL-s0-b1000,20002,0.5
RL-s15-b300-a1.00,POOL-s0-b1000,20003,0.5
RL-s15-b300-a1.00,POOL-s0-b1000,20004,0.5
RL-s15-b300-a1.00,POOL-s0-b1000,20005,0.75
RL-s15-b300-a1.00,POOL-s0-b1000,20006,0.75
RL-s15-b300-a1.00,POOL-s0-b1000,20007,0.5
RL-s15-b300-a1.00,POOL-s0-b1000,20008,0.25
RL-s15-b300-a1.00,POOL-s0-b1000,20009,0.5
RL-s15-b300-a1.00,POOL-s0-b1000,20010,0.75
RL-s15-b300-a1.00,POOL-s0-b1000,20011,0.5
RL-s15-b300-a1.00,POOL-s0-b1000,20012,0.5
RL-s15-b300-a1.00,POOL-s0-b1000,20013,0.5
RL-s15-b300-a1.00,POOL-s0-b1000,20014,0.25
RL-s15-b300-a1.00,POOL-s0-b1000,20015,0.5
RL-s15-b300-a1.00,POOL-s0-b1000,20016,0.5
RL-s15-b300-a1.00,POOL-s0-b1000,20017,0.25
RL-s15-b300-a1.00,POOL-s0-b1000,20018,0.25
RL-s15-b300-a1.00,POOL-s0-b1000,20019,0.25
RL-s15-b300-a1.00,POOL-s0-b1000,20020,0.5
RL-s15-b300-a1.00,POOL-s0-b1000,20021,0.5
RL-s15-b300-a1.00,POOL-s0-b1000,20022,0.25
RL-s15-b300-a1.00,POOL-s0-b1000,20023,0.5
RL-s15-b300-a1.00,POOL-s0-b1000,20024,0.5
RL-s15-b300-a1.00,POOL-s0-b1000,20025,0.5
RL-s15-b300-a1.00,POOL-s0-b1000,20026,0.5
RL-s15-b300-a1.00,POOL-s0-b1000,20027,0.5
RL-s15-b300-a1.00,POOL-s0-b1000,20028,0.5
RL-s15-b300-a1.00,POOL-s0-b1000,20029,0.5
RL-s15-b300-a1.00,POOL-s1-b1000,20000,0.5
RL-s15-b300-a1.00,POOL-s1-b1000,20001,0.5
RL-s15-b300-a1.00,POOL-s1-b1000,20002,0.25
RL-s15-b300-a1.00,POOL-s1-b1000,20003,0.5
RL-s15-b300-a1.00,POOL-s1-b1000,20004,0.5
RL-s15-b300-a1.00,POOL-s1-b1000,20005,0.5
RL-s15-b300-a1.00,POOL-s1-b1000,20006,0.75
RL-s15-b300-a1.00,POOL-s1-b1000,20007,0.5
RL-s15-b300-a1.00,POOL-s1-b1000,20008,0.25
RL-s15-b300-a1.00,POOL-s1-b1000,20009,0.5
RL-s15-b300-a1.00,POOL-s1-b1000,20010,0.5
RL-s15-b300-a1.00,POOL-s1-b1000,20011,0.25
RL-s15-b300-a1.00,POOL-s1-b1000,20012,0.25
RL-s15-b300-a1.00,POOL-s1-b1000,20013,0.5
RL-s15-b300-a1.00,POOL-s1-b1000,20014,0.5
RL-s15-b300-a1.00,POOL-s1-b1000,20015,0.5
RL-s15-b300-a1.00,POOL-s1-b1000,20016,0.25
RL-s15-b300-a1.00,POOL-s1-b1000,20017,0.25
RL-s15-b300-a1.00,POOL-s1-b1000,20018,0.25
RL-s15-b300-a1.00,POOL-s1-b1000,20019,0.25
RL-s15-b300-a1.00,POOL-s1-b1000,20020,0.5
RL-s15-b300-a1.00,POOL-s1-b1000,20021,0.5
RL-s15-b300-a1.00,POOL-s1-b1000,20022,0.5
RL-s15-b300-a1.00,POOL-s1-b1000,20023,0.5
RL-s15-b300-a1.00,POOL-s1-b1000,20024,0.5
RL-s15-b300-a1.00,POOL-s1-b1000,20025,0.5
RL-s15-b300-a1.00,POOL-s1-b1000,20026,0.25
RL-s15-b300-a1.00,POOL-s1-b1000,20027,0.5
RL-s15-b300-a1.00,POOL-s1-b1000,20028,0.5
RL-s15-b300-a1.00,POOL-s1-b1000,20029,0.25
RL-s15-b300-a1.00,POOL-s2-b1000,20000,0.5
RL-s15-b300-a1.00,POOL-s2-b1000,20001,0.5
RL-s15-b300-a1.00,POOL-s2-b1000,20002,0.25
RL-s15-b300-a1.00,POOL-s2-b1000,20003,0.5
RL-s15-b300-a1.00,POOL-s2-b1000,20004,0.5
RL-s15-b300-a1.00,POOL-s2-b1000,20005,0.5
RL-s15-b300-a1.00,POOL-s2-b1000,20006,0.5
RL-s15-b300-a1.00,POOL-s2-b1000,20007,0.5
RL-s15-b300-a1.00,POOL-s2-b1000,20008,0.5
RL-s15-b300-a1.00,POOL-s2-b1000,20009,0.5
RL-s15-b300-a1.00,POOL-s2-b1000,20010,0.5
RL-s15-b300-a1.00,POOL-s2-b1000,20011,0.25
RL-s15-b300-a1.00,POOL-s2-b1000,20012,0.25
RL-s15-b300-a1.00,POOL-s2-b1000,20013,0.5
RL-s15-b300-a1.00,POOL-s2-b1000,20014,0.5
RL-s15-b300-a1.00,POOL-s2-b1000,20015,0.5
RL-s15-b300-a1.00,POOL-s2-b1000,20016,0.5
RL-s15-b300-a1.00,POOL-s2-b1000,20017,0.5
RL-s15-b300-a1.00,POOL-s2-b1000,20018,0.25
RL-s15-b300-a1.00,POOL-s2-b1000,20019,0.25
RL-s15-b300-a1.00,POOL-s2-b1000,20020,0.5
RL-s15-b300-a1.00,POOL-s2-b1000,20021,0.5
RL-s15-b300-a1.00,POOL-s2-b1000,20022,0.5
RL-s15-b300-a1.00,POOL-s2-b1000,20023,0.5
RL-s15-b300-a1.00,POOL-s2-b1000,20024,0.5
RL-s15-b300-a1.00,POOL-s2-b1000,20025,0.5
RL-s15-b300-a1.00,POOL-s2-b1000,20026,0.25
RL-s15-b300-a1.00,POOL-s2-b1000,20027,0.5
RL-s15-b300-a1.00,POOL-s2-b1000,20028,0.5
RL-s15-b300-a1.00,POOL-s2-b1000,20029,0.25
RL-s15-b300-a1.00,POOL-s3-b1000,20000,0.5
RL-s15-b300-a1.00,POOL-s3-b1000,20001,0.5
RL-s15-b300-a1.00,POOL-s3-b1000,20002,0.25
RL-s15-b300-a1.00,POOL-s3-b1000,20003,0.5
RL-s15-b300-a1.00,POOL-s3-b1000,20004,0.5
RL-s15-b300-a1.00,POOL-s3-b1000,20005,0.5
RL-s15-b300-a1.00,POOL-s3-b1000,20006,0.25
RL-s15-b300-a1.00,POOL-s3-b1000,20007,0.25
RL-s15-b300-a1.00,POOL-s3-b1000,20008,0.5
RL-s15-b300-a1.00,POOL-s3-b1000,20009,0.75
RL-s15-b300-a1.00,POOL-s3-b1000,20010,0.5
RL-s15-b300-a1.00,POOL-s3-b1000,20011,0.5
RL-s15-b300-a1.00,POOL-s3-b1000,20012,0.5
RL-s15-b300-a1.00,POOL-s3-b1000,20013,0.5
RL-s15-b300-a1.00,POOL-s3-b1000,20014,0.5
RL-s15-b300-a1.00,POOL-s3-b1000,20015,0.5
RL-s15-b300-a1.00,POOL-s3-b1000,20016,0.5
RL-s15-b300-a1.00,POOL-s3-b1000,20017,0.5
RL-s15-b300-a1.00,POOL-s3-b1000,20018,0.5
RL-s15-b300-a1.00,POOL-s3-b1000,20019,0.5
RL-s15-b300-a1.00,POOL-s3-b1000,20020,0.5
RL-s15-b300-a1.00,POOL-s3-b1000,20021,0.5
RL-s15-b300-a1.00,POOL-s3-b1000,20022,0.5
RL-s15-b300-a1.00,POOL-s3-b1000,20023,0.5
RL-s15-b300-a1.00,POOL-s3-b1000,20024,0.5
RL-s15-b300-a1.00,POOL-s3-b1000,20025,0.5
RL-s15-b300-a1.00,POOL-s3-b1000,20026,0.5
RL-s15-b300-a1.00,POOL-s3-b1000,20027,0.5
RL-s15-b300-a1.00,POOL-s3-b1000,20028,0.75
RL-s15-b300-a1.00,POOL-s3-b1000,20029,0.5
RL-s15-b300-a1.00,POOL-s4-b1000,20000,0.5
RL-s15-b300-a1.00,POOL-s4-b1000,20001,0.5
RL-s15-b300-a1.00,POOL-s4-b1000,20002,0.5
RL-s15-b300-a1.00,POOL-s4-b1000,20003,0.5
RL-s15-b300-a1.00,POOL-s4-b1000,20004,0.5
RL-s15-b300-a1.00,POOL-s4-b1000,20005,0.5
RL-s15-b300-a1.00,POOL-s4-b1000,20006,0.75
RL-s15-b300-a1.00,POOL-s4-b1000,20007,0.5
RL-s15-b300-a1.00,POOL-s4-b1000,20008,0.5
RL-s15-b300-a1.00,POOL-s4-b1000,20009,0.5
RL-s15-b300-a1.00,POOL-s4-b1000,20010,0.5
RL-s15-b300-a1.00,POOL-s4-b1000,20011,0.25
RL-s15-b300-a1.00,POOL-s4-b1000,20012,0.5
RL-s15-b300-a1.00,POOL-s4-b1000,20013,0.5
RL-s15-b300-a1.00,POOL-s4-b1000,20014,0.5
RL-s15-b300-a1.00,POOL-s4-b1000,20015,0.5
RL-s15-b300-a1.00,POOL-s4-b1000,20016,0.5
RL-s15-b300-a1.00,POOL-s4-b1000,20017,0.5
RL-s15-b300-a1.00,POOL-s4-b1000,20018,0.25
RL-s15-b300-a1.00,POOL-s4-b1000,20019,0.5
RL-s15-b300-a1.00,POOL-s4-b1000,20020,0.5
RL-s15-b300-a1.00,POOL-s4-b1000,20021,0.5
RL-s15-b300-a1.00,POOL-s4-b1000,20022,0.5
RL-s15-b300-a1.00,POOL-s4-b1000,20023,0.5
RL-s15-b300-a1.00,POOL-s4-b1000,20024,0.5
RL-s15-b300-a1.00,POOL-s4-b1000,20025,0.5
RL-s15-b300-a1.00,POOL-s4-b1000,20026,0.25
RL-s15-b300-a1.00,POOL-s4-b1000,20027,0.5
RL-s15-b300-a1.00,POOL-s4-b1000,20028,0.5
RL-s15-b300-a1.00,POOL-s4-b1000,20029,0.5
RL-s16-b300-a1.00,RL-s17-b300-a1.00,20000,0.5
RL-s16-b300-a1.00,RL-s17-b300-a1.00,20001,0.25
RL-s16-b300-a1.00,RL-s17-b300-a1.00,20002,0.5
RL-s16-b300-a1.00,RL-s17-b300-a1.00,20003,0.5
RL-s16-b300-a1.00,RL-s17-b300-a1.00,20004,0.5
RL-s16-b300-a1.00,RL-s17-b300-a1.00,20005,0.25
RL-s16-b300-a1.00,RL-s17-b300-a1.00,20006,0.75
RL-s16-b300-a1.00,RL-s17-b300-a1.00,20007,0.5
RL-s16-b300-a1.00,RL-s17-b300-a1.00,20008,0.75
RL-s16-b300-a1.00,RL-s17-b300-a1.00,20009,0.5
RL-s16-b300-a1.00,RL-s17-b300-a1.00,20010,0.75
RL-s16-b300-a1.00,RL-s17-b300-a1.00,20011,0.5
RL-s16-b300-a1.00,RL-s17-b300-a1.00,20012,0.75
RL-s16-b300-a1.00,RL-s17-b300-a1.00,20013,0.5
RL-s16-b300-a1.00,RL-s17-b300-a1.00,20014,1.0
RL-s16-b300-a1.00,RL-s17-b300-a1.00,20015,0.5
RL-s16-b300-a1.00,RL-s17-b300-a1.00,20016,0.5
RL-s16-b300-a1.00,RL-s17-b300-a1.00,20017,0.5
RL-s16-b300-a1.00,RL-s17-b300-a1.00,20018,0.5
RL-s16-b300-a1.00,RL-s17-b300-a1.00,20019,0.5
RL-s16-b300-a1.00,RL-s17-b300-a1.00,20020,0.5
RL-s16-b300-a1.00,RL-s17-b300-a1.00,20021,0.25
RL-s16-b300-a1.00,RL-s17-b300-a1.00,20022,0.5
RL-s16-b300-a1.00,RL-s17-b300-a1.00,20023,0.5
RL-s16-b300-a1.00,RL-s17-b300-a1.00,20024,0.5
RL-s16-b300-a1.00,RL-s17-b300-a1.00,20025,0.75
RL-s16-b300-a1.00,RL-s17-b300-a1.00,20026,0.25
RL-s16-b300-a1.00,RL-s17-b300-a1.00,20027,0.75
RL-s16-b300-a1.00,RL-s17-b300-a1.00,20028,0.5
RL-s16-b300-a1.00,RL-s17-b300-a1.00,20029,0.5
RL-s16-b300-a1.00,RL-s18-b300-a1.00,20000,0.5
RL-s16-b300-a1.00,RL-s18-b300-a1.00,20001,0.25
RL-s16-b300-a1.00,RL-s18-b300-a1.00,20002,0.5
RL-s16-b300-a1.00,RL-s18-b300-a1.00,20003,0.5
RL-s16-b300-a1.00,RL-s18-b300-a1.00,20004,0.5
RL-s16-b300-a1.00,RL-s18-b300-a1.00,20005,0.5
RL-s16-b300-a1.00,RL-s18-b300-a1.00,20006,0.5
RL-s16-b300-a1.00,RL-s18-b300-a1.00,20007,0.75
RL-s16-b300-a1.00,RL-s18-b300-a1.00,20008,0.5
RL-s16-b300-a1.00,RL-s18-b300-a1.00,20009,0.75
RL-s16-b300-a1.00,RL-s18-b300-a1.00,20010,0.5
RL-s16-b300-a1.00,RL-s18-b300-a1.00,20011,0.75
RL-s16-b300-a1.00,RL-s18-b300-a1.00,20012,0.5
RL-s16-b300-a1.00,RL-s18-b300-a1.00,20013,0.5
RL-s16-b300-a1.00,RL-s18-b300-a1.00,20014,0.5
RL-s16-b300-a1.00,RL-s18-b300-a1.00,20015,0.75
RL-s16-b300-a1.00,RL-s18-b300-a1.00,20016,0.5
RL-s16-b300-a1.00,RL-s18-b300-a1.00,20017,0.5
RL-s16-b300-a1.00,RL-s18-b300-a1.00,20018,0.5
RL-s16-b300-a1.00,RL-s18-b300-a1.00,20019,0.5
RL-s16-b300-a1.00,RL-s18-b300-a1.00,20020,0.5
RL-s16-b300-a1.00,RL-s18-b300-a1.00,20021,0.5
RL-s16-b300-a1.00,RL-s18-b300-a1.00,20022,0.5
RL-s16-b300-a1.00,RL-s18-b300-a1.00,20023,0.5
RL-s16-b300-a1.00,RL-s18-b300-a1.00,20024,0.5
RL-s16-b300-a1.00,RL-s18-b300-a1.00,20025,0.5
RL-s16-b300-a1.00,RL-s18-b300-a1.00,20026,0.5
RL-s16-b300-a1.00,RL-s18-b300-a1.00,20027,0.5
RL-s16-b300-a1.00,RL-s18-b300-a1.00,20028,0.5
RL-s16-b300-a1.00,RL-s18-b300-a1.00,20029,0.5
RL-s16-b300-a1.00,RL-s19-b300-a1.00,20000,0.5
RL-s16-b300-a1.00,RL-s19-b300-a1.00,20001,0.25
RL-s16-b300-a1.00,RL-s19-b300-a1.00,20002,0.5
RL-s16-b300-a1.00,RL-s19-b300-a1.00,20003,0.5
RL-s16-b300-a1.00,RL-s19-b300-a1.00,20004,0.5
RL-s16-b300-a1.00,RL-s19-b300-a1.00,20005,0.0
RL-s16-b300-a1.00,RL-s19-b300-a1.00,20006,0.5
RL-s16-b300-a1.00,RL-s19-b300-a1.00,20007,0.5
RL-s16-b300-a1.00,RL-s19-b300-a1.00,20008,0.5
RL-s16-b300-a1.00,RL-s19-b300-a1.00,20009,0.5
RL-s16-b300-a1.00,RL-s19-b300-a1.00,20010,0.25
RL-s16-b300-a1.00,RL-s19-b300-a1.00,20011,0.25
RL-s16-b300-a1.00,RL-s19-b300-a1.00,20012,0.5
RL-s16-b300-a1.00,RL-s19-b300-a1.00,20013,0.5
RL-s16-b300-a1.00,RL-s19-b300-a1.00,20014,0.5
RL-s16-b300-a1.00,RL-s19-b300-a1.00,20015,0.5
RL-s16-b300-a1.00,RL-s19-b300-a1.00,20016,0.0
RL-s16-b300-a1.00,RL-s19-b300-a1.00,20017,0.25
RL-s16-b300-a1.00,RL-s19-b300-a1.00,20018,0.5
RL-s16-b300-a1.00,RL-s19-b300-a1.00,20019,0.5
RL-s16-b300-a1.00,RL-s19-b300-a1.00,20020,0.5
RL-s16-b300-a1.00,RL-s19-b300-a1.00,20021,0.25
RL-s16-b300-a1.00,RL-s19-b300-a1.00,20022,0.5
RL-s16-b300-a1.00,RL-s19-b300-a1.00,20023,0.5
RL-s16-b300-a1.00,RL-s19-b300-a1.00,20024,0.5
RL-s16-b300-a1.00,RL-s19-b300-a1.00,20025,0.5
RL-s16-b300-a1.00,RL-s19-b300-a1.00,20026,0.25
RL-s16-b300-a1.00,RL-s19-b300-a1.00,20027,0.5
RL-s16-b300-a1.00,RL-s19-b300-a1.00,20028,0.5
RL-s16-b300-a1.00,RL-s19-b300-a1.00,20029,0.75
RL-s16-b300-a1.00,RL-s1-b300-a1.00,20000,0.75
RL-s16-b300-a1.00,RL-s1-b300-a1.00,20001,0.25
RL-s16-b300-a1.00,RL-s1-b300-a1.00,20002,0.5
RL-s16-b300-a1.00,RL-s1-b300-a1.00,20003,0.75
RL-s16-b300-a1.00,RL-s1-b300-a1.00,20004,0.75
RL-s16-b300-a1.00,RL-s1-b300-a1.00,20005,0.25
RL-s16-b300-a1.00,RL-s1-b300-a1.00,20006,0.5
RL-s16-b300-a1.00,RL-s1-b300-a1.00,20007,0.5
RL-s16-b300-a1.00,RL-s1-b300-a1.00,20008,0.75
RL-s16-b300-a1.00,RL-s1-b300-a1.00,20009,0.25
RL-s16-b300-a1.00,RL-s1-b300-a1.00,20010,0.5
RL-s16-b300-a1.00,RL-s1-b300-a1.00,20011,0.25
RL-s16-b300-a1.00,RL-s1-b300-a1.00,20012,0.5
RL-s16-b300-a1.00,RL-s1-b300-a1.00,20013,0.25
RL-s16-b300-a1.00,RL-s1-b300-a1.00,20014,0.5
RL-s16-b300-a1.00,RL-s1-b300-a1.00,20015,0.75
RL-s16-b300-a1.00,RL-s1-b300-a1.00,20016,0.5
RL-s16-b300-a1.00,RL-s1-b300-a1.00,20017,0.5
RL-s16-b300-a1.00,RL-s1-b300-a1.00,20018,0.5
RL-s16-b300-a1.00,RL-s1-b300-a1.00,20019,0.25
RL-s16-b300-a1.00,RL-s1-b300-a1.00,20020,0.5
RL-s16-b300-a1.00,RL-s1-b300-a1.00,20021,0.25
RL-s16-b300-a1.00,RL-s1-b300-a1.00,20022,0.5
RL-s16-b300-a1.00,RL-s1-b300-a1.00,20023,0.75
RL-s16-b300-a1.00,RL-s1-b300-a1.00,20024,0.25
RL-s16-b300-a1.00,RL-s1-b300-a1.00,20025,0.5
RL-s16-b300-a1.00,RL-s1-b300-a1.00,20026,0.25
RL-s16-b300-a1.00,RL-s1-b300-a1.00,20027,0.75
RL-s16-b300-a1.00,RL-s1-b300-a1.00,20028,0.5
RL-s16-b300-a1.00,RL-s1-b300-a1.00,20029,0.5
RL-s16-b300-a1.00,RL-s2-b300-a1.00,20000,0.25
RL-s16-b300-a1.00,RL-s2-b300-a1.00,20001,0.5
RL-s16-b300-a1.00,RL-s2-b300-a1.00,20002,0.5
RL-s16-b300-a1.00,RL-s2-b300-a1.00,20003,0.25
RL-s16-b300-a1.00,RL-s2-b300-a1.00,20004,0.5
RL-s16-b300-a1.00,RL-s2-b300-a1.00,20005,0.25
RL-s16-b300-a1.00,RL-s2-b300-a1.00,20006,0.5
RL-s16-b300-a1.00,RL-s2-b300-a1.00,20007,0.75
RL-s16-b300-a1.00,RL-s2-b300-a1.00,20008,0.25
RL-s16-b300-a1.00,RL-s2-b300-a1.00,20009,0.5
RL-s16-b300-a1.00,RL-s2-b300-a1.00,20010,0.5
RL-s16-b300-a1.00,RL-s2-b300-a1.00,20011,0.25
RL-s16-b300-a1.00,RL-s2-b300-a1.00,20012,0.5
RL-s16-b300-a1.00,RL-s2-b300-a1.00,20013,0.5
RL-s16-b300-a1.00,RL-s2-b300-a1.00,20014,0.25
RL-s16-b300-a1.00,RL-s2-b300-a1.00,20015,0.25
RL-s16-b300-a1.00,RL-s2-b300-a1.00,20016,0.5
RL-s16-b300-a1.00,RL-s2-b300-a1.00,20017,0.5
RL-s16-b300-a1.00,RL-s2-b300-a1.00,20018,0.5
RL-s16-b300-a1.00,RL-s2-b300-a1.00,20019,0.5
RL-s16-b300-a1.00,RL-s2-b300-a1.00,20020,0.25
RL-s16-b300-a1.00,RL-s2-b300-a1.00,20021,0.25
RL-s16-b300-a1.00,RL-s2-b300-a1.00,20022,0.5
RL-s16-b300-a1.00,RL-s2-b300-a1.00,20023,0.25
RL-s16-b300-a1.00,RL-s2-b300-a1.00,20024,0.5
RL-s16-b300-a1.00,RL-s2-b300-a1.00,20025,0.25
RL-s16-b300-a1.00,RL-s2-b300-a1.00,20026,0.25
RL-s16-b300-a1.00,RL-s2-b300-a1.00,20027,0.25
RL-s16-b300-a1.00,RL-s2-b300-a1.00,20028,0.25
RL-s16-b300-a1.00,RL-s2-b300-a1.00,20029,0.5
RL-s16-b300-a1.00,RL-s3-b300-a1.00,20000,0.5
RL-s16-b300-a1.00,RL-s3-b300-a1.00,20001,0.5
RL-s16-b300-a1.00,RL-s3-b300-a1.00,20002,0.5
RL-s16-b300-a1.00,RL-s3-b300-a1.00,20003,0.5
RL-s16-b300-a1.00,RL-s3-b300-a1.00,20004,0.5
RL-s16-b300-a1.00,RL-s3-b300-a1.00,20005,0.5
RL-s16-b300-a1.00,RL-s3-b300-a1.00,20006,0.5
RL-s16-b300-a1.00,RL-s3-b300-a1.00,20007,0.5
RL-s16-b300-a1.00,RL-s3-b300-a1.00,20008,0.5
RL-s16-b300-a1.00,RL-s3-b300-a1.00,20009,0.5
RL-s16-b300-a1.00,RL-s3-b300-a1.00,20010,0.75
RL-s16-b300-a1.00,RL-s3-b300-a1.00,20011,0.25
RL-s16-b300-a1.00,RL-s3-b300-a1.00,20012,0.5
RL-s16-b300-a1.00,RL-s3-b300-a1.00,20013,0.5
RL-s16-b300-a1.00,RL-s3-b300-a1.00,20014,0.5
RL-s16-b300-a1.00,RL-s3-b300-a1.00,20015,0.5
RL-s16-b300-a1.00,RL-s3-b300-a1.00,20016,0.5
RL-s16-b300-a1.00,RL-s3-b300-a1.00,20017,0.5
RL-s16-b300-a1.00,RL-s3-b300-a1.00,20018,0.5
RL-s16-b300-a1.00,RL-s3-b300-a1.00,20019,0.5
RL-s16-b300-a1.00,RL-s3-b300-a1.00,20020,0.5
RL-s16-b300-a1.00,RL-s3-b300-a1.00,20021,0.25
RL-s16-b300-a1.00,RL-s3-b300-a1.00,20022,0.5
RL-s16-b300-a1.00,RL-s3-b300-a1.00,20023,0.5
RL-s16-b300-a1.00,RL-s3-b300-a1.00,20024,0.5
RL-s16-b300-a1.00,RL-s3-b300-a1.00,20025,0.5
RL-s16-b300-a1.00,RL-s3-b300-a1.00,20026,0.25
RL-s16-b300-a1.00,RL-s3-b300-a1.00,20027,0.5
RL-s16-b300-a1.00,RL-s3-b300-a1.00,20028,0.5
RL-s16-b300-a1.00,RL-s3-b300-a1.00,20029,0.5
RL-s16-b300-a1.00,RL-s4-b300-a1.00,20000,0.25
RL-s16-b300-a1.00,RL-s4-b300-a1.00,20001,0.5
RL-s16-b300-a1.00,RL-s4-b300-a1.00,20002,0.5
RL-s16-b300-a1.00,RL-s4-b300-a1.00,20003,0.25
RL-s16-b300-a1.00,RL-s4-b300-a1.00,20004,0.5
RL-s16-b300-a1.00,RL-s4-b300-a1.00,20005,0.25
RL-s16-b300-a1.00,RL-s4-b300-a1.00,20006,0.5
RL-s16-b300-a1.00,RL-s4-b300-a1.00,20007,0.5
RL-s16-b300-a1.00,RL-s4-b300-a1.00,20008,0.25
RL-s16-b300-a1.00,RL-s4-b300-a1.00,20009,0.5
RL-s16-b300-a1.00,RL-s4-b300-a1.00,20010,0.75
RL-s16-b300-a1.00,RL-s4-b300-a1.00,20011,0.5
RL-s16-b300-a1.00,RL-s4-b300-a1.00,20012,0.5
RL-s16-b300-a1.00,RL-s4-b300-a1.00,20013,0.25
RL-s16-b300-a1.00,RL-s4-b300-a1.00,20014,0.5
RL-s16-b300-a1.00,RL-s4-b300-a1.00,20015,0.5
RL-s16-b300-a1.00,RL-s4-b300-a1.00,20016,0.5
RL-s16-b300-a1.00,RL-s4-b300-a1.00,20017,0.5
RL-s16-b300-a1.00,RL-s4-b300-a1.00,20018,0.5
RL-s16-b300-a1.00,RL-s4-b300-a1.00,20019,0.25
RL-s16-b300-a1.00,RL-s4-b300-a1.00,20020,0.25
RL-s16-b300-a1.00,RL-s4-b300-a1.00,20021,0.25
RL-s16-b300-a1.00,RL-s4-b300-a1.00,20022,0.25
RL-s16-b300-a1.00,RL-s4-b300-a1.00,20023,0.25
RL-s16-b300-a1.00,RL-s4-b300-a1.00,20024,0.25
RL-s16-b300-a1.00,RL-s4-b300-a1.00,20025,0.5
RL-s16-b300-a1.00,RL-s4-b300-a1.00,20026,0.25
RL-s16-b300-a1.00,RL-s4-b300-a1.00,20027,0.5
RL-s16-b300-a1.00,RL-s4-b300-a1.00,20028,0.25
RL-s16-b300-a1.00,RL-s4-b300-a1.00,20029,0.5
RL-s16-b300-a1.00,RL-s5-b300-a1.00,20000,0.5
RL-s16-b300-a1.00,RL-s5-b300-a1.00,20001,0.25
RL-s16-b300-a1.00,RL-s5-b300-a1.00,20002,0.5
RL-s16-b300-a1.00,RL-s5-b300-a1.00,20003,0.75
RL-s16-b300-a1.00,RL-s5-b300-a1.00,20004,0.5
RL-s16-b300-a1.00,RL-s5-b300-a1.00,20005,0.25
RL-s16-b300-a1.00,RL-s5-b300-a1.00,20006,0.5
RL-s16-b300-a1.00,RL-s5-b300-a1.00,20007,0.5
RL-s16-b300-a1.00,RL-s5-b300-a1.00,20008,0.5
RL-s16-b300-a1.00,RL-s5-b300-a1.00,20009,0.5
RL-s16-b300-a1.00,RL-s5-b300-a1.00,20010,0.5
RL-s16-b300-a1.00,RL-s5-b300-a1.00,20011,0.25
RL-s16-b300-a1.00,RL-s5-b300-a1.00,20012,0.5
RL-s16-b300-a1.00,RL-s5-b300-a1.00,20013,0.5
RL-s16-b300-a1.00,RL-s5-b300-a1.00,20014,0.5
RL-s16-b300-a1.00,RL-s5-b300-a1.00,20015,0.5
RL-s16-b300-a1.00,RL-s5-b300-a1.00,20016,0.5
RL-s16-b300-a1.00,RL-s5-b300-a1.00,20017,0.5
RL-s16-b300-a1.00,RL-s5-b300-a1.00,20018,0.5
RL-s16-b300-a1.00,RL-s5-b300-a1.00,20019,0.5
RL-s16-b300-a1.00,RL-s5-b300-a1.00,20020,0.5
RL-s16-b300-a1.00,RL-s5-b300-a1.00,20021,0.25
RL-s16-b300-a1.00,RL-s5-b300-a1.00,20022,0.5
RL-s16-b300-a1.00,RL-s5-b300-a1.00,20023,0.75
RL-s16-b300-a1.00,RL-s5-b300-a1.00,20024,0.5
RL-s16-b300-a1.00,RL-s5-b300-a1.00,20025,0.5
RL-s16-b300-a1.00,RL-s5-b300-a1.00,20026,0.5
RL-s16-b300-a1.00,RL-s5-b300-a1.00,20027,0.75
RL-s16-b300-a1.00,RL-s5-b300-a1.00,20028,0.5
RL-s16-b300-a1.00,RL-s5-b300-a1.00,20029,0.5
RL-s16-b300-a1.00,RL-s6-b300-a1.00,20000,0.5
RL-s16-b300-a1.00,RL-s6-b300-a1.00,20001,0.75
RL-s16-b300-a1.00,RL-s6-b300-a1.00,20002,0.5
RL-s16-b300-a1.00,RL-s6-b300-a1.00,20003,0.5
RL-s16-b300-a1.00,RL-s6-b300-a1.00,20004,0.5
RL-s16-b300-a1.00,RL-s6-b300-a1.00,20005,0.5
RL-s16-b300-a1.00,RL-s6-b300-a1.00,20006,0.5
RL-s16-b300-a1.00,RL-s6-b300-a1.00,20007,0.5
RL-s16-b300-a1.00,RL-s6-b300-a1.00,20008,0.75
RL-s16-b300-a1.00,RL-s6-b300-a1.00,20009,0.5
RL-s16-b300-a1.00,RL-s6-b300-a1.00,20010,0.5
RL-s16-b300-a1.00,RL-s6-b300-a1.00,20011,0.5
RL-s16-b300-a1.00,RL-s6-b300-a1.00,20012,0.5
RL-s16-b300-a1.00,RL-s6-b300-a1.00,20013,0.5
RL-s16-b300-a1.00,RL-s6-b300-a1.00,20014,0.75
RL-s16-b300-a1.00,RL-s6-b300-a1.00,20015,0.5
RL-s16-b300-a1.00,RL-s6-b300-a1.00,20016,0.5
RL-s16-b300-a1.00,RL-s6-b300-a1.00,20017,0.5
RL-s16-b300-a1.00,RL-s6-b300-a1.00,20018,0.5
RL-s16-b300-a1.00,RL-s6-b300-a1.00,20019,0.25
RL-s16-b300-a1.00,RL-s6-b300-a1.00,20020,0.5
RL-s16-b300-a1.00,RL-s6-b300-a1.00,20021,0.25
RL-s16-b300-a1.00,RL-s6-b300-a1.00,20022,0.5
RL-s16-b300-a1.00,RL-s6-b300-a1.00,20023,0.5
RL-s16-b300-a1.00,RL-s6-b300-a1.00,20024,0.5
RL-s16-b300-a1.00,RL-s6-b300-a1.00,20025,0.5
RL-s16-b300-a1.00,RL-s6-b300-a1.00,20026,0.25
RL-s16-b300-a1.00,RL-s6-b300-a1.00,20027,0.5
RL-s16-b300-a1.00,RL-s6-b300-a1.00,20028,0.5
RL-s16-b300-a1.00,RL-s6-b300-a1.00,20029,0.25
RL-s16-b300-a1.00,RL-s7-b300-a1.00,20000,0.75
RL-s16-b300-a1.00,RL-s7-b300-a1.00,20001,0.25
RL-s16-b300-a1.00,RL-s7-b300-a1.00,20002,0.25
RL-s16-b300-a1.00,RL-s7-b300-a1.00,20003,0.5
RL-s16-b300-a1.00,RL-s7-b300-a1.00,20004,0.5
RL-s16-b300-a1.00,RL-s7-b300-a1.00,20005,0.25
RL-s16-b300-a1.00,RL-s7-b300-a1.00,20006,0.5
RL-s16-b300-a1.00,RL-s7-b300-a1.00,20007,0.75
RL-s16-b300-a1.00,RL-s7-b300-a1.00,20008,0.25
RL-s16-b300-a1.00,RL-s7-b300-a1.00,20009,0.5
RL-s16-b300-a1.00,RL-s7-b300-a1.00,20010,0.5
RL-s16-b300-a1.00,RL-s7-b300-a1.00,20011,0.25
RL-s16-b300-a1.00,RL-s7-b300-a1.00,20012,0.5
RL-s16-b300-a1.00,RL-s7-b300-a1.00,20013,0.5
RL-s16-b300-a1.00,RL-s7-b300-a1.00,20014,0.75
RL-s16-b300-a1.00,RL-s7-b300-a1.00,20015,0.75
RL-s16-b300-a1.00,RL-s7-b300-a1.00,20016,0.5
RL-s16-b300-a1.00,RL-s7-b300-a1.00,20017,0.5
RL-s16-b300-a1.00,RL-s7-b300-a1.00,20018,0.5
RL-s16-b300-a1.00,RL-s7-b300-a1.00,20019,0.5
RL-s16-b300-a1.00,RL-s7-b300-a1.00,20020,0.25
RL-s16-b300-a1.00,RL-s7-b300-a1.00,20021,0.25
RL-s16-b300-a1.00,RL-s7-b300-a1.00,20022,0.5
RL-s16-b300-a1.00,RL-s7-b300-a1.00,20023,0.5
RL-s16-b300-a1.00,RL-s7-b300-a1.00,20024,0.0
RL-s16-b300-a1.00,RL-s7-b300-a1.00,20025,0.5
RL-s16-b300-a1.00,RL-s7-b300-a1.00,20026,0.5
RL-s16-b300-a1.00,RL-s7-b300-a1.00,20027,0.5
RL-s16-b300-a1.00,RL-s7-b300-a1.00,20028,0.25
RL-s16-b300-a1.00,RL-s7-b300-a1.00,20029,0.75
RL-s16-b300-a1.00,RL-s8-b300-a1.00,20000,0.25
RL-s16-b300-a1.00,RL-s8-b300-a1.00,20001,0.25
RL-s16-b300-a1.00,RL-s8-b300-a1.00,20002,0.75
RL-s16-b300-a1.00,RL-s8-b300-a1.00,20003,0.5
RL-s16-b300-a1.00,RL-s8-b300-a1.00,20004,0.5
RL-s16-b300-a1.00,RL-s8-b300-a1.00,20005,0.25
RL-s16-b300-a1.00,RL-s8-b300-a1.00,20006,0.5
RL-s16-b300-a1.00,RL-s8-b300-a1.00,20007,0.25
RL-s16-b300-a1.00,RL-s8-b300-a1.00,20008,0.5
RL-s16-b300-a1.00,RL-s8-b300-a1.00,20009,0.25
RL-s16-b300-a1.00,RL-s8-b300-a1.00,20010,0.5
RL-s16-b300-a1.00,RL-s8-b300-a1.00,20011,0.5
RL-s16-b300-a1.00,RL-s8-b300-a1.00,20012,0.5
RL-s16-b300-a1.00,RL-s8-b300-a1.00,20013,0.75
RL-s16-b300-a1.00,RL-s8-b300-a1.00,20014,0.5
RL-s16-b300-a1.00,RL-s8-b300-a1.00,20015,0.5
RL-s16-b300-a1.00,RL-s8-b300-a1.00,20016,0.5
RL-s16-b300-a1.00,RL-s8-b300-a1.00,20017,0.5
RL-s16-b300-a1.00,RL-s8-b300-a1.00,20018,0.5
RL-s16-b300-a1.00,RL-s8-b300-a1.00,20019,0.5
RL-s16-b300-a1.00,RL-s8-b300-a1.00,20020,0.5
RL-s16-b300-a1.00,RL-s8-b300-a1.00,20021,0.5
RL-s16-b300-a1.00,RL-s8-b300-a1.00,20022,0.75
RL-s16-b300-a1.00,RL-s8-b300-a1.00,20023,0.5
RL-s16-b300-a1.00,RL-s8-b300-a1.00,20024,0.5
RL-s16-b300-a1.00,RL-s8-b300-a1.00,20025,0.5
RL-s16-b300-a1.00,RL-s8-b300-a1.00,20026,0.5
RL-s16-b300-a1.00,RL-s8-b300-a1.00,20027,0.5
RL-s16-b300-a1.00,RL-s8-b300-a1.00,20028,0.75
RL-s16-b300-a1.00,RL-s8-b300-a1.00,20029,0.5
RL-s16-b300-a1.00,RL-s9-b300-a1.00,20000,0.5
RL-s16-b300-a1.00,RL-s9-b300-a1.00,20001,0.25
RL-s16-b300-a1.00,RL-s9-b300-a1.00,20002,0.5
RL-s16-b300-a1.00,RL-s9-b300-a1.00,20003,0.75
RL-s16-b300-a1.00,RL-s9-b300-a1.00,20004,0.5
RL-s16-b300-a1.00,RL-s9-b300-a1.00,20005,0.25
RL-s16-b300-a1.00,RL-s9-b300-a1.00,20006,0.5
RL-s16-b300-a1.00,RL-s9-b300-a1.00,20007,0.5
RL-s16-b300-a1.00,RL-s9-b300-a1.00,20008,0.5
RL-s16-b300-a1.00,RL-s9-b300-a1.00,20009,0.75
RL-s16-b300-a1.00,RL-s9-b300-a1.00,20010,0.5
RL-s16-b300-a1.00,RL-s9-b300-a1.00,20011,0.25
RL-s16-b300-a1.00,RL-s9-b300-a1.00,20012,0.5
RL-s16-b300-a1.00,RL-s9-b300-a1.00,20013,0.5
RL-s16-b300-a1.00,RL-s9-b300-a1.00,20014,0.5
RL-s16-b300-a1.00,RL-s9-b300-a1.00,20015,0.5
RL-s16-b300-a1.00,RL-s9-b300-a1.00,20016,0.5
RL-s16-b300-a1.00,RL-s9-b300-a1.00,20017,0.25
RL-s16-b300-a1.00,RL-s9-b300-a1.00,20018,0.5
RL-s16-b300-a1.00,RL-s9-b300-a1.00,20019,0.5
RL-s16-b300-a1.00,RL-s9-b300-a1.00,20020,0.5
RL-s16-b300-a1.00,RL-s9-b300-a1.00,20021,0.25
RL-s16-b300-a1.00,RL-s9-b300-a1.00,20022,0.5
RL-s16-b300-a1.00,RL-s9-b300-a1.00,20023,0.75
RL-s16-b300-a1.00,RL-s9-b300-a1.00,20024,0.5
RL-s16-b300-a1.00,RL-s9-b300-a1.00,20025,0.5
RL-s16-b300-a1.00,RL-s9-b300-a1.00,20026,0.25
RL-s16-b300-a1.00,RL-s9-b300-a1.00,20027,0.5
RL-s16-b300-a1.00,RL-s9-b300-a1.00,20028,0.5
RL-s16-b300-a1.00,RL-s9-b300-a1.00,20029,0.25
RL-s16-b300-a1.00,BTO-s0-b300,20000,0.75
RL-s16-b300-a1.00,BTO-s0-b300,20001,0.5
RL-s16-b300-a1.00,BTO-s0-b300,20002,1.0
RL-s16-b300-a1.00,BTO-s0-b300,20003,0.75
RL-s16-b300-a1.00,BTO-s0-b300,20004,0.0
RL-s16-b300-a1.00,BTO-s0-b300,20005,0.75
RL-s16-b300-a1.00,BTO-s0-b300,20006,0.75
RL-s16-b300-a1.00,BTO-s0-b300,20007,0.75
RL-s16-b300-a1.00,BTO-s0-b300,20008,0.5
RL-s16-b300-a1.00,BTO-s0-b300,20009,0.75
RL-s16-b300-a1.00,BTO-s0-b300,20010,0.5
RL-s16-b300-a1.00,BTO-s0-b300,20011,0.5
RL-s16-b300-a1.00,BTO-s0-b300,20012,0.5
RL-s16-b300-a1.00,BTO-s0-b300,20013,0.75
RL-s16-b300-a1.00,BTO-s0-b300,20014,0.5
RL-s16-b300-a1.00,BTO-s0-b300,20015,0.75
RL-s16-b300-a1.00,BTO-s0-b300,20016,1.0
RL-s16-b300-a1.00,BTO-s0-b300,20017,0.25
RL-s16-b300-a1.00,BTO-s0-b300,20018,0.5
RL-s16-b300-a1.00,BTO-s0-b300,20019,0.25
RL-s16-b300-a1.00,BTO-s0-b300,20020,0.5
RL-s16-b300-a1.00,BTO-s0-b300,20021,0.5
RL-s16-b300-a1.00,BTO-s0-b300,20022,0.25
RL-s16-b300-a1.00,BTO-s0-b300,20023,0.5
RL-s16-b300-a1.00,BTO-s0-b300,20024,0.25
RL-s16-b300-a1.00,BTO-s0-b300,20025,1.0
RL-s16-b300-a1.00,BTO-s0-b300,20026,0.5
RL-s16-b300-a1.00,BTO-s0-b300,20027,0.0
RL-s16-b300-a1.00,BTO-s0-b300,20028,0.0
RL-s16-b300-a1.00,BTO-s0-b300,20029,0.75
RL-s16-b300-a1.00,BTO-s1-b300,20000,0.75
RL-s16-b300-a1.00,BTO-s1-b300,20001,0.5
RL-s16-b300-a1.00,BTO-s1-b300,20002,0.75
RL-s16-b300-a1.00,BTO-s1-b300,20003,0.75
RL-s16-b300-a1.00,BTO-s1-b300,20004,0.25
RL-s16-b300-a1.00,BTO-s1-b300,20005,0.75
RL-s16-b300-a1.00,BTO-s1-b300,20006,0.75
RL-s16-b300-a1.00,BTO-s1-b300,20007,0.75
RL-s16-b300-a1.00,BTO-s1-b300,20008,0.25
RL-s16-b300-a1.00,BTO-s1-b300,20009,0.75
RL-s16-b300-a1.00,BTO-s1-b300,20010,0.75
RL-s16-b300-a1.00,BTO-s1-b300,20011,0.5
RL-s16-b300-a1.00,BTO-s1-b300,20012,0.5
RL-s16-b300-a1.00,BTO-s1-b300,20013,0.5
RL-s16-b300-a1.00,BTO-s1-b300,20014,0.75
RL-s16-b300-a1.00,BTO-s1-b300,20015,0.75
RL-s16-b300-a1.00,BTO-s1-b300,20016,1.0
RL-s16-b300-a1.00,BTO-s1-b300,20017,0.25
RL-s16-b300-a1.00,BTO-s1-b300,20018,0.5
RL-s16-b300-a1.00,BTO-s1-b300,20019,0.25
RL-s16-b300-a1.00,BTO-s1-b300,20020,0.5
RL-s16-b300-a1.00,BTO-s1-b300,20021,0.5
RL-s16-b300-a1.00,BTO-s1-b300,20022,0.25
RL-s16-b300-a1.00,BTO-s1-b300,20023,0.75
RL-s16-b300-a1.00,BTO-s1-b300,20024,0.25
RL-s16-b300-a1.00,BTO-s1-b300,20025,1.0
RL-s16-b300-a1.00,BTO-s1-b300,20026,0.5
RL-s16-b300-a1.00,BTO-s1-b300,20027,0.5
RL-s16-b300-a1.00,BTO-s1-b300,20028,0.25
RL-s16-b300-a1.00,BTO-s1-b300,20029,0.5
RL-s16-b300-a1.00,BTO-s2-b300,20000,0.5
RL-s16-b300-a1.00,BTO-s2-b300,20001,0.5
RL-s16-b300-a1.00,BTO-s2-b300,20002,0.5
RL-s16-b300-a1.00,BTO-s2-b300,20003,0.25
RL-s16-b300-a1.00,BTO-s2-b300,20004,0.25
RL-s16-b300-a1.00,BTO-s2-b300,20005,1.0
RL-s16-b300-a1.00,BTO-s2-b300,20006,1.0
RL-s16-b300-a1.00,BTO-s2-b300,20007,1.0
RL-s16-b300-a1.00,BTO-s2-b300,20008,0.75
RL-s16-b300-a1.00,BTO-s2-b300,20009,0.75
RL-s16-b300-a1.00,BTO-s2-b300,20010,0.25
RL-s16-b300-a1.00,BTO-s2-b300,20011,0.5
RL-s16-b300-a1.00,BTO-s2-b300,20012,0.5
RL-s16-b300-a1.00,BTO-s2-b300,20013,0.25
RL-s16-b300-a1.00,BTO-s2-b300,20014,0.25
RL-s16-b300-a1.00,BTO-s2-b300,20015,0.25
RL-s16-b300-a1.00,BTO-s2-b300,20016,1.0
RL-s16-b300-a1.00,BTO-s2-b300,20017,0.0
RL-s16-b300-a1.00,BTO-s2-b300,20018,0.5
RL-s16-b300-a1.00,BTO-s2-b300,20019,0.25
RL-s16-b300-a1.00,BTO-s2-b300,20020,0.5
RL-s16-b300-a1.00,BTO-s2-b300,20021,0.25
RL-s16-b300-a1.00,BTO-s2-b300,20022,0.5
RL-s16-b300-a1.00,BTO-s2-b300,20023,0.5
RL-s16-b300-a1.00,BTO-s2-b300,20024,0.25
RL-s16-b300-a1.00,BTO-s2-b300,20025,0.75
RL-s16-b300-a1.00,BTO-s2-b300,20026,0.25
RL-s16-b300-a1.00,BTO-s2-b300,20027,0.5
RL-s16-b300-a1.00,BTO-s2-b300,20028,0.25
RL-s16-b300-a1.00,BTO-s2-b300,20029,0.75
RL-s16-b300-a1.00,POOL-s0-b1000,20000,0.5
RL-s16-b300-a1.00,POOL-s0-b1000,20001,0.25
RL-s16-b300-a1.00,POOL-s0-b1000,20002,0.5
RL-s16-b300-a1.00,POOL-s0-b1000,20003,0.75
RL-s16-b300-a1.00,POOL-s0-b1000,20004,0.5
RL-s16-b300-a1.00,POOL-s0-b1000,20005,0.75
RL-s16-b300-a1.00,POOL-s0-b1000,20006,0.75
RL-s16-b300-a1.00,POOL-s0-b1000,20007,0.5
RL-s16-b300-a1.00,POOL-s0-b1000,20008,0.75
RL-s16-b300-a1.00,POOL-s0-b1000,20009,0.75
RL-s16-b300-a1.00,POOL-s0-b1000,20010,0.75
RL-s16-b300-a1.00,POOL-s0-b1000,20011,0.25
RL-s16-b300-a1.00,POOL-s0-b1000,20012,0.5
RL-s16-b300-a1.00,POOL-s0-b1000,20013,0.5
RL-s16-b300-a1.00,POOL-s0-b1000,20014,0.5
RL-s16-b300-a1.00,POOL-s0-b1000,20015,0.5
RL-s16-b300-a1.00,POOL-s0-b1000,20016,0.25
RL-s16-b300-a1.00,POOL-s0-b1000,20017,0.75
RL-s16-b300-a1.00,POOL-s0-b1000,20018,0.5
RL-s16-b300-a1.00,POOL-s0-b1000,20019,0.25
RL-s16-b300-a1.00,POOL-s0-b1000,20020,0.5
RL-s16-b300-a1.00,POOL-s0-b1000,20021,0.25
RL-s16-b300-a1.00,POOL-s0-b1000,20022,0.75
RL-s16-b300-a1.00,POOL-s0-b1000,20023,0.5
RL-s16-b300-a1.00,POOL-s0-b1000,20024,0.5
RL-s16-b300-a1.00,POOL-s0-b1000,20025,0.5
RL-s16-b300-a1.00,POOL-s0-b1000,20026,0.0
RL-s16-b300-a1.00,POOL-s0-b1000,20027,0.5
RL-s16-b300-a1.00,POOL-s0-b1000,20028,0.75
RL-s16-b300-a1.00,POOL-s0-b1000,20029,0.0
RL-s16-b300-a1.00,POOL-s1-b1000,20000,0.5
RL-s16-b300-a1.00,POOL-s1-b1000,20001,0.0
RL-s16-b300-a1.00,POOL-s1-b1000,20002,0.5
RL-s16-b300-a1.00,POOL-s1-b1000,20003,0.5
RL-s16-b300-a1.00,POOL-s1-b1000,20004,0.5
RL-s16-b300-a1.00,POOL-s1-b1000,20005,0.25
RL-s16-b300-a1.00,POOL-s1-b1000,20006,0.75
RL-s16-b300-a1.00,POOL-s1-b1000,20007,0.5
RL-s16-b300-a1.00,POOL-s1-b1000,20008,0.5
RL-s16-b300-a1.00,POOL-s1-b1000,20009,0.5
RL-s16-b300-a1.00,POOL-s1-b1000,20010,0.75
RL-s16-b300-a1.00,POOL-s1-b1000,20011,0.5
RL-s16-b300-a1.00,POOL-s1-b1000,20012,0.5
RL-s16-b300-a1.00,POOL-s1-b1000,20013,0.5
RL-s16-b300-a1.00,POOL-s1-b1000,20014,0.5
RL-s16-b300-a1.00,POOL-s1-b1000,20015,0.5
RL-s16-b300-a1.00,POOL-s1-b1000,20016,0.5
RL-s16-b300-a1.00,POOL-s1-b1000,20017,0.5
RL-s16-b300-a1.00,POOL-s1-b1000,20018,0.5
RL-s16-b300-a1.00,POOL-s1-b1000,20019,0.5
RL-s16-b300-a1.00,POOL-s1-b1000,20020,0.5
RL-s16-b300-a1.00,POOL-s1-b1000,20021,0.25
RL-s16-b300-a1.00,POOL-s1-b1000,20022,0.25
RL-s16-b300-a1.00,POOL-s1-b1000,20023,0.5
RL-s16-b300-a1.00,POOL-s1-b1000,20024,0.5
RL-s16-b300-a1.00,POOL-s1-b1000,20025,0.5
RL-s16-b300-a1.00,POOL-s1-b1000,20026,0.25
RL-s16-b300-a1.00,POOL-s1-b1000,20027,0.5
RL-s16-b300-a1.00,POOL-s1-b1000,20028,0.5
RL-s16-b300-a1.00,POOL-s1-b1000,20029,0.5
RL-s16-b300-a1.00,POOL-s2-b1000,20000,0.5
RL-s16-b300-a1.00,POOL-s2-b1000,20001,0.75
RL-s16-b300-a1.00,POOL-s2-b1000,20002,0.75
RL-s16-b300-a1.00,POOL-s2-b1000,20003,0.5
RL-s16-b300-a1.00,POOL-s2-b1000,20004,0.5
RL-s16-b300-a1.00,POOL-s2-b1000,20005,1.0
RL-s16-b300-a1.00,POOL-s2-b1000,20006,0.75
RL-s16-b300-a1.00,POOL-s2-b1000,20007,0.5
RL-s16-b300-a1.00,POOL-s2-b1000,20008,0.5
RL-s16-b300-a1.00,POOL-s2-b1000,20009,1.0
RL-s16-b300-a1.00,POOL-s2-b1000,20010,0.25
RL-s16-b300-a1.00,POOL-s2-b1000,20011,1.0
RL-s16-b300-a1.00,POOL-s2-b1000,20012,1.0
RL-s16-b300-a1.00,POOL-s2-b1000,20013,0.5
RL-s16-b300-a1.00,POOL-s2-b1000,20014,0.5
RL-s16-b300-a1.00,POOL-s2-b1000,20015,0.5
RL-s16-b300-a1.00,POOL-s2-b1000,20016,0.25
RL-s16-b300-a1.00,POOL-s2-b1000,20017,0.5
RL-s16-b300-a1.00,POOL-s2-b1000,20018,0.5
RL-s16-b300-a1.00,POOL-s2-b1000,20019,1.0
RL-s16-b300-a1.00,POOL-s2-b1000,20020,0.5
RL-s16-b300-a1.00,POOL-s2-b1000,20021,0.75
RL-s16-b300-a1.00,POOL-s2-b1000,20022,0.5
RL-s16-b300-a1.00,POOL-s2-b1000,20023,0.5
RL-s16-b300-a1.00,POOL-s2-b1000,20024,0.5
RL-s16-b300-a1.00,POOL-s2-b1000,20025,0.5
RL-s16-b300-a1.00,POOL-s2-b1000,20026,0.75
RL-s16-b300-a1.00,POOL-s2-b1000,20027,0.5
RL-s16-b300-a1.00,POOL-s2-b1000,20028,0.5
RL-s16-b300-a1.00,POOL-s2-b1000,20029,1.0
RL-s16-b300-a1.00,POOL-s3-b1000,20000,0.5
RL-s16-b300-a1.00,POOL-s3-b1000,20001,0.0
RL-s16-b300-a1.00,POOL-s3-b1000,20002,0.5
RL-s16-b300-a1.00,POOL-s3-b1000,20003,0.75
RL-s16-b300-a1.00,POOL-s3-b1000,20004,0.75
RL-s16-b300-a1.00,POOL-s3-b1000,20005,0.5
RL-s16-b300-a1.00,POOL-s3-b1000,20006,0.25
RL-s16-b300-a1.00,POOL-s3-b1000,20007,0.5
RL-s16-b300-a1.00,POOL-s3-b1000,20008,0.5
RL-s16-b300-a1.00,POOL-s3-b1000,20009,0.25
RL-s16-b300-a1.00,POOL-s3-b1000,20010,0.5
RL-s16-b300-a1.00,POOL-s3-b1000,20011,0.5
RL-s16-b300-a1.00,POOL-s3-b1000,20012,0.5
RL-s16-b300-a1.00,POOL-s3-b1000,20013,0.5
RL-s16-b300-a1.00,POOL-s3-b1000,20014,0.5
RL-s16-b300-a1.00,POOL-s3-b1000,20015,0.5
RL-s16-b300-a1.00,POOL-s3-b1000,20016,0.5
RL-s16-b300-a1.00,POOL-s3-b1000,20017,0.5
RL-s16-b300-a1.00,POOL-s3-b1000,20018,0.5
RL-s16-b300-a1.00,POOL-s3-b1000,20019,0.0
RL-s16-b300-a1.00,POOL-s3-b1000,20020,0.5
RL-s16-b300-a1.00,POOL-s3-b1000,20021,0.25
RL-s16-b300-a1.00,POOL-s3-b1000,20022,0.0
RL-s16-b300-a1.00,POOL-s3-b1000,20023,0.5
RL-s16-b300-a1.00,POOL-s3-b1000,20024,0.5
RL-s16-b300-a1.00,POOL-s3-b1000,20025,0.5
RL-s16-b300-a1.00,POOL-s3-b1000,20026,0.25
RL-s16-b300-a1.00,POOL-s3-b1000,20027,0.25
RL-s16-b300-a1.00,POOL-s3-b1000,20028,0.5
RL-s16-b300-a1.00,POOL-s3-b1000,20029,0.5
RL-s16-b300-a1.00,POOL-s4-b1000,20000,0.5
RL-s16-b300-a1.00,POOL-s4-b1000,20001,0.25
RL-s16-b300-a1.00,POOL-s4-b1000,20002,0.5
RL-s16-b300-a1.00,POOL-s4-b1000,20003,0.5
RL-s16-b300-a1.00,POOL-s4-b1000,20004,0.5
RL-s16-b300-a1.00,POOL-s4-b1000,20005,0.25
RL-s16-b300-a1.00,POOL-s4-b1000,20006,0.5
RL-s16-b300-a1.00,POOL-s4-b1000,20007,0.5
RL-s16-b300-a1.00,POOL-s4-b1000,20008,0.5
RL-s16-b300-a1.00,POOL-s4-b1000,20009,0.25
RL-s16-b300-a1.00,POOL-s4-b1000,20010,0.5
RL-s16-b300-a1.00,POOL-s4-b1000,20011,0.5
RL-s16-b300-a1.00,POOL-s4-b1000,20012,0.5
RL-s16-b300-a1.00,POOL-s4-b1000,20013,0.5
RL-s16-b300-a1.00,POOL-s4-b1000,20014,0.5
RL-s16-b300-a1.00,POOL-s4-b1000,20015,0.5
RL-s16-b300-a1.00,POOL-s4-b1000,20016,0.5
RL-s16-b300-a1.00,POOL-s4-b1000,20017,0.5
RL-s16-b300-a1.00,POOL-s4-b1000,20018,0.5
RL-s16-b300-a1.00,POOL-s4-b1000,20019,0.5
RL-s16-b300-a1.00,POOL-s4-b1000,20020,0.5
RL-s16-b300-a1.00,POOL-s4-b1000,20021,0.25
RL-s16-b300-a1.00,POOL-s4-b1000,20022,0.5
RL-s16-b300-a1.00,POOL-s4-b1000,20023,0.5
RL-s16-b300-a1.00,POOL-s4-b1000,20024,0.5
RL-s16-b300-a1.00,POOL-s4-b1000,20025,0.5
RL-s16-b300-a1.00,POOL-s4-b1000,20026,0.5
RL-s16-b300-a1.00,POOL-s4-b1000,20027,0.5
RL-s16-b300-a1.00,POOL-s4-b1000,20028,0.5
RL-s16-b300-a1.00,POOL-s4-b1000,20029,0.5
RL-s17-b300-a1.00,RL-s18-b300-a1.00,20000,0.75
RL-s17-b300-a1.00,RL-s18-b300-a1.00,20001,0.5
RL-s17-b300-a1.00,RL-s18-b300-a1.00,20002,0.5
RL-s17-b300-a1.00,RL-s18-b300-a1.00,20003,0.5
RL-s17-b300-a1.00,RL-s18-b300-a1.00,20004,0.5
RL-s17-b300-a1.00,RL-s18-b300-a1.00,20005,0.75
RL-s17-b300-a1.00,RL-s18-b300-a1.00,20006,0.25
RL-s17-b300-a1.00,RL-s18-b300-a1.00,20007,0.5
RL-s17-b300-a1.00,RL-s18-b300-a1.00,20008,0.5
RL-s17-b300-a1.00,RL-s18-b300-a1.00,20009,0.5
RL-s17-b300-a1.00,RL-s18-b300-a1.00,20010,0.5
RL-s17-b300-a1.00,RL-s18-b300-a1.00,20011,0.75
RL-s17-b300-a1.00,RL-s18-b300-a1.00,20012,0.5
RL-s17-b300-a1.00,RL-s18-b300-a1.00,20013,0.5
RL-s17-b300-a1.00,RL-s18-b300-a1.00,20014,0.5
RL-s17-b300-a1.00,RL-s18-b300-a1.00,20015,0.5
RL-s17-b300-a1.00,RL-s18-b300-a1.00,20016,0.5
RL-s17-b300-a1.00,RL-s18-b300-a1.00,20017,0.5
RL-s17-b300-a1.00,RL-s18-b300-a1.00,20018,0.5
RL-s17-b300-a1.00,RL-s18-b300-a1.00,20019,1.0
RL-s17-b300-a1.00,RL-s18-b300-a1.00,20020,0.5
RL-s17-b300-a1.00,RL-s18-b300-a1.00,20021,1.0
RL-s17-b300-a1.00,RL-s18-b300-a1.00,20022,0.5
RL-s17-b300-a1.00,RL-s18-b300-a1.00,20023,0.25
RL-s17-b300-a1.00,RL-s18-b300-a1.00,20024,0.5
RL-s17-b300-a1.00,RL-s18-b300-a1.00,20025,0.5
RL-s17-b300-a1.00,RL-s18-b300-a1.00,20026,0.5
RL-s17-b300-a1.00,RL-s18-b300-a1.00,20027,0.5
RL-s17-b300-a1.00,RL-s18-b300-a1.00,20028,0.5
RL-s17-b300-a1.00,RL-s18-b300-a1.00,20029,0.75
RL-s17-b300-a1.00,RL-s19-b300-a1.00,20000,0.5
RL-s17-b300-a1.00,RL-s19-b300-a1.00,20001,0.5
RL-s17-b300-a1.00,RL-s19-b300-a1.00,20002,0.5
RL-s17-b300-a1.00,RL-s19-b300-a1.00,20003,0.5
RL-s17-b300-a1.00,RL-s19-b300-a1.00,20004,0.5
RL-s17-b300-a1.00,RL-s19-b300-a1.00,20005,0.5
RL-s17-b300-a1.00,RL-s19-b300-a1.00,20006,0.5
RL-s17-b300-a1.00,RL-s19-b300-a1.00,20007,0.5
RL-s17-b300-a1.00,RL-s19-b300-a1.00,20008,0.5
RL-s17-b300-a1.00,RL-s19-b300-a1.00,20009,0.5
RL-s17-b300-a1.00,RL-s19-b300-a1.00,20010,0.5
RL-s17-b300-a1.00,RL-s19-b300-a1.00,20011,0.5
RL-s17-b300-a1.00,RL-s19-b300-a1.00,20012,0.5
RL-s17-b300-a1.00,RL-s19-b300-a1.00,20013,0.5
RL-s17-b300-a1.00,RL-s19-b300-a1.00,20014,0.5
RL-s17-b300-a1.00,RL-s19-b300-a1.00,20015,0.5
RL-s17-b300-a1.00,RL-s19-b300-a1.00,20016,0.5
RL-s17-b300-a1.00,RL-s19-b300-a1.00,20017,0.25
RL-s17-b300-a1.00,RL-s19-b300-a1.00,20018,0.5
RL-s17-b300-a1.00,RL-s19-b300-a1.00,20019,0.25
RL-s17-b300-a1.00,RL-s19-b300-a1.00,20020,0.5
RL-s17-b300-a1.00,RL-s19-b300-a1.00,20021,0.5
RL-s17-b300-a1.00,RL-s19-b300-a1.00,20022,0.5
RL-s17-b300-a1.00,RL-s19-b300-a1.00,20023,0.5
RL-s17-b300-a1.00,RL-s19-b300-a1.00,20024,0.5
RL-s17-b300-a1.00,RL-s19-b300-a1.00,20025,0.5
RL-s17-b300-a1.00,RL-s19-b300-a1.00,20026,0.25
RL-s17-b300-a1.00,RL-s19-b300-a1.00,20027,0.5
RL-s17-b300-a1.00,RL-s19-b300-a1.00,20028,0.5
RL-s17-b300-a1.00,RL-s19-b300-a1.00,20029,0.5
RL-s17-b300-a1.00,RL-s1-b300-a1.00,20000,0.5
RL-s17-b300-a1.00,RL-s1-b300-a1.00,20001,0.5
RL-s17-b300-a1.00,RL-s1-b300-a1.00,20002,0.5
RL-s17-b300-a1.00,RL-s1-b300-a1.00,20003,0.5
RL-s17-b300-a1.00,RL-s1-b300-a1.00,20004,0.75
RL-s17-b300-a1.00,RL-s1-b300-a1.00,20005,0.5
RL-s17-b300-a1.00,RL-s1-b300-a1.00,20006,0.5
RL-s17-b300-a1.00,RL-s1-b300-a1.00,20007,0.75
RL-s17-b300-a1.00,RL-s1-b300-a1.00,20008,0.75
RL-s17-b300-a1.00,RL-s1-b300-a1.00,20009,0.5
RL-s17-b300-a1.00,RL-s1-b300-a1.00,20010,0.25
RL-s17-b300-a1.00,RL-s1-b300-a1.00,20011,0.5
RL-s17-b300-a1.00,RL-s1-b300-a1.00,20012,0.5
RL-s17-b300-a1.00,RL-s1-b300-a1.00,20013,0.5
RL-s17-b300-a1.00,RL-s1-b300-a1.00,20014,0.5
RL-s17-b300-a1.00,RL-s1-b300-a1.00,20015,0.5
RL-s17-b300-a1.00,RL-s1-b300-a1.00,20016,0.5
RL-s17-b300-a1.00,RL-s1-b300-a1.00,20017,0.5
RL-s17-b300-a1.00,RL-s1-b300-a1.00,20018,0.5
RL-s17-b300-a1.00,RL-s1-b300-a1.00,20019,0.5
RL-s17-b300-a1.00,RL-s1-b300-a1.00,20020,0.5
RL-s17-b300-a1.00,RL-s1-b300-a1.00,20021,0.5
RL-s17-b300-a1.00,RL-s1-b300-a1.00,20022,0.5
RL-s17-b300-a1.00,RL-s1-b300-a1.00,20023,0.5
RL-s17-b300-a1.00,RL-s1-b300-a1.00,20024,0.5
RL-s17-b300-a1.00,RL-s1-b300-a1.00,20025,0.5
RL-s17-b300-a1.00,RL-s1-b300-a1.00,20026,0.5
RL-s17-b300-a1.00,RL-s1-b300-a1.00,20027,0.5
RL-s17-b300-a1.00,RL-s1-b300-a1.00,20028,0.25
RL-s17-b300-a1.00,RL-s1-b300-a1.00,20029,0.5
RL-s17-b300-a1.00,RL-s2-b300-a1.00,20000,0.5
RL-s17-b300-a1.00,RL-s2-b300-a1.00,20001,0.5
RL-s17-b300-a1.00,RL-s2-b300-a1.00,20002,0.5
RL-s17-b300-a1.00,RL-s2-b300-a1.00,20003,0.5
RL-s17-b300-a1.00,RL-s2-b300-a1.00,20004,0.5
RL-s17-b300-a1.00,RL-s2-b300-a1.00,20005,0.75
RL-s17-b300-a1.00,RL-s2-b300-a1.00,20006,0.5
RL-s17-b300-a1.00,RL-s2-b300-a1.00,20007,0.5
RL-s17-b300-a1.00,RL-s2-b300-a1.00,20008,0.25
RL-s17-b300-a1.00,RL-s2-b300-a1.00,20009,0.5
RL-s17-b300-a1.00,RL-s2-b300-a1.00,20010,0.25
RL-s17-b300-a1.00,RL-s2-b300-a1.00,20011,0.5
RL-s17-b300-a1.00,RL-s2-b300-a1.00,20012,0.5
RL-s17-b300-a1.00,RL-s2-b300-a1.00,20013,0.5
RL-s17-b300-a1.00,RL-s2-b300-a1.00,20014,0.5
RL-s17-b300-a1.00,RL-s2-b300-a1.00,20015,0.5
RL-s17-b300-a1.00,RL-s2-b300-a1.00,20016,0.0
RL-s17-b300-a1.00,RL-s2-b300-a1.00,20017,0.25
RL-s17-b300-a1.00,RL-s2-b300-a1.00,20018,0.5
RL-s17-b300-a1.00,RL-s2-b300-a1.00,20019,0.5
RL-s17-b300-a1.00,RL-s2-b300-a1.00,20020,0.25
RL-s17-b300-a1.00,RL-s2-b300-a1.00,20021,0.5
RL-s17-b300-a1.00,RL-s2-b300-a1.00,20022,0.5
RL-s17-b300-a1.00,RL-s2-b300-a1.00,20023,0.5
RL-s17-b300-a1.00,RL-s2-b300-a1.00,20024,0.5
RL-s17-b300-a1.00,RL-s2-b300-a1.00,20025,0.25
RL-s17-b300-a1.00,RL-s2-b300-a1.00,20026,0.5
RL-s17-b300-a1.00,RL-s2-b300-a1.00,20027,0.5
RL-s17-b300-a1.00,RL-s2-b300-a1.00,20028,0.5
RL-s17-b300-a1.00,RL-s2-b300-a1.00,20029,0.5
RL-s17-b300-a1.00,RL-s3-b300-a1.00,20000,0.5
RL-s17-b300-a1.00,RL-s3-b300-a1.00,20001,0.5
RL-s17-b300-a1.00,RL-s3-b300-a1.00,20002,0.25
RL-s17-b300-a1.00,RL-s3-b300-a1.00,20003,0.5
RL-s17-b300-a1.00,RL-s3-b300-a1.00,20004,0.5
RL-s17-b300-a1.00,RL-s3-b300-a1.00,20005,0.5
RL-s17-b300-a1.00,RL-s3-b300-a1.00,20006,0.5
RL-s17-b300-a1.00,RL-s3-b300-a1.00,20007,0.5
RL-s17-b300-a1.00,RL-s3-b300-a1.00,20008,0.5
RL-s17-b300-a1.00,RL-s3-b300-a1.00,20009,0.5
RL-s17-b300-a1.00,RL-s3-b300-a1.00,20010,0.75
RL-s17-b300-a1.00,RL-s3-b300-a1.00,20011,0.5
RL-s17-b300-a1.00,RL-s3-b300-a1.00,20012,0.5
RL-s17-b300-a1.00,RL-s3-b300-a1.00,20013,0.5
RL-s17-b300-a1.00,RL-s3-b300-a1.00,20014,0.5
RL-s17-b300-a1.00,RL-s3-b300-a1.00,20015,0.5
RL-s17-b300-a1.00,RL-s3-b300-a1.00,20016,0.5
RL-s17-b300-a1.00,RL-s3-b300-a1.00,20017,0.5
RL-s17-b300-a1.00,RL-s3-b300-a1.00,20018,0.5
RL-s17-b300-a1.00,RL-s3-b300-a1.00,20019,0.75
RL-s17-b300-a1.00,RL-s3-b300-a1.00,20020,0.5
RL-s17-b300-a1.00,RL-s3-b300-a1.00,20021,0.5
RL-s17-b300-a1.00,RL-s3-b300-a1.00,20022,0.5
RL-s17-b300-a1.00,RL-s3-b300-a1.00,20023,0.5
RL-s17-b300-a1.00,RL-s3-b300-a1.00,20024,0.5
RL-s17-b300-a1.00,RL-s3-b300-a1.00,20025,0.5
RL-s17-b300-a1.00,RL-s3-b300-a1.00,20026,0.5
RL-s17-b300-a1.00,RL-s3-b300-a1.00,20027,0.5
RL-s17-b300-a1.00,RL-s3-b300-a1.00,20028,0.5
RL-s17-b300-a1.00,RL-s3-b300-a1.00,20029,0.75
RL-s17-b300-a1.00,RL-s4-b300-a1.00,20000,0.5
RL-s17-b300-a1.00,RL-s4-b300-a1.00,20001,0.5
RL-s17-b300-a1.00,RL-s4-b300-a1.00,20002,0.25
RL-s17-b300-a1.00,RL-s4-b300-a1.00,20003,0.25
RL-s17-b300-a1.00,RL-s4-b300-a1.00,20004,0.5
RL-s17-b300-a1.00,RL-s4-b300-a1.00,20005,0.5
RL-s17-b300-a1.00,RL-s4-b300-a1.00,20006,0.5
RL-s17-b300-a1.00,RL-s4-b300-a1.00,20007,0.5
RL-s17-b300-a1.00,RL-s4-b300-a1.00,20008,0.5
RL-s17-b300-a1.00,RL-s4-b300-a1.00,20009,0.5
RL-s17-b300-a1.00,RL-s4-b300-a1.00,20010,0.25
RL-s17-b300-a1.00,RL-s4-b300-a1.00,20011,0.25
RL-s17-b300-a1.00,RL-s4-b300-a1.00,20012,0.25
RL-s17-b300-a1.00,RL-s4-b300-a1.00,20013,0.5
RL-s17-b300-a1.00,RL-s4-b300-a1.00,20014,0.5
RL-s17-b300-a1.00,RL-s4-b300-a1.00,20015,0.5
RL-s17-b300-a1.00,RL-s4-b300-a1.00,20016,0.25
RL-s17-b300-a1.00,RL-s4-b300-a1.00,20017,0.5
RL-s17-b300-a1.00,RL-s4-b300-a1.00,20018,0.5
RL-s17-b300-a1.00,RL-s4-b300-a1.00,20019,0.25
RL-s17-b300-a1.00,RL-s4-b300-a1.00,20020,0.5
RL-s17-b300-a1.00,RL-s4-b300-a1.00,20021,0.5
RL-s17-b300-a1.00,RL-s4-b300-a1.00,20022,0.5
RL-s17-b300-a1.00,RL-s4-b300-a1.00,20023,0.5
RL-s17-b300-a1.00,RL-s4-b300-a1.00,20024,0.5
RL-s17-b300-a1.00,RL-s4-b300-a1.00,20025,0.5
RL-s17-b300-a1.00,RL-s4-b300-a1.00,20026,0.5
RL-s17-b300-a1.00,RL-s4-b300-a1.00,20027,0.5
RL-s17-b300-a1.00,RL-s4-b300-a1.00,20028,0.5
RL-s17-b300-a1.00,RL-s4-b300-a1.00,20029,0.25
RL-s17-b300-a1.00,RL-s5-b300-a1.00,20000,0.5
RL-s17-b300-a1.00,RL-s5-b300-a1.00,20001,0.0
RL-s17-b300-a1.00,RL-s5-b300-a1.00,20002,0.5
RL-s17-b300-a1.00,RL-s5-b300-a1.00,20003,0.5
RL-s17-b300-a1.00,RL-s5-b300-a1.00,20004,0.5
RL-s17-b300-a1.00,RL-s5-b300-a1.00,20005,0.75
RL-s17-b300-a1.00,RL-s5-b300-a1.00,20006,0.5
RL-s17-b300-a1.00,RL-s5-b300-a1.00,20007,0.5
RL-s17-b300-a1.00,RL-s5-b300-a1.00,20008,0.25
RL-s17-b300-a1.00,RL-s5-b300-a1.00,20009,0.5
RL-s17-b300-a1.00,RL-s5-b300-a1.00,20010,0.25
RL-s17-b300-a1.00,RL-s5-b300-a1.00,20011,0.5
RL-s17-b300-a1.00,RL-s5-b300-a1.00,20012,0.5
RL-s17-b300-a1.00,RL-s5-b300-a1.00,20013,0.5
RL-s17-b300-a1.00,RL-s5-b300-a1.00,20014,0.5
RL-s17-b300-a1.00,RL-s5-b300-a1.00,20015,0.5
RL-s17-b300-a1.00,RL-s5-b300-a1.00,20016,0.5
RL-s17-b300-a1.00,RL-s5-b300-a1.00,20017,0.5
RL-s17-b300-a1.00,RL-s5-b300-a1.00,20018,0.5
RL-s17-b300-a1.00,RL-s5-b300-a1.00,20019,0.75
RL-s17-b300-a1.00,RL-s5-b300-a1.00,20020,0.5
RL-s17-b300-a1.00,RL-s5-b300-a1.00,20021,0.25
RL-s17-b300-a1.00,RL-s5-b300-a1.00,20022,0.5
RL-s17-b300-a1.00,RL-s5-b300-a1.00,20023,0.5
RL-s17-b300-a1.00,RL-s5-b300-a1.00,20024,0.5
RL-s17-b300-a1.00,RL-s5-b300-a1.00,20025,0.5
RL-s17-b300-a1.00,RL-s5-b300-a1.00,20026,0.75
RL-s17-b300-a1.00,RL-s5-b300-a1.00,20027,0.5
RL-s17-b300-a1.00,RL-s5-b300-a1.00,20028,0.5
RL-s17-b300-a1.00,RL-s5-b300-a1.00,20029,0.5
RL-s17-b300-a1.00,RL-s6-b300-a1.00,20000,0.5
RL-s17-b300-a1.00,RL-s6-b300-a1.00,20001,0.5
RL-s17-b300-a1.00,RL-s6-b300-a1.00,20002,0.25
RL-s17-b300-a1.00,RL-s6-b300-a1.00,20003,0.25
RL-s17-b300-a1.00,RL-s6-b300-a1.00,20004,0.5
RL-s17-b300-a1.00,RL-s6-b300-a1.00,20005,0.5
RL-s17-b300-a1.00,RL-s6-b300-a1.00,20006,0.5
RL-s17-b300-a1.00,RL-s6-b300-a1.00,20007,0.5
RL-s17-b300-a1.00,RL-s6-b300-a1.00,20008,0.5
RL-s17-b300-a1.00,RL-s6-b300-a1.00,20009,0.5
RL-s17-b300-a1.00,RL-s6-b300-a1.00,20010,0.5
RL-s17-b300-a1.00,RL-s6-b300-a1.00,20011,0.5
RL-s17-b300-a1.00,RL-s6-b300-a1.00,20012,0.5
RL-s17-b300-a1.00,RL-s6-b300-a1.00,20013,0.5
RL-s17-b300-a1.00,RL-s6-b300-a1.00,20014,0.5
RL-s17-b300-a1.00,RL-s6-b300-a1.00,20015,0.5
RL-s17-b300-a1.00,RL-s6-b300-a1.00,20016,0.5
RL-s17-b300-a1.00,RL-s6-b300-a1.00,20017,0.25
RL-s17-b300-a1.00,RL-s6-b300-a1.00,20018,0.5
RL-s17-b300-a1.00,RL-s6-b300-a1.00,20019,0.5
RL-s17-b300-a1.00,RL-s6-b300-a1.00,20020,0.5
RL-s17-b300-a1.00,RL-s6-b300-a1.00,20021,0.25
RL-s17-b300-a1.00,RL-s6-b300-a1.00,20022,0.5
RL-s17-b300-a1.00,RL-s6-b300-a1.00,20023,0.5
RL-s17-b300-a1.00,RL-s6-b300-a1.00,20024,0.5
RL-s17-b300-a1.00,RL-s6-b300-a1.00,20025,0.5
RL-s17-b300-a1.00,RL-s6-b300-a1.00,20026,0.75
RL-s17-b300-a1.00,RL-s6-b300-a1.00,20027,0.5
RL-s17-b300-a1.00,RL-s6-b300-a1.00,20028,0.5
RL-s17-b300-a1.00,RL-s6-b300-a1.00,20029,0.5
RL-s17-b300-a1.00,RL-s7-b300-a1.00,20000,0.5
RL-s17-b300-a1.00,RL-s7-b300-a1.00,20001,0.5
RL-s17-b300-a1.00,RL-s7-b300-a1.00,20002,0.5
RL-s17-b300-a1.00,RL-s7-b300-a1.00,20003,0.5
RL-s17-b300-a1.00,RL-s7-b300-a1.00,20004,0.5
RL-s17-b300-a1.00,RL-s7-b300-a1.00,20005,0.75
RL-s17-b300-a1.00,RL-s7-b300-a1.00,20006,0.5
RL-s17-b300-a1.00,RL-s7-b300-a1.00,20007,0.75
RL-s17-b300-a1.00,RL-s7-b300-a1.00,20008,0.5
RL-s17-b300-a1.00,RL-s7-b300-a1.00,20009,0.75
RL-s17-b300-a1.00,RL-s7-b300-a1.00,20010,0.75
RL-s17-b300-a1.00,RL-s7-b300-a1.00,20011,0.5
RL-s17-b300-a1.00,RL-s7-b300-a1.00,20012,0.5
RL-s17-b300-a1.00,RL-s7-b300-a1.00,20013,0.5
RL-s17-b300-a1.00,RL-s7-b300-a1.00,20014,0.5
RL-s17-b300-a1.00,RL-s7-b300-a1.00,20015,0.5
RL-s17-b300-a1.00,RL-s7-b300-a1.00,20016,0.5
RL-s17-b300-a1.00,RL-s7-b300-a1.00,20017,0.5
RL-s17-b300-a1.00,RL-s7-b300-a1.00,20018,0.5
RL-s17-b300-a1.00,RL-s7-b300-a1.00,20019,0.75
RL-s17-b300-a1.00,RL-s7-b300-a1.00,20020,0.5
RL-s17-b300-a1.00,RL-s7-b300-a1.00,20021,0.75
RL-s17-b300-a1.00,RL-s7-b300-a1.00,20022,0.5
RL-s17-b300-a1.00,RL-s7-b300-a1.00,20023,0.5
RL-s17-b300-a1.00,RL-s7-b300-a1.00,20024,0.5
RL-s17-b300-a1.00,RL-s7-b300-a1.00,20025,0.5
RL-s17-b300-a1.00,RL-s7-b300-a1.00,20026,0.5
RL-s17-b300-a1.00,RL-s7-b300-a1.00,20027,0.5
RL-s17-b300-a1.00,RL-s7-b300-a1.00,20028,0.25
RL-s17-b300-a1.00,RL-s7-b300-a1.00,20029,0.75
RL-s17-b300-a1.00,RL-s8-b300-a1.00,20000,0.5
RL-s17-b300-a1.00,RL-s8-b300-a1.00,20001,0.5
RL-s17-b300-a1.00,RL-s8-b300-a1.00,20002,0.75
RL-s17-b300-a1.00,RL-s8-b300-a1.00,20003,0.75
RL-s17-b300-a1.00,RL-s8-b300-a1.00,20004,0.75
RL-s17-b300-a1.00,RL-s8-b300-a1.00,20005,0.25
RL-s17-b300-a1.00,RL-s8-b300-a1.00,20006,0.5
RL-s17-b300-a1.00,RL-s8-b300-a1.00,20007,0.25
RL-s17-b300-a1.00,RL-s8-b300-a1.00,20008,1.0
RL-s17-b300-a1.00,RL-s8-b300-a1.00,20009,0.5
RL-s17-b300-a1.00,RL-s8-b300-a1.00,20010,0.25
RL-s17-b300-a1.00,RL-s8-b300-a1.00,20011,0.75
RL-s17-b300-a1.00,RL-s8-b300-a1.00,20012,0.5
RL-s17-b300-a1.00,RL-s8-b300-a1.00,20013,0.75
RL-s17-b300-a1.00,RL-s8-b300-a1.00,20014,0.25
RL-s17-b300-a1.00,RL-s8-b300-a1.00,20015,0.5
RL-s17-b300-a1.00,RL-s8-b300-a1.00,20016,0.0
RL-s17-b300-a1.00,RL-s8-b300-a1.00,20017,0.25
RL-s17-b300-a1.00,RL-s8-b300-a1.00,20018,0.25
RL-s17-b300-a1.00,RL-s8-b300-a1.00,20019,0.5
RL-s17-b300-a1.00,RL-s8-b300-a1.00,20020,0.75
RL-s17-b300-a1.00,RL-s8-b300-a1.00,20021,0.75
RL-s17-b300-a1.00,RL-s8-b300-a1.00,20022,0.75
RL-s17-b300-a1.00,RL-s8-b300-a1.00,20023,0.5
RL-s17-b300-a1.00,RL-s8-b300-a1.00,20024,0.5
RL-s17-b300-a1.00,RL-s8-b300-a1.00,20025,0.25
RL-s17-b300-a1.00,RL-s8-b300-a1.00,20026,0.5
RL-s17-b300-a1.00,RL-s8-b300-a1.00,20027,0.75
RL-s17-b300-a1.00,RL-s8-b300-a1.00,20028,0.5
RL-s17-b300-a1.00,RL-s8-b300-a1.00,20029,0.75
RL-s17-b300-a1.00,RL-s9-b300-a1.00,20000,0.5
RL-s17-b300-a1.00,RL-s9-b300-a1.00,20001,0.5
RL-s17-b300-a1.00,RL-s9-b300-a1.00,20002,0.5
RL-s17-b300-a1.00,RL-s9-b300-a1.00,20003,0.5
RL-s17-b300-a1.00,RL-s9-b300-a1.00,20004,0.5
RL-s17-b300-a1.00,RL-s9-b300-a1.00,20005,0.75
RL-s17-b300-a1.00,RL-s9-b300-a1.00,20006,0.5
RL-s17-b300-a1.00,RL-s9-b300-a1.00,20007,0.75
RL-s17-b300-a1.00,RL-s9-b300-a1.00,20008,0.75
RL-s17-b300-a1.00,RL-s9-b300-a1.00,20009,0.5
RL-s17-b300-a1.00,RL-s9-b300-a1.00,20010,0.25
RL-s17-b300-a1.00,RL-s9-b300-a1.00,20011,0.5
RL-s17-b300-a1.00,RL-s9-b300-a1.00,20012,0.5
RL-s17-b300-a1.00,RL-s9-b300-a1.00,20013,0.5
RL-s17-b300-a1.00,RL-s9-b300-a1.00,20014,0.5
RL-s17-b300-a1.00,RL-s9-b300-a1.00,20015,0.5
RL-s17-b300-a1.00,RL-s9-b300-a1.00,20016,0.5
RL-s17-b300-a1.00,RL-s9-b300-a1.00,20017,0.5
RL-s17-b300-a1.00,RL-s9-b300-a1.00,20018,0.5
RL-s17-b300-a1.00,RL-s9-b300-a1.00,20019,0.5
RL-s17-b300-a1.00,RL-s9-b300-a1.00,20020,0.5
RL-s17-b300-a1.00,RL-s9-b300-a1.00,20021,0.25
RL-s17-b300-a1.00,RL-s9-b300-a1.00,20022,0.75
RL-s17-b300-a1.00,RL-s9-b300-a1.00,20023,0.5
RL-s17-b300-a1.00,RL-s9-b300-a1.00,20024,0.5
RL-s17-b300-a1.00,RL-s9-b300-a1.00,20025,0.5
RL-s17-b300-a1.00,RL-s9-b300-a1.00,20026,0.5
RL-s17-b300-a1.00,RL-s9-b300-a1.00,20027,0.5
RL-s17-b300-a1.00,RL-s9-b300-a1.00,20028,0.5
RL-s17-b300-a1.00,RL-s9-b300-a1.00,20029,0.5
RL-s17-b300-a1.00,BTO-s0-b300,20000,0.5
RL-s17-b300-a1.00,BTO-s0-b300,20001,0.5
RL-s17-b300-a1.00,BTO-s0-b300,20002,1.0
RL-s17-b300-a1.00,BTO-s0-b300,20003,0.5
RL-s17-b300-a1.00,BTO-s0-b300,20004,0.0
RL-s17-b300-a1.00,BTO-s0-b300,20005,1.0
RL-s17-b300-a1.00,BTO-s0-b300,20006,0.5
RL-s17-b300-a1.00,BTO-s0-b300,20007,1.0
RL-s17-b300-a1.00,BTO-s0-b300,20008,0.75
RL-s17-b300-a1.00,BTO-s0-b300,20009,1.0
RL-s17-b300-a1.00,BTO-s0-b300,20010,0.5
RL-s17-b300-a1.00,BTO-s0-b300,20011,0.5
RL-s17-b300-a1.00,BTO-s0-b300,20012,0.5
RL-s17-b300-a1.00,BTO-s0-b300,20013,1.0
RL-s17-b300-a1.00,BTO-s0-b300,20014,0.5
RL-s17-b300-a1.00,BTO-s0-b300,20015,0.75
RL-s17-b300-a1.00,BTO-s0-b300,20016,0.25
RL-s17-b300-a1.00,BTO-s0-b300,20017,0.25
RL-s17-b300-a1.00,BTO-s0-b300,20018,0.25
RL-s17-b300-a1.00,BTO-s0-b300,20019,0.5
RL-s17-b300-a1.00,BTO-s0-b300,20020,0.5
RL-s17-b300-a1.00,BTO-s0-b300,20021,0.5
RL-s17-b300-a1.00,BTO-s0-b300,20022,0.5
RL-s17-b300-a1.00,BTO-s0-b300,20023,0.75
RL-s17-b300-a1.00,BTO-s0-b300,20024,0.75
RL-s17-b300-a1.00,BTO-s0-b300,20025,0.5
RL-s17-b300-a1.00,BTO-s0-b300,20026,0.5
RL-s17-b300-a1.00,BTO-s0-b300,20027,0.5
RL-s17-b300-a1.00,BTO-s0-b300,20028,0.25
RL-s17-b300-a1.00,BTO-s0-b300,20029,0.5
RL-s17-b300-a1.00,BTO-s1-b300,20000,1.0
RL-s17-b300-a1.00,BTO-s1-b300,20001,0.5
RL-s17-b300-a1.00,BTO-s1-b300,20002,0.75
RL-s17-b300-a1.00,BTO-s1-b300,20003,0.5
RL-s17-b300-a1.00,BTO-s1-b300,20004,0.75
RL-s17-b300-a1.00,BTO-s1-b300,20005,1.0
RL-s17-b300-a1.00,BTO-s1-b300,20006,0.5
RL-s17-b300-a1.00,BTO-s1-b300,20007,1.0
RL-s17-b300-a1.00,BTO-s1-b300,20008,0.25
RL-s17-b300-a1.00,BTO-s1-b300,20009,0.75
RL-s17-b300-a1.00,BTO-s1-b300,20010,0.5
RL-s17-b300-a1.00,BTO-s1-b300,20011,0.5
RL-s17-b300-a1.00,BTO-s1-b300,20012,0.5
RL-s17-b300-a1.00,BTO-s1-b300,20013,0.75
RL-s17-b300-a1.00,BTO-s1-b300,20014,0.75
RL-s17-b300-a1.00,BTO-s1-b300,20015,0.75
RL-s17-b300-a1.00,BTO-s1-b300,20016,0.75
RL-s17-b300-a1.00,BTO-s1-b300,20017,0.5
RL-s17-b300-a1.00,BTO-s1-b300,20018,0.5
RL-s17-b300-a1.00,BTO-s1-b300,20019,0.5
RL-s17-b300-a1.00,BTO-s1-b300,20020,0.5
RL-s17-b300-a1.00,BTO-s1-b300,20021,0.5
RL-s17-b300-a1.00,BTO-s1-b300,20022,0.75
RL-s17-b300-a1.00,BTO-s1-b300,20023,1.0
RL-s17-b300-a1.00,BTO-s1-b300,20024,0.75
RL-s17-b300-a1.00,BTO-s1-b300,20025,0.75
RL-s17-b300-a1.00,BTO-s1-b300,20026,0.5
RL-s17-b300-a1.00,BTO-s1-b300,20027,0.5
RL-s17-b300-a1.00,BTO-s1-b300,20028,0.75
RL-s17-b300-a1.00,BTO-s1-b300,20029,0.5
RL-s17-b300-a1.00,BTO-s2-b300,20000,1.0
RL-s17-b300-a1.00,BTO-s2-b300,20001,0.5
RL-s17-b300-a1.00,BTO-s2-b300,20002,0.75
RL-s17-b300-a1.00,BTO-s2-b300,20003,0.5
RL-s17-b300-a1.00,BTO-s2-b300,20004,0.25
RL-s17-b300-a1.00,BTO-s2-b300,20005,1.0
RL-s17-b300-a1.00,BTO-s2-b300,20006,0.5
RL-s17-b300-a1.00,BTO-s2-b300,20007,1.0
RL-s17-b300-a1.00,BTO-s2-b300,20008,0.5
RL-s17-b300-a1.00,BTO-s2-b300,20009,1.0
RL-s17-b300-a1.00,BTO-s2-b300,20010,0.75
RL-s17-b300-a1.00,BTO-s2-b300,20011,0.5
RL-s17-b300-a1.00,BTO-s2-b300,20012,0.5
RL-s17-b300-a1.00,BTO-s2-b300,20013,0.75
RL-s17-b300-a1.00,BTO-s2-b300,20014,1.0
RL-s17-b300-a1.00,BTO-s2-b300,20015,0.5
RL-s17-b300-a1.00,BTO-s2-b300,20016,0.25
RL-s17-b300-a1.00,BTO-s2-b300,20017,0.5
RL-s17-b300-a1.00,BTO-s2-b300,20018,0.25
RL-s17-b300-a1.00,BTO-s2-b300,20019,0.5
RL-s17-b300-a1.00,BTO-s2-b300,20020,1.0
RL-s17-b300-a1.00,BTO-s2-b300,20021,0.5
RL-s17-b300-a1.00,BTO-s2-b300,20022,0.75
RL-s17-b300-a1.00,BTO-s2-b300,20023,0.5
RL-s17-b300-a1.00,BTO-s2-b300,20024,0.5
RL-s17-b300-a1.00,BTO-s2-b300,20025,1.0
RL-s17-b300-a1.00,BTO-s2-b300,20026,0.5
RL-s17-b300-a1.00,BTO-s2-b300,20027,0.75
RL-s17-b300-a1.00,BTO-s2-b300,20028,0.25
RL-s17-b300-a1.00,BTO-s2-b300,20029,0.5
RL-s17-b300-a1.00,POOL-s0-b1000,20000,0.5
RL-s17-b300-a1.00,POOL-s0-b1000,20001,0.25
RL-s17-b300-a1.00,POOL-s0-b1000,20002,0.5
RL-s17-b300-a1.00,POOL-s0-b1000,20003,0.5
RL-s17-b300-a1.00,POOL-s0-b1000,20004,0.5
RL-s17-b300-a1.00,POOL-s0-b1000,20005,0.5
RL-s17-b300-a1.00,POOL-s0-b1000,20006,0.5
RL-s17-b300-a1.00,POOL-s0-b1000,20007,0.5
RL-s17-b300-a1.00,POOL-s0-b1000,20008,0.5
RL-s17-b300-a1.00,POOL-s0-b1000,20009,0.5
RL-s17-b300-a1.00,POOL-s0-b1000,20010,0.5
RL-s17-b300-a1.00,POOL-s0-b1000,20011,0.5
RL-s17-b300-a1.00,POOL-s0-b1000,20012,0.5
RL-s17-b300-a1.00,POOL-s0-b1000,20013,0.5
RL-s17-b300-a1.00,POOL-s0-b1000,20014,0.5
RL-s17-b300-a1.00,POOL-s0-b1000,20015,0.5
RL-s17-b300-a1.00,POOL-s0-b1000,20016,0.5
RL-s17-b300-a1.00,POOL-s0-b1000,20017,0.5
RL-s17-b300-a1.00,POOL-s0-b1000,20018,0.5
RL-s17-b300-a1.00,POOL-s0-b1000,20019,0.5
RL-s17-b300-a1.00,POOL-s0-b1000,20020,0.5
RL-s17-b300-a1.00,POOL-s0-b1000,20021,0.5
RL-s17-b300-a1.00,POOL-s0-b1000,20022,0.5
RL-s17-b300-a1.00,POOL-s0-b1000,20023,0.5
RL-s17-b300-a1.00,POOL-s0-b1000,20024,0.5
RL-s17-b300-a1.00,POOL-s0-b1000,20025,0.5
RL-s17-b300-a1.00,POOL-s0-b1000,20026,0.5
RL-s17-b300-a1.00,POOL-s0-b1000,20027,0.5
RL-s17-b300-a1.00,POOL-s0-b1000,20028,0.5
RL-s17-b300-a1.00,POOL-s0-b1000,20029,0.5
RL-s17-b300-a1.00,POOL-s1-b1000,20000,0.5
RL-s17-b300-a1.00,POOL-s1-b1000,20001,0.25
RL-s17-b300-a1.00,POOL-s1-b1000,20002,0.5
RL-s17-b300-a1.00,POOL-s1-b1000,20003,0.5
RL-s17-b300-a1.00,POOL-s1-b1000,20004,0.5
RL-s17-b300-a1.00,POOL-s1-b1000,20005,0.25
RL-s17-b300-a1.00,POOL-s1-b1000,20006,0.5
RL-s17-b300-a1.00,POOL-s1-b1000,20007,0.5
RL-s17-b300-a1.00,POOL-s1-b1000,20008,0.25
RL-s17-b300-a1.00,POOL-s1-b1000,20009,0.5
RL-s17-b300-a1.00,POOL-s1-b1000,20010,0.25
RL-s17-b300-a1.00,POOL-s1-b1000,20011,0.25
RL-s17-b300-a1.00,POOL-s1-b1000,20012,0.5
RL-s17-b300-a1.00,POOL-s1-b1000,20013,0.5
RL-s17-b300-a1.00,POOL-s1-b1000,20014,0.5
RL-s17-b300-a1.00,POOL-s1-b1000,20015,0.5
RL-s17-b300-a1.00,POOL-s1-b1000,20016,0.5
RL-s17-b300-a1.00,POOL-s1-b1000,20017,0.25
RL-s17-b300-a1.00,POOL-s1-b1000,20018,0.5
RL-s17-b300-a1.00,POOL-s1-b1000,20019,0.25
RL-s17-b300-a1.00,POOL-s1-b1000,20020,0.5
RL-s17-b300-a1.00,POOL-s1-b1000,20021,0.5
RL-s17-b300-a1.00,POOL-s1-b1000,20022,0.5
RL-s17-b300-a1.00,POOL-s1-b1000,20023,0.5
RL-s17-b300-a1.00,POOL-s1-b1000,20024,0.5
RL-s17-b300-a1.00,POOL-s1-b1000,20025,0.5
RL-s17-b300-a1.00,POOL-s1-b1000,20026,0.25
RL-s17-b300-a1.00,POOL-s1-b1000,20027,0.5
RL-s17-b300-a1.00,POOL-s1-b1000,20028,0.5
RL-s17-b300-a1.00,POOL-s1-b1000,20029,0.25
RL-s17-b300-a1.00,POOL-s2-b1000,20000,0.5
RL-s17-b300-a1.00,POOL-s2-b1000,20001,0.25
RL-s17-b300-a1.00,POOL-s2-b1000,20002,0.5
RL-s17-b300-a1.00,POOL-s2-b1000,20003,0.5
RL-s17-b300-a1.00,POOL-s2-b1000,20004,0.5
RL-s17-b300-a1.00,POOL-s2-b1000,20005,0.5
RL-s17-b300-a1.00,POOL-s2-b1000,20006,0.5
RL-s17-b300-a1.00,POOL-s2-b1000,20007,0.5
RL-s17-b300-a1.00,POOL-s2-b1000,20008,0.5
RL-s17-b300-a1.00,POOL-s2-b1000,20009,0.5
RL-s17-b300-a1.00,POOL-s2-b1000,20010,0.5
RL-s17-b300-a1.00,POOL-s2-b1000,20011,0.25
RL-s17-b300-a1.00,POOL-s2-b1000,20012,0.25
RL-s17-b300-a1.00,POOL-s2-b1000,20013,0.5
RL-s17-b300-a1.00,POOL-s2-b1000,20014,0.5
RL-s17-b300-a1.00,POOL-s2-b1000,20015,0.5
RL-s17-b300-a1.00,POOL-s2-b1000,20016,0.5
RL-s17-b300-a1.00,POOL-s2-b1000,20017,0.5
RL-s17-b300-a1.00,POOL-s2-b1000,20018,0.5
RL-s17-b300-a1.00,POOL-s2-b1000,20019,0.25
RL-s17-b300-a1.00,POOL-s2-b1000,20020,0.5
RL-s17-b300-a1.00,POOL-s2-b1000,20021,0.5
RL-s17-b300-a1.00,POOL-s2-b1000,20022,0.5
RL-s17-b300-a1.00,POOL-s2-b1000,20023,0.5
RL-s17-b300-a1.00,POOL-s2-b1000,20024,0.5
RL-s17-b300-a1.00,POOL-s2-b1000,20025,0.5
RL-s17-b300-a1.00,POOL-s2-b1000,20026,0.25
RL-s17-b300-a1.00,POOL-s2-b1000,20027,0.5
RL-s17-b300-a1.00,POOL-s2-b1000,20028,0.5
RL-s17-b300-a1.00,POOL-s2-b1000,20029,0.25
RL-s17-b300-a1.00,POOL-s3-b1000,20000,0.5
RL-s17-b300-a1.00,POOL-s3-b1000,20001,0.5
RL-s17-b300-a1.00,POOL-s3-b1000,20002,0.5
RL-s17-b300-a1.00,POOL-s3-b1000,20003,0.5
RL-s17-b300-a1.00,POOL-s3-b1000,20004,0.5
RL-s17-b300-a1.00,POOL-s3-b1000,20005,0.5
RL-s17-b300-a1.00,POOL-s3-b1000,20006,0.5
RL-s17-b300-a1.00,POOL-s3-b1000,20007,0.5
RL-s17-b300-a1.00,POOL-s3-b1000,20008,0.5
RL-s17-b300-a1.00,POOL-s3-b1000,20009,0.5
RL-s17-b300-a1.00,POOL-s3-b1000,20010,0.5
RL-s17-b300-a1.00,POOL-s3-b1000,20011,0.5
RL-s17-b300-a1.00,POOL-s3-b1000,20012,0.5
RL-s17-b300-a1.00,POOL-s3-b1000,20013,0.5
RL-s17-b300-a1.00,POOL-s3-b1000,20014,0.5
RL-s17-b300-a1.00,POOL-s3-b1000,20015,0.5
RL-s17-b300-a1.00,POOL-s3-b1000,20016,0.5
RL-s17-b300-a1.00,POOL-s3-b1000,20017,0.5
RL-s17-b300-a1.00,POOL-s3-b1000,20018,0.5
RL-s17-b300-a1.00,POOL-s3-b1000,20019,0.25
RL-s17-b300-a1.00,POOL-s3-b1000,20020,0.5
RL-s17-b300-a1.00,POOL-s3-b1000,20021,0.5
RL-s17-b300-a1.00,POOL-s3-b1000,20022,0.5
RL-s17-b300-a1.00,POOL-s3-b1000,20023,0.5
RL-s17-b300-a1.00,POOL-s3-b1000,20024,0.25
RL-s17-b300-a1.00,POOL-s3-b1000,20025,0.5
RL-s17-b300-a1.00,POOL-s3-b1000,20026,0.5
RL-s17-b300-a1.00,POOL-s3-b1000,20027,0.5
RL-s17-b300-a1.00,POOL-s3-b1000,20028,0.5
RL-s17-b300-a1.00,POOL-s3-b1000,20029,0.75
RL-s17-b300-a1.00,POOL-s4-b1000,20000,0.5
RL-s17-b300-a1.00,POOL-s4-b1000,20001,0.5
RL-s17-b300-a1.00,POOL-s4-b1000,20002,0.5
RL-s17-b300-a1.00,POOL-s4-b1000,20003,0.5
RL-s17-b300-a1.00,POOL-s4-b1000,20004,0.5
RL-s17-b300-a1.00,POOL-s4-b1000,20005,0.5
RL-s17-b300-a1.00,POOL-s4-b1000,20006,0.5
RL-s17-b300-a1.00,POOL-s4-b1000,20007,0.5
RL-s17-b300-a1.00,POOL-s4-b1000,20008,0.5
RL-s17-b300-a1.00,POOL-s4-b1000,20009,0.5
RL-s17-b300-a1.00,POOL-s4-b1000,20010,0.5
RL-s17-b300-a1.00,POOL-s4-b1000,20011,0.25
RL-s17-b300-a1.00,POOL-s4-b1000,20012,0.25
RL-s17-b300-a1.00,POOL-s4-b1000,20013,0.5
RL-s17-b300-a1.00,POOL-s4-b1000,20014,0.5
RL-s17-b300-a1.00,POOL-s4-b1000,20015,0.5
RL-s17-b300-a1.00,POOL-s4-b1000,20016,0.5
RL-s17-b300-a1.00,POOL-s4-b1000,20017,0.5
RL-s17-b300-a1.00,POOL-s4-b1000,20018,0.5
RL-s17-b300-a1.00,POOL-s4-b1000,20019,0.25
RL-s17-b300-a1.00,POOL-s4-b1000,20020,0.5
RL-s17-b300-a1.00,POOL-s4-b1000,20021,0.5
RL-s17-b300-a1.00,POOL-s4-b1000,20022,0.5
RL-s17-b300-a1.00,POOL-s4-b1000,20023,0.5
RL-s17-b300-a1.00,POOL-s4-b1000,20024,0.5
RL-s17-b300-a1.00,POOL-s4-b1000,20025,0.5
RL-s17-b300-a1.00,POOL-s4-b1000,20026,0.25
RL-s17-b300-a1.00,POOL-s4-b1000,20027,0.5
RL-s17-b300-a1.00,POOL-s4-b1000,20028,0.5
RL-s17-b300-a1.00,POOL-s4-b1000,20029,0.25
RL-s18-b300-a1.00,RL-s19-b300-a1.00,20000,0.5
RL-s18-b300-a1.00,RL-s19-b300-a1.00,20001,0.5
RL-s18-b300-a1.00,RL-s19-b300-a1.00,20002,0.5
RL-s18-b300-a1.00,RL-s19-b300-a1.00,20003,0.5
RL-s18-b300-a1.00,RL-s19-b300-a1.00,20004,0.5
RL-s18-b300-a1.00,RL-s19-b300-a1.00,20005,0.0
RL-s18-b300-a1.00,RL-s19-b300-a1.00,20006,0.5
RL-s18-b300-a1.00,RL-s19-b300-a1.00,20007,0.5
RL-s18-b300-a1.00,RL-s19-b300-a1.00,20008,0.5
RL-s18-b300-a1.00,RL-s19-b300-a1.00,20009,0.25
RL-s18-b300-a1.00,RL-s19-b300-a1.00,20010,0.5
RL-s18-b300-a1.00,RL-s19-b300-a1.00,20011,0.25
RL-s18-b300-a1.00,RL-s19-b300-a1.00,20012,0.5
RL-s18-b300-a1.00,RL-s19-b300-a1.00,20013,0.5
RL-s18-b300-a1.00,RL-s19-b300-a1.00,20014,0.5
RL-s18-b300-a1.00,RL-s19-b300-a1.00,20015,0.5
RL-s18-b300-a1.00,RL-s19-b300-a1.00,20016,0.5
RL-s18-b300-a1.00,RL-s19-b300-a1.00,20017,0.25
RL-s18-b300-a1.00,RL-s19-b300-a1.00,20018,0.5
RL-s18-b300-a1.00,RL-s19-b300-a1.00,20019,0.5
RL-s18-b300-a1.00,RL-s19-b300-a1.00,20020,0.5
RL-s18-b300-a1.00,RL-s19-b300-a1.00,20021,0.5
RL-s18-b300-a1.00,RL-s19-b300-a1.00,20022,0.5
RL-s18-b300-a1.00,RL-s19-b300-a1.00,20023,0.5
RL-s18-b300-a1.00,RL-s19-b300-a1.00,20024,0.5
RL-s18-b300-a1.00,RL-s19-b300-a1.00,20025,0.5
RL-s18-b300-a1.00,RL-s19-b300-a1.00,20026,0.25
RL-s18-b300-a1.00,RL-s19-b300-a1.00,20027,0.5
RL-s18-b300-a1.00,RL-s19-b300-a1.00,20028,0.25
RL-s18-b300-a1.00,RL-s19-b300-a1.00,20029,0.25
RL-s18-b300-a1.00,RL-s1-b300-a1.00,20000,0.5
RL-s18-b300-a1.00,RL-s1-b300-a1.00,20001,0.5
RL-s18-b300-a1.00,RL-s1-b300-a1.00,20002,0.5
RL-s18-b300-a1.00,RL-s1-b300-a1.00,20003,0.5
RL-s18-b300-a1.00,RL-s1-b300-a1.00,20004,0.5
RL-s18-b300-a1.00,RL-s1-b300-a1.00,20005,0.5
RL-s18-b300-a1.00,RL-s1-b300-a1.00,20006,0.5
RL-s18-b300-a1.00,RL-s1-b300-a1.00,20007,0.75
RL-s18-b300-a1.00,RL-s1-b300-a1.00,20008,0.5
RL-s18-b300-a1.00,RL-s1-b300-a1.00,20009,0.25
RL-s18-b300-a1.00,RL-s1-b300-a1.00,20010,0.5
RL-s18-b300-a1.00,RL-s1-b300-a1.00,20011,0.25
RL-s18-b300-a1.00,RL-s1-b300-a1.00,20012,0.25
RL-s18-b300-a1.00,RL-s1-b300-a1.00,20013,0.25
RL-s18-b300-a1.00,RL-s1-b300-a1.00,20014,0.5
RL-s18-b300-a1.00,RL-s1-b300-a1.00,20015,0.25
RL-s18-b300-a1.00,RL-s1-b300-a1.00,20016,0.5
RL-s18-b300-a1.00,RL-s1-b300-a1.00,20017,0.5
RL-s18-b300-a1.00,RL-s1-b300-a1.00,20018,0.5
RL-s18-b300-a1.00,RL-s1-b300-a1.00,20019,0.25
RL-s18-b300-a1.00,RL-s1-b300-a1.00,20020,0.5
RL-s18-b300-a1.00,RL-s1-b300-a1.00,20021,0.5
RL-s18-b300-a1.00,RL-s1-b300-a1.00,20022,0.5
RL-s18-b300-a1.00,RL-s1-b300-a1.00,20023,0.5
RL-s18-b300-a1.00,RL-s1-b300-a1.00,20024,0.5
RL-s18-b300-a1.00,RL-s1-b300-a1.00,20025,0.75
RL-s18-b300-a1.00,RL-s1-b300-a1.00,20026,0.25
RL-s18-b300-a1.00,RL-s1-b300-a1.00,20027,0.5
RL-s18-b300-a1.00,RL-s1-b300-a1.00,20028,0.5
RL-s18-b300-a1.00,RL-s1-b300-a1.00,20029,0.25
RL-s18-b300-a1.00,RL-s2-b300-a1.00,20000,0.5
RL-s18-b300-a1.00,RL-s2-b300-a1.00,20001,0.5
RL-s18-b300-a1.00,RL-s2-b300-a1.00,20002,0.5
RL-s18-b300-a1.00,RL-s2-b300-a1.00,20003,0.75
RL-s18-b300-a1.00,RL-s2-b300-a1.00,20004,0.5
RL-s18-b300-a1.00,RL-s2-b300-a1.00,20005,0.5
RL-s18-b300-a1.00,RL-s2-b300-a1.00,20006,0.25
RL-s18-b300-a1.00,RL-s2-b300-a1.00,20007,0.5
RL-s18-b300-a1.00,RL-s2-b300-a1.00,20008,0.75
RL-s18-b300-a1.00,RL-s2-b300-a1.00,20009,0.5
RL-s18-b300-a1.00,RL-s2-b300-a1.00,20010,0.75
RL-s18-b300-a1.00,RL-s2-b300-a1.00,20011,0.25
RL-s18-b300-a1.00,RL-s2-b300-a1.00,20012,0.5
RL-s18-b300-a1.00,RL-s2-b300-a1.00,20013,0.5
RL-s18-b300-a1.00,RL-s2-b300-a1.00,20014,0.5
RL-s18-b300-a1.00,RL-s2-b300-a1.00,20015,0.5
RL-s18-b300-a1.00,RL-s2-b300-a1.00,20016,0.5
RL-s18-b300-a1.00,RL-s2-b300-a1.00,20017,0.5
RL-s18-b300-a1.00,RL-s2-b300-a1.00,20018,0.25
RL-s18-b300-a1.00,RL-s2-b300-a1.00,20019,0.5
RL-s18-b300-a1.00,RL-s2-b300-a1.00,20020,0.5
RL-s18-b300-a1.00,RL-s2-b300-a1.00,20021,0.25
RL-s18-b300-a1.00,RL-s2-b300-a1.00,20022,0.5
RL-s18-b300-a1.00,RL-s2-b300-a1.00,20023,0.5
RL-s18-b300-a1.00,RL-s2-b300-a1.00,20024,0.75
RL-s18-b300-a1.00,RL-s2-b300-a1.00,20025,0.5
RL-s18-b300-a1.00,RL-s2-b300-a1.00,20026,0.25
RL-s18-b300-a1.00,RL-s2-b300-a1.00,20027,0.25
RL-s18-b300-a1.00,RL-s2-b300-a1.00,20028,0.5
RL-s18-b300-a1.00,RL-s2-b300-a1.00,20029,0.5
RL-s18-b300-a1.00,RL-s3-b300-a1.00,20000,0.5
RL-s18-b300-a1.00,RL-s3-b300-a1.00,20001,0.5
RL-s18-b300-a1.00,RL-s3-b300-a1.00,20002,0.5
RL-s18-b300-a1.00,RL-s3-b300-a1.00,20003,0.5
RL-s18-b300-a1.00,RL-s3-b300-a1.00,20004,0.5
RL-s18-b300-a1.00,RL-s3-b300-a1.00,20005,0.25
RL-s18-b300-a1.00,RL-s3-b300-a1.00,20006,0.5
RL-s18-b300-a1.00,RL-s3-b300-a1.00,20007,0.5
RL-s18-b300-a1.00,RL-s3-b300-a1.00,20008,0.5
RL-s18-b300-a1.00,RL-s3-b300-a1.00,20009,0.25
RL-s18-b300-a1.00,RL-s3-b300-a1.00,20010,0.5
RL-s18-b300-a1.00,RL-s3-b300-a1.00,20011,0.25
RL-s18-b300-a1.00,RL-s3-b300-a1.00,20012,0.5
RL-s18-b300-a1.00,RL-s3-b300-a1.00,20013,0.5
RL-s18-b300-a1.00,RL-s3-b300-a1.00,20014,0.5
RL-s18-b300-a1.00,RL-s3-b300-a1.00,20015,0.5
RL-s18-b300-a1.00,RL-s3-b300-a1.00,20016,0.25
RL-s18-b300-a1.00,RL-s3-b300-a1.00,20017,0.25
RL-s18-b300-a1.00,RL-s3-b300-a1.00,20018,0.5
RL-s18-b300-a1.00,RL-s3-b300-a1.00,20019,0.25
RL-s18-b300-a1.00,RL-s3-b300-a1.00,20020,0.5
RL-s18-b300-a1.00,RL-s3-b300-a1.00,20021,0.5
RL-s18-b300-a1.00,RL-s3-b300-a1.00,20022,0.5
RL-s18-b300-a1.00,RL-s3-b300-a1.00,20023,0.5
RL-s18-b300-a1.00,RL-s3-b300-a1.00,20024,0.5
RL-s18-b300-a1.00,RL-s3-b300-a1.00,20025,0.5
RL-s18-b300-a1.00,RL-s3-b300-a1.00,20026,0.25
RL-s18-b300-a1.00,RL-s3-b300-a1.00,20027,0.5
RL-s18-b300-a1.00,RL-s3-b300-a1.00,20028,0.5
RL-s18-b300-a1.00,RL-s3-b300-a1.00,20029,0.5
RL-s18-b300-a1.00,RL-s4-b300-a1.00,20000,0.5
RL-s18-b300-a1.00,RL-s4-b300-a1.00,20001,0.5
RL-s18-b300-a1.00,RL-s4-b300-a1.00,20002,0.5
RL-s18-b300-a1.00,RL-s4-b300-a1.00,20003,0.5
RL-s18-b300-a1.00,RL-s4-b300-a1.00,20004,0.5
RL-s18-b300-a1.00,RL-s4-b300-a1.00,20005,0.25
RL-s18-b300-a1.00,RL-s4-b300-a1.00,20006,0.5
RL-s18-b300-a1.00,RL-s4-b300-a1.00,20007,0.5
RL-s18-b300-a1.00,RL-s4-b300-a1.00,20008,0.25
RL-s18-b300-a1.00,RL-s4-b300-a1.00,20009,0.5
RL-s18-b300-a1.00,RL-s4-b300-a1.00,20010,0.25
RL-s18-b300-a1.00,RL-s4-b300-a1.00,20011,0.25
RL-s18-b300-a1.00,RL-s4-b300-a1.00,20012,0.5
RL-s18-b300-a1.00,RL-s4-b300-a1.00,20013,0.5
RL-s18-b300-a1.00,RL-s4-b300-a1.00,20014,0.5
RL-s18-b300-a1.00,RL-s4-b300-a1.00,20015,0.25
RL-s18-b300-a1.00,RL-s4-b300-a1.00,20016,0.5
RL-s18-b300-a1.00,RL-s4-b300-a1.00,20017,0.25
RL-s18-b300-a1.00,RL-s4-b300-a1.00,20018,0.5
RL-s18-b300-a1.00,RL-s4-b300-a1.00,20019,0.25
RL-s18-b300-a1.00,RL-s4-b300-a1.00,20020,0.5
RL-s18-b300-a1.00,RL-s4-b300-a1.00,20021,0.25
RL-s18-b300-a1.00,RL-s4-b300-a1.00,20022,0.5
RL-s18-b300-a1.00,RL-s4-b300-a1.00,20023,0.5
RL-s18-b300-a1.00,RL-s4-b300-a1.00,20024,0.5
RL-s18-b300-a1.00,RL-s4-b300-a1.00,20025,0.5
RL-s18-b300-a1.00,RL-s4-b300-a1.00,20026,0.25
RL-s18-b300-a1.00,RL-s4-b300-a1.00,20027,0.5
RL-s18-b300-a1.00,RL-s4-b300-a1.00,20028,0.5
RL-s18-b300-a1.00,RL-s4-b300-a1.00,20029,0.25
RL-s18-b300-a1.00,RL-s5-b300-a1.00,20000,0.75
RL-s18-b300-a1.00,RL-s5-b300-a1.00,20001,0.5
RL-s18-b300-a1.00,RL-s5-b300-a1.00,20002,0.5
RL-s18-b300-a1.00,RL-s5-b300-a1.00,20003,0.75
RL-s18-b300-a1.00,RL-s5-b300-a1.00,20004,0.5
RL-s18-b300-a1.00,RL-s5-b300-a1.00,20005,0.25
RL-s18-b300-a1.00,RL-s5-b300-a1.00,20006,0.5
RL-s18-b300-a1.00,RL-s5-b300-a1.00,20007,0.75
RL-s18-b300-a1.00,RL-s5-b300-a1.00,20008,0.5
RL-s18-b300-a1.00,RL-s5-b300-a1.00,20009,0.5
RL-s18-b300-a1.00,RL-s5-b300-a1.00,20010,0.5
RL-s18-b300-a1.00,RL-s5-b300-a1.00,20011,0.25
RL-s18-b300-a1.00,RL-s5-b300-a1.00,20012,0.5
RL-s18-b300-a1.00,RL-s5-b300-a1.00,20013,0.5
RL-s18-b300-a1.00,RL-s5-b300-a1.00,20014,0.5
RL-s18-b300-a1.00,RL-s5-b300-a1.00,20015,0.5
RL-s18-b300-a1.00,RL-s5-b300-a1.00,20016,0.5
RL-s18-b300-a1.00,RL-s5-b300-a1.00,20017,0.5
RL-s18-b300-a1.00,RL-s5-b300-a1.00,20018,0.5
RL-s18-b300-a1.00,RL-s5-b300-a1.00,20019,0.5
RL-s18-b300-a1.00,RL-s5-b300-a1.00,20020,0.5
RL-s18-b300-a1.00,RL-s5-b300-a1.00,20021,0.25
RL-s18-b300-a1.00,RL-s5-b300-a1.00,20022,0.5
RL-s18-b300-a1.00,RL-s5-b300-a1.00,20023,0.75
RL-s18-b300-a1.00,RL-s5-b300-a1.00,20024,0.5
RL-s18-b300-a1.00,RL-s5-b300-a1.00,20025,0.5
RL-s18-b300-a1.00,RL-s5-b300-a1.00,20026,0.25
RL-s18-b300-a1.00,RL-s5-b300-a1.00,20027,0.5
RL-s18-b300-a1.00,RL-s5-b300-a1.00,20028,0.5
RL-s18-b300-a1.00,RL-s5-b300-a1.00,20029,0.75
RL-s18-b300-a1.00,RL-s6-b300-a1.00,20000,0.5
RL-s18-b300-a1.00,RL-s6-b300-a1.00,20001,0.5
RL-s18-b300-a1.00,RL-s6-b300-a1.00,20002,0.5
RL-s18-b300-a1.00,RL-s6-b300-a1.00,20003,0.5
RL-s18-b300-a1.00,RL-s6-b300-a1.00,20004,0.5
RL-s18-b300-a1.00,RL-s6-b300-a1.00,20005,0.25
RL-s18-b300-a1.00,RL-s6-b300-a1.00,20006,0.25
RL-s18-b300-a1.00,RL-s6-b300-a1.00,20007,0.25
RL-s18-b300-a1.00,RL-s6-b300-a1.00,20008,0.5
RL-s18-b300-a1.00,RL-s6-b300-a1.00,20009,0.75
RL-s18-b300-a1.00,RL-s6-b300-a1.00,20010,0.5
RL-s18-b300-a1.00,RL-s6-b300-a1.00,20011,0.25
RL-s18-b300-a1.00,RL-s6-b300-a1.00,20012,0.25
RL-s18-b300-a1.00,RL-s6-b300-a1.00,20013,0.5
RL-s18-b300-a1.00,RL-s6-b300-a1.00,20014,0.5
RL-s18-b300-a1.00,RL-s6-b300-a1.00,20015,0.5
RL-s18-b300-a1.00,RL-s6-b300-a1.00,20016,0.5
RL-s18-b300-a1.00,RL-s6-b300-a1.00,20017,0.5
RL-s18-b300-a1.00,RL-s6-b300-a1.00,20018,0.5
RL-s18-b300-a1.00,RL-s6-b300-a1.00,20019,0.25
RL-s18-b300-a1.00,RL-s6-b300-a1.00,20020,0.5
RL-s18-b300-a1.00,RL-s6-b300-a1.00,20021,0.25
RL-s18-b300-a1.00,RL-s6-b300-a1.00,20022,0.5
RL-s18-b300-a1.00,RL-s6-b300-a1.00,20023,0.5
RL-s18-b300-a1.00,RL-s6-b300-a1.00,20024,0.5
RL-s18-b300-a1.00,RL-s6-b300-a1.00,20025,0.5
RL-s18-b300-a1.00,RL-s6-b300-a1.00,20026,0.0
RL-s18-b300-a1.00,RL-s6-b300-a1.00,20027,0.5
RL-s18-b300-a1.00,RL-s6-b300-a1.00,20028,0.25
RL-s18-b300-a1.00,RL-s6-b300-a1.00,20029,0.25
RL-s18-b300-a1.00,RL-s7-b300-a1.00,20000,0.5
RL-s18-b300-a1.00,RL-s7-b300-a1.00,20001,0.75
RL-s18-b300-a1.00,RL-s7-b300-a1.00,20002,0.5
RL-s18-b300-a1.00,RL-s7-b300-a1.00,20003,0.5
RL-s18-b300-a1.00,RL-s7-b300-a1.00,20004,0.5
RL-s18-b300-a1.00,RL-s7-b300-a1.00,20005,0.25
RL-s18-b300-a1.00,RL-s7-b300-a1.00,20006,0.75
RL-s18-b300-a1.00,RL-s7-b300-a1.00,20007,0.75
RL-s18-b300-a1.00,RL-s7-b300-a1.00,20008,0.5
RL-s18-b300-a1.00,RL-s7-b300-a1.00,20009,0.5
RL-s18-b300-a1.00,RL-s7-b300-a1.00,20010,0.5
RL-s18-b300-a1.00,RL-s7-b300-a1.00,20011,0.25
RL-s18-b300-a1.00,RL-s7-b300-a1.00,20012,0.5
RL-s18-b300-a1.00,RL-s7-b300-a1.00,20013,0.5
RL-s18-b300-a1.00,RL-s7-b300-a1.00,20014,0.5
RL-s18-b300-a1.00,RL-s7-b300-a1.00,20015,0.5
RL-s18-b300-a1.00,RL-s7-b300-a1.00,20016,0.5
RL-s18-b300-a1.00,RL-s7-b300-a1.00,20017,0.5
RL-s18-b300-a1.00,RL-s7-b300-a1.00,20018,0.5
RL-s18-b300-a1.00,RL-s7-b300-a1.00,20019,0.25
RL-s18-b300-a1.00,RL-s7-b300-a1.00,20020,0.5
RL-s18-b300-a1.00,RL-s7-b300-a1.00,20021,0.5
RL-s18-b300-a1.00,RL-s7-b300-a1.00,20022,0.5
RL-s18-b300-a1.00,RL-s7-b300-a1.00,20023,0.5
RL-s18-b300-a1.00,RL-s7-b300-a1.00,20024,0.5
RL-s18-b300-a1.00,RL-s7-b300-a1.00,20025,0.75
RL-s18-b300-a1.00,RL-s7-b300-a1.00,20026,0.25
RL-s18-b300-a1.00,RL-s7-b300-a1.00,20027,0.5
RL-s18-b300-a1.00,RL-s7-b300-a1.00,20028,0.5
RL-s18-b300-a1.00,RL-s7-b300-a1.00,20029,0.25
RL-s18-b300-a1.00,RL-s8-b300-a1.00,20000,0.5
RL-s18-b300-a1.00,RL-s8-b300-a1.00,20001,0.5
RL-s18-b300-a1.00,RL-s8-b300-a1.00,20002,0.75
RL-s18-b300-a1.00,RL-s8-b300-a1.00,20003,0.5
RL-s18-b300-a1.00,RL-s8-b300-a1.00,20004,0.5
RL-s18-b300-a1.00,RL-s8-b300-a1.00,20005,0.25
RL-s18-b300-a1.00,RL-s8-b300-a1.00,20006,0.75
RL-s18-b300-a1.00,RL-s8-b300-a1.00,20007,0.5
RL-s18-b300-a1.00,RL-s8-b300-a1.00,20008,0.5
RL-s18-b300-a1.00,RL-s8-b300-a1.00,20009,0.5
RL-s18-b300-a1.00,RL-s8-b300-a1.00,20010,0.5
RL-s18-b300-a1.00,RL-s8-b300-a1.00,20011,0.25
RL-s18-b300-a1.00,RL-s8-b300-a1.00,20012,0.25
RL-s18-b300-a1.00,RL-s8-b300-a1.00,20013,0.25
RL-s18-b300-a1.00,RL-s8-b300-a1.00,20014,0.5
RL-s18-b300-a1.00,RL-s8-b300-a1.00,20015,0.5
RL-s18-b300-a1.00,RL-s8-b300-a1.00,20016,0.25
RL-s18-b300-a1.00,RL-s8-b300-a1.00,20017,0.5
RL-s18-b300-a1.00,RL-s8-b300-a1.00,20018,0.25
RL-s18-b300-a1.00,RL-s8-b300-a1.00,20019,0.25
RL-s18-b300-a1.00,RL-s8-b300-a1.00,20020,0.5
RL-s18-b300-a1.00,RL-s8-b300-a1.00,20021,0.5
RL-s18-b300-a1.00,RL-s8-b300-a1.00,20022,0.5
RL-s18-b300-a1.00,RL-s8-b300-a1.00,20023,0.25
RL-s18-b300-a1.00,RL-s8-b300-a1.00,20024,0.5
RL-s18-b300-a1.00,RL-s8-b300-a1.00,20025,0.5
RL-s18-b300-a1.00,RL-s8-b300-a1.00,20026,0.5
RL-s18-b300-a1.00,RL-s8-b300-a1.00,20027,0.5
RL-s18-b300-a1.00,RL-s8-b300-a1.00,20028,0.5
RL-s18-b300-a1.00,RL-s8-b300-a1.00,20029,0.25
RL-s18-b300-a1.00,RL-s9-b300-a1.00,20000,0.5
RL-s18-b300-a1.00,RL-s9-b300-a1.00,20001,0.5
RL-s18-b300-a1.00,RL-s9-b300-a1.00,20002,0.25
RL-s18-b300-a1.00,RL-s9-b300-a1.00,20003,0.5
RL-s18-b300-a1.00,RL-s9-b300-a1.00,20004,0.25
RL-s18-b300-a1.00,RL-s9-b300-a1.00,20005,0.25
RL-s18-b300-a1.00,RL-s9-b300-a1.00,20006,0.5
RL-s18-b300-a1.00,RL-s9-b300-a1.00,20007,0.5
RL-s18-b300-a1.00,RL-s9-b300-a1.00,20008,0.5
RL-s18-b300-a1.00,RL-s9-b300-a1.00,20009,0.5
RL-s18-b300-a1.00,RL-s9-b300-a1.00,20010,0.5
RL-s18-b300-a1.00,RL-s9-b300-a1.00,20011,0.25
RL-s18-b300-a1.00,RL-s9-b300-a1.00,20012,0.5
RL-s18-b300-a1.00,RL-s9-b300-a1.00,20013,0.5
RL-s18-b300-a1.00,RL-s9-b300-a1.00,20014,0.5
RL-s18-b300-a1.00,RL-s9-b300-a1.00,20015,0.75
RL-s18-b300-a1.00,RL-s9-b300-a1.00,20016,0.5
RL-s18-b300-a1.00,RL-s9-b300-a1.00,20017,0.5
RL-s18-b300-a1.00,RL-s9-b300-a1.00,20018,0.5
RL-s18-b300-a1.00,RL-s9-b300-a1.00,20019,0.5
RL-s18-b300-a1.00,RL-s9-b300-a1.00,20020,0.5
RL-s18-b300-a1.00,RL-s9-b300-a1.00,20021,0.25
RL-s18-b300-a1.00,RL-s9-b300-a1.00,20022,0.5
RL-s18-b300-a1.00,RL-s9-b300-a1.00,20023,0.5
RL-s18-b300-a1.00,RL-s9-b300-a1.00,20024,0.5
RL-s18-b300-a1.00,RL-s9-b300-a1.00,20025,0.5
RL-s18-b300-a1.00,RL-s9-b300-a1.00,20026,0.25
RL-s18-b300-a1.00,RL-s9-b300-a1.00,20027,0.5
RL-s18-b300-a1.00,RL-s9-b300-a1.00,20028,0.5
RL-s18-b300-a1.00,RL-s9-b300-a1.00,20029,0.25
RL-s18-b300-a1.00,BTO-s0-b300,20000,0.0
RL-s18-b300-a1.00,BTO-s0-b300,20001,0.5
RL-s18-b300-a1.00,BTO-s0-b300,20002,0.75
RL-s18-b300-a1.00,BTO-s0-b300,20003,0.75
RL-s18-b300-a1.00,BTO-s0-b300,20004,1.0
RL-s18-b300-a1.00,BTO-s0-b300,20005,0.75
RL-s18-b300-a1.00,BTO-s0-b300,20006,0.75
RL-s18-b300-a1.00,BTO-s0-b300,20007,1.0
RL-s18-b300-a1.00,BTO-s0-b300,20008,0.5
RL-s18-b300-a1.00,BTO-s0-b300,20009,0.5
RL-s18-b300-a1.00,BTO-s0-b300,20010,0.5
RL-s18-b300-a1.00,BTO-s0-b300,20011,0.25
RL-s18-b300-a1.00,BTO-s0-b300,20012,0.25
RL-s18-b300-a1.00,BTO-s0-b300,20013,0.5
RL-s18-b300-a1.00,BTO-s0-b300,20014,0.0
RL-s18-b300-a1.00,BTO-s0-b300,20015,1.0
RL-s18-b300-a1.00,BTO-s0-b300,20016,0.5
RL-s18-b300-a1.00,BTO-s0-b300,20017,0.0
RL-s18-b300-a1.00,BTO-s0-b300,20018,0.5
RL-s18-b300-a1.00,BTO-s0-b300,20019,0.25
RL-s18-b300-a1.00,BTO-s0-b300,20020,0.25
RL-s18-b300-a1.00,BTO-s0-b300,20021,0.25
RL-s18-b300-a1.00,BTO-s0-b300,20022,0.25
RL-s18-b300-a1.00,BTO-s0-b300,20023,1.0
RL-s18-b300-a1.00,BTO-s0-b300,20024,0.25
RL-s18-b300-a1.00,BTO-s0-b300,20025,0.5
RL-s18-b300-a1.00,BTO-s0-b300,20026,0.5
RL-s18-b300-a1.00,BTO-s0-b300,20027,0.5
RL-s18-b300-a1.00,BTO-s0-b300,20028,0.0
RL-s18-b300-a1.00,BTO-s0-b300,20029,0.25
RL-s18-b300-a1.00,BTO-s1-b300,20000,0.5
RL-s18-b300-a1.00,BTO-s1-b300,20001,0.5
RL-s18-b300-a1.00,BTO-s1-b300,20002,1.0
RL-s18-b300-a1.00,BTO-s1-b300,20003,0.5
RL-s18-b300-a1.00,BTO-s1-b300,20004,0.75
RL-s18-b300-a1.00,BTO-s1-b300,20005,0.5
RL-s18-b300-a1.00,BTO-s1-b300,20006,0.75
RL-s18-b300-a1.00,BTO-s1-b300,20007,0.75
RL-s18-b300-a1.00,BTO-s1-b300,20008,0.75
RL-s18-b300-a1.00,BTO-s1-b300,20009,0.75
RL-s18-b300-a1.00,BTO-s1-b300,20010,0.75
RL-s18-b300-a1.00,BTO-s1-b300,20011,0.25
RL-s18-b300-a1.00,BTO-s1-b300,20012,0.25
RL-s18-b300-a1.00,BTO-s1-b300,20013,0.25
RL-s18-b300-a1.00,BTO-s1-b300,20014,1.0
RL-s18-b300-a1.00,BTO-s1-b300,20015,0.5
RL-s18-b300-a1.00,BTO-s1-b300,20016,0.5
RL-s18-b300-a1.00,BTO-s1-b300,20017,0.25
RL-s18-b300-a1.00,BTO-s1-b300,20018,0.5
RL-s18-b300-a1.00,BTO-s1-b300,20019,0.0
RL-s18-b300-a1.00,BTO-s1-b300,20020,0.0
RL-s18-b300-a1.00,BTO-s1-b300,20021,0.25
RL-s18-b300-a1.00,BTO-s1-b300,20022,0.5
RL-s18-b300-a1.00,BTO-s1-b300,20023,1.0
RL-s18-b300-a1.00,BTO-s1-b300,20024,0.5
RL-s18-b300-a1.00,BTO-s1-b300,20025,1.0
RL-s18-b300-a1.00,BTO-s1-b300,20026,0.0
RL-s18-b300-a1.00,BTO-s1-b300,20027,0.5
RL-s18-b300-a1.00,BTO-s1-b300,20028,0.25
RL-s18-b300-a1.00,BTO-s1-b300,20029,0.25
RL-s18-b300-a1.00,BTO-s2-b300,20000,0.5
RL-s18-b300-a1.00,BTO-s2-b300,20001,0.5
RL-s18-b300-a1.00,BTO-s2-b300,20002,0.5
RL-s18-b300-a1.00,BTO-s2-b300,20003,0.0
RL-s18-b300-a1.00,BTO-s2-b300,20004,0.0
RL-s18-b300-a1.00,BTO-s2-b300,20005,1.0
RL-s18-b300-a1.00,BTO-s2-b300,20006,0.75
RL-s18-b300-a1.00,BTO-s2-b300,20007,1.0
RL-s18-b300-a1.00,BTO-s2-b300,20008,0.5
RL-s18-b300-a1.00,BTO-s2-b300,20009,0.75
RL-s18-b300-a1.00,BTO-s2-b300,20010,0.5
RL-s18-b300-a1.00,BTO-s2-b300,20011,0.0
RL-s18-b300-a1.00,BTO-s2-b300,20012,0.25
RL-s18-b300-a1.00,BTO-s2-b300,20013,0.25
RL-s18-b300-a1.00,BTO-s2-b300,20014,0.5
RL-s18-b300-a1.00,BTO-s2-b300,20015,0.5
RL-s18-b300-a1.00,BTO-s2-b300,20016,0.5
RL-s18-b300-a1.00,BTO-s2-b300,20017,0.25
RL-s18-b300-a1.00,BTO-s2-b300,20018,0.25
RL-s18-b300-a1.00,BTO-s2-b300,20019,0.25
RL-s18-b300-a1.00,BTO-s2-b300,20020,0.5
RL-s18-b300-a1.00,BTO-s2-b300,20021,0.25
RL-s18-b300-a1.00,BTO-s2-b300,20022,0.25
RL-s18-b300-a1.00,BTO-s2-b300,20023,1.0
RL-s18-b300-a1.00,BTO-s2-b300,20024,0.25
RL-s18-b300-a1.00,BTO-s2-b300,20025,0.5
RL-s18-b300-a1.00,BTO-s2-b300,20026,0.25
RL-s18-b300-a1.00,BTO-s2-b300,20027,0.5
RL-s18-b300-a1.00,BTO-s2-b300,20028,0.25
RL-s18-b300-a1.00,BTO-s2-b300,20029,0.25
RL-s18-b300-a1.00,POOL-s0-b1000,20000,0.5
RL-s18-b300-a1.00,POOL-s0-b1000,20001,0.25
RL-s18-b300-a1.00,POOL-s0-b1000,20002,0.5
RL-s18-b300-a1.00,POOL-s0-b1000,20003,0.5
RL-s18-b300-a1.00,POOL-s0-b1000,20004,0.5
RL-s18-b300-a1.00,POOL-s0-b1000,20005,0.5
RL-s18-b300-a1.00,POOL-s0-b1000,20006,0.5
RL-s18-b300-a1.00,POOL-s0-b1000,20007,0.5
RL-s18-b300-a1.00,POOL-s0-b1000,20008,0.5
RL-s18-b300-a1.00,POOL-s0-b1000,20009,0.5
RL-s18-b300-a1.00,POOL-s0-b1000,20010,0.5
RL-s18-b300-a1.00,POOL-s0-b1000,20011,0.25
RL-s18-b300-a1.00,POOL-s0-b1000,20012,0.25
RL-s18-b300-a1.00,POOL-s0-b1000,20013,0.5
RL-s18-b300-a1.00,POOL-s0-b1000,20014,0.5
RL-s18-b300-a1.00,POOL-s0-b1000,20015,0.5
RL-s18-b300-a1.00,POOL-s0-b1000,20016,0.5
RL-s18-b300-a1.00,POOL-s0-b1000,20017,0.25
RL-s18-b300-a1.00,POOL-s0-b1000,20018,0.5
RL-s18-b300-a1.00,POOL-s0-b1000,20019,0.25
RL-s18-b300-a1.00,POOL-s0-b1000,20020,0.5
RL-s18-b300-a1.00,POOL-s0-b1000,20021,0.5
RL-s18-b300-a1.00,POOL-s0-b1000,20022,0.5
RL-s18-b300-a1.00,POOL-s0-b1000,20023,0.5
RL-s18-b300-a1.00,POOL-s0-b1000,20024,0.5
RL-s18-b300-a1.00,POOL-s0-b1000,20025,0.5
RL-s18-b300-a1.00,POOL-s0-b1000,20026,0.25
RL-s18-b300-a1.00,POOL-s0-b1000,20027,0.5
RL-s18-b300-a1.00,POOL-s0-b1000,20028,0.25
RL-s18-b300-a1.00,POOL-s0-b1000,20029,0.5
RL-s18-b300-a1.00,POOL-s1-b1000,20000,0.5
RL-s18-b300-a1.00,POOL-s1-b1000,20001,0.25
RL-s18-b300-a1.00,POOL-s1-b1000,20002,0.25
RL-s18-b300-a1.00,POOL-s1-b1000,20003,0.5
RL-s18-b300-a1.00,POOL-s1-b1000,20004,0.5
RL-s18-b300-a1.00,POOL-s1-b1000,20005,0.25
RL-s18-b300-a1.00,POOL-s1-b1000,20006,0.5
RL-s18-b300-a1.00,POOL-s1-b1000,20007,0.5
RL-s18-b300-a1.00,POOL-s1-b1000,20008,0.5
RL-s18-b300-a1.00,POOL-s1-b1000,20009,0.5
RL-s18-b300-a1.00,POOL-s1-b1000,20010,0.5
RL-s18-b300-a1.00,POOL-s1-b1000,20011,0.25
RL-s18-b300-a1.00,POOL-s1-b1000,20012,0.5
RL-s18-b300-a1.00,POOL-s1-b1000,20013,0.5
RL-s18-b300-a1.00,POOL-s1-b1000,20014,0.5
RL-s18-b300-a1.00,POOL-s1-b1000,20015,0.5
RL-s18-b300-a1.00,POOL-s1-b1000,20016,0.5
RL-s18-b300-a1.00,POOL-s1-b1000,20017,0.5
RL-s18-b300-a1.00,POOL-s1-b1000,20018,0.5
RL-s18-b300-a1.00,POOL-s1-b1000,20019,0.25
RL-s18-b300-a1.00,POOL-s1-b1000,20020,0.5
RL-s18-b300-a1.00,POOL-s1-b1000,20021,0.25
RL-s18-b300-a1.00,POOL-s1-b1000,20022,0.5
RL-s18-b300-a1.00,POOL-s1-b1000,20023,0.5
RL-s18-b300-a1.00,POOL-s1-b1000,20024,0.25
RL-s18-b300-a1.00,POOL-s1-b1000,20025,0.5
RL-s18-b300-a1.00,POOL-s1-b1000,20026,0.5
RL-s18-b300-a1.00,POOL-s1-b1000,20027,0.5
RL-s18-b300-a1.00,POOL-s1-b1000,20028,0.5
RL-s18-b300-a1.00,POOL-s1-b1000,20029,0.25
RL-s18-b300-a1.00,POOL-s2-b1000,20000,0.5
RL-s18-b300-a1.00,POOL-s2-b1000,20001,0.5
RL-s18-b300-a1.00,POOL-s2-b1000,20002,0.25
RL-s18-b300-a1.00,POOL-s2-b1000,20003,0.5
RL-s18-b300-a1.00,POOL-s2-b1000,20004,0.5
RL-s18-b300-a1.00,POOL-s2-b1000,20005,0.5
RL-s18-b300-a1.00,POOL-s2-b1000,20006,0.5
RL-s18-b300-a1.00,POOL-s2-b1000,20007,0.5
RL-s18-b300-a1.00,POOL-s2-b1000,20008,0.5
RL-s18-b300-a1.00,POOL-s2-b1000,20009,0.5
RL-s18-b300-a1.00,POOL-s2-b1000,20010,0.75
RL-s18-b300-a1.00,POOL-s2-b1000,20011,0.5
RL-s18-b300-a1.00,POOL-s2-b1000,20012,0.5
RL-s18-b300-a1.00,POOL-s2-b1000,20013,0.5
RL-s18-b300-a1.00,POOL-s2-b1000,20014,0.5
RL-s18-b300-a1.00,POOL-s2-b1000,20015,0.5
RL-s18-b300-a1.00,POOL-s2-b1000,20016,0.5
RL-s18-b300-a1.00,POOL-s2-b1000,20017,0.5
RL-s18-b300-a1.00,POOL-s2-b1000,20018,0.5
RL-s18-b300-a1.00,POOL-s2-b1000,20019,0.25
RL-s18-b300-a1.00,POOL-s2-b1000,20020,0.5
RL-s18-b300-a1.00,POOL-s2-b1000,20021,0.5
RL-s18-b300-a1.00,POOL-s2-b1000,20022,0.5
RL-s18-b300-a1.00,POOL-s2-b1000,20023,0.5
RL-s18-b300-a1.00,POOL-s2-b1000,20024,0.25
RL-s18-b300-a1.00,POOL-s2-b1000,20025,0.5
RL-s18-b300-a1.00,POOL-s2-b1000,20026,0.25
RL-s18-b300-a1.00,POOL-s2-b1000,20027,0.25
RL-s18-b300-a1.00,POOL-s2-b1000,20028,0.5
RL-s18-b300-a1.00,POOL-s2-b1000,20029,0.25
RL-s18-b300-a1.00,POOL-s3-b1000,20000,0.25
RL-s18-b300-a1.00,POOL-s3-b1000,20001,0.5
RL-s18-b300-a1.00,POOL-s3-b1000,20002,0.5
RL-s18-b300-a1.00,POOL-s3-b1000,20003,0.5
RL-s18-b300-a1.00,POOL-s3-b1000,20004,0.5
RL-s18-b300-a1.00,POOL-s3-b1000,20005,0.5
RL-s18-b300-a1.00,POOL-s3-b1000,20006,0.25
RL-s18-b300-a1.00,POOL-s3-b1000,20007,0.5
RL-s18-b300-a1.00,POOL-s3-b1000,20008,0.5
RL-s18-b300-a1.00,POOL-s3-b1000,20009,0.25
RL-s18-b300-a1.00,POOL-s3-b1000,20010,0.25
RL-s18-b300-a1.00,POOL-s3-b1000,20011,0.5
RL-s18-b300-a1.00,POOL-s3-b1000,20012,0.25
RL-s18-b300-a1.00,POOL-s3-b1000,20013,0.5
RL-s18-b300-a1.00,POOL-s3-b1000,20014,0.5
RL-s18-b300-a1.00,POOL-s3-b1000,20015,0.5
RL-s18-b300-a1.00,POOL-s3-b1000,20016,0.5
RL-s18-b300-a1.00,POOL-s3-b1000,20017,0.5
RL-s18-b300-a1.00,POOL-s3-b1000,20018,0.5
RL-s18-b300-a1.00,POOL-s3-b1000,20019,0.25
RL-s18-b300-a1.00,POOL-s3-b1000,20020,0.5
RL-s18-b300-a1.00,POOL-s3-b1000,20021,0.5
RL-s18-b300-a1.00,POOL-s3-b1000,20022,0.5
RL-s18-b300-a1.00,POOL-s3-b1000,20023,0.5
RL-s18-b300-a1.00,POOL-s3-b1000,20024,0.5
RL-s18-b300-a1.00,POOL-s3-b1000,20025,0.5
RL-s18-b300-a1.00,POOL-s3-b1000,20026,0.5
RL-s18-b300-a1.00,POOL-s3-b1000,20027,0.5
RL-s18-b300-a1.00,POOL-s3-b1000,20028,0.5
RL-s18-b300-a1.00,POOL-s3-b1000,20029,0.75
RL-s18-b300-a1.00,POOL-s4-b1000,20000,0.5
RL-s18-b300-a1.00,POOL-s4-b1000,20001,0.5
RL-s18-b300-a1.00,POOL-s4-b1000,20002,0.0
RL-s18-b300-a1.00,POOL-s4-b1000,20003,0.5
RL-s18-b300-a1.00,POOL-s4-b1000,20004,0.5
RL-s18-b300-a1.00,POOL-s4-b1000,20005,0.25
RL-s18-b300-a1.00,POOL-s4-b1000,20006,0.5
RL-s18-b300-a1.00,POOL-s4-b1000,20007,0.5
RL-s18-b300-a1.00,POOL-s4-b1000,20008,0.5
RL-s18-b300-a1.00,POOL-s4-b1000,20009,0.75
RL-s18-b300-a1.00,POOL-s4-b1000,20010,0.5
RL-s18-b300-a1.00,POOL-s4-b1000,20011,0.25
RL-s18-b300-a1.00,POOL-s4-b1000,20012,0.5
RL-s18-b300-a1.00,POOL-s4-b1000,20013,0.5
RL-s18-b300-a1.00,POOL-s4-b1000,20014,0.5
RL-s18-b300-a1.00,POOL-s4-b1000,20015,0.25
RL-s18-b300-a1.00,POOL-s4-b1000,20016,0.5
RL-s18-b300-a1.00,POOL-s4-b1000,20017,0.5
RL-s18-b300-a1.00,POOL-s4-b1000,20018,0.5
RL-s18-b300-a1.00,POOL-s4-b1000,20019,0.25
RL-s18-b300-a1.00,POOL-s4-b1000,20020,0.5
RL-s18-b300-a1.00,POOL-s4-b1000,20021,0.5
RL-s18-b300-a1.00,POOL-s4-b1000,20022,0.5
RL-s18-b300-a1.00,POOL-s4-b1000,20023,0.5
RL-s18-b300-a1.00,POOL-s4-b1000,20024,0.5
RL-s18-b300-a1.00,POOL-s4-b1000,20025,0.5
RL-s18-b300-a1.00,POOL-s4-b1000,20026,0.5
RL-s18-b300-a1.00,POOL-s4-b1000,20027,0.25
RL-s18-b300-a1.00,POOL-s4-b1000,20028,0.5
RL-s18-b300-a1.00,POOL-s4-b1000,20029,0.25
RL-s19-b300-a1.00,RL-s1-b300-a1.00,20000,0.5
RL-s19-b300-a1.00,RL-s1-b300-a1.00,20001,0.5
RL-s19-b300-a1.00,RL-s1-b300-a1.00,20002,0.5
RL-s19-b300-a1.00,RL-s1-b300-a1.00,20003,0.5
RL-s19-b300-a1.00,RL-s1-b300-a1.00,20004,0.5
RL-s19-b300-a1.00,RL-s1-b300-a1.00,20005,0.5
RL-s19-b300-a1.00,RL-s1-b300-a1.00,20006,0.5
RL-s19-b300-a1.00,RL-s1-b300-a1.00,20007,0.75
RL-s19-b300-a1.00,RL-s1-b300-a1.00,20008,0.75
RL-s19-b300-a1.00,RL-s1-b300-a1.00,20009,0.5
RL-s19-b300-a1.00,RL-s1-b300-a1.00,20010,0.5
RL-s19-b300-a1.00,RL-s1-b300-a1.00,20011,0.75
RL-s19-b300-a1.00,RL-s1-b300-a1.00,20012,0.75
RL-s19-b300-a1.00,RL-s1-b300-a1.00,20013,0.5
RL-s19-b300-a1.00,RL-s1-b300-a1.00,20014,0.5
RL-s19-b300-a1.00,RL-s1-b300-a1.00,20015,0.5
RL-s19-b300-a1.00,RL-s1-b300-a1.00,20016,0.5
RL-s19-b300-a1.00,RL-s1-b300-a1.00,20017,0.5
RL-s19-b300-a1.00,RL-s1-b300-a1.00,20018,0.5
RL-s19-b300-a1.00,RL-s1-b300-a1.00,20019,0.75
RL-s19-b300-a1.00,RL-s1-b300-a1.00,20020,0.5
RL-s19-b300-a1.00,RL-s1-b300-a1.00,20021,0.5
RL-s19-b300-a1.00,RL-s1-b300-a1.00,20022,0.5
RL-s19-b300-a1.00,RL-s1-b300-a1.00,20023,0.5
RL-s19-b300-a1.00,RL-s1-b300-a1.00,20024,0.5
RL-s19-b300-a1.00,RL-s1-b300-a1.00,20025,0.5
RL-s19-b300-a1.00,RL-s1-b300-a1.00,20026,0.75
RL-s19-b300-a1.00,RL-s1-b300-a1.00,20027,0.5
RL-s19-b300-a1.00,RL-s1-b300-a1.00,20028,0.5
RL-s19-b300-a1.00,RL-s1-b300-a1.00,20029,0.75
RL-s19-b300-a1.00,RL-s2-b300-a1.00,20000,0.5
RL-s19-b300-a1.00,RL-s2-b300-a1.00,20001,0.25
RL-s19-b300-a1.00,RL-s2-b300-a1.00,20002,0.5
RL-s19-b300-a1.00,RL-s2-b300-a1.00,20003,0.5
RL-s19-b300-a1.00,RL-s2-b300-a1.00,20004,0.5
RL-s19-b300-a1.00,RL-s2-b300-a1.00,20005,0.5
RL-s19-b300-a1.00,RL-s2-b300-a1.00,20006,0.5
RL-s19-b300-a1.00,RL-s2-b300-a1.00,20007,0.5
RL-s19-b300-a1.00,RL-s2-b300-a1.00,20008,0.5
RL-s19-b300-a1.00,RL-s2-b300-a1.00,20009,0.5
RL-s19-b300-a1.00,RL-s2-b300-a1.00,20010,0.25
RL-s19-b300-a1.00,RL-s2-b300-a1.00,20011,0.25
RL-s19-b300-a1.00,RL-s2-b300-a1.00,20012,0.5
RL-s19-b300-a1.00,RL-s2-b300-a1.00,20013,0.5
RL-s19-b300-a1.00,RL-s2-b300-a1.00,20014,0.5
RL-s19-b300-a1.00,RL-s2-b300-a1.00,20015,0.5
RL-s19-b300-a1.00,RL-s2-b300-a1.00,20016,0.5
RL-s19-b300-a1.00,RL-s2-b300-a1.00,20017,0.5
RL-s19-b300-a1.00,RL-s2-b300-a1.00,20018,0.5
RL-s19-b300-a1.00,RL-s2-b300-a1.00,20019,0.5
RL-s19-b300-a1.00,RL-s2-b300-a1.00,20020,0.5
RL-s19-b300-a1.00,RL-s2-b300-a1.00,20021,0.25
RL-s19-b300-a1.00,RL-s2-b300-a1.00,20022,0.5
RL-s19-b300-a1.00,RL-s2-b300-a1.00,20023,0.5
RL-s19-b300-a1.00,RL-s2-b300-a1.00,20024,0.5
RL-s19-b300-a1.00,RL-s2-b300-a1.00,20025,0.5
RL-s19-b300-a1.00,RL-s2-b300-a1.00,20026,0.5
RL-s19-b300-a1.00,RL-s2-b300-a1.00,20027,0.5
RL-s19-b300-a1.00,RL-s2-b300-a1.00,20028,0.5
RL-s19-b300-a1.00,RL-s2-b300-a1.00,20029,0.25
RL-s19-b300-a1.00,RL-s3-b300-a1.00,20000,0.5
RL-s19-b300-a1.00,RL-s3-b300-a1.00,20001,0.5
RL-s19-b300-a1.00,RL-s3-b300-a1.00,20002,0.5
RL-s19-b300-a1.00,RL-s3-b300-a1.00,20003,0.5
RL-s19-b300-a1.00,RL-s3-b300-a1.00,20004,0.5
RL-s19-b300-a1.00,RL-s3-b300-a1.00,20005,0.5
RL-s19-b300-a1.00,RL-s3-b300-a1.00,20006,0.5
RL-s19-b300-a1.00,RL-s3-b300-a1.00,20007,0.75
RL-s19-b300-a1.00,RL-s3-b300-a1.00,20008,0.25
RL-s19-b300-a1.00,RL-s3-b300-a1.00,20009,0.5
RL-s19-b300-a1.00,RL-s3-b300-a1.00,20010,0.75
RL-s19-b300-a1.00,RL-s3-b300-a1.00,20011,0.5
RL-s19-b300-a1.00,RL-s3-b300-a1.00,20012,0.5
RL-s19-b300-a1.00,RL-s3-b300-a1.00,20013,0.5
RL-s19-b300-a1.00,RL-s3-b300-a1.00,20014,0.5
RL-s19-b300-a1.00,RL-s3-b300-a1.00,20015,0.5
RL-s19-b300-a1.00,RL-s3-b300-a1.00,20016,0.5
RL-s19-b300-a1.00,RL-s3-b300-a1.00,20017,0.5
RL-s19-b300-a1.00,RL-s3-b300-a1.00,20018,0.5
RL-s19-b300-a1.00,RL-s3-b300-a1.00,20019,0.5
RL-s19-b300-a1.00,RL-s3-b300-a1.00,20020,0.5
RL-s19-b300-a1.00,RL-s3-b300-a1.00,20021,0.5
RL-s19-b300-a1.00,RL-s3-b300-a1.00,20022,0.5
RL-s19-b300-a1.00,RL-s3-b300-a1.00,20023,0.5
RL-s19-b300-a1.00,RL-s3-b300-a1.00,20024,0.5
RL-s19-b300-a1.00,RL-s3-b300-a1.00,20025,0.5
RL-s19-b300-a1.00,RL-s3-b300-a1.00,20026,0.5
RL-s19-b300-a1.00,RL-s3-b300-a1.00,20027,0.5
RL-s19-b300-a1.00,RL-s3-b300-a1.00,20028,0.5
RL-s19-b300-a1.00,RL-s3-b300-a1.00,20029,0.5
RL-s19-b300-a1.00,RL-s4-b300-a1.00,20000,0.5
RL-s19-b300-a1.00,RL-s4-b300-a1.00,20001,0.5
RL-s19-b300-a1.00,RL-s4-b300-a1.00,20002,0.5
RL-s19-b300-a1.00,RL-s4-b300-a1.00,20003,0.25
RL-s19-b300-a1.00,RL-s4-b300-a1.00,20004,0.5
RL-s19-b300-a1.00,RL-s4-b300-a1.00,20005,0.5
RL-s19-b300-a1.00,RL-s4-b300-a1.00,20006,0.5
RL-s19-b300-a1.00,RL-s4-b300-a1.00,20007,0.25
RL-s19-b300-a1.00,RL-s4-b300-a1.00,20008,0.25
RL-s19-b300-a1.00,RL-s4-b300-a1.00,20009,0.25
RL-s19-b300-a1.00,RL-s4-b300-a1.00,20010,0.5
RL-s19-b300-a1.00,RL-s4-b300-a1.00,20011,0.25
RL-s19-b300-a1.00,RL-s4-b300-a1.00,20012,0.5
RL-s19-b300-a1.00,RL-s4-b300-a1.00,20013,0.5
RL-s19-b300-a1.00,RL-s4-b300-a1.00,20014,0.5
RL-s19-b300-a1.00,RL-s4-b300-a1.00,20015,0.5
RL-s19-b300-a1.00,RL-s4-b300-a1.00,20016,0.5
RL-s19-b300-a1.00,RL-s4-b300-a1.00,20017,0.5
RL-s19-b300-a1.00,RL-s4-b300-a1.00,20018,0.5
RL-s19-b300-a1.00,RL-s4-b300-a1.00,20019,0.5
RL-s19-b300-a1.00,RL-s4-b300-a1.00,20020,0.5
RL-s19-b300-a1.00,RL-s4-b300-a1.00,20021,0.5
RL-s19-b300-a1.00,RL-s4-b300-a1.00,20022,0.75
RL-s19-b300-a1.00,RL-s4-b300-a1.00,20023,0.5
RL-s19-b300-a1.00,RL-s4-b300-a1.00,20024,0.5
RL-s19-b300-a1.00,RL-s4-b300-a1.00,20025,0.5
RL-s19-b300-a1.00,RL-s4-b300-a1.00,20026,0.75
RL-s19-b300-a1.00,RL-s4-b300-a1.00,20027,0.5
RL-s19-b300-a1.00,RL-s4-b300-a1.00,20028,0.5
RL-s19-b300-a1.00,RL-s4-b300-a1.00,20029,0.5
RL-s19-b300-a1.00,RL-s5-b300-a1.00,20000,0.5
RL-s19-b300-a1.00,RL-s5-b300-a1.00,20001,0.25
RL-s19-b300-a1.00,RL-s5-b300-a1.00,20002,0.75
RL-s19-b300-a1.00,RL-s5-b300-a1.00,20003,0.5
RL-s19-b300-a1.00,RL-s5-b300-a1.00,20004,0.5
RL-s19-b300-a1.00,RL-s5-b300-a1.00,20005,0.5
RL-s19-b300-a1.00,RL-s5-b300-a1.00,20006,0.5
RL-s19-b300-a1.00,RL-s5-b300-a1.00,20007,0.5
RL-s19-b300-a1.00,RL-s5-b300-a1.00,20008,0.5
RL-s19-b300-a1.00,RL-s5-b300-a1.00,20009,0.5
RL-s19-b300-a1.00,RL-s5-b300-a1.00,20010,0.5
RL-s19-b300-a1.00,RL-s5-b300-a1.00,20011,0.5
RL-s19-b300-a1.00,RL-s5-b300-a1.00,20012,0.25
RL-s19-b300-a1.00,RL-s5-b300-a1.00,20013,0.5
RL-s19-b300-a1.00,RL-s5-b300-a1.00,20014,0.75
RL-s19-b300-a1.00,RL-s5-b300-a1.00,20015,0.5
RL-s19-b300-a1.00,RL-s5-b300-a1.00,20016,0.5
RL-s19-b300-a1.00,RL-s5-b300-a1.00,20017,0.5
RL-s19-b300-a1.00,RL-s5-b300-a1.00,20018,0.5
RL-s19-b300-a1.00,RL-s5-b300-a1.00,20019,0.75
RL-s19-b300-a1.00,RL-s5-b300-a1.00,20020,0.5
RL-s19-b300-a1.00,RL-s5-b300-a1.00,20021,0.5
RL-s19-b300-a1.00,RL-s5-b300-a1.00,20022,0.5
RL-s19-b300-a1.00,RL-s5-b300-a1.00,20023,0.5
RL-s19-b300-a1.00,RL-s5-b300-a1.00,20024,0.5
RL-s19-b300-a1.00,RL-s5-b300-a1.00,20025,0.5
RL-s19-b300-a1.00,RL-s5-b300-a1.00,20026,0.5
RL-s19-b300-a1.00,RL-s5-b300-a1.00,20027,0.5
RL-s19-b300-a1.00,RL-s5-b300-a1.00,20028,0.5
RL-s19-b300-a1.00,RL-s5-b300-a1.00,20029,0.5
RL-s19-b300-a1.00,RL-s6-b300-a1.00,20000,0.5
RL-s19-b300-a1.00,RL-s6-b300-a1.00,20001,0.5
RL-s19-b300-a1.00,RL-s6-b300-a1.00,20002,0.25
RL-s19-b300-a1.00,RL-s6-b300-a1.00,20003,0.5
RL-s19-b300-a1.00,RL-s6-b300-a1.00,20004,0.5
RL-s19-b300-a1.00,RL-s6-b300-a1.00,20005,0.5
RL-s19-b300-a1.00,RL-s6-b300-a1.00,20006,0.5
RL-s19-b300-a1.00,RL-s6-b300-a1.00,20007,0.5
RL-s19-b300-a1.00,RL-s6-b300-a1.00,20008,0.25
RL-s19-b300-a1.00,RL-s6-b300-a1.00,20009,0.5
RL-s19-b300-a1.00,RL-s6-b300-a1.00,20010,0.25
RL-s19-b300-a1.00,RL-s6-b300-a1.00,20011,0.5
RL-s19-b300-a1.00,RL-s6-b300-a1.00,20012,0.5
RL-s19-b300-a1.00,RL-s6-b300-a1.00,20013,0.5
RL-s19-b300-a1.00,RL-s6-b300-a1.00,20014,0.25
RL-s19-b300-a1.00,RL-s6-b300-a1.00,20015,0.5
RL-s19-b300-a1.00,RL-s6-b300-a1.00,20016,0.5
RL-s19-b300-a1.00,RL-s6-b300-a1.00,20017,0.5
RL-s19-b300-a1.00,RL-s6-b300-a1.00,20018,0.5
RL-s19-b300-a1.00,RL-s6-b300-a1.00,20019,0.5
RL-s19-b300-a1.00,RL-s6-b300-a1.00,20020,0.5
RL-s19-b300-a1.00,RL-s6-b300-a1.00,20021,0.5
RL-s19-b300-a1.00,RL-s6-b300-a1.00,20022,0.5
RL-s19-b300-a1.00,RL-s6-b300-a1.00,20023,0.5
RL-s19-b300-a1.00,RL-s6-b300-a1.00,20024,0.5
RL-s19-b300-a1.00,RL-s6-b300-a1.00,20025,0.5
RL-s19-b300-a1.00,RL-s6-b300-a1.00,20026,0.5
RL-s19-b300-a1.00,RL-s6-b300-a1.00,20027,0.5
RL-s19-b300-a1.00,RL-s6-b300-a1.00,20028,0.5
RL-s19-b300-a1.00,RL-s6-b300-a1.00,20029,0.5
RL-s19-b300-a1.00,RL-s7-b300-a1.00,20000,0.5
RL-s19-b300-a1.00,RL-s7-b300-a1.00,20001,0.5
RL-s19-b300-a1.00,RL-s7-b300-a1.00,20002,0.5
RL-s19-b300-a1.00,RL-s7-b300-a1.00,20003,0.25
RL-s19-b300-a1.00,RL-s7-b300-a1.00,20004,0.5
RL-s19-b300-a1.00,RL-s7-b300-a1.00,20005,0.75
RL-s19-b300-a1.00,RL-s7-b300-a1.00,20006,0.5
RL-s19-b300-a1.00,RL-s7-b300-a1.00,20007,0.75
RL-s19-b300-a1.00,RL-s7-b300-a1.00,20008,0.5
RL-s19-b300-a1.00,RL-s7-b300-a1.00,20009,0.5
RL-s19-b300-a1.00,RL-s7-b300-a1.00,20010,0.75
RL-s19-b300-a1.00,RL-s7-b300-a1.00,20011,0.5
RL-s19-b300-a1.00,RL-s7-b300-a1.00,20012,0.5
RL-s19-b300-a1.00,RL-s7-b300-a1.00,20013,0.5
RL-s19-b300-a1.00,RL-s7-b300-a1.00,20014,0.5
RL-s19-b300-a1.00,RL-s7-b300-a1.00,20015,0.5
RL-s19-b300-a1.00,RL-s7-b300-a1.00,20016,0.5
RL-s19-b300-a1.00,RL-s7-b300-a1.00,20017,0.5
RL-s19-b300-a1.00,RL-s7-b300-a1.00,20018,0.5
RL-s19-b300-a1.00,RL-s7-b300-a1.00,20019,0.5
RL-s19-b300-a1.00,RL-s7-b300-a1.00,20020,0.5
RL-s19-b300-a1.00,RL-s7-b300-a1.00,20021,0.5
RL-s19-b300-a1.00,RL-s7-b300-a1.00,20022,0.5
RL-s19-b300-a1.00,RL-s7-b300-a1.00,20023,0.5
RL-s19-b300-a1.00,RL-s7-b300-a1.00,20024,0.5
RL-s19-b300-a1.00,RL-s7-b300-a1.00,20025,0.5
RL-s19-b300-a1.00,RL-s7-b300-a1.00,20026,0.25
RL-s19-b300-a1.00,RL-s7-b300-a1.00,20027,0.5
RL-s19-b300-a1.00,RL-s7-b300-a1.00,20028,0.5
RL-s19-b300-a1.00,RL-s7-b300-a1.00,20029,0.5
RL-s19-b300-a1.00,RL-s8-b300-a1.00,20000,0.5
RL-s19-b300-a1.00,RL-s8-b300-a1.00,20001,0.5
RL-s19-b300-a1.00,RL-s8-b300-a1.00,20002,0.75
RL-s19-b300-a1.00,RL-s8-b300-a1.00,20003,0.75
RL-s19-b300-a1.00,RL-s8-b300-a1.00,20004,0.75
RL-s19-b300-a1.00,RL-s8-b300-a1.00,20005,0.25
RL-s19-b300-a1.00,RL-s8-b300-a1.00,20006,0.5
RL-s19-b300-a1.00,RL-s8-b300-a1.00,20007,0.5
RL-s19-b300-a1.00,RL-s8-b300-a1.00,20008,0.75
RL-s19-b300-a1.00,RL-s8-b300-a1.00,20009,0.25
RL-s19-b300-a1.00,RL-s8-b300-a1.00,20010,0.25
RL-s19-b300-a1.00,RL-s8-b300-a1.00,20011,0.5
RL-s19-b300-a1.00,RL-s8-b300-a1.00,20012,0.5
RL-s19-b300-a1.00,RL-s8-b300-a1.00,20013,0.75
RL-s19-b300-a1.00,RL-s8-b300-a1.00,20014,0.75
RL-s19-b300-a1.00,RL-s8-b300-a1.00,20015,0.5
RL-s19-b300-a1.00,RL-s8-b300-a1.00,20016,0.5
RL-s19-b300-a1.00,RL-s8-b300-a1.00,20017,0.5
RL-s19-b300-a1.00,RL-s8-b300-a1.00,20018,0.5
RL-s19-b300-a1.00,RL-s8-b300-a1.00,20019,0.5
RL-s19-b300-a1.00,RL-s8-b300-a1.00,20020,0.75
RL-s19-b300-a1.00,RL-s8-b300-a1.00,20021,0.75
RL-s19-b300-a1.00,RL-s8-b300-a1.00,20022,0.75
RL-s19-b300-a1.00,RL-s8-b300-a1.00,20023,0.5
RL-s19-b300-a1.00,RL-s8-b300-a1.00,20024,0.5
RL-s19-b300-a1.00,RL-s8-b300-a1.00,20025,0.25
RL-s19-b300-a1.00,RL-s8-b300-a1.00,20026,0.75
RL-s19-b300-a1.00,RL-s8-b300-a1.00,20027,0.75
RL-s19-b300-a1.00,RL-s8-b300-a1.00,20028,0.75
RL-s19-b300-a1.00,RL-s8-b300-a1.00,20029,0.5
RL-s19-b300-a1.00,RL-s9-b300-a1.00,20000,0.5
RL-s19-b300-a1.00,RL-s9-b300-a1.00,20001,0.75
RL-s19-b300-a1.00,RL-s9-b300-a1.00,20002,0.5
RL-s19-b300-a1.00,RL-s9-b300-a1.00,20003,0.5
RL-s19-b300-a1.00,RL-s9-b300-a1.00,20004,0.5
RL-s19-b300-a1.00,RL-s9-b300-a1.00,20005,0.5
RL-s19-b300-a1.00,RL-s9-b300-a1.00,20006,0.5
RL-s19-b300-a1.00,RL-s9-b300-a1.00,20007,0.5
RL-s19-b300-a1.00,RL-s9-b300-a1.00,20008,0.25
RL-s19-b300-a1.00,RL-s9-b300-a1.00,20009,0.5
RL-s19-b300-a1.00,RL-s9-b300-a1.00,20010,0.25
RL-s19-b300-a1.00,RL-s9-b300-a1.00,20011,0.5
RL-s19-b300-a1.00,RL-s9-b300-a1.00,20012,0.5
RL-s19-b300-a1.00,RL-s9-b300-a1.00,20013,0.5
RL-s19-b300-a1.00,RL-s9-b300-a1.00,20014,0.5
RL-s19-b300-a1.00,RL-s9-b300-a1.00,20015,0.5
RL-s19-b300-a1.00,RL-s9-b300-a1.00,20016,0.5
RL-s19-b300-a1.00,RL-s9-b300-a1.00,20017,0.5
RL-s19-b300-a1.00,RL-s9-b300-a1.00,20018,0.5
RL-s19-b300-a1.00,RL-s9-b300-a1.00,20019,0.5
RL-s19-b300-a1.00,RL-s9-b300-a1.00,20020,0.5
RL-s19-b300-a1.00,RL-s9-b300-a1.00,20021,0.5
RL-s19-b300-a1.00,RL-s9-b300-a1.00,20022,0.5
RL-s19-b300-a1.00,RL-s9-b300-a1.00,20023,0.5
RL-s19-b300-a1.00,RL-s9-b300-a1.00,20024,0.5
RL-s19-b300-a1.00,RL-s9-b300-a1.00,20025,0.5
RL-s19-b300-a1.00,RL-s9-b300-a1.00,20026,0.5
RL-s19-b300-a1.00,RL-s9-b300-a1.00,20027,0.5
RL-s19-b300-a1.00,RL-s9-b300-a1.00,20028,0.5
RL-s19-b300-a1.00,RL-s9-b300-a1.00,20029,0.5
RL-s19-b300-a1.00,BTO-s0-b300,20000,1.0
RL-s19-b300-a1.00,BTO-s0-b300,20001,0.5
RL-s19-b300-a1.00,BTO-s0-b300,20002,0.75
RL-s19-b300-a1.00,BTO-s0-b300,20003,0.25
RL-s19-b300-a1.00,BTO-s0-b300,20004,0.0
RL-s19-b300-a1.00,BTO-s0-b300,20005,1.0
RL-s19-b300-a1.00,BTO-s0-b300,20006,0.75
RL-s19-b300-a1.00,BTO-s0-b300,20007,1.0
RL-s19-b300-a1.00,BTO-s0-b300,20008,0.75
RL-s19-b300-a1.00,BTO-s0-b300,20009,1.0
RL-s19-b300-a1.00,BTO-s0-b300,20010,1.0
RL-s19-b300-a1.00,BTO-s0-b300,20011,0.5
RL-s19-b300-a1.00,BTO-s0-b300,20012,0.5
RL-s19-b300-a1.00,BTO-s0-b300,20013,1.0
RL-s19-b300-a1.00,BTO-s0-b300,20014,0.5
RL-s19-b300-a1.00,BTO-s0-b300,20015,1.0
RL-s19-b300-a1.00,BTO-s0-b300,20016,0.5
RL-s19-b300-a1.00,BTO-s0-b300,20017,0.25
RL-s19-b300-a1.00,BTO-s0-b300,20018,0.5
RL-s19-b300-a1.00,BTO-s0-b300,20019,0.5
RL-s19-b300-a1.00,BTO-s0-b300,20020,1.0
RL-s19-b300-a1.00,BTO-s0-b300,20021,0.5
RL-s19-b300-a1.00,BTO-s0-b300,20022,0.5
RL-s19-b300-a1.00,BTO-s0-b300,20023,1.0
RL-s19-b300-a1.00,BTO-s0-b300,20024,0.75
RL-s19-b300-a1.00,BTO-s0-b300,20025,1.0
RL-s19-b300-a1.00,BTO-s0-b300,20026,0.5
RL-s19-b300-a1.00,BTO-s0-b300,20027,1.0
RL-s19-b300-a1.00,BTO-s0-b300,20028,1.0
RL-s19-b300-a1.00,BTO-s0-b300,20029,0.5
RL-s19-b300-a1.00,BTO-s1-b300,20000,0.0
RL-s19-b300-a1.00,BTO-s1-b300,20001,0.5
RL-s19-b300-a1.00,BTO-s1-b300,20002,1.0
RL-s19-b300-a1.00,BTO-s1-b300,20003,0.5
RL-s19-b300-a1.00,BTO-s1-b300,20004,0.25
RL-s19-b300-a1.00,BTO-s1-b300,20005,1.0
RL-s19-b300-a1.00,BTO-s1-b300,20006,0.75
RL-s19-b300-a1.00,BTO-s1-b300,20007,1.0
RL-s19-b300-a1.00,BTO-s1-b300,20008,0.75
RL-s19-b300-a1.00,BTO-s1-b300,20009,0.75
RL-s19-b300-a1.00,BTO-s1-b300,20010,0.75
RL-s19-b300-a1.00,BTO-s1-b300,20011,0.5
RL-s19-b300-a1.00,BTO-s1-b300,20012,0.5
RL-s19-b300-a1.00,BTO-s1-b300,20013,1.0
RL-s19-b300-a1.00,BTO-s1-b300,20014,1.0
RL-s19-b300-a1.00,BTO-s1-b300,20015,1.0
RL-s19-b300-a1.00,BTO-s1-b300,20016,0.75
RL-s19-b300-a1.00,BTO-s1-b300,20017,0.75
RL-s19-b300-a1.00,BTO-s1-b300,20018,0.25
RL-s19-b300-a1.00,BTO-s1-b300,20019,0.5
RL-s19-b300-a1.00,BTO-s1-b300,20020,1.0
RL-s19-b300-a1.00,BTO-s1-b300,20021,1.0
RL-s19-b300-a1.00,BTO-s1-b300,20022,0.25
RL-s19-b300-a1.00,BTO-s1-b300,20023,1.0
RL-s19-b300-a1.00,BTO-s1-b300,20024,0.75
RL-s19-b300-a1.00,BTO-s1-b300,20025,1.0
RL-s19-b300-a1.00,BTO-s1-b300,20026,0.5
RL-s19-b300-a1.00,BTO-s1-b300,20027,0.75
RL-s19-b300-a1.00,BTO-s1-b300,20028,0.75
RL-s19-b300-a1.00,BTO-s1-b300,20029,0.5
RL-s19-b300-a1.00,BTO-s2-b300,20000,1.0
RL-s19-b300-a1.00,BTO-s2-b300,20001,0.5
RL-s19-b300-a1.00,BTO-s2-b300,20002,1.0
RL-s19-b300-a1.00,BTO-s2-b300,20003,0.5
RL-s19-b300-a1.00,BTO-s2-b300,20004,0.75
RL-s19-b300-a1.00,BTO-s2-b300,20005,1.0
RL-s19-b300-a1.00,BTO-s2-b300,20006,0.5
RL-s19-b300-a1.00,BTO-s2-b300,20007,1.0
RL-s19-b300-a1.00,BTO-s2-b300,20008,0.75
RL-s19-b300-a1.00,BTO-s2-b300,20009,1.0
RL-s19-b300-a1.00,BTO-s2-b300,20010,0.75
RL-s19-b300-a1.00,BTO-s2-b300,20011,0.5
RL-s19-b300-a1.00,BTO-s2-b300,20012,0.5
RL-s19-b300-a1.00,BTO-s2-b300,20013,1.0
RL-s19-b300-a1.00,BTO-s2-b300,20014,1.0
RL-s19-b300-a1.00,BTO-s2-b300,20015,1.0
RL-s19-b300-a1.00,BTO-s2-b300,20016,0.25
RL-s19-b300-a1.00,BTO-s2-b300,20017,0.5
RL-s19-b300-a1.00,BTO-s2-b300,20018,0.5
RL-s19-b300-a1.00,BTO-s2-b300,20019,0.5
RL-s19-b300-a1.00,BTO-s2-b300,20020,1.0
RL-s19-b300-a1.00,BTO-s2-b300,20021,1.0
RL-s19-b300-a1.00,BTO-s2-b300,20022,0.25
RL-s19-b300-a1.00,BTO-s2-b300,20023,1.0
RL-s19-b300-a1.00,BTO-s2-b300,20024,0.75
RL-s19-b300-a1.00,BTO-s2-b300,20025,1.0
RL-s19-b300-a1.00,BTO-s2-b300,20026,0.5
RL-s19-b300-a1.00,BTO-s2-b300,20027,0.5
RL-s19-b300-a1.00,BTO-s2-b300,20028,0.75
RL-s19-b300-a1.00,BTO-s2-b300,20029,0.5
RL-s19-b300-a1.00,POOL-s0-b1000,20000,0.5
RL-s19-b300-a1.00,POOL-s0-b1000,20001,0.5
RL-s19-b300-a1.00,POOL-s0-b1000,20002,0.5
RL-s19-b300-a1.00,POOL-s0-b1000,20003,0.25
RL-s19-b300-a1.00,POOL-s0-b1000,20004,0.5
RL-s19-b300-a1.00,POOL-s0-b1000,20005,0.75
RL-s19-b300-a1.00,POOL-s0-b1000,20006,0.75
RL-s19-b300-a1.00,POOL-s0-b1000,20007,0.5
RL-s19-b300-a1.00,POOL-s0-b1000,20008,0.5
RL-s19-b300-a1.00,POOL-s0-b1000,20009,0.5
RL-s19-b300-a1.00,POOL-s0-b1000,20010,0.5
RL-s19-b300-a1.00,POOL-s0-b1000,20011,0.25
RL-s19-b300-a1.00,POOL-s0-b1000,20012,0.0
RL-s19-b300-a1.00,POOL-s0-b1000,20013,0.5
RL-s19-b300-a1.00,POOL-s0-b1000,20014,0.5
RL-s19-b300-a1.00,POOL-s0-b1000,20015,0.5
RL-s19-b300-a1.00,POOL-s0-b1000,20016,0.75
RL-s19-b300-a1.00,POOL-s0-b1000,20017,0.25
RL-s19-b300-a1.00,POOL-s0-b1000,20018,0.5
RL-s19-b300-a1.00,POOL-s0-b1000,20019,0.25
RL-s19-b300-a1.00,POOL-s0-b1000,20020,0.5
RL-s19-b300-a1.00,POOL-s0-b1000,20021,0.75
RL-s19-b300-a1.00,POOL-s0-b1000,20022,0.25
RL-s19-b300-a1.00,POOL-s0-b1000,20023,0.5
RL-s19-b300-a1.00,POOL-s0-b1000,20024,0.5
RL-s19-b300-a1.00,POOL-s0-b1000,20025,0.5
RL-s19-b300-a1.00,POOL-s0-b1000,20026,0.75
RL-s19-b300-a1.00,POOL-s0-b1000,20027,0.5
RL-s19-b300-a1.00,POOL-s0-b1000,20028,0.25
RL-s19-b300-a1.00,POOL-s0-b1000,20029,0.25
RL-s19-b300-a1.00,POOL-s1-b1000,20000,0.5
RL-s19-b300-a1.00,POOL-s1-b1000,20001,0.5
RL-s19-b300-a1.00,POOL-s1-b1000,20002,0.5
RL-s19-b300-a1.00,POOL-s1-b1000,20003,0.5
RL-s19-b300-a1.00,POOL-s1-b1000,20004,0.5
RL-s19-b300-a1.00,POOL-s1-b1000,20005,0.5
RL-s19-b300-a1.00,POOL-s1-b1000,20006,0.5
RL-s19-b300-a1.00,POOL-s1-b1000,20007,0.0
RL-s19-b300-a1.00,POOL-s1-b1000,20008,0.5
RL-s19-b300-a1.00,POOL-s1-b1000,20009,0.5
RL-s19-b300-a1.00,POOL-s1-b1000,20010,0.25
RL-s19-b300-a1.00,POOL-s1-b1000,20011,0.5
RL-s19-b300-a1.00,POOL-s1-b1000,20012,0.75
RL-s19-b300-a1.00,POOL-s1-b1000,20013,0.5
RL-s19-b300-a1.00,POOL-s1-b1000,20014,0.5
RL-s19-b300-a1.00,POOL-s1-b1000,20015,0.5
RL-s19-b300-a1.00,POOL-s1-b1000,20016,0.5
RL-s19-b300-a1.00,POOL-s1-b1000,20017,0.5
RL-s19-b300-a1.00,POOL-s1-b1000,20018,0.5
RL-s19-b300-a1.00,POOL-s1-b1000,20019,0.5
RL-s19-b300-a1.00,POOL-s1-b1000,20020,0.5
RL-s19-b300-a1.00,POOL-s1-b1000,20021,0.5
RL-s19-b300-a1.00,POOL-s1-b1000,20022,0.5
RL-s19-b300-a1.00,POOL-s1-b1000,20023,0.5
RL-s19-b300-a1.00,POOL-s1-b1000,20024,0.5
RL-s19-b300-a1.00,POOL-s1-b1000,20025,0.5
RL-s19-b300-a1.00,POOL-s1-b1000,20026,0.5
RL-s19-b300-a1.00,POOL-s1-b1000,20027,0.5
RL-s19-b300-a1.00,POOL-s1-b1000,20028,0.5
RL-s19-b300-a1.00,POOL-s1-b1000,20029,0.5
RL-s19-b300-a1.00,POOL-s2-b1000,20000,0.5
RL-s19-b300-a1.00,POOL-s2-b1000,20001,0.5
RL-s19-b300-a1.00,POOL-s2-b1000,20002,0.5
RL-s19-b300-a1.00,POOL-s2-b1000,20003,0.5
RL-s19-b300-a1.00,POOL-s2-b1000,20004,0.5
RL-s19-b300-a1.00,POOL-s2-b1000,20005,1.0
RL-s19-b300-a1.00,POOL-s2-b1000,20006,0.75
RL-s19-b300-a1.00,POOL-s2-b1000,20007,0.25
RL-s19-b300-a1.00,POOL-s2-b1000,20008,0.5
RL-s19-b300-a1.00,POOL-s2-b1000,20009,0.5
RL-s19-b300-a1.00,POOL-s2-b1000,20010,0.5
RL-s19-b300-a1.00,POOL-s2-b1000,20011,0.5
RL-s19-b300-a1.00,POOL-s2-b1000,20012,0.5
RL-s19-b300-a1.00,POOL-s2-b1000,20013,0.5
RL-s19-b300-a1.00,POOL-s2-b1000,20014,0.5
RL-s19-b300-a1.00,POOL-s2-b1000,20015,0.5
RL-s19-b300-a1.00,POOL-s2-b1000,20016,0.5
RL-s19-b300-a1.00,POOL-s2-b1000,20017,0.25
RL-s19-b300-a1.00,POOL-s2-b1000,20018,0.5
RL-s19-b300-a1.00,POOL-s2-b1000,20019,0.5
RL-s19-b300-a1.00,POOL-s2-b1000,20020,0.5
RL-s19-b300-a1.00,POOL-s2-b1000,20021,0.5
RL-s19-b300-a1.00,POOL-s2-b1000,20022,0.5
RL-s19-b300-a1.00,POOL-s2-b1000,20023,0.5
RL-s19-b300-a1.00,POOL-s2-b1000,20024,0.5
RL-s19-b300-a1.00,POOL-s2-b1000,20025,0.5
RL-s19-b300-a1.00,POOL-s2-b1000,20026,0.25
RL-s19-b300-a1.00,POOL-s2-b1000,20027,0.5
RL-s19-b300-a1.00,POOL-s2-b1000,20028,0.5
RL-s19-b300-a1.00,POOL-s2-b1000,20029,0.5
RL-s19-b300-a1.00,POOL-s3-b1000,20000,0.5
RL-s19-b300-a1.00,POOL-s3-b1000,20001,0.5
RL-s19-b300-a1.00,POOL-s3-b1000,20002,0.75
RL-s19-b300-a1.00,POOL-s3-b1000,20003,0.5
RL-s19-b300-a1.00,POOL-s3-b1000,20004,0.5
RL-s19-b300-a1.00,POOL-s3-b1000,20005,0.75
RL-s19-b300-a1.00,POOL-s3-b1000,20006,0.5
RL-s19-b300-a1.00,POOL-s3-b1000,20007,0.5
RL-s19-b300-a1.00,POOL-s3-b1000,20008,0.5
RL-s19-b300-a1.00,POOL-s3-b1000,20009,0.75
RL-s19-b300-a1.00,POOL-s3-b1000,20010,0.5
RL-s19-b300-a1.00,POOL-s3-b1000,20011,0.5
RL-s19-b300-a1.00,POOL-s3-b1000,20012,0.5
RL-s19-b300-a1.00,POOL-s3-b1000,20013,0.5
RL-s19-b300-a1.00,POOL-s3-b1000,20014,0.5
RL-s19-b300-a1.00,POOL-s3-b1000,20015,0.5
RL-s19-b300-a1.00,POOL-s3-b1000,20016,0.5
RL-s19-b300-a1.00,POOL-s3-b1000,20017,0.75
RL-s19-b300-a1.00,POOL-s3-b1000,20018,0.5
RL-s19-b300-a1.00,POOL-s3-b1000,20019,0.5
RL-s19-b300-a1.00,POOL-s3-b1000,20020,0.5
RL-s19-b300-a1.00,POOL-s3-b1000,20021,0.5
RL-s19-b300-a1.00,POOL-s3-b1000,20022,0.5
RL-s19-b300-a1.00,POOL-s3-b1000,20023,0.5
RL-s19-b300-a1.00,POOL-s3-b1000,20024,0.75
RL-s19-b300-a1.00,POOL-s3-b1000,20025,0.5
RL-s19-b300-a1.00,POOL-s3-b1000,20026,0.5
RL-s19-b300-a1.00,POOL-s3-b1000,20027,0.5
RL-s19-b300-a1.00,POOL-s3-b1000,20028,0.75
RL-s19-b300-a1.00,POOL-s3-b1000,20029,0.5
RL-s19-b300-a1.00,POOL-s4-b1000,20000,0.5
RL-s19-b300-a1.00,POOL-s4-b1000,20001,0.5
RL-s19-b300-a1.00,POOL-s4-b1000,20002,0.5
RL-s19-b300-a1.00,POOL-s4-b1000,20003,0.5
RL-s19-b300-a1.00,POOL-s4-b1000,20004,0.5
RL-s19-b300-a1.00,POOL-s4-b1000,20005,0.5
RL-s19-b300-a1.00,POOL-s4-b1000,20006,0.5
RL-s19-b300-a1.00,POOL-s4-b1000,20007,0.5
RL-s19-b300-a1.00,POOL-s4-b1000,20008,0.25
RL-s19-b300-a1.00,POOL-s4-b1000,20009,0.5
RL-s19-b300-a1.00,POOL-s4-b1000,20010,0.5
RL-s19-b300-a1.00,POOL-s4-b1000,20011,0.5
RL-s19-b300-a1.00,POOL-s4-b1000,20012,0.25
RL-s19-b300-a1.00,POOL-s4-b1000,20013,0.5
RL-s19-b300-a1.00,POOL-s4-b1000,20014,0.5
RL-s19-b300-a1.00,POOL-s4-b1000,20015,0.5
RL-s19-b300-a1.00,POOL-s4-b1000,20016,0.5
RL-s19-b300-a1.00,POOL-s4-b1000,20017,0.5
RL-s19-b300-a1.00,POOL-s4-b1000,20018,0.5
RL-s19-b300-a1.00,POOL-s4-b1000,20019,0.5
RL-s19-b300-a1.00,POOL-s4-b1000,20020,0.5
RL-s19-b300-a1.00,POOL-s4-b1000,20021,0.5
RL-s19-b300-a1.00,POOL-s4-b1000,20022,0.5
RL-s19-b300-a1.00,POOL-s4-b1000,20023,0.5
RL-s19-b300-a1.00,POOL-s4-b1000,20024,0.5
RL-s19-b300-a1.00,POOL-s4-b1000,20025,0.5
RL-s19-b300-a1.00,POOL-s4-b1000,20026,0.75
RL-s19-b300-a1.00,POOL-s4-b1000,20027,0.5
RL-s19-b300-a1.00,POOL-s4-b1000,20028,0.5
RL-s19-b300-a1.00,POOL-s4-b1000,20029,0.5
RL-s1-b300-a1.00,RL-s2-b300-a1.00,20000,0.5
RL-s1-b300-a1.00,RL-s2-b300-a1.00,20001,0.25
RL-s1-b300-a1.00,RL-s2-b300-a1.00,20002,0.0
RL-s1-b300-a1.00,RL-s2-b300-a1.00,20003,0.25
RL-s1-b300-a1.00,RL-s2-b300-a1.00,20004,0.25
RL-s1-b300-a1.00,RL-s2-b300-a1.00,20005,0.75
RL-s1-b300-a1.00,RL-s2-b300-a1.00,20006,0.5
RL-s1-b300-a1.00,RL-s2-b300-a1.00,20007,0.5
RL-s1-b300-a1.00,RL-s2-b300-a1.00,20008,0.5
RL-s1-b300-a1.00,RL-s2-b300-a1.00,20009,0.5
RL-s1-b300-a1.00,RL-s2-b300-a1.00,20010,0.5
RL-s1-b300-a1.00,RL-s2-b300-a1.00,20011,1.0
RL-s1-b300-a1.00,RL-s2-b300-a1.00,20012,0.25
RL-s1-b300-a1.00,RL-s2-b300-a1.00,20013,0.5
RL-s1-b300-a1.00,RL-s2-b300-a1.00,20014,0.5
RL-s1-b300-a1.00,RL-s2-b300-a1.00,20015,0.5
RL-s1-b300-a1.00,RL-s2-b300-a1.00,20016,0.5
RL-s1-b300-a1.00,RL-s2-b300-a1.00,20017,0.5
RL-s1-b300-a1.00,RL-s2-b300-a1.00,20018,0.5
RL-s1-b300-a1.00,RL-s2-b300-a1.00,20019,0.5
RL-s1-b300-a1.00,RL-s2-b300-a1.00,20020,0.5
RL-s1-b300-a1.00,RL-s2-b300-a1.00,20021,0.5
RL-s1-b300-a1.00,RL-s2-b300-a1.00,20022,0.5
RL-s1-b300-a1.00,RL-s2-b300-a1.00,20023,0.25
RL-s1-b300-a1.00,RL-s2-b300-a1.00,20024,0.5
RL-s1-b300-a1.00,RL-s2-b300-a1.00,20025,0.5
RL-s1-b300-a1.00,RL-s2-b300-a1.00,20026,0.75
RL-s1-b300-a1.00,RL-s2-b300-a1.00,20027,0.5
RL-s1-b300-a1.00,RL-s2-b300-a1.00,20028,0.25
RL-s1-b300-a1.00,RL-s2-b300-a1.00,20029,0.5
RL-s1-b300-a1.00,RL-s3-b300-a1.00,20000,0.5
RL-s1-b300-a1.00,RL-s3-b300-a1.00,20001,0.5
RL-s1-b300-a1.00,RL-s3-b300-a1.00,20002,0.5
RL-s1-b300-a1.00,RL-s3-b300-a1.00,20003,0.75
RL-s1-b300-a1.00,RL-s3-b300-a1.00,20004,0.5
RL-s1-b300-a1.00,RL-s3-b300-a1.00,20005,0.5
RL-s1-b300-a1.00,RL-s3-b300-a1.00,20006,0.5
RL-s1-b300-a1.00,RL-s3-b300-a1.00,20007,0.5
RL-s1-b300-a1.00,RL-s3-b300-a1.00,20008,0.25
RL-s1-b300-a1.00,RL-s3-b300-a1.00,20009,0.5
RL-s1-b300-a1.00,RL-s3-b300-a1.00,20010,0.25
RL-s1-b300-a1.00,RL-s3-b300-a1.00,20011,0.75
RL-s1-b300-a1.00,RL-s3-b300-a1.00,20012,0.75
RL-s1-b300-a1.00,RL-s3-b300-a1.00,20013,0.5
RL-s1-b300-a1.00,RL-s3-b300-a1.00,20014,0.25
RL-s1-b300-a1.00,RL-s3-b300-a1.00,20015,0.5
RL-s1-b300-a1.00,RL-s3-b300-a1.00,20016,0.5
RL-s1-b300-a1.00,RL-s3-b300-a1.00,20017,0.5
RL-s1-b300-a1.00,RL-s3-b300-a1.00,20018,0.5
RL-s1-b300-a1.00,RL-s3-b300-a1.00,20019,0.75
RL-s1-b300-a1.00,RL-s3-b300-a1.00,20020,0.5
RL-s1-b300-a1.00,RL-s3-b300-a1.00,20021,0.5
RL-s1-b300-a1.00,RL-s3-b300-a1.00,20022,0.5
RL-s1-b300-a1.00,RL-s3-b300-a1.00,20023,0.25
RL-s1-b300-a1.00,RL-s3-b300-a1.00,20024,0.5
RL-s1-b300-a1.00,RL-s3-b300-a1.00,20025,0.5
RL-s1-b300-a1.00,RL-s3-b300-a1.00,20026,0.5
RL-s1-b300-a1.00,RL-s3-b300-a1.00,20027,0.5
RL-s1-b300-a1.00,RL-s3-b300-a1.00,20028,0.5
RL-s1-b300-a1.00,RL-s3-b300-a1.00,20029,0.75
RL-s1-b300-a1.00,RL-s4-b300-a1.00,20000,0.0
RL-s1-b300-a1.00,RL-s4-b300-a1.00,20001,0.5
RL-s1-b300-a1.00,RL-s4-b300-a1.00,20002,0.5
RL-s1-b300-a1.00,RL-s4-b300-a1.00,20003,0.5
RL-s1-b300-a1.00,RL-s4-b300-a1.00,20004,0.5
RL-s1-b300-a1.00,RL-s4-b300-a1.00,20005,0.5
RL-s1-b300-a1.00,RL-s4-b300-a1.00,20006,0.5
RL-s1-b300-a1.00,RL-s4-b300-a1.00,20007,0.0
RL-s1-b300-a1.00,RL-s4-b300-a1.00,20008,0.5
RL-s1-b300-a1.00,RL-s4-b300-a1.00,20009,0.5
RL-s1-b300-a1.00,RL-s4-b300-a1.00,20010,0.5
RL-s1-b300-a1.00,RL-s4-b300-a1.00,20011,0.5
RL-s1-b300-a1.00,RL-s4-b300-a1.00,20012,0.25
RL-s1-b300-a1.00,RL-s4-b300-a1.00,20013,0.25
RL-s1-b300-a1.00,RL-s4-b300-a1.00,20014,0.25
RL-s1-b300-a1.00,RL-s4-b300-a1.00,20015,0.5
RL-s1-b300-a1.00,RL-s4-b300-a1.00,20016,0.5
RL-s1-b300-a1.00,RL-s4-b300-a1.00,20017,0.5
RL-s1-b300-a1.00,RL-s4-b300-a1.00,20018,0.5
RL-s1-b300-a1.00,RL-s4-b300-a1.00,20019,0.25
RL-s1-b300-a1.00,RL-s4-b300-a1.00,20020,0.5
RL-s1-b300-a1.00,RL-s4-b300-a1.00,20021,0.5
RL-s1-b300-a1.00,RL-s4-b300-a1.00,20022,0.5
RL-s1-b300-a1.00,RL-s4-b300-a1.00,20023,0.25
RL-s1-b300-a1.00,RL-s4-b300-a1.00,20024,0.5
RL-s1-b300-a1.00,RL-s4-b300-a1.00,20025,0.5
RL-s1-b300-a1.00,RL-s4-b300-a1.00,20026,0.5
RL-s1-b300-a1.00,RL-s4-b300-a1.00,20027,0.5
RL-s1-b300-a1.00,RL-s4-b300-a1.00,20028,0.5
RL-s1-b300-a1.00,RL-s4-b300-a1.00,20029,0.5
RL-s1-b300-a1.00,RL-s5-b300-a1.00,20000,0.5
RL-s1-b300-a1.00,RL-s5-b300-a1.00,20001,0.25
RL-s1-b300-a1.00,RL-s5-b300-a1.00,20002,0.5
RL-s1-b300-a1.00,RL-s5-b300-a1.00,20003,0.5
RL-s1-b300-a1.00,RL-s5-b300-a1.00,20004,0.5
RL-s1-b300-a1.00,RL-s5-b300-a1.00,20005,0.5
RL-s1-b300-a1.00,RL-s5-b300-a1.00,20006,0.5
RL-s1-b300-a1.00,RL-s5-b300-a1.00,20007,0.25
RL-s1-b300-a1.00,RL-s5-b300-a1.00,20008,0.75
RL-s1-b300-a1.00,RL-s5-b300-a1.00,20009,0.5
RL-s1-b300-a1.00,RL-s5-b300-a1.00,20010,0.5
RL-s1-b300-a1.00,RL-s5-b300-a1.00,20011,0.5
RL-s1-b300-a1.00,RL-s5-b300-a1.00,20012,0.5
RL-s1-b300-a1.00,RL-s5-b300-a1.00,20013,0.5
RL-s1-b300-a1.00,RL-s5-b300-a1.00,20014,0.5
RL-s1-b300-a1.00,RL-s5-b300-a1.00,20015,0.5
RL-s1-b300-a1.00,RL-s5-b300-a1.00,20016,0.5
RL-s1-b300-a1.00,RL-s5-b300-a1.00,20017,0.5
RL-s1-b300-a1.00,RL-s5-b300-a1.00,20018,0.5
RL-s1-b300-a1.00,RL-s5-b300-a1.00,20019,0.5
RL-s1-b300-a1.00,RL-s5-b300-a1.00,20020,0.5
RL-s1-b300-a1.00,RL-s5-b300-a1.00,20021,0.25
RL-s1-b300-a1.00,RL-s5-b300-a1.00,20022,0.5
RL-s1-b300-a1.00,RL-s5-b300-a1.00,20023,0.5
RL-s1-b300-a1.00,RL-s5-b300-a1.00,20024,0.5
RL-s1-b300-a1.00,RL-s5-b300-a1.00,20025,0.5
RL-s1-b300-a1.00,RL-s5-b300-a1.00,20026,0.5
RL-s1-b300-a1.00,RL-s5-b300-a1.00,20027,0.5
RL-s1-b300-a1.00,RL-s5-b300-a1.00,20028,0.5
RL-s1-b300-a1.00,RL-s5-b300-a1.00,20029,0.5
RL-s1-b300-a1.00,RL-s6-b300-a1.00,20000,0.25
RL-s1-b300-a1.00,RL-s6-b300-a1.00,20001,0.75
RL-s1-b300-a1.00,RL-s6-b300-a1.00,20002,0.25
RL-s1-b300-a1.00,RL-s6-b300-a1.00,20003,0.5
RL-s1-b300-a1.00,RL-s6-b300-a1.00,20004,0.25
RL-s1-b300-a1.00,RL-s6-b300-a1.00,20005,0.5
RL-s1-b300-a1.00,RL-s6-b300-a1.00,20006,0.5
RL-s1-b300-a1.00,RL-s6-b300-a1.00,20007,0.0
RL-s1-b300-a1.00,RL-s6-b300-a1.00,20008,0.5
RL-s1-b300-a1.00,RL-s6-b300-a1.00,20009,0.5
RL-s1-b300-a1.00,RL-s6-b300-a1.00,20010,0.5
RL-s1-b300-a1.00,RL-s6-b300-a1.00,20011,0.75
RL-s1-b300-a1.00,RL-s6-b300-a1.00,20012,0.75
RL-s1-b300-a1.00,RL-s6-b300-a1.00,20013,0.5
RL-s1-b300-a1.00,RL-s6-b300-a1.00,20014,0.25
RL-s1-b300-a1.00,RL-s6-b300-a1.00,20015,0.25
RL-s1-b300-a1.00,RL-s6-b300-a1.00,20016,0.5
RL-s1-b300-a1.00,RL-s6-b300-a1.00,20017,0.5
RL-s1-b300-a1.00,RL-s6-b300-a1.00,20018,0.5
RL-s1-b300-a1.00,RL-s6-b300-a1.00,20019,0.75
RL-s1-b300-a1.00,RL-s6-b300-a1.00,20020,0.25
RL-s1-b300-a1.00,RL-s6-b300-a1.00,20021,0.5
RL-s1-b300-a1.00,RL-s6-b300-a1.00,20022,0.25
RL-s1-b300-a1.00,RL-s6-b300-a1.00,20023,0.0
RL-s1-b300-a1.00,RL-s6-b300-a1.00,20024,0.5
RL-s1-b300-a1.00,RL-s6-b300-a1.00,20025,0.25
RL-s1-b300-a1.00,RL-s6-b300-a1.00,20026,0.5
RL-s1-b300-a1.00,RL-s6-b300-a1.00,20027,0.25
RL-s1-b300-a1.00,RL-s6-b300-a1.00,20028,0.5
RL-s1-b300-a1.00,RL-s6-b300-a1.00,20029,0.75
RL-s1-b300-a1.00,RL-s7-b300-a1.00,20000,0.5
RL-s1-b300-a1.00,RL-s7-b300-a1.00,20001,0.5
RL-s1-b300-a1.00,RL-s7-b300-a1.00,20002,0.5
RL-s1-b300-a1.00,RL-s7-b300-a1.00,20003,0.5
RL-s1-b300-a1.00,RL-s7-b300-a1.00,20004,0.5
RL-s1-b300-a1.00,RL-s7-b300-a1.00,20005,0.25
RL-s1-b300-a1.00,RL-s7-b300-a1.00,20006,0.5
RL-s1-b300-a1.00,RL-s7-b300-a1.00,20007,0.25
RL-s1-b300-a1.00,RL-s7-b300-a1.00,20008,0.75
RL-s1-b300-a1.00,RL-s7-b300-a1.00,20009,0.5
RL-s1-b300-a1.00,RL-s7-b300-a1.00,20010,0.5
RL-s1-b300-a1.00,RL-s7-b300-a1.00,20011,0.75
RL-s1-b300-a1.00,RL-s7-b300-a1.00,20012,0.75
RL-s1-b300-a1.00,RL-s7-b300-a1.00,20013,0.5
RL-s1-b300-a1.00,RL-s7-b300-a1.00,20014,0.5
RL-s1-b300-a1.00,RL-s7-b300-a1.00,20015,0.5
RL-s1-b300-a1.00,RL-s7-b300-a1.00,20016,0.5
RL-s1-b300-a1.00,RL-s7-b300-a1.00,20017,0.5
RL-s1-b300-a1.00,RL-s7-b300-a1.00,20018,0.5
RL-s1-b300-a1.00,RL-s7-b300-a1.00,20019,0.75
RL-s1-b300-a1.00,RL-s7-b300-a1.00,20020,0.25
RL-s1-b300-a1.00,RL-s7-b300-a1.00,20021,0.75
RL-s1-b300-a1.00,RL-s7-b300-a1.00,20022,0.5
RL-s1-b300-a1.00,RL-s7-b300-a1.00,20023,0.5
RL-s1-b300-a1.00,RL-s7-b300-a1.00,20024,0.5
RL-s1-b300-a1.00,RL-s7-b300-a1.00,20025,0.5
RL-s1-b300-a1.00,RL-s7-b300-a1.00,20026,0.5
RL-s1-b300-a1.00,RL-s7-b300-a1.00,20027,0.5
RL-s1-b300-a1.00,RL-s7-b300-a1.00,20028,0.5
RL-s1-b300-a1.00,RL-s7-b300-a1.00,20029,0.5
RL-s1-b300-a1.00,RL-s8-b300-a1.00,20000,0.25
RL-s1-b300-a1.00,RL-s8-b300-a1.00,20001,0.5
RL-s1-b300-a1.00,RL-s8-b300-a1.00,20002,0.75
RL-s1-b300-a1.00,RL-s8-b300-a1.00,20003,0.75
RL-s1-b300-a1.00,RL-s8-b300-a1.00,20004,0.5
RL-s1-b300-a1.00,RL-s8-b300-a1.00,20005,0.5
RL-s1-b300-a1.00,RL-s8-b300-a1.00,20006,0.5
RL-s1-b300-a1.00,RL-s8-b300-a1.00,20007,0.0
RL-s1-b300-a1.00,RL-s8-b300-a1.00,20008,0.75
RL-s1-b300-a1.00,RL-s8-b300-a1.00,20009,0.5
RL-s1-b300-a1.00,RL-s8-b300-a1.00,20010,0.25
RL-s1-b300-a1.00,RL-s8-b300-a1.00,20011,0.5
RL-s1-b300-a1.00,RL-s8-b300-a1.00,20012,0.5
RL-s1-b300-a1.00,RL-s8-b300-a1.00,20013,0.75
RL-s1-b300-a1.00,RL-s8-b300-a1.00,20014,0.25
RL-s1-b300-a1.00,RL-s8-b300-a1.00,20015,0.25
RL-s1-b300-a1.00,RL-s8-b300-a1.00,20016,0.5
RL-s1-b300-a1.00,RL-s8-b300-a1.00,20017,0.5
RL-s1-b300-a1.00,RL-s8-b300-a1.00,20018,0.5
RL-s1-b300-a1.00,RL-s8-b300-a1.00,20019,0.5
RL-s1-b300-a1.00,RL-s8-b300-a1.00,20020,0.75
RL-s1-b300-a1.00,RL-s8-b300-a1.00,20021,0.5
RL-s1-b300-a1.00,RL-s8-b300-a1.00,20022,1.0
RL-s1-b300-a1.00,RL-s8-b300-a1.00,20023,0.0
RL-s1-b300-a1.00,RL-s8-b300-a1.00,20024,0.75
RL-s1-b300-a1.00,RL-s8-b300-a1.00,20025,0.25
RL-s1-b300-a1.00,RL-s8-b300-a1.00,20026,0.5
RL-s1-b300-a1.00,RL-s8-b300-a1.00,20027,0.75
RL-s1-b300-a1.00,RL-s8-b300-a1.00,20028,0.75
RL-s1-b300-a1.00,RL-s8-b300-a1.00,20029,0.75
RL-s1-b300-a1.00,RL-s9-b300-a1.00,20000,0.5
RL-s1-b300-a1.00,RL-s9-b300-a1.00,20001,0.5
RL-s1-b300-a1.00,RL-s9-b300-a1.00,20002,0.5
RL-s1-b300-a1.00,RL-s9-b300-a1.00,20003,0.5
RL-s1-b300-a1.00,RL-s9-b300-a1.00,20004,0.75
RL-s1-b300-a1.00,RL-s9-b300-a1.00,20005,0.5
RL-s1-b300-a1.00,RL-s9-b300-a1.00,20006,0.5
RL-s1-b300-a1.00,RL-s9-b300-a1.00,20007,0.25
RL-s1-b300-a1.00,RL-s9-b300-a1.00,20008,0.25
RL-s1-b300-a1.00,RL-s9-b300-a1.00,20009,0.5
RL-s1-b300-a1.00,RL-s9-b300-a1.00,20010,0.75
RL-s1-b300-a1.00,RL-s9-b300-a1.00,20011,0.75
RL-s1-b300-a1.00,RL-s9-b300-a1.00,20012,0.75
RL-s1-b300-a1.00,RL-s9-b300-a1.00,20013,0.5
RL-s1-b300-a1.00,RL-s9-b300-a1.00,20014,0.5
RL-s1-b300-a1.00,RL-s9-b300-a1.00,20015,0.5
RL-s1-b300-a1.00,RL-s9-b300-a1.00,20016,0.5
RL-s1-b300-a1.00,RL-s9-b300-a1.00,20017,0.5
RL-s1-b300-a1.00,RL-s9-b300-a1.00,20018,0.5
RL-s1-b300-a1.00,RL-s9-b300-a1.00,20019,0.5
RL-s1-b300-a1.00,RL-s9-b300-a1.00,20020,0.5
RL-s1-b300-a1.00,RL-s9-b300-a1.00,20021,0.75
RL-s1-b300-a1.00,RL-s9-b300-a1.00,20022,0.75
RL-s1-b300-a1.00,RL-s9-b300-a1.00,20023,0.25
RL-s1-b300-a1.00,RL-s9-b300-a1.00,20024,0.5
RL-s1-b300-a1.00,RL-s9-b300-a1.00,20025,0.5
RL-s1-b300-a1.00,RL-s9-b300-a1.00,20026,0.5
RL-s1-b300-a1.00,RL-s9-b300-a1.00,20027,0.5
RL-s1-b300-a1.00,RL-s9-b300-a1.00,20028,0.5
RL-s1-b300-a1.00,RL-s9-b300-a1.00,20029,0.5
RL-s1-b300-a1.00,BTO-s0-b300,20000,1.0
RL-s1-b300-a1.00,BTO-s0-b300,20001,0.5
RL-s1-b300-a1.00,BTO-s0-b300,20002,0.75
RL-s1-b300-a1.00,BTO-s0-b300,20003,0.5
RL-s1-b300-a1.00,BTO-s0-b300,20004,0.5
RL-s1-b300-a1.00,BTO-s0-b300,20005,1.0
RL-s1-b300-a1.00,BTO-s0-b300,20006,1.0
RL-s1-b300-a1.00,BTO-s0-b300,20007,1.0
RL-s1-b300-a1.00,BTO-s0-b300,20008,0.5
RL-s1-b300-a1.00,BTO-s0-b300,20009,0.75
RL-s1-b300-a1.00,BTO-s0-b300,20010,0.75
RL-s1-b300-a1.00,BTO-s0-b300,20011,0.75
RL-s1-b300-a1.00,BTO-s0-b300,20012,1.0
RL-s1-b300-a1.00,BTO-s0-b300,20013,1.0
RL-s1-b300-a1.00,BTO-s0-b300,20014,0.75
RL-s1-b300-a1.00,BTO-s0-b300,20015,1.0
RL-s1-b300-a1.00,BTO-s0-b300,20016,0.5
RL-s1-b300-a1.00,BTO-s0-b300,20017,1.0
RL-s1-b300-a1.00,BTO-s0-b300,20018,1.0
RL-s1-b300-a1.00,BTO-s0-b300,20019,0.25
RL-s1-b300-a1.00,BTO-s0-b300,20020,1.0
RL-s1-b300-a1.00,BTO-s0-b300,20021,0.75
RL-s1-b300-a1.00,BTO-s0-b300,20022,1.0
RL-s1-b300-a1.00,BTO-s0-b300,20023,0.75
RL-s1-b300-a1.00,BTO-s0-b300,20024,0.5
RL-s1-b300-a1.00,BTO-s0-b300,20025,0.75
RL-s1-b300-a1.00,BTO-s0-b300,20026,0.5
RL-s1-b300-a1.00,BTO-s0-b300,20027,0.75
RL-s1-b300-a1.00,BTO-s0-b300,20028,0.25
RL-s1-b300-a1.00,BTO-s0-b300,20029,0.75
RL-s1-b300-a1.00,BTO-s1-b300,20000,1.0
RL-s1-b300-a1.00,BTO-s1-b300,20001,0.5
RL-s1-b300-a1.00,BTO-s1-b300,20002,1.0
RL-s1-b300-a1.00,BTO-s1-b300,20003,0.75
RL-s1-b300-a1.00,BTO-s1-b300,20004,0.75
RL-s1-b300-a1.00,BTO-s1-b300,20005,1.0
RL-s1-b300-a1.00,BTO-s1-b300,20006,0.75
RL-s1-b300-a1.00,BTO-s1-b300,20007,1.0
RL-s1-b300-a1.00,BTO-s1-b300,20008,1.0
RL-s1-b300-a1.00,BTO-s1-b300,20009,0.75
RL-s1-b300-a1.00,BTO-s1-b300,20010,1.0
RL-s1-b300-a1.00,BTO-s1-b300,20011,0.75
RL-s1-b300-a1.00,BTO-s1-b300,20012,1.0
RL-s1-b300-a1.00,BTO-s1-b300,20013,0.75
RL-s1-b300-a1.00,BTO-s1-b300,20014,0.75
RL-s1-b300-a1.00,BTO-s1-b300,20015,1.0
RL-s1-b300-a1.00,BTO-s1-b300,20016,0.5
RL-s1-b300-a1.00,BTO-s1-b300,20017,0.5
RL-s1-b300-a1.00,BTO-s1-b300,20018,0.75
RL-s1-b300-a1.00,BTO-s1-b300,20019,1.0
RL-s1-b300-a1.00,BTO-s1-b300,20020,0.5
RL-s1-b300-a1.00,BTO-s1-b300,20021,1.0
RL-s1-b300-a1.00,BTO-s1-b300,20022,0.75
RL-s1-b300-a1.00,BTO-s1-b300,20023,0.75
RL-s1-b300-a1.00,BTO-s1-b300,20024,0.75
RL-s1-b300-a1.00,BTO-s1-b300,20025,1.0
RL-s1-b300-a1.00,BTO-s1-b300,20026,1.0
RL-s1-b300-a1.00,BTO-s1-b300,20027,0.75
RL-s1-b300-a1.00,BTO-s1-b300,20028,0.5
RL-s1-b300-a1.00,BTO-s1-b300,20029,0.75
RL-s1-b300-a1.00,BTO-s2-b300,20000,0.75
RL-s1-b300-a1.00,BTO-s2-b300,20001,0.5
RL-s1-b300-a1.00,BTO-s2-b300,20002,0.75
RL-s1-b300-a1.00,BTO-s2-b300,20003,1.0
RL-s1-b300-a1.00,BTO-s2-b300,20004,0.5
RL-s1-b300-a1.00,BTO-s2-b300,20005,1.0
RL-s1-b300-a1.00,BTO-s2-b300,20006,0.5
RL-s1-b300-a1.00,BTO-s2-b300,20007,0.75
RL-s1-b300-a1.00,BTO-s2-b300,20008,0.5
RL-s1-b300-a1.00,BTO-s2-b300,20009,0.75
RL-s1-b300-a1.00,BTO-s2-b300,20010,0.5
RL-s1-b300-a1.00,BTO-s2-b300,20011,0.75
RL-s1-b300-a1.00,BTO-s2-b300,20012,1.0
RL-s1-b300-a1.00,BTO-s2-b300,20013,0.5
RL-s1-b300-a1.00,BTO-s2-b300,20014,0.5
RL-s1-b300-a1.00,BTO-s2-b300,20015,0.5
RL-s1-b300-a1.00,BTO-s2-b300,20016,0.5
RL-s1-b300-a1.00,BTO-s2-b300,20017,0.5
RL-s1-b300-a1.00,BTO-s2-b300,20018,0.75
RL-s1-b300-a1.00,BTO-s2-b300,20019,0.5
RL-s1-b300-a1.00,BTO-s2-b300,20020,0.75
RL-s1-b300-a1.00,BTO-s2-b300,20021,0.5
RL-s1-b300-a1.00,BTO-s2-b300,20022,0.5
RL-s1-b300-a1.00,BTO-s2-b300,20023,0.5
RL-s1-b300-a1.00,BTO-s2-b300,20024,0.5
RL-s1-b300-a1.00,BTO-s2-b300,20025,0.75
RL-s1-b300-a1.00,BTO-s2-b300,20026,0.5
RL-s1-b300-a1.00,BTO-s2-b300,20027,0.5
RL-s1-b300-a1.00,BTO-s2-b300,20028,0.0
RL-s1-b300-a1.00,BTO-s2-b300,20029,1.0
RL-s1-b300-a1.00,POOL-s0-b1000,20000,0.5
RL-s1-b300-a1.00,POOL-s0-b1000,20001,0.5
RL-s1-b300-a1.00,POOL-s0-b1000,20002,0.25
RL-s1-b300-a1.00,POOL-s0-b1000,20003,0.5
RL-s1-b300-a1.00,POOL-s0-b1000,20004,0.5
RL-s1-b300-a1.00,POOL-s0-b1000,20005,0.75
RL-s1-b300-a1.00,POOL-s0-b1000,20006,0.5
RL-s1-b300-a1.00,POOL-s0-b1000,20007,0.5
RL-s1-b300-a1.00,POOL-s0-b1000,20008,0.5
RL-s1-b300-a1.00,POOL-s0-b1000,20009,0.5
RL-s1-b300-a1.00,POOL-s0-b1000,20010,0.25
RL-s1-b300-a1.00,POOL-s0-b1000,20011,0.5
RL-s1-b300-a1.00,POOL-s0-b1000,20012,0.5
RL-s1-b300-a1.00,POOL-s0-b1000,20013,0.5
RL-s1-b300-a1.00,POOL-s0-b1000,20014,0.5
RL-s1-b300-a1.00,POOL-s0-b1000,20015,0.5
RL-s1-b300-a1.00,POOL-s0-b1000,20016,0.5
RL-s1-b300-a1.00,POOL-s0-b1000,20017,0.5
RL-s1-b300-a1.00,POOL-s0-b1000,20018,0.5
RL-s1-b300-a1.00,POOL-s0-b1000,20019,0.5
RL-s1-b300-a1.00,POOL-s0-b1000,20020,0.5
RL-s1-b300-a1.00,POOL-s0-b1000,20021,0.5
RL-s1-b300-a1.00,POOL-s0-b1000,20022,0.5
RL-s1-b300-a1.00,POOL-s0-b1000,20023,0.5
RL-s1-b300-a1.00,POOL-s0-b1000,20024,0.5
RL-s1-b300-a1.00,POOL-s0-b1000,20025,0.5
RL-s1-b300-a1.00,POOL-s0-b1000,20026,0.5
RL-s1-b300-a1.00,POOL-s0-b1000,20027,0.5
RL-s1-b300-a1.00,POOL-s0-b1000,20028,0.5
RL-s1-b300-a1.00,POOL-s0-b1000,20029,0.5
RL-s1-b300-a1.00,POOL-s1-b1000,20000,0.25
RL-s1-b300-a1.00,POOL-s1-b1000,20001,0.5
RL-s1-b300-a1.00,POOL-s1-b1000,20002,0.25
RL-s1-b300-a1.00,POOL-s1-b1000,20003,0.25
RL-s1-b300-a1.00,POOL-s1-b1000,20004,0.25
RL-s1-b300-a1.00,POOL-s1-b1000,20005,0.25
RL-s1-b300-a1.00,POOL-s1-b1000,20006,0.5
RL-s1-b300-a1.00,POOL-s1-b1000,20007,0.5
RL-s1-b300-a1.00,POOL-s1-b1000,20008,0.5
RL-s1-b300-a1.00,POOL-s1-b1000,20009,0.5
RL-s1-b300-a1.00,POOL-s1-b1000,20010,0.5
RL-s1-b300-a1.00,POOL-s1-b1000,20011,0.25
RL-s1-b300-a1.00,POOL-s1-b1000,20012,0.25
RL-s1-b300-a1.00,POOL-s1-b1000,20013,0.5
RL-s1-b300-a1.00,POOL-s1-b1000,20014,0.25
RL-s1-b300-a1.00,POOL-s1-b1000,20015,0.5
RL-s1-b300-a1.00,POOL-s1-b1000,20016,0.5
RL-s1-b300-a1.00,POOL-s1-b1000,20017,0.25
RL-s1-b300-a1.00,POOL-s1-b1000,20018,0.5
RL-s1-b300-a1.00,POOL-s1-b1000,20019,0.25
RL-s1-b300-a1.00,POOL-s1-b1000,20020,0.5
RL-s1-b300-a1.00,POOL-s1-b1000,20021,0.25
RL-s1-b300-a1.00,POOL-s1-b1000,20022,0.25
RL-s1-b300-a1.00,POOL-s1-b1000,20023,0.25
RL-s1-b300-a1.00,POOL-s1-b1000,20024,0.5
RL-s1-b300-a1.00,POOL-s1-b1000,20025,0.0
RL-s1-b300-a1.00,POOL-s1-b1000,20026,0.25
RL-s1-b300-a1.00,POOL-s1-b1000,20027,0.25
RL-s1-b300-a1.00,POOL-s1-b1000,20028,0.5
RL-s1-b300-a1.00,POOL-s1-b1000,20029,0.25
RL-s1-b300-a1.00,POOL-s2-b1000,20000,0.25
RL-s1-b300-a1.00,POOL-s2-b1000,20001,0.5
RL-s1-b300-a1.00,POOL-s2-b1000,20002,0.5
RL-s1-b300-a1.00,POOL-s2-b1000,20003,0.5
RL-s1-b300-a1.00,POOL-s2-b1000,20004,0.5
RL-s1-b300-a1.00,POOL-s2-b1000,20005,0.5
RL-s1-b300-a1.00,POOL-s2-b1000,20006,0.5
RL-s1-b300-a1.00,POOL-s2-b1000,20007,0.5
RL-s1-b300-a1.00,POOL-s2-b1000,20008,0.5
RL-s1-b300-a1.00,POOL-s2-b1000,20009,0.5
RL-s1-b300-a1.00,POOL-s2-b1000,20010,0.5
RL-s1-b300-a1.00,POOL-s2-b1000,20011,0.5
RL-s1-b300-a1.00,POOL-s2-b1000,20012,0.5
RL-s1-b300-a1.00,POOL-s2-b1000,20013,0.5
RL-s1-b300-a1.00,POOL-s2-b1000,20014,0.5
RL-s1-b300-a1.00,POOL-s2-b1000,20015,0.5
RL-s1-b300-a1.00,POOL-s2-b1000,20016,0.5
RL-s1-b300-a1.00,POOL-s2-b1000,20017,0.5
RL-s1-b300-a1.00,POOL-s2-b1000,20018,0.5
RL-s1-b300-a1.00,POOL-s2-b1000,20019,0.5
RL-s1-b300-a1.00,POOL-s2-b1000,20020,0.5
RL-s1-b300-a1.00,POOL-s2-b1000,20021,0.5
RL-s1-b300-a1.00,POOL-s2-b1000,20022,0.75
RL-s1-b300-a1.00,POOL-s2-b1000,20023,0.25
RL-s1-b300-a1.00,POOL-s2-b1000,20024,0.5
RL-s1-b300-a1.00,POOL-s2-b1000,20025,0.5
RL-s1-b300-a1.00,POOL-s2-b1000,20026,0.5
RL-s1-b300-a1.00,POOL-s2-b1000,20027,0.5
RL-s1-b300-a1.00,POOL-s2-b1000,20028,0.5
RL-s1-b300-a1.00,POOL-s2-b1000,20029,0.75
RL-s1-b300-a1.00,POOL-s3-b1000,20000,1.0
RL-s1-b300-a1.00,POOL-s3-b1000,20001,0.5
RL-s1-b300-a1.00,POOL-s3-b1000,20002,0.75
RL-s1-b300-a1.00,POOL-s3-b1000,20003,0.5
RL-s1-b300-a1.00,POOL-s3-b1000,20004,0.5
RL-s1-b300-a1.00,POOL-s3-b1000,20005,0.5
RL-s1-b300-a1.00,POOL-s3-b1000,20006,0.5
RL-s1-b300-a1.00,POOL-s3-b1000,20007,0.75
RL-s1-b300-a1.00,POOL-s3-b1000,20008,0.5
RL-s1-b300-a1.00,POOL-s3-b1000,20009,0.5
RL-s1-b300-a1.00,POOL-s3-b1000,20010,0.5
RL-s1-b300-a1.00,POOL-s3-b1000,20011,0.5
RL-s1-b300-a1.00,POOL-s3-b1000,20012,0.5
RL-s1-b300-a1.00,POOL-s3-b1000,20013,0.5
RL-s1-b300-a1.00,POOL-s3-b1000,20014,0.5
RL-s1-b300-a1.00,POOL-s3-b1000,20015,0.5
RL-s1-b300-a1.00,POOL-s3-b1000,20016,0.5
RL-s1-b300-a1.00,POOL-s3-b1000,20017,0.5
RL-s1-b300-a1.00,POOL-s3-b1000,20018,0.5
RL-s1-b300-a1.00,POOL-s3-b1000,20019,0.25
RL-s1-b300-a1.00,POOL-s3-b1000,20020,0.5
RL-s1-b300-a1.00,POOL-s3-b1000,20021,0.5
RL-s1-b300-a1.00,POOL-s3-b1000,20022,0.5
RL-s1-b300-a1.00,POOL-s3-b1000,20023,0.75
RL-s1-b300-a1.00,POOL-s3-b1000,20024,0.5
RL-s1-b300-a1.00,POOL-s3-b1000,20025,1.0
RL-s1-b300-a1.00,POOL-s3-b1000,20026,0.5
RL-s1-b300-a1.00,POOL-s3-b1000,20027,0.5
RL-s1-b300-a1.00,POOL-s3-b1000,20028,0.5
RL-s1-b300-a1.00,POOL-s3-b1000,20029,0.5
RL-s1-b300-a1.00,POOL-s4-b1000,20000,0.5
RL-s1-b300-a1.00,POOL-s4-b1000,20001,0.5
RL-s1-b300-a1.00,POOL-s4-b1000,20002,0.5
RL-s1-b300-a1.00,POOL-s4-b1000,20003,0.5
RL-s1-b300-a1.00,POOL-s4-b1000,20004,0.5
RL-s1-b300-a1.00,POOL-s4-b1000,20005,0.5
RL-s1-b300-a1.00,POOL-s4-b1000,20006,0.5
RL-s1-b300-a1.00,POOL-s4-b1000,20007,0.25
RL-s1-b300-a1.00,POOL-s4-b1000,20008,0.5
RL-s1-b300-a1.00,POOL-s4-b1000,20009,0.25
RL-s1-b300-a1.00,POOL-s4-b1000,20010,0.5
RL-s1-b300-a1.00,POOL-s4-b1000,20011,0.5
RL-s1-b300-a1.00,POOL-s4-b1000,20012,0.5
RL-s1-b300-a1.00,POOL-s4-b1000,20013,0.5
RL-s1-b300-a1.00,POOL-s4-b1000,20014,0.5
RL-s1-b300-a1.00,POOL-s4-b1000,20015,0.5
RL-s1-b300-a1.00,POOL-s4-b1000,20016,0.5
RL-s1-b300-a1.00,POOL-s4-b1000,20017,0.5
RL-s1-b300-a1.00,POOL-s4-b1000,20018,0.5
RL-s1-b300-a1.00,POOL-s4-b1000,20019,0.5
RL-s1-b300-a1.00,POOL-s4-b1000,20020,0.5
RL-s1-b300-a1.00,POOL-s4-b1000,20021,0.5
RL-s1-b300-a1.00,POOL-s4-b1000,20022,0.5
RL-s1-b300-a1.00,POOL-s4-b1000,20023,0.5
RL-s1-b300-a1.00,POOL-s4-b1000,20024,0.5
RL-s1-b300-a1.00,POOL-s4-b1000,20025,0.5
RL-s1-b300-a1.00,POOL-s4-b1000,20026,0.5
RL-s1-b300-a1.00,POOL-s4-b1000,20027,0.5
RL-s1-b300-a1.00,POOL-s4-b1000,20028,0.5
RL-s1-b300-a1.00,POOL-s4-b1000,20029,0.5
RL-s2-b300-a1.00,RL-s3-b300-a1.00,20000,0.5
RL-s2-b300-a1.00,RL-s3-b300-a1.00,20001,0.75
RL-s2-b300-a1.00,RL-s3-b300-a1.00,20002,0.5
RL-s2-b300-a1.00,RL-s3-b300-a1.00,20003,0.5
RL-s2-b300-a1.00,RL-s3-b300-a1.00,20004,0.5
RL-s2-b300-a1.00,RL-s3-b300-a1.00,20005,0.5
RL-s2-b300-a1.00,RL-s3-b300-a1.00,20006,0.5
RL-s2-b300-a1.00,RL-s3-b300-a1.00,20007,0.5
RL-s2-b300-a1.00,RL-s3-b300-a1.00,20008,0.5
RL-s2-b300-a1.00,RL-s3-b300-a1.00,20009,0.5
RL-s2-b300-a1.00,RL-s3-b300-a1.00,20010,0.5
RL-s2-b300-a1.00,RL-s3-b300-a1.00,20011,0.5
RL-s2-b300-a1.00,RL-s3-b300-a1.00,20012,0.5
RL-s2-b300-a1.00,RL-s3-b300-a1.00,20013,0.5
RL-s2-b300-a1.00,RL-s3-b300-a1.00,20014,0.5
RL-s2-b300-a1.00,RL-s3-b300-a1.00,20015,0.5
RL-s2-b300-a1.00,RL-s3-b300-a1.00,20016,0.5
RL-s2-b300-a1.00,RL-s3-b300-a1.00,20017,0.5
RL-s2-b300-a1.00,RL-s3-b300-a1.00,20018,0.5
RL-s2-b300-a1.00,RL-s3-b300-a1.00,20019,0.5
RL-s2-b300-a1.00,RL-s3-b300-a1.00,20020,0.5
RL-s2-b300-a1.00,RL-s3-b300-a1.00,20021,0.5
RL-s2-b300-a1.00,RL-s3-b300-a1.00,20022,0.5
RL-s2-b300-a1.00,RL-s3-b300-a1.00,20023,0.5
RL-s2-b300-a1.00,RL-s3-b300-a1.00,20024,0.5
RL-s2-b300-a1.00,RL-s3-b300-a1.00,20025,0.5
RL-s2-b300-a1.00,RL-s3-b300-a1.00,20026,0.5
RL-s2-b300-a1.00,RL-s3-b300-a1.00,20027,0.5
RL-s2-b300-a1.00,RL-s3-b300-a1.00,20028,0.5
RL-s2-b300-a1.00,RL-s3-b300-a1.00,20029,0.5
RL-s2-b300-a1.00,RL-s4-b300-a1.00,20000,0.5
RL-s2-b300-a1.00,RL-s4-b300-a1.00,20001,0.5
RL-s2-b300-a1.00,RL-s4-b300-a1.00,20002,0.5
RL-s2-b300-a1.00,RL-s4-b300-a1.00,20003,0.75
RL-s2-b300-a1.00,RL-s4-b300-a1.00,20004,0.5
RL-s2-b300-a1.00,RL-s4-b300-a1.00,20005,0.5
RL-s2-b300-a1.00,RL-s4-b300-a1.00,20006,0.5
RL-s2-b300-a1.00,RL-s4-b300-a1.00,20007,0.0
RL-s2-b300-a1.00,RL-s4-b300-a1.00,20008,0.5
RL-s2-b300-a1.00,RL-s4-b300-a1.00,20009,0.5
RL-s2-b300-a1.00,RL-s4-b300-a1.00,20010,0.5
RL-s2-b300-a1.00,RL-s4-b300-a1.00,20011,0.5
RL-s2-b300-a1.00,RL-s4-b300-a1.00,20012,0.5
RL-s2-b300-a1.00,RL-s4-b300-a1.00,20013,0.5
RL-s2-b300-a1.00,RL-s4-b300-a1.00,20014,0.5
RL-s2-b300-a1.00,RL-s4-b300-a1.00,20015,0.75
RL-s2-b300-a1.00,RL-s4-b300-a1.00,20016,0.5
RL-s2-b300-a1.00,RL-s4-b300-a1.00,20017,0.5
RL-s2-b300-a1.00,RL-s4-b300-a1.00,20018,0.5
RL-s2-b300-a1.00,RL-s4-b300-a1.00,20019,0.5
RL-s2-b300-a1.00,RL-s4-b300-a1.00,20020,0.5
RL-s2-b300-a1.00,RL-s4-b300-a1.00,20021,0.5
RL-s2-b300-a1.00,RL-s4-b300-a1.00,20022,0.5
RL-s2-b300-a1.00,RL-s4-b300-a1.00,20023,0.5
RL-s2-b300-a1.00,RL-s4-b300-a1.00,20024,0.5
RL-s2-b300-a1.00,RL-s4-b300-a1.00,20025,0.5
RL-s2-b300-a1.00,RL-s4-b300-a1.00,20026,0.5
RL-s2-b300-a1.00,RL-s4-b300-a1.00,20027,0.5
RL-s2-b300-a1.00,RL-s4-b300-a1.00,20028,0.5
RL-s2-b300-a1.00,RL-s4-b300-a1.00,20029,0.5
RL-s2-b300-a1.00,RL-s5-b300-a1.00,20000,0.5
RL-s2-b300-a1.00,RL-s5-b300-a1.00,20001,0.5
RL-s2-b300-a1.00,RL-s5-b300-a1.00,20002,0.75
RL-s2-b300-a1.00,RL-s5-b300-a1.00,20003,0.5
RL-s2-b300-a1.00,RL-s5-b300-a1.00,20004,0.5
RL-s2-b300-a1.00,RL-s5-b300-a1.00,20005,0.5
RL-s2-b300-a1.00,RL-s5-b300-a1.00,20006,0.5
RL-s2-b300-a1.00,RL-s5-b300-a1.00,20007,0.75
RL-s2-b300-a1.00,RL-s5-b300-a1.00,20008,0.75
RL-s2-b300-a1.00,RL-s5-b300-a1.00,20009,0.5
RL-s2-b300-a1.00,RL-s5-b300-a1.00,20010,0.5
RL-s2-b300-a1.00,RL-s5-b300-a1.00,20011,0.5
RL-s2-b300-a1.00,RL-s5-b300-a1.00,20012,0.5
RL-s2-b300-a1.00,RL-s5-b300-a1.00,20013,0.5
RL-s2-b300-a1.00,RL-s5-b300-a1.00,20014,0.5
RL-s2-b300-a1.00,RL-s5-b300-a1.00,20015,0.5
RL-s2-b300-a1.00,RL-s5-b300-a1.00,20016,0.5
RL-s2-b300-a1.00,RL-s5-b300-a1.00,20017,0.5
RL-s2-b300-a1.00,RL-s5-b300-a1.00,20018,0.5
RL-s2-b300-a1.00,RL-s5-b300-a1.00,20019,0.5
RL-s2-b300-a1.00,RL-s5-b300-a1.00,20020,0.5
RL-s2-b300-a1.00,RL-s5-b300-a1.00,20021,0.5
RL-s2-b300-a1.00,RL-s5-b300-a1.00,20022,0.5
RL-s2-b300-a1.00,RL-s5-b300-a1.00,20023,0.75
RL-s2-b300-a1.00,RL-s5-b300-a1.00,20024,0.5
RL-s2-b300-a1.00,RL-s5-b300-a1.00,20025,0.5
RL-s2-b300-a1.00,RL-s5-b300-a1.00,20026,0.5
RL-s2-b300-a1.00,RL-s5-b300-a1.00,20027,0.5
RL-s2-b300-a1.00,RL-s5-b300-a1.00,20028,0.5
RL-s2-b300-a1.00,RL-s5-b300-a1.00,20029,0.5
RL-s2-b300-a1.00,RL-s6-b300-a1.00,20000,0.5
RL-s2-b300-a1.00,RL-s6-b300-a1.00,20001,0.5
RL-s2-b300-a1.00,RL-s6-b300-a1.00,20002,0.5
RL-s2-b300-a1.00,RL-s6-b300-a1.00,20003,0.5
RL-s2-b300-a1.00,RL-s6-b300-a1.00,20004,0.5
RL-s2-b300-a1.00,RL-s6-b300-a1.00,20005,0.25
RL-s2-b300-a1.00,RL-s6-b300-a1.00,20006,0.5
RL-s2-b300-a1.00,RL-s6-b300-a1.00,20007,0.5
RL-s2-b300-a1.00,RL-s6-b300-a1.00,20008,0.25
RL-s2-b300-a1.00,RL-s6-b300-a1.00,20009,0.5
RL-s2-b300-a1.00,RL-s6-b300-a1.00,20010,0.5
RL-s2-b300-a1.00,RL-s6-b300-a1.00,20011,0.5
RL-s2-b300-a1.00,RL-s6-b300-a1.00,20012,0.5
RL-s2-b300-a1.00,RL-s6-b300-a1.00,20013,0.5
RL-s2-b300-a1.00,RL-s6-b300-a1.00,20014,0.5
RL-s2-b300-a1.00,RL-s6-b300-a1.00,20015,0.5
RL-s2-b300-a1.00,RL-s6-b300-a1.00,20016,0.5
RL-s2-b300-a1.00,RL-s6-b300-a1.00,20017,0.5
RL-s2-b300-a1.00,RL-s6-b300-a1.00,20018,0.5
RL-s2-b300-a1.00,RL-s6-b300-a1.00,20019,0.5
RL-s2-b300-a1.00,RL-s6-b300-a1.00,20020,0.5
RL-s2-b300-a1.00,RL-s6-b300-a1.00,20021,0.75
RL-s2-b300-a1.00,RL-s6-b300-a1.00,20022,0.5
RL-s2-b300-a1.00,RL-s6-b300-a1.00,20023,0.5
RL-s2-b300-a1.00,RL-s6-b300-a1.00,20024,0.5
RL-s2-b300-a1.00,RL-s6-b300-a1.00,20025,0.5
RL-s2-b300-a1.00,RL-s6-b300-a1.00,20026,0.5
RL-s2-b300-a1.00,RL-s6-b300-a1.00,20027,0.5
RL-s2-b300-a1.00,RL-s6-b300-a1.00,20028,0.5
RL-s2-b300-a1.00,RL-s6-b300-a1.00,20029,0.5
RL-s2-b300-a1.00,RL-s7-b300-a1.00,20000,0.25
RL-s2-b300-a1.00,RL-s7-b300-a1.00,20001,0.5
RL-s2-b300-a1.00,RL-s7-b300-a1.00,20002,0.5
RL-s2-b300-a1.00,RL-s7-b300-a1.00,20003,0.5
RL-s2-b300-a1.00,RL-s7-b300-a1.00,20004,0.5
RL-s2-b300-a1.00,RL-s7-b300-a1.00,20005,0.5
RL-s2-b300-a1.00,RL-s7-b300-a1.00,20006,0.5
RL-s2-b300-a1.00,RL-s7-b300-a1.00,20007,0.5
RL-s2-b300-a1.00,RL-s7-b300-a1.00,20008,0.75
RL-s2-b300-a1.00,RL-s7-b300-a1.00,20009,0.75
RL-s2-b300-a1.00,RL-s7-b300-a1.00,20010,0.5
RL-s2-b300-a1.00,RL-s7-b300-a1.00,20011,0.5
RL-s2-b300-a1.00,RL-s7-b300-a1.00,20012,0.5
RL-s2-b300-a1.00,RL-s7-b300-a1.00,20013,0.25
RL-s2-b300-a1.00,RL-s7-b300-a1.00,20014,0.25
RL-s2-b300-a1.00,RL-s7-b300-a1.00,20015,0.5
RL-s2-b300-a1.00,RL-s7-b300-a1.00,20016,0.5
RL-s2-b300-a1.00,RL-s7-b300-a1.00,20017,0.5
RL-s2-b300-a1.00,RL-s7-b300-a1.00,20018,0.5
RL-s2-b300-a1.00,RL-s7-b300-a1.00,20019,0.5
RL-s2-b300-a1.00,RL-s7-b300-a1.00,20020,0.5
RL-s2-b300-a1.00,RL-s7-b300-a1.00,20021,0.5
RL-s2-b300-a1.00,RL-s7-b300-a1.00,20022,0.5
RL-s2-b300-a1.00,RL-s7-b300-a1.00,20023,0.75
RL-s2-b300-a1.00,RL-s7-b300-a1.00,20024,0.5
RL-s2-b300-a1.00,RL-s7-b300-a1.00,20025,0.5
RL-s2-b300-a1.00,RL-s7-b300-a1.00,20026,0.75
RL-s2-b300-a1.00,RL-s7-b300-a1.00,20027,0.5
RL-s2-b300-a1.00,RL-s7-b300-a1.00,20028,0.5
RL-s2-b300-a1.00,RL-s7-b300-a1.00,20029,0.5
RL-s2-b300-a1.00,RL-s8-b300-a1.00,20000,0.5
RL-s2-b300-a1.00,RL-s8-b300-a1.00,20001,0.5
RL-s2-b300-a1.00,RL-s8-b300-a1.00,20002,0.75
RL-s2-b300-a1.00,RL-s8-b300-a1.00,20003,0.5
RL-s2-b300-a1.00,RL-s8-b300-a1.00,20004,0.75
RL-s2-b300-a1.00,RL-s8-b300-a1.00,20005,0.25
RL-s2-b300-a1.00,RL-s8-b300-a1.00,20006,0.5
RL-s2-b300-a1.00,RL-s8-b300-a1.00,20007,0.5
RL-s2-b300-a1.00,RL-s8-b300-a1.00,20008,0.5
RL-s2-b300-a1.00,RL-s8-b300-a1.00,20009,0.5
RL-s2-b300-a1.00,RL-s8-b300-a1.00,20010,0.5
RL-s2-b300-a1.00,RL-s8-b300-a1.00,20011,0.5
RL-s2-b300-a1.00,RL-s8-b300-a1.00,20012,0.5
RL-s2-b300-a1.00,RL-s8-b300-a1.00,20013,0.75
RL-s2-b300-a1.00,RL-s8-b300-a1.00,20014,0.5
RL-s2-b300-a1.00,RL-s8-b300-a1.00,20015,0.5
RL-s2-b300-a1.00,RL-s8-b300-a1.00,20016,0.5
RL-s2-b300-a1.00,RL-s8-b300-a1.00,20017,0.5
RL-s2-b300-a1.00,RL-s8-b300-a1.00,20018,0.5
RL-s2-b300-a1.00,RL-s8-b300-a1.00,20019,0.5
RL-s2-b300-a1.00,RL-s8-b300-a1.00,20020,0.75
RL-s2-b300-a1.00,RL-s8-b300-a1.00,20021,0.75
RL-s2-b300-a1.00,RL-s8-b300-a1.00,20022,0.5
RL-s2-b300-a1.00,RL-s8-b300-a1.00,20023,0.5
RL-s2-b300-a1.00,RL-s8-b300-a1.00,20024,0.5
RL-s2-b300-a1.00,RL-s8-b300-a1.00,20025,0.75
RL-s2-b300-a1.00,RL-s8-b300-a1.00,20026,0.5
RL-s2-b300-a1.00,RL-s8-b300-a1.00,20027,0.75
RL-s2-b300-a1.00,RL-s8-b300-a1.00,20028,0.75
RL-s2-b300-a1.00,RL-s8-b300-a1.00,20029,0.5
RL-s2-b300-a1.00,RL-s9-b300-a1.00,20000,0.5
RL-s2-b300-a1.00,RL-s9-b300-a1.00,20001,0.5
RL-s2-b300-a1.00,RL-s9-b300-a1.00,20002,0.5
RL-s2-b300-a1.00,RL-s9-b300-a1.00,20003,0.5
RL-s2-b300-a1.00,RL-s9-b300-a1.00,20004,0.5
RL-s2-b300-a1.00,RL-s9-b300-a1.00,20005,0.25
RL-s2-b300-a1.00,RL-s9-b300-a1.00,20006,0.25
RL-s2-b300-a1.00,RL-s9-b300-a1.00,20007,0.5
RL-s2-b300-a1.00,RL-s9-b300-a1.00,20008,0.5
RL-s2-b300-a1.00,RL-s9-b300-a1.00,20009,0.25
RL-s2-b300-a1.00,RL-s9-b300-a1.00,20010,0.5
RL-s2-b300-a1.00,RL-s9-b300-a1.00,20011,0.5
RL-s2-b300-a1.00,RL-s9-b300-a1.00,20012,0.5
RL-s2-b300-a1.00,RL-s9-b300-a1.00,20013,0.5
RL-s2-b300-a1.00,RL-s9-b300-a1.00,20014,0.5
RL-s2-b300-a1.00,RL-s9-b300-a1.00,20015,0.5
RL-s2-b300-a1.00,RL-s9-b300-a1.00,20016,0.5
RL-s2-b300-a1.00,RL-s9-b300-a1.00,20017,0.5
RL-s2-b300-a1.00,RL-s9-b300-a1.00,20018,0.5
RL-s2-b300-a1.00,RL-s9-b300-a1.00,20019,0.5
RL-s2-b300-a1.00,RL-s9-b300-a1.00,20020,0.5
RL-s2-b300-a1.00,RL-s9-b300-a1.00,20021,0.5
RL-s2-b300-a1.00,RL-s9-b300-a1.00,20022,0.5
RL-s2-b300-a1.00,RL-s9-b300-a1.00,20023,0.5
RL-s2-b300-a1.00,RL-s9-b300-a1.00,20024,0.5
RL-s2-b300-a1.00,RL-s9-b300-a1.00,20025,0.75
RL-s2-b300-a1.00,RL-s9-b300-a1.00,20026,0.5
RL-s2-b300-a1.00,RL-s9-b300-a1.00,20027,0.5
RL-s2-b300-a1.00,RL-s9-b300-a1.00,20028,0.5
RL-s2-b300-a1.00,RL-s9-b300-a1.00,20029,0.5
RL-s2-b300-a1.00,BTO-s0-b300,20000,1.0
RL-s2-b300-a1.00,BTO-s0-b300,20001,0.75
RL-s2-b300-a1.00,BTO-s0-b300,20002,0.75
RL-s2-b300-a1.00,BTO-s0-b300,20003,0.5
RL-s2-b300-a1.00,BTO-s0-b300,20004,0.5
RL-s2-b300-a1.00,BTO-s0-b300,20005,0.75
RL-s2-b300-a1.00,BTO-s0-b300,20006,0.5
RL-s2-b300-a1.00,BTO-s0-b300,20007,0.75
RL-s2-b300-a1.00,BTO-s0-b300,20008,0.75
RL-s2-b300-a1.00,BTO-s0-b300,20009,1.0
RL-s2-b300-a1.00,BTO-s0-b300,20010,0.5
RL-s2-b300-a1.00,BTO-s0-b300,20011,0.5
RL-s2-b300-a1.00,BTO-s0-b300,20012,0.5
RL-s2-b300-a1.00,BTO-s0-b300,20013,1.0
RL-s2-b300-a1.00,BTO-s0-b300,20014,1.0
RL-s2-b300-a1.00,BTO-s0-b300,20015,1.0
RL-s2-b300-a1.00,BTO-s0-b300,20016,0.0
RL-s2-b300-a1.00,BTO-s0-b300,20017,0.5
RL-s2-b300-a1.00,BTO-s0-b300,20018,1.0
RL-s2-b300-a1.00,BTO-s0-b300,20019,0.5
RL-s2-b300-a1.00,BTO-s0-b300,20020,0.5
RL-s2-b300-a1.00,BTO-s0-b300,20021,0.25
RL-s2-b300-a1.00,BTO-s0-b300,20022,0.75
RL-s2-b300-a1.00,BTO-s0-b300,20023,1.0
RL-s2-b300-a1.00,BTO-s0-b300,20024,0.5
RL-s2-b300-a1.00,BTO-s0-b300,20025,1.0
RL-s2-b300-a1.00,BTO-s0-b300,20026,0.5
RL-s2-b300-a1.00,BTO-s0-b300,20027,0.5
RL-s2-b300-a1.00,BTO-s0-b300,20028,0.75
RL-s2-b300-a1.00,BTO-s0-b300,20029,0.75
RL-s2-b300-a1.00,BTO-s1-b300,20000,1.0
RL-s2-b300-a1.00,BTO-s1-b300,20001,0.5
RL-s2-b300-a1.00,BTO-s1-b300,20002,1.0
RL-s2-b300-a1.00,BTO-s1-b300,20003,0.75
RL-s2-b300-a1.00,BTO-s1-b300,20004,0.75
RL-s2-b300-a1.00,BTO-s1-b300,20005,0.5
RL-s2-b300-a1.00,BTO-s1-b300,20006,0.5
RL-s2-b300-a1.00,BTO-s1-b300,20007,1.0
RL-s2-b300-a1.00,BTO-s1-b300,20008,0.75
RL-s2-b300-a1.00,BTO-s1-b300,20009,0.75
RL-s2-b300-a1.00,BTO-s1-b300,20010,0.75
RL-s2-b300-a1.00,BTO-s1-b300,20011,0.5
RL-s2-b300-a1.00,BTO-s1-b300,20012,0.5
RL-s2-b300-a1.00,BTO-s1-b300,20013,1.0
RL-s2-b300-a1.00,BTO-s1-b300,20014,1.0
RL-s2-b300-a1.00,BTO-s1-b300,20015,1.0
RL-s2-b300-a1.00,BTO-s1-b300,20016,0.5
RL-s2-b300-a1.00,BTO-s1-b300,20017,0.75
RL-s2-b300-a1.00,BTO-s1-b300,20018,0.5
RL-s2-b300-a1.00,BTO-s1-b300,20019,0.5
RL-s2-b300-a1.00,BTO-s1-b300,20020,1.0
RL-s2-b300-a1.00,BTO-s1-b300,20021,0.75
RL-s2-b300-a1.00,BTO-s1-b300,20022,0.5
RL-s2-b300-a1.00,BTO-s1-b300,20023,1.0
RL-s2-b300-a1.00,BTO-s1-b300,20024,1.0
RL-s2-b300-a1.00,BTO-s1-b300,20025,1.0
RL-s2-b300-a1.00,BTO-s1-b300,20026,0.5
RL-s2-b300-a1.00,BTO-s1-b300,20027,0.75
RL-s2-b300-a1.00,BTO-s1-b300,20028,0.75
RL-s2-b300-a1.00,BTO-s1-b300,20029,0.25
RL-s2-b300-a1.00,BTO-s2-b300,20000,1.0
RL-s2-b300-a1.00,BTO-s2-b300,20001,0.75
RL-s2-b300-a1.00,BTO-s2-b300,20002,0.75
RL-s2-b300-a1.00,BTO-s2-b300,20003,0.75
RL-s2-b300-a1.00,BTO-s2-b300,20004,0.75
RL-s2-b300-a1.00,BTO-s2-b300,20005,1.0
RL-s2-b300-a1.00,BTO-s2-b300,20006,0.5
RL-s2-b300-a1.00,BTO-s2-b300,20007,1.0
RL-s2-b300-a1.00,BTO-s2-b300,20008,0.75
RL-s2-b300-a1.00,BTO-s2-b300,20009,0.75
RL-s2-b300-a1.00,BTO-s2-b300,20010,0.5
RL-s2-b300-a1.00,BTO-s2-b300,20011,0.5
RL-s2-b300-a1.00,BTO-s2-b300,20012,0.5
RL-s2-b300-a1.00,BTO-s2-b300,20013,1.0
RL-s2-b300-a1.00,BTO-s2-b300,20014,1.0
RL-s2-b300-a1.00,BTO-s2-b300,20015,0.75
RL-s2-b300-a1.00,BTO-s2-b300,20016,0.5
RL-s2-b300-a1.00,BTO-s2-b300,20017,0.75
RL-s2-b300-a1.00,BTO-s2-b300,20018,0.25
RL-s2-b300-a1.00,BTO-s2-b300,20019,0.5
RL-s2-b300-a1.00,BTO-s2-b300,20020,1.0
RL-s2-b300-a1.00,BTO-s2-b300,20021,0.25
RL-s2-b300-a1.00,BTO-s2-b300,20022,0.5
RL-s2-b300-a1.00,BTO-s2-b300,20023,1.0
RL-s2-b300-a1.00,BTO-s2-b300,20024,1.0
RL-s2-b300-a1.00,BTO-s2-b300,20025,1.0
RL-s2-b300-a1.00,BTO-s2-b300,20026,0.5
RL-s2-b300-a1.00,BTO-s2-b300,20027,0.75
RL-s2-b300-a1.00,BTO-s2-b300,20028,0.5
RL-s2-b300-a1.00,BTO-s2-b300,20029,0.75
RL-s2-b300-a1.00,POOL-s0-b1000,20000,0.5
RL-s2-b300-a1.00,POOL-s0-b1000,20001,0.5
RL-s2-b300-a1.00,POOL-s0-b1000,20002,0.5
RL-s2-b300-a1.00,POOL-s0-b1000,20003,0.5
RL-s2-b300-a1.00,POOL-s0-b1000,20004,0.5
RL-s2-b300-a1.00,POOL-s0-b1000,20005,0.5
RL-s2-b300-a1.00,POOL-s0-b1000,20006,0.5
RL-s2-b300-a1.00,POOL-s0-b1000,20007,0.25
RL-s2-b300-a1.00,POOL-s0-b1000,20008,0.25
RL-s2-b300-a1.00,POOL-s0-b1000,20009,0.5
RL-s2-b300-a1.00,POOL-s0-b1000,20010,0.5
RL-s2-b300-a1.00,POOL-s0-b1000,20011,0.25
RL-s2-b300-a1.00,POOL-s0-b1000,20012,0.25
RL-s2-b300-a1.00,POOL-s0-b1000,20013,0.5
RL-s2-b300-a1.00,POOL-s0-b1000,20014,0.5
RL-s2-b300-a1.00,POOL-s0-b1000,20015,0.5
RL-s2-b300-a1.00,POOL-s0-b1000,20016,0.5
RL-s2-b300-a1.00,POOL-s0-b1000,20017,0.5
RL-s2-b300-a1.00,POOL-s0-b1000,20018,0.5
RL-s2-b300-a1.00,POOL-s0-b1000,20019,0.25
RL-s2-b300-a1.00,POOL-s0-b1000,20020,0.5
RL-s2-b300-a1.00,POOL-s0-b1000,20021,0.5
RL-s2-b300-a1.00,POOL-s0-b1000,20022,0.25
RL-s2-b300-a1.00,POOL-s0-b1000,20023,0.5
RL-s2-b300-a1.00,POOL-s0-b1000,20024,0.5
RL-s2-b300-a1.00,POOL-s0-b1000,20025,0.5
RL-s2-b300-a1.00,POOL-s0-b1000,20026,0.5
RL-s2-b300-a1.00,POOL-s0-b1000,20027,0.5
RL-s2-b300-a1.00,POOL-s0-b1000,20028,0.5
RL-s2-b300-a1.00,POOL-s0-b1000,20029,0.5
RL-s2-b300-a1.00,POOL-s1-b1000,20000,0.5
RL-s2-b300-a1.00,POOL-s1-b1000,20001,0.25
RL-s2-b300-a1.00,POOL-s1-b1000,20002,0.5
RL-s2-b300-a1.00,POOL-s1-b1000,20003,0.5
RL-s2-b300-a1.00,POOL-s1-b1000,20004,0.5
RL-s2-b300-a1.00,POOL-s1-b1000,20005,0.5
RL-s2-b300-a1.00,POOL-s1-b1000,20006,0.5
RL-s2-b300-a1.00,POOL-s1-b1000,20007,0.5
RL-s2-b300-a1.00,POOL-s1-b1000,20008,0.25
RL-s2-b300-a1.00,POOL-s1-b1000,20009,0.5
RL-s2-b300-a1.00,POOL-s1-b1000,20010,0.5
RL-s2-b300-a1.00,POOL-s1-b1000,20011,0.5
RL-s2-b300-a1.00,POOL-s1-b1000,20012,0.5
RL-s2-b300-a1.00,POOL-s1-b1000,20013,0.5
RL-s2-b300-a1.00,POOL-s1-b1000,20014,0.5
RL-s2-b300-a1.00,POOL-s1-b1000,20015,0.5
RL-s2-b300-a1.00,POOL-s1-b1000,20016,0.5
RL-s2-b300-a1.00,POOL-s1-b1000,20017,0.5
RL-s2-b300-a1.00,POOL-s1-b1000,20018,0.5
RL-s2-b300-a1.00,POOL-s1-b1000,20019,0.5
RL-s2-b300-a1.00,POOL-s1-b1000,20020,0.5
RL-s2-b300-a1.00,POOL-s1-b1000,20021,0.5
RL-s2-b300-a1.00,POOL-s1-b1000,20022,0.5
RL-s2-b300-a1.00,POOL-s1-b1000,20023,0.5
RL-s2-b300-a1.00,POOL-s1-b1000,20024,0.5
RL-s2-b300-a1.00,POOL-s1-b1000,20025,0.5
RL-s2-b300-a1.00,POOL-s1-b1000,20026,0.5
RL-s2-b300-a1.00,POOL-s1-b1000,20027,0.5
RL-s2-b300-a1.00,POOL-s1-b1000,20028,0.5
RL-s2-b300-a1.00,POOL-s1-b1000,20029,0.5
RL-s2-b300-a1.00,POOL-s2-b1000,20000,0.5
RL-s2-b300-a1.00,POOL-s2-b1000,20001,0.5
RL-s2-b300-a1.00,POOL-s2-b1000,20002,0.5
RL-s2-b300-a1.00,POOL-s2-b1000,20003,0.5
RL-s2-b300-a1.00,POOL-s2-b1000,20004,0.5
RL-s2-b300-a1.00,POOL-s2-b1000,20005,0.75
RL-s2-b300-a1.00,POOL-s2-b1000,20006,0.5
RL-s2-b300-a1.00,POOL-s2-b1000,20007,0.5
RL-s2-b300-a1.00,POOL-s2-b1000,20008,0.5
RL-s2-b300-a1.00,POOL-s2-b1000,20009,0.5
RL-s2-b300-a1.00,POOL-s2-b1000,20010,0.75
RL-s2-b300-a1.00,POOL-s2-b1000,20011,0.5
RL-s2-b300-a1.00,POOL-s2-b1000,20012,0.0
RL-s2-b300-a1.00,POOL-s2-b1000,20013,0.5
RL-s2-b300-a1.00,POOL-s2-b1000,20014,0.5
RL-s2-b300-a1.00,POOL-s2-b1000,20015,0.5
RL-s2-b300-a1.00,POOL-s2-b1000,20016,0.5
RL-s2-b300-a1.00,POOL-s2-b1000,20017,0.5
RL-s2-b300-a1.00,POOL-s2-b1000,20018,0.5
RL-s2-b300-a1.00,POOL-s2-b1000,20019,0.5
RL-s2-b300-a1.00,POOL-s2-b1000,20020,0.5
RL-s2-b300-a1.00,POOL-s2-b1000,20021,0.5
RL-s2-b300-a1.00,POOL-s2-b1000,20022,0.5
RL-s2-b300-a1.00,POOL-s2-b1000,20023,0.5
RL-s2-b300-a1.00,POOL-s2-b1000,20024,0.5
RL-s2-b300-a1.00,POOL-s2-b1000,20025,0.5
RL-s2-b300-a1.00,POOL-s2-b1000,20026,0.5
RL-s2-b300-a1.00,POOL-s2-b1000,20027,0.5
RL-s2-b300-a1.00,POOL-s2-b1000,20028,0.5
RL-s2-b300-a1.00,POOL-s2-b1000,20029,0.25
RL-s2-b300-a1.00,POOL-s3-b1000,20000,0.5
RL-s2-b300-a1.00,POOL-s3-b1000,20001,0.25
RL-s2-b300-a1.00,POOL-s3-b1000,20002,0.5
RL-s2-b300-a1.00,POOL-s3-b1000,20003,0.5
RL-s2-b300-a1.00,POOL-s3-b1000,20004,0.5
RL-s2-b300-a1.00,POOL-s3-b1000,20005,0.5
RL-s2-b300-a1.00,POOL-s3-b1000,20006,0.5
RL-s2-b300-a1.00,POOL-s3-b1000,20007,0.5
RL-s2-b300-a1.00,POOL-s3-b1000,20008,0.5
RL-s2-b300-a1.00,POOL-s3-b1000,20009,0.5
RL-s2-b300-a1.00,POOL-s3-b1000,20010,0.5
RL-s2-b300-a1.00,POOL-s3-b1000,20011,0.5
RL-s2-b300-a1.00,POOL-s3-b1000,20012,0.5
RL-s2-b300-a1.00,POOL-s3-b1000,20013,0.5
RL-s2-b300-a1.00,POOL-s3-b1000,20014,0.5
RL-s2-b300-a1.00,POOL-s3-b1000,20015,0.5
RL-s2-b300-a1.00,POOL-s3-b1000,20016,0.5
RL-s2-b300-a1.00,POOL-s3-b1000,20017,0.5
RL-s2-b300-a1.00,POOL-s3-b1000,20018,0.5
RL-s2-b300-a1.00,POOL-s3-b1000,20019,0.75
RL-s2-b300-a1.00,POOL-s3-b1000,20020,0.5
RL-s2-b300-a1.00,POOL-s3-b1000,20021,0.5
RL-s2-b300-a1.00,POOL-s3-b1000,20022,0.25
RL-s2-b300-a1.00,POOL-s3-b1000,20023,0.5
RL-s2-b300-a1.00,POOL-s3-b1000,20024,0.5
RL-s2-b300-a1.00,POOL-s3-b1000,20025,0.5
RL-s2-b300-a1.00,POOL-s3-b1000,20026,0.25
RL-s2-b300-a1.00,POOL-s3-b1000,20027,0.5
RL-s2-b300-a1.00,POOL-s3-b1000,20028,0.5
RL-s2-b300-a1.00,POOL-s3-b1000,20029,0.75
RL-s2-b300-a1.00,POOL-s4-b1000,20000,0.5
RL-s2-b300-a1.00,POOL-s4-b1000,20001,0.5
RL-s2-b300-a1.00,POOL-s4-b1000,20002,0.5
RL-s2-b300-a1.00,POOL-s4-b1000,20003,0.5
RL-s2-b300-a1.00,POOL-s4-b1000,20004,0.5
RL-s2-b300-a1.00,POOL-s4-b1000,20005,0.5
RL-s2-b300-a1.00,POOL-s4-b1000,20006,0.5
RL-s2-b300-a1.00,POOL-s4-b1000,20007,0.25
RL-s2-b300-a1.00,POOL-s4-b1000,20008,0.5
RL-s2-b300-a1.00,POOL-s4-b1000,20009,0.5
RL-s2-b300-a1.00,POOL-s4-b1000,20010,0.5
RL-s2-b300-a1.00,POOL-s4-b1000,20011,0.5
RL-s2-b300-a1.00,POOL-s4-b1000,20012,0.5
RL-s2-b300-a1.00,POOL-s4-b1000,20013,0.5
RL-s2-b300-a1.00,POOL-s4-b1000,20014,0.5
RL-s2-b300-a1.00,POOL-s4-b1000,20015,0.5
RL-s2-b300-a1.00,POOL-s4-b1000,20016,0.5
RL-s2-b300-a1.00,POOL-s4-b1000,20017,0.5
RL-s2-b300-a1.00,POOL-s4-b1000,20018,0.5
RL-s2-b300-a1.00,POOL-s4-b1000,20019,0.75
RL-s2-b300-a1.00,POOL-s4-b1000,20020,0.5
RL-s2-b300-a1.00,POOL-s4-b1000,20021,0.5
RL-s2-b300-a1.00,POOL-s4-b1000,20022,0.5
RL-s2-b300-a1.00,POOL-s4-b1000,20023,0.5
RL-s2-b300-a1.00,POOL-s4-b1000,20024,0.5
RL-s2-b300-a1.00,POOL-s4-b1000,20025,0.5
RL-s2-b300-a1.00,POOL-s4-b1000,20026,0.5
RL-s2-b300-a1.00,POOL-s4-b1000,20027,0.5
RL-s2-b300-a1.00,POOL-s4-b1000,20028,0.5
RL-s2-b300-a1.00,POOL-s4-b1000,20029,0.5
RL-s3-b300-a1.00,RL-s4-b300-a1.00,20000,0.5
RL-s3-b300-a1.00,RL-s4-b300-a1.00,20001,0.5
RL-s3-b300-a1.00,RL-s4-b300-a1.00,20002,0.75
RL-s3-b300-a1.00,RL-s4-b300-a1.00,20003,0.5
RL-s3-b300-a1.00,RL-s4-b300-a1.00,20004,0.5
RL-s3-b300-a1.00,RL-s4-b300-a1.00,20005,0.5
RL-s3-b300-a1.00,RL-s4-b300-a1.00,20006,0.5
RL-s3-b300-a1.00,RL-s4-b300-a1.00,20007,0.25
RL-s3-b300-a1.00,RL-s4-b300-a1.00,20008,0.5
RL-s3-b300-a1.00,RL-s4-b300-a1.00,20009,0.5
RL-s3-b300-a1.00,RL-s4-b300-a1.00,20010,0.25
RL-s3-b300-a1.00,RL-s4-b300-a1.00,20011,0.25
RL-s3-b300-a1.00,RL-s4-b300-a1.00,20012,0.5
RL-s3-b300-a1.00,RL-s4-b300-a1.00,20013,0.5
RL-s3-b300-a1.00,RL-s4-b300-a1.00,20014,0.5
RL-s3-b300-a1.00,RL-s4-b300-a1.00,20015,0.5
RL-s3-b300-a1.00,RL-s4-b300-a1.00,20016,0.5
RL-s3-b300-a1.00,RL-s4-b300-a1.00,20017,0.5
RL-s3-b300-a1.00,RL-s4-b300-a1.00,20018,0.5
RL-s3-b300-a1.00,RL-s4-b300-a1.00,20019,0.5
RL-s3-b300-a1.00,RL-s4-b300-a1.00,20020,0.5
RL-s3-b300-a1.00,RL-s4-b300-a1.00,20021,0.5
RL-s3-b300-a1.00,RL-s4-b300-a1.00,20022,0.5
RL-s3-b300-a1.00,RL-s4-b300-a1.00,20023,0.5
RL-s3-b300-a1.00,RL-s4-b300-a1.00,20024,0.5
RL-s3-b300-a1.00,RL-s4-b300-a1.00,20025,0.5
RL-s3-b300-a1.00,RL-s4-b300-a1.00,20026,0.25
RL-s3-b300-a1.00,RL-s4-b300-a1.00,20027,0.5
RL-s3-b300-a1.00,RL-s4-b300-a1.00,20028,0.5
RL-s3-b300-a1.00,RL-s4-b300-a1.00,20029,0.25
RL-s3-b300-a1.00,RL-s5-b300-a1.00,20000,0.5
RL-s3-b300-a1.00,RL-s5-b300-a1.00,20001,0.25
RL-s3-b300-a1.00,RL-s5-b300-a1.00,20002,0.75
RL-s3-b300-a1.00,RL-s5-b300-a1.00,20003,0.5
RL-s3-b300-a1.00,RL-s5-b300-a1.00,20004,0.5
RL-s3-b300-a1.00,RL-s5-b300-a1.00,20005,0.5
RL-s3-b300-a1.00,RL-s5-b300-a1.00,20006,0.5
RL-s3-b300-a1.00,RL-s5-b300-a1.00,20007,0.5
RL-s3-b300-a1.00,RL-s5-b300-a1.00,20008,0.5
RL-s3-b300-a1.00,RL-s5-b300-a1.00,20009,0.5
RL-s3-b300-a1.00,RL-s5-b300-a1.00,20010,0.75
RL-s3-b300-a1.00,RL-s5-b300-a1.00,20011,0.5
RL-s3-b300-a1.00,RL-s5-b300-a1.00,20012,0.25
RL-s3-b300-a1.00,RL-s5-b300-a1.00,20013,0.5
RL-s3-b300-a1.00,RL-s5-b300-a1.00,20014,0.5
RL-s3-b300-a1.00,RL-s5-b300-a1.00,20015,0.5
RL-s3-b300-a1.00,RL-s5-b300-a1.00,20016,0.5
RL-s3-b300-a1.00,RL-s5-b300-a1.00,20017,0.5
RL-s3-b300-a1.00,RL-s5-b300-a1.00,20018,0.5
RL-s3-b300-a1.00,RL-s5-b300-a1.00,20019,0.75
RL-s3-b300-a1.00,RL-s5-b300-a1.00,20020,0.5
RL-s3-b300-a1.00,RL-s5-b300-a1.00,20021,0.5
RL-s3-b300-a1.00,RL-s5-b300-a1.00,20022,0.5
RL-s3-b300-a1.00,RL-s5-b300-a1.00,20023,0.5
RL-s3-b300-a1.00,RL-s5-b300-a1.00,20024,0.5
RL-s3-b300-a1.00,RL-s5-b300-a1.00,20025,0.5
RL-s3-b300-a1.00,RL-s5-b300-a1.00,20026,0.5
RL-s3-b300-a1.00,RL-s5-b300-a1.00,20027,0.5
RL-s3-b300-a1.00,RL-s5-b300-a1.00,20028,0.5
RL-s3-b300-a1.00,RL-s5-b300-a1.00,20029,0.75
RL-s3-b300-a1.00,RL-s6-b300-a1.00,20000,0.5
RL-s3-b300-a1.00,RL-s6-b300-a1.00,20001,0.5
RL-s3-b300-a1.00,RL-s6-b300-a1.00,20002,0.75
RL-s3-b300-a1.00,RL-s6-b300-a1.00,20003,0.5
RL-s3-b300-a1.00,RL-s6-b300-a1.00,20004,0.5
RL-s3-b300-a1.00,RL-s6-b300-a1.00,20005,0.5
RL-s3-b300-a1.00,RL-s6-b300-a1.00,20006,0.5
RL-s3-b300-a1.00,RL-s6-b300-a1.00,20007,0.5
RL-s3-b300-a1.00,RL-s6-b300-a1.00,20008,0.5
RL-s3-b300-a1.00,RL-s6-b300-a1.00,20009,0.5
RL-s3-b300-a1.00,RL-s6-b300-a1.00,20010,0.5
RL-s3-b300-a1.00,RL-s6-b300-a1.00,20011,0.5
RL-s3-b300-a1.00,RL-s6-b300-a1.00,20012,0.5
RL-s3-b300-a1.00,RL-s6-b300-a1.00,20013,0.5
RL-s3-b300-a1.00,RL-s6-b300-a1.00,20014,0.5
RL-s3-b300-a1.00,RL-s6-b300-a1.00,20015,0.5
RL-s3-b300-a1.00,RL-s6-b300-a1.00,20016,0.5
RL-s3-b300-a1.00,RL-s6-b300-a1.00,20017,0.5
RL-s3-b300-a1.00,RL-s6-b300-a1.00,20018,0.5
RL-s3-b300-a1.00,RL-s6-b300-a1.00,20019,0.5
RL-s3-b300-a1.00,RL-s6-b300-a1.00,20020,0.5
RL-s3-b300-a1.00,RL-s6-b300-a1.00,20021,0.5
RL-s3-b300-a1.00,RL-s6-b300-a1.00,20022,0.5
RL-s3-b300-a1.00,RL-s6-b300-a1.00,20023,0.5
RL-s3-b300-a1.00,RL-s6-b300-a1.00,20024,0.5
RL-s3-b300-a1.00,RL-s6-b300-a1.00,20025,0.5
RL-s3-b300-a1.00,RL-s6-b300-a1.00,20026,0.75
RL-s3-b300-a1.00,RL-s6-b300-a1.00,20027,0.5
RL-s3-b300-a1.00,RL-s6-b300-a1.00,20028,0.5
RL-s3-b300-a1.00,RL-s6-b300-a1.00,20029,0.5
RL-s3-b300-a1.00,RL-s7-b300-a1.00,20000,0.75
RL-s3-b300-a1.00,RL-s7-b300-a1.00,20001,0.25
RL-s3-b300-a1.00,RL-s7-b300-a1.00,20002,0.5
RL-s3-b300-a1.00,RL-s7-b300-a1.00,20003,1.0
RL-s3-b300-a1.00,RL-s7-b300-a1.00,20004,0.25
RL-s3-b300-a1.00,RL-s7-b300-a1.00,20005,0.5
RL-s3-b300-a1.00,RL-s7-b300-a1.00,20006,0.75
RL-s3-b300-a1.00,RL-s7-b300-a1.00,20007,0.75
RL-s3-b300-a1.00,RL-s7-b300-a1.00,20008,0.5
RL-s3-b300-a1.00,RL-s7-b300-a1.00,20009,0.75
RL-s3-b300-a1.00,RL-s7-b300-a1.00,20010,0.75
RL-s3-b300-a1.00,RL-s7-b300-a1.00,20011,0.5
RL-s3-b300-a1.00,RL-s7-b300-a1.00,20012,0.5
RL-s3-b300-a1.00,RL-s7-b300-a1.00,20013,0.5
RL-s3-b300-a1.00,RL-s7-b300-a1.00,20014,0.5
RL-s3-b300-a1.00,RL-s7-b300-a1.00,20015,0.5
RL-s3-b300-a1.00,RL-s7-b300-a1.00,20016,0.75
RL-s3-b300-a1.00,RL-s7-b300-a1.00,20017,0.25
RL-s3-b300-a1.00,RL-s7-b300-a1.00,20018,0.75
RL-s3-b300-a1.00,RL-s7-b300-a1.00,20019,0.5
RL-s3-b300-a1.00,RL-s7-b300-a1.00,20020,0.5
RL-s3-b300-a1.00,RL-s7-b300-a1.00,20021,0.5
RL-s3-b300-a1.00,RL-s7-b300-a1.00,20022,0.5
RL-s3-b300-a1.00,RL-s7-b300-a1.00,20023,0.5
RL-s3-b300-a1.00,RL-s7-b300-a1.00,20024,0.5
RL-s3-b300-a1.00,RL-s7-b300-a1.00,20025,0.5
RL-s3-b300-a1.00,RL-s7-b300-a1.00,20026,0.5
RL-s3-b300-a1.00,RL-s7-b300-a1.00,20027,0.5
RL-s3-b300-a1.00,RL-s7-b300-a1.00,20028,0.5
RL-s3-b300-a1.00,RL-s7-b300-a1.00,20029,0.75
RL-s3-b300-a1.00,RL-s8-b300-a1.00,20000,0.5
RL-s3-b300-a1.00,RL-s8-b300-a1.00,20001,0.5
RL-s3-b300-a1.00,RL-s8-b300-a1.00,20002,0.75
RL-s3-b300-a1.00,RL-s8-b300-a1.00,20003,0.75
RL-s3-b300-a1.00,RL-s8-b300-a1.00,20004,0.75
RL-s3-b300-a1.00,RL-s8-b300-a1.00,20005,0.5
RL-s3-b300-a1.00,RL-s8-b300-a1.00,20006,0.5
RL-s3-b300-a1.00,RL-s8-b300-a1.00,20007,0.0
RL-s3-b300-a1.00,RL-s8-b300-a1.00,20008,0.75
RL-s3-b300-a1.00,RL-s8-b300-a1.00,20009,0.5
RL-s3-b300-a1.00,RL-s8-b300-a1.00,20010,0.75
RL-s3-b300-a1.00,RL-s8-b300-a1.00,20011,0.5
RL-s3-b300-a1.00,RL-s8-b300-a1.00,20012,0.5
RL-s3-b300-a1.00,RL-s8-b300-a1.00,20013,0.75
RL-s3-b300-a1.00,RL-s8-b300-a1.00,20014,0.75
RL-s3-b300-a1.00,RL-s8-b300-a1.00,20015,0.5
RL-s3-b300-a1.00,RL-s8-b300-a1.00,20016,0.5
RL-s3-b300-a1.00,RL-s8-b300-a1.00,20017,0.5
RL-s3-b300-a1.00,RL-s8-b300-a1.00,20018,0.5
RL-s3-b300-a1.00,RL-s8-b300-a1.00,20019,0.5
RL-s3-b300-a1.00,RL-s8-b300-a1.00,20020,0.75
RL-s3-b300-a1.00,RL-s8-b300-a1.00,20021,0.75
RL-s3-b300-a1.00,RL-s8-b300-a1.00,20022,0.75
RL-s3-b300-a1.00,RL-s8-b300-a1.00,20023,0.5
RL-s3-b300-a1.00,RL-s8-b300-a1.00,20024,0.5
RL-s3-b300-a1.00,RL-s8-b300-a1.00,20025,0.25
RL-s3-b300-a1.00,RL-s8-b300-a1.00,20026,0.75
RL-s3-b300-a1.00,RL-s8-b300-a1.00,20027,0.75
RL-s3-b300-a1.00,RL-s8-b300-a1.00,20028,0.75
RL-s3-b300-a1.00,RL-s8-b300-a1.00,20029,0.5
RL-s3-b300-a1.00,RL-s9-b300-a1.00,20000,0.5
RL-s3-b300-a1.00,RL-s9-b300-a1.00,20001,0.5
RL-s3-b300-a1.00,RL-s9-b300-a1.00,20002,0.5
RL-s3-b300-a1.00,RL-s9-b300-a1.00,20003,0.5
RL-s3-b300-a1.00,RL-s9-b300-a1.00,20004,0.5
RL-s3-b300-a1.00,RL-s9-b300-a1.00,20005,0.5
RL-s3-b300-a1.00,RL-s9-b300-a1.00,20006,0.75
RL-s3-b300-a1.00,RL-s9-b300-a1.00,20007,0.75
RL-s3-b300-a1.00,RL-s9-b300-a1.00,20008,0.5
RL-s3-b300-a1.00,RL-s9-b300-a1.00,20009,0.5
RL-s3-b300-a1.00,RL-s9-b300-a1.00,20010,0.5
RL-s3-b300-a1.00,RL-s9-b300-a1.00,20011,0.5
RL-s3-b300-a1.00,RL-s9-b300-a1.00,20012,0.5
RL-s3-b300-a1.00,RL-s9-b300-a1.00,20013,0.5
RL-s3-b300-a1.00,RL-s9-b300-a1.00,20014,0.5
RL-s3-b300-a1.00,RL-s9-b300-a1.00,20015,0.5
RL-s3-b300-a1.00,RL-s9-b300-a1.00,20016,0.5
RL-s3-b300-a1.00,RL-s9-b300-a1.00,20017,0.25
RL-s3-b300-a1.00,RL-s9-b300-a1.00,20018,0.5
RL-s3-b300-a1.00,RL-s9-b300-a1.00,20019,0.5
RL-s3-b300-a1.00,RL-s9-b300-a1.00,20020,0.5
RL-s3-b300-a1.00,RL-s9-b300-a1.00,20021,0.5
RL-s3-b300-a1.00,RL-s9-b300-a1.00,20022,0.5
RL-s3-b300-a1.00,RL-s9-b300-a1.00,20023,0.5
RL-s3-b300-a1.00,RL-s9-b300-a1.00,20024,0.5
RL-s3-b300-a1.00,RL-s9-b300-a1.00,20025,0.5
RL-s3-b300-a1.00,RL-s9-b300-a1.00,20026,0.5
RL-s3-b300-a1.00,RL-s9-b300-a1.00,20027,0.5
RL-s3-b300-a1.00,RL-s9-b300-a1.00,20028,0.5
RL-s3-b300-a1.00,RL-s9-b300-a1.00,20029,0.5
RL-s3-b300-a1.00,BTO-s0-b300,20000,0.0
RL-s3-b300-a1.00,BTO-s0-b300,20001,0.25
RL-s3-b300-a1.00,BTO-s0-b300,20002,1.0
RL-s3-b300-a1.00,BTO-s0-b300,20003,0.5
RL-s3-b300-a1.00,BTO-s0-b300,20004,0.5
RL-s3-b300-a1.00,BTO-s0-b300,20005,0.75
RL-s3-b300-a1.00,BTO-s0-b300,20006,0.75
RL-s3-b300-a1.00,BTO-s0-b300,20007,1.0
RL-s3-b300-a1.00,BTO-s0-b300,20008,1.0
RL-s3-b300-a1.00,BTO-s0-b300,20009,0.5
RL-s3-b300-a1.00,BTO-s0-b300,20010,0.75
RL-s3-b300-a1.00,BTO-s0-b300,20011,0.25
RL-s3-b300-a1.00,BTO-s0-b300,20012,0.5
RL-s3-b300-a1.00,BTO-s0-b300,20013,1.0
RL-s3-b300-a1.00,BTO-s0-b300,20014,0.5
RL-s3-b300-a1.00,BTO-s0-b300,20015,1.0
RL-s3-b300-a1.00,BTO-s0-b300,20016,0.75
RL-s3-b300-a1.00,BTO-s0-b300,20017,0.5
RL-s3-b300-a1.00,BTO-s0-b300,20018,0.5
RL-s3-b300-a1.00,BTO-s0-b300,20019,0.5
RL-s3-b300-a1.00,BTO-s0-b300,20020,1.0
RL-s3-b300-a1.00,BTO-s0-b300,20021,0.75
RL-s3-b300-a1.00,BTO-s0-b300,20022,0.25
RL-s3-b300-a1.00,BTO-s0-b300,20023,1.0
RL-s3-b300-a1.00,BTO-s0-b300,20024,0.75
RL-s3-b300-a1.00,BTO-s0-b300,20025,1.0
RL-s3-b300-a1.00,BTO-s0-b300,20026,0.5
RL-s3-b300-a1.00,BTO-s0-b300,20027,0.75
RL-s3-b300-a1.00,BTO-s0-b300,20028,0.5
RL-s3-b300-a1.00,BTO-s0-b300,20029,0.25
RL-s3-b300-a1.00,BTO-s1-b300,20000,1.0
RL-s3-b300-a1.00,BTO-s1-b300,20001,0.5
RL-s3-b300-a1.00,BTO-s1-b300,20002,1.0
RL-s3-b300-a1.00,BTO-s1-b300,20003,0.75
RL-s3-b300-a1.00,BTO-s1-b300,20004,0.75
RL-s3-b300-a1.00,BTO-s1-b300,20005,0.5
RL-s3-b300-a1.00,BTO-s1-b300,20006,0.5
RL-s3-b300-a1.00,BTO-s1-b300,20007,0.75
RL-s3-b300-a1.00,BTO-s1-b300,20008,0.75
RL-s3-b300-a1.00,BTO-s1-b300,20009,0.75
RL-s3-b300-a1.00,BTO-s1-b300,20010,0.25
RL-s3-b300-a1.00,BTO-s1-b300,20011,0.5
RL-s3-b300-a1.00,BTO-s1-b300,20012,0.5
RL-s3-b300-a1.00,BTO-s1-b300,20013,0.75
RL-s3-b300-a1.00,BTO-s1-b300,20014,1.0
RL-s3-b300-a1.00,BTO-s1-b300,20015,1.0
RL-s3-b300-a1.00,BTO-s1-b300,20016,0.75
RL-s3-b300-a1.00,BTO-s1-b300,20017,0.5
RL-s3-b300-a1.00,BTO-s1-b300,20018,0.25
RL-s3-b300-a1.00,BTO-s1-b300,20019,0.5
RL-s3-b300-a1.00,BTO-s1-b300,20020,0.25
RL-s3-b300-a1.00,BTO-s1-b300,20021,0.5
RL-s3-b300-a1.00,BTO-s1-b300,20022,0.75
RL-s3-b300-a1.00,BTO-s1-b300,20023,1.0
RL-s3-b300-a1.00,BTO-s1-b300,20024,0.75
RL-s3-b300-a1.00,BTO-s1-b300,20025,1.0
RL-s3-b300-a1.00,BTO-s1-b300,20026,0.75
RL-s3-b300-a1.00,BTO-s1-b300,20027,0.5
RL-s3-b300-a1.00,BTO-s1-b300,20028,0.5
RL-s3-b300-a1.00,BTO-s1-b300,20029,0.5
RL-s3-b300-a1.00,BTO-s2-b300,20000,0.5
RL-s3-b300-a1.00,BTO-s2-b300,20001,0.25
RL-s3-b300-a1.00,BTO-s2-b300,20002,1.0
RL-s3-b300-a1.00,BTO-s2-b300,20003,0.5
RL-s3-b300-a1.00,BTO-s2-b300,20004,0.75
RL-s3-b300-a1.00,BTO-s2-b300,20005,0.75
RL-s3-b300-a1.00,BTO-s2-b300,20006,0.5
RL-s3-b300-a1.00,BTO-s2-b300,20007,1.0
RL-s3-b300-a1.00,BTO-s2-b300,20008,1.0
RL-s3-b300-a1.00,BTO-s2-b300,20009,0.5
RL-s3-b300-a1.00,BTO-s2-b300,20010,0.5
RL-s3-b300-a1.00,BTO-s2-b300,20011,0.25
RL-s3-b300-a1.00,BTO-s2-b300,20012,0.5
RL-s3-b300-a1.00,BTO-s2-b300,20013,1.0
RL-s3-b300-a1.00,BTO-s2-b300,20014,1.0
RL-s3-b300-a1.00,BTO-s2-b300,20015,1.0
RL-s3-b300-a1.00,BTO-s2-b300,20016,0.25
RL-s3-b300-a1.00,BTO-s2-b300,20017,0.75
RL-s3-b300-a1.00,BTO-s2-b300,20018,0.25
RL-s3-b300-a1.00,BTO-s2-b300,20019,0.5
RL-s3-b300-a1.00,BTO-s2-b300,20020,1.0
RL-s3-b300-a1.00,BTO-s2-b300,20021,0.75
RL-s3-b300-a1.00,BTO-s2-b300,20022,0.5
RL-s3-b300-a1.00,BTO-s2-b300,20023,1.0
RL-s3-b300-a1.00,BTO-s2-b300,20024,0.75
RL-s3-b300-a1.00,BTO-s2-b300,20025,1.0
RL-s3-b300-a1.00,BTO-s2-b300,20026,0.5
RL-s3-b300-a1.00,BTO-s2-b300,20027,0.75
RL-s3-b300-a1.00,BTO-s2-b300,20028,0.5
RL-s3-b300-a1.00,BTO-s2-b300,20029,0.5
RL-s3-b300-a1.00,POOL-s0-b1000,20000,0.5
RL-s3-b300-a1.00,POOL-s0-b1000,20001,0.5
RL-s3-b300-a1.00,POOL-s0-b1000,20002,0.5
RL-s3-b300-a1.00,POOL-s0-b1000,20003,0.5
RL-s3-b300-a1.00,POOL-s0-b1000,20004,0.5
RL-s3-b300-a1.00,POOL-s0-b1000,20005,0.5
RL-s3-b300-a1.00,POOL-s0-b1000,20006,0.5
RL-s3-b300-a1.00,POOL-s0-b1000,20007,0.5
RL-s3-b300-a1.00,POOL-s0-b1000,20008,0.5
RL-s3-b300-a1.00,POOL-s0-b1000,20009,0.5
RL-s3-b300-a1.00,POOL-s0-b1000,20010,0.5
RL-s3-b300-a1.00,POOL-s0-b1000,20011,0.25
RL-s3-b300-a1.00,POOL-s0-b1000,20012,0.25
RL-s3-b300-a1.00,POOL-s0-b1000,20013,0.5
RL-s3-b300-a1.00,POOL-s0-b1000,20014,0.5
RL-s3-b300-a1.00,POOL-s0-b1000,20015,0.5
RL-s3-b300-a1.00,POOL-s0-b1000,20016,0.5
RL-s3-b300-a1.00,POOL-s0-b1000,20017,0.5
RL-s3-b300-a1.00,POOL-s0-b1000,20018,0.5
RL-s3-b300-a1.00,POOL-s0-b1000,20019,0.25
RL-s3-b300-a1.00,POOL-s0-b1000,20020,0.5
RL-s3-b300-a1.00,POOL-s0-b1000,20021,0.5
RL-s3-b300-a1.00,POOL-s0-b1000,20022,0.5
RL-s3-b300-a1.00,POOL-s0-b1000,20023,0.5
RL-s3-b300-a1.00,POOL-s0-b1000,20024,0.5
RL-s3-b300-a1.00,POOL-s0-b1000,20025,0.5
RL-s3-b300-a1.00,POOL-s0-b1000,20026,0.5
RL-s3-b300-a1.00,POOL-s0-b1000,20027,0.5
RL-s3-b300-a1.00,POOL-s0-b1000,20028,0.5
RL-s3-b300-a1.00,POOL-s0-b1000,20029,0.25
RL-s3-b300-a1.00,POOL-s1-b1000,20000,0.5
RL-s3-b300-a1.00,POOL-s1-b1000,20001,0.25
RL-s3-b300-a1.00,POOL-s1-b1000,20002,0.5
RL-s3-b300-a1.00,POOL-s1-b1000,20003,0.5
RL-s3-b300-a1.00,POOL-s1-b1000,20004,0.5
RL-s3-b300-a1.00,POOL-s1-b1000,20005,0.5
RL-s3-b300-a1.00,POOL-s1-b1000,20006,0.5
RL-s3-b300-a1.00,POOL-s1-b1000,20007,0.5
RL-s3-b300-a1.00,POOL-s1-b1000,20008,0.5
RL-s3-b300-a1.00,POOL-s1-b1000,20009,0.5
RL-s3-b300-a1.00,POOL-s1-b1000,20010,0.5
RL-s3-b300-a1.00,POOL-s1-b1000,20011,0.25
RL-s3-b300-a1.00,POOL-s1-b1000,20012,0.75
RL-s3-b300-a1.00,POOL-s1-b1000,20013,0.5
RL-s3-b300-a1.00,POOL-s1-b1000,20014,0.5
RL-s3-b300-a1.00,POOL-s1-b1000,20015,0.5
RL-s3-b300-a1.00,POOL-s1-b1000,20016,0.5
RL-s3-b300-a1.00,POOL-s1-b1000,20017,0.5
RL-s3-b300-a1.00,POOL-s1-b1000,20018,0.5
RL-s3-b300-a1.00,POOL-s1-b1000,20019,0.25
RL-s3-b300-a1.00,POOL-s1-b1000,20020,0.5
RL-s3-b300-a1.00,POOL-s1-b1000,20021,0.25
RL-s3-b300-a1.00,POOL-s1-b1000,20022,0.5
RL-s3-b300-a1.00,POOL-s1-b1000,20023,0.5
RL-s3-b300-a1.00,POOL-s1-b1000,20024,0.5
RL-s3-b300-a1.00,POOL-s1-b1000,20025,0.5
RL-s3-b300-a1.00,POOL-s1-b1000,20026,0.25
RL-s3-b300-a1.00,POOL-s1-b1000,20027,0.5
RL-s3-b300-a1.00,POOL-s1-b1000,20028,0.5
RL-s3-b300-a1.00,POOL-s1-b1000,20029,0.25
RL-s3-b300-a1.00,POOL-s2-b1000,20000,0.5
RL-s3-b300-a1.00,POOL-s2-b1000,20001,0.5
RL-s3-b300-a1.00,POOL-s2-b1000,20002,0.5
RL-s3-b300-a1.00,POOL-s2-b1000,20003,0.5
RL-s3-b300-a1.00,POOL-s2-b1000,20004,0.5
RL-s3-b300-a1.00,POOL-s2-b1000,20005,0.5
RL-s3-b300-a1.00,POOL-s2-b1000,20006,0.5
RL-s3-b300-a1.00,POOL-s2-b1000,20007,0.5
RL-s3-b300-a1.00,POOL-s2-b1000,20008,0.5
RL-s3-b300-a1.00,POOL-s2-b1000,20009,0.5
RL-s3-b300-a1.00,POOL-s2-b1000,20010,0.5
RL-s3-b300-a1.00,POOL-s2-b1000,20011,0.5
RL-s3-b300-a1.00,POOL-s2-b1000,20012,0.5
RL-s3-b300-a1.00,POOL-s2-b1000,20013,0.5
RL-s3-b300-a1.00,POOL-s2-b1000,20014,0.5
RL-s3-b300-a1.00,POOL-s2-b1000,20015,0.5
RL-s3-b300-a1.00,POOL-s2-b1000,20016,0.5
RL-s3-b300-a1.00,POOL-s2-b1000,20017,0.5
RL-s3-b300-a1.00,POOL-s2-b1000,20018,0.5
RL-s3-b300-a1.00,POOL-s2-b1000,20019,0.5
RL-s3-b300-a1.00,POOL-s2-b1000,20020,0.5
RL-s3-b300-a1.00,POOL-s2-b1000,20021,0.5
RL-s3-b300-a1.00,POOL-s2-b1000,20022,0.5
RL-s3-b300-a1.00,POOL-s2-b1000,20023,0.5
RL-s3-b300-a1.00,POOL-s2-b1000,20024,0.5
RL-s3-b300-a1.00,POOL-s2-b1000,20025,0.5
RL-s3-b300-a1.00,POOL-s2-b1000,20026,0.5
RL-s3-b300-a1.00,POOL-s2-b1000,20027,0.5
RL-s3-b300-a1.00,POOL-s2-b1000,20028,0.5
RL-s3-b300-a1.00,POOL-s2-b1000,20029,0.25
RL-s3-b300-a1.00,POOL-s3-b1000,20000,0.5
RL-s3-b300-a1.00,POOL-s3-b1000,20001,0.25
RL-s3-b300-a1.00,POOL-s3-b1000,20002,0.5
RL-s3-b300-a1.00,POOL-s3-b1000,20003,0.5
RL-s3-b300-a1.00,POOL-s3-b1000,20004,0.5
RL-s3-b300-a1.00,POOL-s3-b1000,20005,0.75
RL-s3-b300-a1.00,POOL-s3-b1000,20006,0.5
RL-s3-b300-a1.00,POOL-s3-b1000,20007,0.5
RL-s3-b300-a1.00,POOL-s3-b1000,20008,0.5
RL-s3-b300-a1.00,POOL-s3-b1000,20009,0.5
RL-s3-b300-a1.00,POOL-s3-b1000,20010,0.5
RL-s3-b300-a1.00,POOL-s3-b1000,20011,0.25
RL-s3-b300-a1.00,POOL-s3-b1000,20012,0.5
RL-s3-b300-a1.00,POOL-s3-b1000,20013,0.5
RL-s3-b300-a1.00,POOL-s3-b1000,20014,0.25
RL-s3-b300-a1.00,POOL-s3-b1000,20015,0.5
RL-s3-b300-a1.00,POOL-s3-b1000,20016,0.5
RL-s3-b300-a1.00,POOL-s3-b1000,20017,0.5
RL-s3-b300-a1.00,POOL-s3-b1000,20018,0.5
RL-s3-b300-a1.00,POOL-s3-b1000,20019,0.25
RL-s3-b300-a1.00,POOL-s3-b1000,20020,0.5
RL-s3-b300-a1.00,POOL-s3-b1000,20021,0.5
RL-s3-b300-a1.00,POOL-s3-b1000,20022,0.5
RL-s3-b300-a1.00,POOL-s3-b1000,20023,0.5
RL-s3-b300-a1.00,POOL-s3-b1000,20024,0.5
RL-s3-b300-a1.00,POOL-s3-b1000,20025,0.5
RL-s3-b300-a1.00,POOL-s3-b1000,20026,0.25
RL-s3-b300-a1.00,POOL-s3-b1000,20027,0.5
RL-s3-b300-a1.00,POOL-s3-b1000,20028,0.5
RL-s3-b300-a1.00,POOL-s3-b1000,20029,0.5
RL-s3-b300-a1.00,POOL-s4-b1000,20000,0.5
RL-s3-b300-a1.00,POOL-s4-b1000,20001,0.25
RL-s3-b300-a1.00,POOL-s4-b1000,20002,0.5
RL-s3-b300-a1.00,POOL-s4-b1000,20003,0.5
RL-s3-b300-a1.00,POOL-s4-b1000,20004,0.5
RL-s3-b300-a1.00,POOL-s4-b1000,20005,0.25
RL-s3-b300-a1.00,POOL-s4-b1000,20006,0.5
RL-s3-b300-a1.00,POOL-s4-b1000,20007,0.5
RL-s3-b300-a1.00,POOL-s4-b1000,20008,0.5
RL-s3-b300-a1.00,POOL-s4-b1000,20009,0.25
RL-s3-b300-a1.00,POOL-s4-b1000,20010,0.5
RL-s3-b300-a1.00,POOL-s4-b1000,20011,0.5
RL-s3-b300-a1.00,POOL-s4-b1000,20012,0.5
RL-s3-b300-a1.00,POOL-s4-b1000,20013,0.5
RL-s3-b300-a1.00,POOL-s4-b1000,20014,0.5
RL-s3-b300-a1.00,POOL-s4-b1000,20015,0.5
RL-s3-b300-a1.00,POOL-s4-b1000,20016,0.5
RL-s3-b300-a1.00,POOL-s4-b1000,20017,0.5
RL-s3-b300-a1.00,POOL-s4-b1000,20018,0.5
RL-s3-b300-a1.00,POOL-s4-b1000,20019,0.5
RL-s3-b300-a1.00,POOL-s4-b1000,20020,0.5
RL-s3-b300-a1.00,POOL-s4-b1000,20021,0.5
RL-s3-b300-a1.00,POOL-s4-b1000,20022,0.5
RL-s3-b300-a1.00,POOL-s4-b1000,20023,0.5
RL-s3-b300-a1.00,POOL-s4-b1000,20024,0.5
RL-s3-b300-a1.00,POOL-s4-b1000,20025,0.5
RL-s3-b300-a1.00,POOL-s4-b1000,20026,0.75
RL-s3-b300-a1.00,POOL-s4-b1000,20027,0.5
RL-s3-b300-a1.00,POOL-s4-b1000,20028,0.5
RL-s3-b300-a1.00,POOL-s4-b1000,20029,0.75
RL-s4-b300-a1.00,RL-s5-b300-a1.00,20000,0.5
RL-s4-b300-a1.00,RL-s5-b300-a1.00,20001,0.25
RL-s4-b300-a1.00,RL-s5-b300-a1.00,20002,0.75
RL-s4-b300-a1.00,RL-s5-b300-a1.00,20003,0.5
RL-s4-b300-a1.00,RL-s5-b300-a1.00,20004,0.5
RL-s4-b300-a1.00,RL-s5-b300-a1.00,20005,0.5
RL-s4-b300-a1.00,RL-s5-b300-a1.00,20006,0.5
RL-s4-b300-a1.00,RL-s5-b300-a1.00,20007,0.75
RL-s4-b300-a1.00,RL-s5-b300-a1.00,20008,0.75
RL-s4-b300-a1.00,RL-s5-b300-a1.00,20009,0.5
RL-s4-b300-a1.00,RL-s5-b300-a1.00,20010,0.5
RL-s4-b300-a1.00,RL-s5-b300-a1.00,20011,0.75
RL-s4-b300-a1.00,RL-s5-b300-a1.00,20012,0.5
RL-s4-b300-a1.00,RL-s5-b300-a1.00,20013,0.75
RL-s4-b300-a1.00,RL-s5-b300-a1.00,20014,0.75
RL-s4-b300-a1.00,RL-s5-b300-a1.00,20015,0.5
RL-s4-b300-a1.00,RL-s5-b300-a1.00,20016,0.5
RL-s4-b300-a1.00,RL-s5-b300-a1.00,20017,0.5
RL-s4-b300-a1.00,RL-s5-b300-a1.00,20018,0.5
RL-s4-b300-a1.00,RL-s5-b300-a1.00,20019,0.75
RL-s4-b300-a1.00,RL-s5-b300-a1.00,20020,0.5
RL-s4-b300-a1.00,RL-s5-b300-a1.00,20021,0.25
RL-s4-b300-a1.00,RL-s5-b300-a1.00,20022,0.5
RL-s4-b300-a1.00,RL-s5-b300-a1.00,20023,0.5
RL-s4-b300-a1.00,RL-s5-b300-a1.00,20024,0.5
RL-s4-b300-a1.00,RL-s5-b300-a1.00,20025,0.75
RL-s4-b300-a1.00,RL-s5-b300-a1.00,20026,0.75
RL-s4-b300-a1.00,RL-s5-b300-a1.00,20027,0.5
RL-s4-b300-a1.00,RL-s5-b300-a1.00,20028,0.5
RL-s4-b300-a1.00,RL-s5-b300-a1.00,20029,0.75
RL-s4-b300-a1.00,RL-s6-b300-a1.00,20000,0.5
RL-s4-b300-a1.00,RL-s6-b300-a1.00,20001,0.5
RL-s4-b300-a1.00,RL-s6-b300-a1.00,20002,0.5
RL-s4-b300-a1.00,RL-s6-b300-a1.00,20003,0.5
RL-s4-b300-a1.00,RL-s6-b300-a1.00,20004,0.5
RL-s4-b300-a1.00,RL-s6-b300-a1.00,20005,0.5
RL-s4-b300-a1.00,RL-s6-b300-a1.00,20006,0.5
RL-s4-b300-a1.00,RL-s6-b300-a1.00,20007,0.5
RL-s4-b300-a1.00,RL-s6-b300-a1.00,20008,0.5
RL-s4-b300-a1.00,RL-s6-b300-a1.00,20009,0.5
RL-s4-b300-a1.00,RL-s6-b300-a1.00,20010,0.5
RL-s4-b300-a1.00,RL-s6-b300-a1.00,20011,0.5
RL-s4-b300-a1.00,RL-s6-b300-a1.00,20012,0.5
RL-s4-b300-a1.00,RL-s6-b300-a1.00,20013,0.5
RL-s4-b300-a1.00,RL-s6-b300-a1.00,20014,0.5
RL-s4-b300-a1.00,RL-s6-b300-a1.00,20015,0.5
RL-s4-b300-a1.00,RL-s6-b300-a1.00,20016,0.5
RL-s4-b300-a1.00,RL-s6-b300-a1.00,20017,0.5
RL-s4-b300-a1.00,RL-s6-b300-a1.00,20018,0.5
RL-s4-b300-a1.00,RL-s6-b300-a1.00,20019,0.75
RL-s4-b300-a1.00,RL-s6-b300-a1.00,20020,0.5
RL-s4-b300-a1.00,RL-s6-b300-a1.00,20021,0.25
RL-s4-b300-a1.00,RL-s6-b300-a1.00,20022,0.75
RL-s4-b300-a1.00,RL-s6-b300-a1.00,20023,0.5
RL-s4-b300-a1.00,RL-s6-b300-a1.00,20024,0.5
RL-s4-b300-a1.00,RL-s6-b300-a1.00,20025,0.5
RL-s4-b300-a1.00,RL-s6-b300-a1.00,20026,0.75
RL-s4-b300-a1.00,RL-s6-b300-a1.00,20027,0.5
RL-s4-b300-a1.00,RL-s6-b300-a1.00,20028,0.5
RL-s4-b300-a1.00,RL-s6-b300-a1.00,20029,0.75
RL-s4-b300-a1.00,RL-s7-b300-a1.00,20000,0.75
RL-s4-b300-a1.00,RL-s7-b300-a1.00,20001,0.5
RL-s4-b300-a1.00,RL-s7-b300-a1.00,20002,0.5
RL-s4-b300-a1.00,RL-s7-b300-a1.00,20003,0.25
RL-s4-b300-a1.00,RL-s7-b300-a1.00,20004,0.5
RL-s4-b300-a1.00,RL-s7-b300-a1.00,20005,0.5
RL-s4-b300-a1.00,RL-s7-b300-a1.00,20006,0.5
RL-s4-b300-a1.00,RL-s7-b300-a1.00,20007,1.0
RL-s4-b300-a1.00,RL-s7-b300-a1.00,20008,0.75
RL-s4-b300-a1.00,RL-s7-b300-a1.00,20009,0.75
RL-s4-b300-a1.00,RL-s7-b300-a1.00,20010,0.5
RL-s4-b300-a1.00,RL-s7-b300-a1.00,20011,0.75
RL-s4-b300-a1.00,RL-s7-b300-a1.00,20012,0.5
RL-s4-b300-a1.00,RL-s7-b300-a1.00,20013,0.75
RL-s4-b300-a1.00,RL-s7-b300-a1.00,20014,0.75
RL-s4-b300-a1.00,RL-s7-b300-a1.00,20015,0.5
RL-s4-b300-a1.00,RL-s7-b300-a1.00,20016,0.5
RL-s4-b300-a1.00,RL-s7-b300-a1.00,20017,0.5
RL-s4-b300-a1.00,RL-s7-b300-a1.00,20018,0.5
RL-s4-b300-a1.00,RL-s7-b300-a1.00,20019,0.5
RL-s4-b300-a1.00,RL-s7-b300-a1.00,20020,0.5
RL-s4-b300-a1.00,RL-s7-b300-a1.00,20021,0.5
RL-s4-b300-a1.00,RL-s7-b300-a1.00,20022,0.5
RL-s4-b300-a1.00,RL-s7-b300-a1.00,20023,0.75
RL-s4-b300-a1.00,RL-s7-b300-a1.00,20024,0.25
RL-s4-b300-a1.00,RL-s7-b300-a1.00,20025,0.5
RL-s4-b300-a1.00,RL-s7-b300-a1.00,20026,0.5
RL-s4-b300-a1.00,RL-s7-b300-a1.00,20027,0.5
RL-s4-b300-a1.00,RL-s7-b300-a1.00,20028,0.5
RL-s4-b300-a1.00,RL-s7-b300-a1.00,20029,0.5
RL-s4-b300-a1.00,RL-s8-b300-a1.00,20000,0.5
RL-s4-b300-a1.00,RL-s8-b300-a1.00,20001,0.5
RL-s4-b300-a1.00,RL-s8-b300-a1.00,20002,0.5
RL-s4-b300-a1.00,RL-s8-b300-a1.00,20003,0.75
RL-s4-b300-a1.00,RL-s8-b300-a1.00,20004,0.75
RL-s4-b300-a1.00,RL-s8-b300-a1.00,20005,0.25
RL-s4-b300-a1.00,RL-s8-b300-a1.00,20006,0.25
RL-s4-b300-a1.00,RL-s8-b300-a1.00,20007,0.5
RL-s4-b300-a1.00,RL-s8-b300-a1.00,20008,0.5
RL-s4-b300-a1.00,RL-s8-b300-a1.00,20009,0.25
RL-s4-b300-a1.00,RL-s8-b300-a1.00,20010,0.25
RL-s4-b300-a1.00,RL-s8-b300-a1.00,20011,0.5
RL-s4-b300-a1.00,RL-s8-b300-a1.00,20012,0.5
RL-s4-b300-a1.00,RL-s8-b300-a1.00,20013,0.75
RL-s4-b300-a1.00,RL-s8-b300-a1.00,20014,0.75
RL-s4-b300-a1.00,RL-s8-b300-a1.00,20015,0.5
RL-s4-b300-a1.00,RL-s8-b300-a1.00,20016,0.5
RL-s4-b300-a1.00,RL-s8-b300-a1.00,20017,0.25
RL-s4-b300-a1.00,RL-s8-b300-a1.00,20018,0.5
RL-s4-b300-a1.00,RL-s8-b300-a1.00,20019,0.5
RL-s4-b300-a1.00,RL-s8-b300-a1.00,20020,0.75
RL-s4-b300-a1.00,RL-s8-b300-a1.00,20021,0.75
RL-s4-b300-a1.00,RL-s8-b300-a1.00,20022,0.75
RL-s4-b300-a1.00,RL-s8-b300-a1.00,20023,0.5
RL-s4-b300-a1.00,RL-s8-b300-a1.00,20024,0.5
RL-s4-b300-a1.00,RL-s8-b300-a1.00,20025,0.25
RL-s4-b300-a1.00,RL-s8-b300-a1.00,20026,0.75
RL-s4-b300-a1.00,RL-s8-b300-a1.00,20027,0.75
RL-s4-b300-a1.00,RL-s8-b300-a1.00,20028,0.75
RL-s4-b300-a1.00,RL-s8-b300-a1.00,20029,0.5
RL-s4-b300-a1.00,RL-s9-b300-a1.00,20000,0.5
RL-s4-b300-a1.00,RL-s9-b300-a1.00,20001,0.5
RL-s4-b300-a1.00,RL-s9-b300-a1.00,20002,0.5
RL-s4-b300-a1.00,RL-s9-b300-a1.00,20003,0.5
RL-s4-b300-a1.00,RL-s9-b300-a1.00,20004,0.5
RL-s4-b300-a1.00,RL-s9-b300-a1.00,20005,0.5
RL-s4-b300-a1.00,RL-s9-b300-a1.00,20006,0.5
RL-s4-b300-a1.00,RL-s9-b300-a1.00,20007,1.0
RL-s4-b300-a1.00,RL-s9-b300-a1.00,20008,0.75
RL-s4-b300-a1.00,RL-s9-b300-a1.00,20009,0.5
RL-s4-b300-a1.00,RL-s9-b300-a1.00,20010,0.5
RL-s4-b300-a1.00,RL-s9-b300-a1.00,20011,0.75
RL-s4-b300-a1.00,RL-s9-b300-a1.00,20012,0.5
RL-s4-b300-a1.00,RL-s9-b300-a1.00,20013,0.5
RL-s4-b300-a1.00,RL-s9-b300-a1.00,20014,0.75
RL-s4-b300-a1.00,RL-s9-b300-a1.00,20015,0.5
RL-s4-b300-a1.00,RL-s9-b300-a1.00,20016,0.75
RL-s4-b300-a1.00,RL-s9-b300-a1.00,20017,0.5
RL-s4-b300-a1.00,RL-s9-b300-a1.00,20018,0.5
RL-s4-b300-a1.00,RL-s9-b300-a1.00,20019,0.5
RL-s4-b300-a1.00,RL-s9-b300-a1.00,20020,0.5
RL-s4-b300-a1.00,RL-s9-b300-a1.00,20021,0.25
RL-s4-b300-a1.00,RL-s9-b300-a1.00,20022,0.5
RL-s4-b300-a1.00,RL-s9-b300-a1.00,20023,0.5
RL-s4-b300-a1.00,RL-s9-b300-a1.00,20024,0.75
RL-s4-b300-a1.00,RL-s9-b300-a1.00,20025,0.5
RL-s4-b300-a1.00,RL-s9-b300-a1.00,20026,0.5
RL-s4-b300-a1.00,RL-s9-b300-a1.00,20027,0.5
RL-s4-b300-a1.00,RL-s9-b300-a1.00,20028,0.5
RL-s4-b300-a1.00,RL-s9-b300-a1.00,20029,0.5
RL-s4-b300-a1.00,BTO-s0-b300,20000,1.0
RL-s4-b300-a1.00,BTO-s0-b300,20001,0.5
RL-s4-b300-a1.00,BTO-s0-b300,20002,1.0
RL-s4-b300-a1.00,BTO-s0-b300,20003,0.25
RL-s4-b300-a1.00,BTO-s0-b300,20004,1.0
RL-s4-b300-a1.00,BTO-s0-b300,20005,0.75
RL-s4-b300-a1.00,BTO-s0-b300,20006,0.25
RL-s4-b300-a1.00,BTO-s0-b300,20007,1.0
RL-s4-b300-a1.00,BTO-s0-b300,20008,1.0
RL-s4-b300-a1.00,BTO-s0-b300,20009,1.0
RL-s4-b300-a1.00,BTO-s0-b300,20010,0.5
RL-s4-b300-a1.00,BTO-s0-b300,20011,0.5
RL-s4-b300-a1.00,BTO-s0-b300,20012,0.25
RL-s4-b300-a1.00,BTO-s0-b300,20013,0.75
RL-s4-b300-a1.00,BTO-s0-b300,20014,1.0
RL-s4-b300-a1.00,BTO-s0-b300,20015,0.75
RL-s4-b300-a1.00,BTO-s0-b300,20016,0.5
RL-s4-b300-a1.00,BTO-s0-b300,20017,0.75
RL-s4-b300-a1.00,BTO-s0-b300,20018,0.25
RL-s4-b300-a1.00,BTO-s0-b300,20019,0.5
RL-s4-b300-a1.00,BTO-s0-b300,20020,0.5
RL-s4-b300-a1.00,BTO-s0-b300,20021,0.25
RL-s4-b300-a1.00,BTO-s0-b300,20022,0.75
RL-s4-b300-a1.00,BTO-s0-b300,20023,0.75
RL-s4-b300-a1.00,BTO-s0-b300,20024,0.75
RL-s4-b300-a1.00,BTO-s0-b300,20025,1.0
RL-s4-b300-a1.00,BTO-s0-b300,20026,0.75
RL-s4-b300-a1.00,BTO-s0-b300,20027,0.25
RL-s4-b300-a1.00,BTO-s0-b300,20028,0.75
RL-s4-b300-a1.00,BTO-s0-b300,20029,0.25
RL-s4-b300-a1.00,BTO-s1-b300,20000,1.0
RL-s4-b300-a1.00,BTO-s1-b300,20001,0.5
RL-s4-b300-a1.00,BTO-s1-b300,20002,1.0
RL-s4-b300-a1.00,BTO-s1-b300,20003,0.75
RL-s4-b300-a1.00,BTO-s1-b300,20004,0.25
RL-s4-b300-a1.00,BTO-s1-b300,20005,0.75
RL-s4-b300-a1.00,BTO-s1-b300,20006,0.5
RL-s4-b300-a1.00,BTO-s1-b300,20007,1.0
RL-s4-b300-a1.00,BTO-s1-b300,20008,0.75
RL-s4-b300-a1.00,BTO-s1-b300,20009,0.5
RL-s4-b300-a1.00,BTO-s1-b300,20010,0.25
RL-s4-b300-a1.00,BTO-s1-b300,20011,0.5
RL-s4-b300-a1.00,BTO-s1-b300,20012,0.5
RL-s4-b300-a1.00,BTO-s1-b300,20013,0.75
RL-s4-b300-a1.00,BTO-s1-b300,20014,1.0
RL-s4-b300-a1.00,BTO-s1-b300,20015,0.75
RL-s4-b300-a1.00,BTO-s1-b300,20016,0.75
RL-s4-b300-a1.00,BTO-s1-b300,20017,0.5
RL-s4-b300-a1.00,BTO-s1-b300,20018,0.25
RL-s4-b300-a1.00,BTO-s1-b300,20019,0.5
RL-s4-b300-a1.00,BTO-s1-b300,20020,1.0
RL-s4-b300-a1.00,BTO-s1-b300,20021,0.5
RL-s4-b300-a1.00,BTO-s1-b300,20022,0.75
RL-s4-b300-a1.00,BTO-s1-b300,20023,0.75
RL-s4-b300-a1.00,BTO-s1-b300,20024,0.5
RL-s4-b300-a1.00,BTO-s1-b300,20025,1.0
RL-s4-b300-a1.00,BTO-s1-b300,20026,0.5
RL-s4-b300-a1.00,BTO-s1-b300,20027,0.5
RL-s4-b300-a1.00,BTO-s1-b300,20028,0.75
RL-s4-b300-a1.00,BTO-s1-b300,20029,0.5
RL-s4-b300-a1.00,BTO-s2-b300,20000,1.0
RL-s4-b300-a1.00,BTO-s2-b300,20001,0.5
RL-s4-b300-a1.00,BTO-s2-b300,20002,1.0
RL-s4-b300-a1.00,BTO-s2-b300,20003,0.5
RL-s4-b300-a1.00,BTO-s2-b300,20004,0.5
RL-s4-b300-a1.00,BTO-s2-b300,20005,0.75
RL-s4-b300-a1.00,BTO-s2-b300,20006,0.75
RL-s4-b300-a1.00,BTO-s2-b300,20007,0.75
RL-s4-b300-a1.00,BTO-s2-b300,20008,1.0
RL-s4-b300-a1.00,BTO-s2-b300,20009,1.0
RL-s4-b300-a1.00,BTO-s2-b300,20010,0.5
RL-s4-b300-a1.00,BTO-s2-b300,20011,0.5
RL-s4-b300-a1.00,BTO-s2-b300,20012,0.5
RL-s4-b300-a1.00,BTO-s2-b300,20013,0.75
RL-s4-b300-a1.00,BTO-s2-b300,20014,1.0
RL-s4-b300-a1.00,BTO-s2-b300,20015,0.5
RL-s4-b300-a1.00,BTO-s2-b300,20016,0.25
RL-s4-b300-a1.00,BTO-s2-b300,20017,0.75
RL-s4-b300-a1.00,BTO-s2-b300,20018,0.25
RL-s4-b300-a1.00,BTO-s2-b300,20019,0.5
RL-s4-b300-a1.00,BTO-s2-b300,20020,0.5
RL-s4-b300-a1.00,BTO-s2-b300,20021,0.5
RL-s4-b300-a1.00,BTO-s2-b300,20022,0.5
RL-s4-b300-a1.00,BTO-s2-b300,20023,0.75
RL-s4-b300-a1.00,BTO-s2-b300,20024,0.75
RL-s4-b300-a1.00,BTO-s2-b300,20025,0.75
RL-s4-b300-a1.00,BTO-s2-b300,20026,0.75
RL-s4-b300-a1.00,BTO-s2-b300,20027,0.5
RL-s4-b300-a1.00,BTO-s2-b300,20028,0.5
RL-s4-b300-a1.00,BTO-s2-b300,20029,0.5
RL-s4-b300-a1.00,POOL-s0-b1000,20000,0.5
RL-s4-b300-a1.00,POOL-s0-b1000,20001,0.5
RL-s4-b300-a1.00,POOL-s0-b1000,20002,0.25
RL-s4-b300-a1.00,POOL-s0-b1000,20003,0.5
RL-s4-b300-a1.00,POOL-s0-b1000,20004,0.5
RL-s4-b300-a1.00,POOL-s0-b1000,20005,0.75
RL-s4-b300-a1.00,POOL-s0-b1000,20006,0.75
RL-s4-b300-a1.00,POOL-s0-b1000,20007,0.5
RL-s4-b300-a1.00,POOL-s0-b1000,20008,0.25
RL-s4-b300-a1.00,POOL-s0-b1000,20009,0.75
RL-s4-b300-a1.00,POOL-s0-b1000,20010,0.5
RL-s4-b300-a1.00,POOL-s0-b1000,20011,0.5
RL-s4-b300-a1.00,POOL-s0-b1000,20012,0.75
RL-s4-b300-a1.00,POOL-s0-b1000,20013,0.5
RL-s4-b300-a1.00,POOL-s0-b1000,20014,0.5
RL-s4-b300-a1.00,POOL-s0-b1000,20015,0.5
RL-s4-b300-a1.00,POOL-s0-b1000,20016,0.5
RL-s4-b300-a1.00,POOL-s0-b1000,20017,0.5
RL-s4-b300-a1.00,POOL-s0-b1000,20018,0.5
RL-s4-b300-a1.00,POOL-s0-b1000,20019,0.5
RL-s4-b300-a1.00,POOL-s0-b1000,20020,0.5
RL-s4-b300-a1.00,POOL-s0-b1000,20021,0.5
RL-s4-b300-a1.00,POOL-s0-b1000,20022,0.5
RL-s4-b300-a1.00,POOL-s0-b1000,20023,0.5
RL-s4-b300-a1.00,POOL-s0-b1000,20024,0.5
RL-s4-b300-a1.00,POOL-s0-b1000,20025,0.5
RL-s4-b300-a1.00,POOL-s0-b1000,20026,0.5
RL-s4-b300-a1.00,POOL-s0-b1000,20027,0.5
RL-s4-b300-a1.00,POOL-s0-b1000,20028,0.5
RL-s4-b300-a1.00,POOL-s0-b1000,20029,0.5
RL-s4-b300-a1.00,POOL-s1-b1000,20000,0.5
RL-s4-b300-a1.00,POOL-s1-b1000,20001,0.5
RL-s4-b300-a1.00,POOL-s1-b1000,20002,0.5
RL-s4-b300-a1.00,POOL-s1-b1000,20003,0.5
RL-s4-b300-a1.00,POOL-s1-b1000,20004,0.5
RL-s4-b300-a1.00,POOL-s1-b1000,20005,0.5
RL-s4-b300-a1.00,POOL-s1-b1000,20006,0.5
RL-s4-b300-a1.00,POOL-s1-b1000,20007,0.75
RL-s4-b300-a1.00,POOL-s1-b1000,20008,0.5
RL-s4-b300-a1.00,POOL-s1-b1000,20009,0.5
RL-s4-b300-a1.00,POOL-s1-b1000,20010,0.5
RL-s4-b300-a1.00,POOL-s1-b1000,20011,0.25
RL-s4-b300-a1.00,POOL-s1-b1000,20012,0.5
RL-s4-b300-a1.00,POOL-s1-b1000,20013,0.5
RL-s4-b300-a1.00,POOL-s1-b1000,20014,0.5
RL-s4-b300-a1.00,POOL-s1-b1000,20015,0.5
RL-s4-b300-a1.00,POOL-s1-b1000,20016,0.5
RL-s4-b300-a1.00,POOL-s1-b1000,20017,0.25
RL-s4-b300-a1.00,POOL-s1-b1000,20018,0.5
RL-s4-b300-a1.00,POOL-s1-b1000,20019,0.25
RL-s4-b300-a1.00,POOL-s1-b1000,20020,0.5
RL-s4-b300-a1.00,POOL-s1-b1000,20021,0.5
RL-s4-b300-a1.00,POOL-s1-b1000,20022,0.5
RL-s4-b300-a1.00,POOL-s1-b1000,20023,0.5
RL-s4-b300-a1.00,POOL-s1-b1000,20024,0.5
RL-s4-b300-a1.00,POOL-s1-b1000,20025,0.5
RL-s4-b300-a1.00,POOL-s1-b1000,20026,0.5
RL-s4-b300-a1.00,POOL-s1-b1000,20027,0.5
RL-s4-b300-a1.00,POOL-s1-b1000,20028,0.5
RL-s4-b300-a1.00,POOL-s1-b1000,20029,0.25
RL-s4-b300-a1.00,POOL-s2-b1000,20000,0.5
RL-s4-b300-a1.00,POOL-s2-b1000,20001,0.5
RL-s4-b300-a1.00,POOL-s2-b1000,20002,0.25
RL-s4-b300-a1.00,POOL-s2-b1000,20003,0.5
RL-s4-b300-a1.00,POOL-s2-b1000,20004,0.5
RL-s4-b300-a1.00,POOL-s2-b1000,20005,0.75
RL-s4-b300-a1.00,POOL-s2-b1000,20006,0.5
RL-s4-b300-a1.00,POOL-s2-b1000,20007,0.5
RL-s4-b300-a1.00,POOL-s2-b1000,20008,0.5
RL-s4-b300-a1.00,POOL-s2-b1000,20009,0.5
RL-s4-b300-a1.00,POOL-s2-b1000,20010,0.5
RL-s4-b300-a1.00,POOL-s2-b1000,20011,0.5
RL-s4-b300-a1.00,POOL-s2-b1000,20012,0.5
RL-s4-b300-a1.00,POOL-s2-b1000,20013,0.5
RL-s4-b300-a1.00,POOL-s2-b1000,20014,0.5
RL-s4-b300-a1.00,POOL-s2-b1000,20015,0.5
RL-s4-b300-a1.00,POOL-s2-b1000,20016,0.5
RL-s4-b300-a1.00,POOL-s2-b1000,20017,0.5
RL-s4-b300-a1.00,POOL-s2-b1000,20018,0.5
RL-s4-b300-a1.00,POOL-s2-b1000,20019,0.5
RL-s4-b300-a1.00,POOL-s2-b1000,20020,0.5
RL-s4-b300-a1.00,POOL-s2-b1000,20021,0.5
RL-s4-b300-a1.00,POOL-s2-b1000,20022,0.5
RL-s4-b300-a1.00,POOL-s2-b1000,20023,0.5
RL-s4-b300-a1.00,POOL-s2-b1000,20024,0.5
RL-s4-b300-a1.00,POOL-s2-b1000,20025,0.5
RL-s4-b300-a1.00,POOL-s2-b1000,20026,0.25
RL-s4-b300-a1.00,POOL-s2-b1000,20027,0.5
RL-s4-b300-a1.00,POOL-s2-b1000,20028,0.5
RL-s4-b300-a1.00,POOL-s2-b1000,20029,0.5
RL-s4-b300-a1.00,POOL-s3-b1000,20000,0.5
RL-s4-b300-a1.00,POOL-s3-b1000,20001,0.5
RL-s4-b300-a1.00,POOL-s3-b1000,20002,0.5
RL-s4-b300-a1.00,POOL-s3-b1000,20003,0.5
RL-s4-b300-a1.00,POOL-s3-b1000,20004,0.5
RL-s4-b300-a1.00,POOL-s3-b1000,20005,0.75
RL-s4-b300-a1.00,POOL-s3-b1000,20006,0.5
RL-s4-b300-a1.00,POOL-s3-b1000,20007,0.5
RL-s4-b300-a1.00,POOL-s3-b1000,20008,0.5
RL-s4-b300-a1.00,POOL-s3-b1000,20009,0.5
RL-s4-b300-a1.00,POOL-s3-b1000,20010,0.5
RL-s4-b300-a1.00,POOL-s3-b1000,20011,0.5
RL-s4-b300-a1.00,POOL-s3-b1000,20012,0.5
RL-s4-b300-a1.00,POOL-s3-b1000,20013,0.5
RL-s4-b300-a1.00,POOL-s3-b1000,20014,0.5
RL-s4-b300-a1.00,POOL-s3-b1000,20015,0.5
RL-s4-b300-a1.00,POOL-s3-b1000,20016,0.5
RL-s4-b300-a1.00,POOL-s3-b1000,20017,0.5
RL-s4-b300-a1.00,POOL-s3-b1000,20018,0.5
RL-s4-b300-a1.00,POOL-s3-b1000,20019,0.5
RL-s4-b300-a1.00,POOL-s3-b1000,20020,0.5
RL-s4-b300-a1.00,POOL-s3-b1000,20021,0.5
RL-s4-b300-a1.00,POOL-s3-b1000,20022,0.5
RL-s4-b300-a1.00,POOL-s3-b1000,20023,0.5
RL-s4-b300-a1.00,POOL-s3-b1000,20024,0.75
RL-s4-b300-a1.00,POOL-s3-b1000,20025,0.5
RL-s4-b300-a1.00,POOL-s3-b1000,20026,0.25
RL-s4-b300-a1.00,POOL-s3-b1000,20027,0.5
RL-s4-b300-a1.00,POOL-s3-b1000,20028,0.5
RL-s4-b300-a1.00,POOL-s3-b1000,20029,0.5
RL-s4-b300-a1.00,POOL-s4-b1000,20000,0.5
RL-s4-b300-a1.00,POOL-s4-b1000,20001,0.5
RL-s4-b300-a1.00,POOL-s4-b1000,20002,0.5
RL-s4-b300-a1.00,POOL-s4-b1000,20003,0.5
RL-s4-b300-a1.00,POOL-s4-b1000,20004,0.5
RL-s4-b300-a1.00,POOL-s4-b1000,20005,0.75
RL-s4-b300-a1.00,POOL-s4-b1000,20006,0.5
RL-s4-b300-a1.00,POOL-s4-b1000,20007,0.5
RL-s4-b300-a1.00,POOL-s4-b1000,20008,0.5
RL-s4-b300-a1.00,POOL-s4-b1000,20009,0.25
RL-s4-b300-a1.00,POOL-s4-b1000,20010,0.5
RL-s4-b300-a1.00,POOL-s4-b1000,20011,0.5
RL-s4-b300-a1.00,POOL-s4-b1000,20012,0.5
RL-s4-b300-a1.00,POOL-s4-b1000,20013,0.5
RL-s4-b300-a1.00,POOL-s4-b1000,20014,0.5
RL-s4-b300-a1.00,POOL-s4-b1000,20015,0.5
RL-s4-b300-a1.00,POOL-s4-b1000,20016,0.5
RL-s4-b300-a1.00,POOL-s4-b1000,20017,0.25
RL-s4-b300-a1.00,POOL-s4-b1000,20018,0.5
RL-s4-b300-a1.00,POOL-s4-b1000,20019,0.5
RL-s4-b300-a1.00,POOL-s4-b1000,20020,0.5
RL-s4-b300-a1.00,POOL-s4-b1000,20021,0.25
RL-s4-b300-a1.00,POOL-s4-b1000,20022,0.5
RL-s4-b300-a1.00,POOL-s4-b1000,20023,0.5
RL-s4-b300-a1.00,POOL-s4-b1000,20024,0.5
RL-s4-b300-a1.00,POOL-s4-b1000,20025,0.5
RL-s4-b300-a1.00,POOL-s4-b1000,20026,0.25
RL-s4-b300-a1.00,POOL-s4-b1000,20027,0.5
RL-s4-b300-a1.00,POOL-s4-b1000,20028,0.5
RL-s4-b300-a1.00,POOL-s4-b1000,20029,0.5
RL-s5-b300-a1.00,RL-s6-b300-a1.00,20000,0.5
RL-s5-b300-a1.00,RL-s6-b300-a1.00,20001,0.5
RL-s5-b300-a1.00,RL-s6-b300-a1.00,20002,0.25
RL-s5-b300-a1.00,RL-s6-b300-a1.00,20003,0.25
RL-s5-b300-a1.00,RL-s6-b300-a1.00,20004,0.25
RL-s5-b300-a1.00,RL-s6-b300-a1.00,20005,0.75
RL-s5-b300-a1.00,RL-s6-b300-a1.00,20006,0.5
RL-s5-b300-a1.00,RL-s6-b300-a1.00,20007,0.0
RL-s5-b300-a1.00,RL-s6-b300-a1.00,20008,0.25
RL-s5-b300-a1.00,RL-s6-b300-a1.00,20009,0.5
RL-s5-b300-a1.00,RL-s6-b300-a1.00,20010,0.25
RL-s5-b300-a1.00,RL-s6-b300-a1.00,20011,0.5
RL-s5-b300-a1.00,RL-s6-b300-a1.00,20012,0.5
RL-s5-b300-a1.00,RL-s6-b300-a1.00,20013,0.5
RL-s5-b300-a1.00,RL-s6-b300-a1.00,20014,0.5
RL-s5-b300-a1.00,RL-s6-b300-a1.00,20015,0.5
RL-s5-b300-a1.00,RL-s6-b300-a1.00,20016,0.5
RL-s5-b300-a1.00,RL-s6-b300-a1.00,20017,0.5
RL-s5-b300-a1.00,RL-s6-b300-a1.00,20018,0.5
RL-s5-b300-a1.00,RL-s6-b300-a1.00,20019,0.25
RL-s5-b300-a1.00,RL-s6-b300-a1.00,20020,0.5
RL-s5-b300-a1.00,RL-s6-b300-a1.00,20021,0.5
RL-s5-b300-a1.00,RL-s6-b300-a1.00,20022,0.5
RL-s5-b300-a1.00,RL-s6-b300-a1.00,20023,0.5
RL-s5-b300-a1.00,RL-s6-b300-a1.00,20024,0.5
RL-s5-b300-a1.00,RL-s6-b300-a1.00,20025,0.5
RL-s5-b300-a1.00,RL-s6-b300-a1.00,20026,0.25
RL-s5-b300-a1.00,RL-s6-b300-a1.00,20027,0.25
RL-s5-b300-a1.00,RL-s6-b300-a1.00,20028,0.5
RL-s5-b300-a1.00,RL-s6-b300-a1.00,20029,0.5
RL-s5-b300-a1.00,RL-s7-b300-a1.00,20000,0.25
RL-s5-b300-a1.00,RL-s7-b300-a1.00,20001,0.5
RL-s5-b300-a1.00,RL-s7-b300-a1.00,20002,0.25
RL-s5-b300-a1.00,RL-s7-b300-a1.00,20003,0.75
RL-s5-b300-a1.00,RL-s7-b300-a1.00,20004,0.5
RL-s5-b300-a1.00,RL-s7-b300-a1.00,20005,0.5
RL-s5-b300-a1.00,RL-s7-b300-a1.00,20006,0.5
RL-s5-b300-a1.00,RL-s7-b300-a1.00,20007,0.5
RL-s5-b300-a1.00,RL-s7-b300-a1.00,20008,0.5
RL-s5-b300-a1.00,RL-s7-b300-a1.00,20009,0.5
RL-s5-b300-a1.00,RL-s7-b300-a1.00,20010,0.5
RL-s5-b300-a1.00,RL-s7-b300-a1.00,20011,0.5
RL-s5-b300-a1.00,RL-s7-b300-a1.00,20012,0.5
RL-s5-b300-a1.00,RL-s7-b300-a1.00,20013,0.25
RL-s5-b300-a1.00,RL-s7-b300-a1.00,20014,0.25
RL-s5-b300-a1.00,RL-s7-b300-a1.00,20015,0.5
RL-s5-b300-a1.00,RL-s7-b300-a1.00,20016,0.5
RL-s5-b300-a1.00,RL-s7-b300-a1.00,20017,0.5
RL-s5-b300-a1.00,RL-s7-b300-a1.00,20018,0.5
RL-s5-b300-a1.00,RL-s7-b300-a1.00,20019,0.25
RL-s5-b300-a1.00,RL-s7-b300-a1.00,20020,0.5
RL-s5-b300-a1.00,RL-s7-b300-a1.00,20021,0.75
RL-s5-b300-a1.00,RL-s7-b300-a1.00,20022,0.5
RL-s5-b300-a1.00,RL-s7-b300-a1.00,20023,0.5
RL-s5-b300-a1.00,RL-s7-b300-a1.00,20024,0.5
RL-s5-b300-a1.00,RL-s7-b300-a1.00,20025,0.5
RL-s5-b300-a1.00,RL-s7-b300-a1.00,20026,0.5
RL-s5-b300-a1.00,RL-s7-b300-a1.00,20027,0.5
RL-s5-b300-a1.00,RL-s7-b300-a1.00,20028,0.5
RL-s5-b300-a1.00,RL-s7-b300-a1.00,20029,0.75
RL-s5-b300-a1.00,RL-s8-b300-a1.00,20000,0.0
RL-s5-b300-a1.00,RL-s8-b300-a1.00,20001,0.5
RL-s5-b300-a1.00,RL-s8-b300-a1.00,20002,0.75
RL-s5-b300-a1.00,RL-s8-b300-a1.00,20003,0.5
RL-s5-b300-a1.00,RL-s8-b300-a1.00,20004,0.5
RL-s5-b300-a1.00,RL-s8-b300-a1.00,20005,0.25
RL-s5-b300-a1.00,RL-s8-b300-a1.00,20006,0.5
RL-s5-b300-a1.00,RL-s8-b300-a1.00,20007,0.75
RL-s5-b300-a1.00,RL-s8-b300-a1.00,20008,0.5
RL-s5-b300-a1.00,RL-s8-b300-a1.00,20009,0.5
RL-s5-b300-a1.00,RL-s8-b300-a1.00,20010,0.25
RL-s5-b300-a1.00,RL-s8-b300-a1.00,20011,0.5
RL-s5-b300-a1.00,RL-s8-b300-a1.00,20012,0.5
RL-s5-b300-a1.00,RL-s8-b300-a1.00,20013,0.5
RL-s5-b300-a1.00,RL-s8-b300-a1.00,20014,0.5
RL-s5-b300-a1.00,RL-s8-b300-a1.00,20015,0.5
RL-s5-b300-a1.00,RL-s8-b300-a1.00,20016,0.5
RL-s5-b300-a1.00,RL-s8-b300-a1.00,20017,0.5
RL-s5-b300-a1.00,RL-s8-b300-a1.00,20018,0.5
RL-s5-b300-a1.00,RL-s8-b300-a1.00,20019,0.5
RL-s5-b300-a1.00,RL-s8-b300-a1.00,20020,0.75
RL-s5-b300-a1.00,RL-s8-b300-a1.00,20021,0.75
RL-s5-b300-a1.00,RL-s8-b300-a1.00,20022,0.5
RL-s5-b300-a1.00,RL-s8-b300-a1.00,20023,0.5
RL-s5-b300-a1.00,RL-s8-b300-a1.00,20024,0.5
RL-s5-b300-a1.00,RL-s8-b300-a1.00,20025,0.25
RL-s5-b300-a1.00,RL-s8-b300-a1.00,20026,0.75
RL-s5-b300-a1.00,RL-s8-b300-a1.00,20027,0.5
RL-s5-b300-a1.00,RL-s8-b300-a1.00,20028,0.75
RL-s5-b300-a1.00,RL-s8-b300-a1.00,20029,0.5
RL-s5-b300-a1.00,RL-s9-b300-a1.00,20000,0.5
RL-s5-b300-a1.00,RL-s9-b300-a1.00,20001,0.5
RL-s5-b300-a1.00,RL-s9-b300-a1.00,20002,0.75
RL-s5-b300-a1.00,RL-s9-b300-a1.00,20003,0.25
RL-s5-b300-a1.00,RL-s9-b300-a1.00,20004,0.5
RL-s5-b300-a1.00,RL-s9-b300-a1.00,20005,0.5
RL-s5-b300-a1.00,RL-s9-b300-a1.00,20006,0.5
RL-s5-b300-a1.00,RL-s9-b300-a1.00,20007,0.5
RL-s5-b300-a1.00,RL-s9-b300-a1.00,20008,0.25
RL-s5-b300-a1.00,RL-s9-b300-a1.00,20009,0.5
RL-s5-b300-a1.00,RL-s9-b300-a1.00,20010,0.5
RL-s5-b300-a1.00,RL-s9-b300-a1.00,20011,0.5
RL-s5-b300-a1.00,RL-s9-b300-a1.00,20012,0.5
RL-s5-b300-a1.00,RL-s9-b300-a1.00,20013,0.5
RL-s5-b300-a1.00,RL-s9-b300-a1.00,20014,0.25
RL-s5-b300-a1.00,RL-s9-b300-a1.00,20015,0.75
RL-s5-b300-a1.00,RL-s9-b300-a1.00,20016,0.5
RL-s5-b300-a1.00,RL-s9-b300-a1.00,20017,0.25
RL-s5-b300-a1.00,RL-s9-b300-a1.00,20018,0.5
RL-s5-b300-a1.00,RL-s9-b300-a1.00,20019,0.25
RL-s5-b300-a1.00,RL-s9-b300-a1.00,20020,0.5
RL-s5-b300-a1.00,RL-s9-b300-a1.00,20021,0.5
RL-s5-b300-a1.00,RL-s9-b300-a1.00,20022,0.5
RL-s5-b300-a1.00,RL-s9-b300-a1.00,20023,0.5
RL-s5-b300-a1.00,RL-s9-b300-a1.00,20024,0.5
RL-s5-b300-a1.00,RL-s9-b300-a1.00,20025,0.5
RL-s5-b300-a1.00,RL-s9-b300-a1.00,20026,0.25
RL-s5-b300-a1.00,RL-s9-b300-a1.00,20027,0.5
RL-s5-b300-a1.00,RL-s9-b300-a1.00,20028,0.5
RL-s5-b300-a1.00,RL-s9-b300-a1.00,20029,0.5
RL-s5-b300-a1.00,BTO-s0-b300,20000,1.0
RL-s5-b300-a1.00,BTO-s0-b300,20001,0.5
RL-s5-b300-a1.00,BTO-s0-b300,20002,0.75
RL-s5-b300-a1.00,BTO-s0-b300,20003,0.5
RL-s5-b300-a1.00,BTO-s0-b300,20004,0.5
RL-s5-b300-a1.00,BTO-s0-b300,20005,0.75
RL-s5-b300-a1.00,BTO-s0-b300,20006,0.5
RL-s5-b300-a1.00,BTO-s0-b300,20007,1.0
RL-s5-b300-a1.00,BTO-s0-b300,20008,0.5
RL-s5-b300-a1.00,BTO-s0-b300,20009,0.75
RL-s5-b300-a1.00,BTO-s0-b300,20010,0.75
RL-s5-b300-a1.00,BTO-s0-b300,20011,0.5
RL-s5-b300-a1.00,BTO-s0-b300,20012,0.5
RL-s5-b300-a1.00,BTO-s0-b300,20013,0.5
RL-s5-b300-a1.00,BTO-s0-b300,20014,1.0
RL-s5-b300-a1.00,BTO-s0-b300,20015,1.0
RL-s5-b300-a1.00,BTO-s0-b300,20016,0.75
RL-s5-b300-a1.00,BTO-s0-b300,20017,0.5
RL-s5-b300-a1.00,BTO-s0-b300,20018,0.75
RL-s5-b300-a1.00,BTO-s0-b300,20019,0.25
RL-s5-b300-a1.00,BTO-s0-b300,20020,1.0
RL-s5-b300-a1.00,BTO-s0-b300,20021,0.5
RL-s5-b300-a1.00,BTO-s0-b300,20022,0.5
RL-s5-b300-a1.00,BTO-s0-b300,20023,1.0
RL-s5-b300-a1.00,BTO-s0-b300,20024,0.25
RL-s5-b300-a1.00,BTO-s0-b300,20025,1.0
RL-s5-b300-a1.00,BTO-s0-b300,20026,0.5
RL-s5-b300-a1.00,BTO-s0-b300,20027,0.25
RL-s5-b300-a1.00,BTO-s0-b300,20028,1.0
RL-s5-b300-a1.00,BTO-s0-b300,20029,0.75
RL-s5-b300-a1.00,BTO-s1-b300,20000,0.75
RL-s5-b300-a1.00,BTO-s1-b300,20001,0.5
RL-s5-b300-a1.00,BTO-s1-b300,20002,0.75
RL-s5-b300-a1.00,BTO-s1-b300,20003,0.5
RL-s5-b300-a1.00,BTO-s1-b300,20004,0.75
RL-s5-b300-a1.00,BTO-s1-b300,20005,0.75
RL-s5-b300-a1.00,BTO-s1-b300,20006,0.75
RL-s5-b300-a1.00,BTO-s1-b300,20007,1.0
RL-s5-b300-a1.00,BTO-s1-b300,20008,0.5
RL-s5-b300-a1.00,BTO-s1-b300,20009,0.5
RL-s5-b300-a1.00,BTO-s1-b300,20010,0.75
RL-s5-b300-a1.00,BTO-s1-b300,20011,0.5
RL-s5-b300-a1.00,BTO-s1-b300,20012,0.5
RL-s5-b300-a1.00,BTO-s1-b300,20013,0.75
RL-s5-b300-a1.00,BTO-s1-b300,20014,0.75
RL-s5-b300-a1.00,BTO-s1-b300,20015,1.0
RL-s5-b300-a1.00,BTO-s1-b300,20016,0.75
RL-s5-b300-a1.00,BTO-s1-b300,20017,0.75
RL-s5-b300-a1.00,BTO-s1-b300,20018,0.25
RL-s5-b300-a1.00,BTO-s1-b300,20019,0.5
RL-s5-b300-a1.00,BTO-s1-b300,20020,0.5
RL-s5-b300-a1.00,BTO-s1-b300,20021,0.5
RL-s5-b300-a1.00,BTO-s1-b300,20022,0.75
RL-s5-b300-a1.00,BTO-s1-b300,20023,1.0
RL-s5-b300-a1.00,BTO-s1-b300,20024,0.75
RL-s5-b300-a1.00,BTO-s1-b300,20025,0.75
RL-s5-b300-a1.00,BTO-s1-b300,20026,0.5
RL-s5-b300-a1.00,BTO-s1-b300,20027,0.75
RL-s5-b300-a1.00,BTO-s1-b300,20028,0.5
RL-s5-b300-a1.00,BTO-s1-b300,20029,0.5
RL-s5-b300-a1.00,BTO-s2-b300,20000,0.75
RL-s5-b300-a1.00,BTO-s2-b300,20001,0.5
RL-s5-b300-a1.00,BTO-s2-b300,20002,0.75
RL-s5-b300-a1.00,BTO-s2-b300,20003,0.5
RL-s5-b300-a1.00,BTO-s2-b300,20004,0.5
RL-s5-b300-a1.00,BTO-s2-b300,20005,1.0
RL-s5-b300-a1.00,BTO-s2-b300,20006,0.25
RL-s5-b300-a1.00,BTO-s2-b300,20007,0.5
RL-s5-b300-a1.00,BTO-s2-b300,20008,0.5
RL-s5-b300-a1.00,BTO-s2-b300,20009,0.75
RL-s5-b300-a1.00,BTO-s2-b300,20010,0.5
RL-s5-b300-a1.00,BTO-s2-b300,20011,0.5
RL-s5-b300-a1.00,BTO-s2-b300,20012,0.5
RL-s5-b300-a1.00,BTO-s2-b300,20013,0.75
RL-s5-b300-a1.00,BTO-s2-b300,20014,0.75
RL-s5-b300-a1.00,BTO-s2-b300,20015,1.0
RL-s5-b300-a1.00,BTO-s2-b300,20016,0.25
RL-s5-b300-a1.00,BTO-s2-b300,20017,0.75
RL-s5-b300-a1.00,BTO-s2-b300,20018,0.25
RL-s5-b300-a1.00,BTO-s2-b300,20019,0.25
RL-s5-b300-a1.00,BTO-s2-b300,20020,1.0
RL-s5-b300-a1.00,BTO-s2-b300,20021,0.75
RL-s5-b300-a1.00,BTO-s2-b300,20022,0.25
RL-s5-b300-a1.00,BTO-s2-b300,20023,0.75
RL-s5-b300-a1.00,BTO-s2-b300,20024,0.25
RL-s5-b300-a1.00,BTO-s2-b300,20025,0.75
RL-s5-b300-a1.00,BTO-s2-b300,20026,0.25
RL-s5-b300-a1.00,BTO-s2-b300,20027,0.25
RL-s5-b300-a1.00,BTO-s2-b300,20028,0.25
RL-s5-b300-a1.00,BTO-s2-b300,20029,0.75
RL-s5-b300-a1.00,POOL-s0-b1000,20000,0.25
RL-s5-b300-a1.00,POOL-s0-b1000,20001,0.5
RL-s5-b300-a1.00,POOL-s0-b1000,20002,0.5
RL-s5-b300-a1.00,POOL-s0-b1000,20003,0.25
RL-s5-b300-a1.00,POOL-s0-b1000,20004,0.5
RL-s5-b300-a1.00,POOL-s0-b1000,20005,0.5
RL-s5-b300-a1.00,POOL-s0-b1000,20006,0.5
RL-s5-b300-a1.00,POOL-s0-b1000,20007,0.25
RL-s5-b300-a1.00,POOL-s0-b1000,20008,0.25
RL-s5-b300-a1.00,POOL-s0-b1000,20009,0.5
RL-s5-b300-a1.00,POOL-s0-b1000,20010,0.5
RL-s5-b300-a1.00,POOL-s0-b1000,20011,0.5
RL-s5-b300-a1.00,POOL-s0-b1000,20012,0.5
RL-s5-b300-a1.00,POOL-s0-b1000,20013,0.5
RL-s5-b300-a1.00,POOL-s0-b1000,20014,0.5
RL-s5-b300-a1.00,POOL-s0-b1000,20015,0.5
RL-s5-b300-a1.00,POOL-s0-b1000,20016,0.5
RL-s5-b300-a1.00,POOL-s0-b1000,20017,0.5
RL-s5-b300-a1.00,POOL-s0-b1000,20018,0.5
RL-s5-b300-a1.00,POOL-s0-b1000,20019,0.25
RL-s5-b300-a1.00,POOL-s0-b1000,20020,0.5
RL-s5-b300-a1.00,POOL-s0-b1000,20021,0.5
RL-s5-b300-a1.00,POOL-s0-b1000,20022,0.25
RL-s5-b300-a1.00,POOL-s0-b1000,20023,0.5
RL-s5-b300-a1.00,POOL-s0-b1000,20024,0.5
RL-s5-b300-a1.00,POOL-s0-b1000,20025,0.5
RL-s5-b300-a1.00,POOL-s0-b1000,20026,0.25
RL-s5-b300-a1.00,POOL-s0-b1000,20027,0.5
RL-s5-b300-a1.00,POOL-s0-b1000,20028,0.5
RL-s5-b300-a1.00,POOL-s0-b1000,20029,0.5
RL-s5-b300-a1.00,POOL-s1-b1000,20000,0.25
RL-s5-b300-a1.00,POOL-s1-b1000,20001,0.25
RL-s5-b300-a1.00,POOL-s1-b1000,20002,0.5
RL-s5-b300-a1.00,POOL-s1-b1000,20003,0.5
RL-s5-b300-a1.00,POOL-s1-b1000,20004,0.25
RL-s5-b300-a1.00,POOL-s1-b1000,20005,0.5
RL-s5-b300-a1.00,POOL-s1-b1000,20006,0.5
RL-s5-b300-a1.00,POOL-s1-b1000,20007,0.25
RL-s5-b300-a1.00,POOL-s1-b1000,20008,0.5
RL-s5-b300-a1.00,POOL-s1-b1000,20009,0.5
RL-s5-b300-a1.00,POOL-s1-b1000,20010,0.5
RL-s5-b300-a1.00,POOL-s1-b1000,20011,0.5
RL-s5-b300-a1.00,POOL-s1-b1000,20012,0.75
RL-s5-b300-a1.00,POOL-s1-b1000,20013,0.5
RL-s5-b300-a1.00,POOL-s1-b1000,20014,0.0
RL-s5-b300-a1.00,POOL-s1-b1000,20015,0.5
RL-s5-b300-a1.00,POOL-s1-b1000,20016,0.5
RL-s5-b300-a1.00,POOL-s1-b1000,20017,0.5
RL-s5-b300-a1.00,POOL-s1-b1000,20018,0.5
RL-s5-b300-a1.00,POOL-s1-b1000,20019,0.25
RL-s5-b300-a1.00,POOL-s1-b1000,20020,0.5
RL-s5-b300-a1.00,POOL-s1-b1000,20021,0.5
RL-s5-b300-a1.00,POOL-s1-b1000,20022,0.5
RL-s5-b300-a1.00,POOL-s1-b1000,20023,0.5
RL-s5-b300-a1.00,POOL-s1-b1000,20024,0.5
RL-s5-b300-a1.00,POOL-s1-b1000,20025,0.5
RL-s5-b300-a1.00,POOL-s1-b1000,20026,0.25
RL-s5-b300-a1.00,POOL-s1-b1000,20027,0.25
RL-s5-b300-a1.00,POOL-s1-b1000,20028,0.5
RL-s5-b300-a1.00,POOL-s1-b1000,20029,0.75
RL-s5-b300-a1.00,POOL-s2-b1000,20000,0.5
RL-s5-b300-a1.00,POOL-s2-b1000,20001,0.5
RL-s5-b300-a1.00,POOL-s2-b1000,20002,0.5
RL-s5-b300-a1.00,POOL-s2-b1000,20003,0.5
RL-s5-b300-a1.00,POOL-s2-b1000,20004,0.5
RL-s5-b300-a1.00,POOL-s2-b1000,20005,1.0
RL-s5-b300-a1.00,POOL-s2-b1000,20006,0.5
RL-s5-b300-a1.00,POOL-s2-b1000,20007,0.0
RL-s5-b300-a1.00,POOL-s2-b1000,20008,0.25
RL-s5-b300-a1.00,POOL-s2-b1000,20009,0.75
RL-s5-b300-a1.00,POOL-s2-b1000,20010,0.5
RL-s5-b300-a1.00,POOL-s2-b1000,20011,0.5
RL-s5-b300-a1.00,POOL-s2-b1000,20012,0.25
RL-s5-b300-a1.00,POOL-s2-b1000,20013,0.5
RL-s5-b300-a1.00,POOL-s2-b1000,20014,0.5
RL-s5-b300-a1.00,POOL-s2-b1000,20015,0.5
RL-s5-b300-a1.00,POOL-s2-b1000,20016,0.5
RL-s5-b300-a1.00,POOL-s2-b1000,20017,0.5
RL-s5-b300-a1.00,POOL-s2-b1000,20018,0.5
RL-s5-b300-a1.00,POOL-s2-b1000,20019,0.5
RL-s5-b300-a1.00,POOL-s2-b1000,20020,0.5
RL-s5-b300-a1.00,POOL-s2-b1000,20021,0.5
RL-s5-b300-a1.00,POOL-s2-b1000,20022,0.5
RL-s5-b300-a1.00,POOL-s2-b1000,20023,0.5
RL-s5-b300-a1.00,POOL-s2-b1000,20024,0.5
RL-s5-b300-a1.00,POOL-s2-b1000,20025,0.5
RL-s5-b300-a1.00,POOL-s2-b1000,20026,0.5
RL-s5-b300-a1.00,POOL-s2-b1000,20027,0.5
RL-s5-b300-a1.00,POOL-s2-b1000,20028,0.5
RL-s5-b300-a1.00,POOL-s2-b1000,20029,0.5
RL-s5-b300-a1.00,POOL-s3-b1000,20000,0.0
RL-s5-b300-a1.00,POOL-s3-b1000,20001,0.25
RL-s5-b300-a1.00,POOL-s3-b1000,20002,0.5
RL-s5-b300-a1.00,POOL-s3-b1000,20003,0.75
RL-s5-b300-a1.00,POOL-s3-b1000,20004,0.5
RL-s5-b300-a1.00,POOL-s3-b1000,20005,0.75
RL-s5-b300-a1.00,POOL-s3-b1000,20006,0.5
RL-s5-b300-a1.00,POOL-s3-b1000,20007,0.0
RL-s5-b300-a1.00,POOL-s3-b1000,20008,0.5
RL-s5-b300-a1.00,POOL-s3-b1000,20009,0.5
RL-s5-b300-a1.00,POOL-s3-b1000,20010,0.5
RL-s5-b300-a1.00,POOL-s3-b1000,20011,0.5
RL-s5-b300-a1.00,POOL-s3-b1000,20012,0.25
RL-s5-b300-a1.00,POOL-s3-b1000,20013,0.5
RL-s5-b300-a1.00,POOL-s3-b1000,20014,0.25
RL-s5-b300-a1.00,POOL-s3-b1000,20015,0.25
RL-s5-b300-a1.00,POOL-s3-b1000,20016,0.5
RL-s5-b300-a1.00,POOL-s3-b1000,20017,0.75
RL-s5-b300-a1.00,POOL-s3-b1000,20018,0.5
RL-s5-b300-a1.00,POOL-s3-b1000,20019,0.25
RL-s5-b300-a1.00,POOL-s3-b1000,20020,0.5
RL-s5-b300-a1.00,POOL-s3-b1000,20021,0.75
RL-s5-b300-a1.00,POOL-s3-b1000,20022,0.75
RL-s5-b300-a1.00,POOL-s3-b1000,20023,0.5
RL-s5-b300-a1.00,POOL-s3-b1000,20024,0.5
RL-s5-b300-a1.00,POOL-s3-b1000,20025,0.5
RL-s5-b300-a1.00,POOL-s3-b1000,20026,0.25
RL-s5-b300-a1.00,POOL-s3-b1000,20027,0.5
RL-s5-b300-a1.00,POOL-s3-b1000,20028,0.5
RL-s5-b300-a1.00,POOL-s3-b1000,20029,0.5
RL-s5-b300-a1.00,POOL-s4-b1000,20000,0.25
RL-s5-b300-a1.00,POOL-s4-b1000,20001,0.75
RL-s5-b300-a1.00,POOL-s4-b1000,20002,0.25
RL-s5-b300-a1.00,POOL-s4-b1000,20003,0.5
RL-s5-b300-a1.00,POOL-s4-b1000,20004,0.5
RL-s5-b300-a1.00,POOL-s4-b1000,20005,0.75
RL-s5-b300-a1.00,POOL-s4-b1000,20006,0.5
RL-s5-b300-a1.00,POOL-s4-b1000,20007,0.25
RL-s5-b300-a1.00,POOL-s4-b1000,20008,0.5
RL-s5-b300-a1.00,POOL-s4-b1000,20009,0.5
RL-s5-b300-a1.00,POOL-s4-b1000,20010,0.5
RL-s5-b300-a1.00,POOL-s4-b1000,20011,0.25
RL-s5-b300-a1.00,POOL-s4-b1000,20012,0.75
RL-s5-b300-a1.00,POOL-s4-b1000,20013,0.5
RL-s5-b300-a1.00,POOL-s4-b1000,20014,0.5
RL-s5-b300-a1.00,POOL-s4-b1000,20015,0.5
RL-s5-b300-a1.00,POOL-s4-b1000,20016,0.5
RL-s5-b300-a1.00,POOL-s4-b1000,20017,0.5
RL-s5-b300-a1.00,POOL-s4-b1000,20018,0.5
RL-s5-b300-a1.00,POOL-s4-b1000,20019,0.5
RL-s5-b300-a1.00,POOL-s4-b1000,20020,0.5
RL-s5-b300-a1.00,POOL-s4-b1000,20021,0.5
RL-s5-b300-a1.00,POOL-s4-b1000,20022,0.5
RL-s5-b300-a1.00,POOL-s4-b1000,20023,0.25
RL-s5-b300-a1.00,POOL-s4-b1000,20024,0.5
RL-s5-b300-a1.00,POOL-s4-b1000,20025,0.5
RL-s5-b300-a1.00,POOL-s4-b1000,20026,0.5
RL-s5-b300-a1.00,POOL-s4-b1000,20027,0.5
RL-s5-b300-a1.00,POOL-s4-b1000,20028,0.5
RL-s5-b300-a1.00,POOL-s4-b1000,20029,0.25
RL-s6-b300-a1.00,RL-s7-b300-a1.00,20000,0.75
RL-s6-b300-a1.00,RL-s7-b300-a1.00,20001,0.5
RL-s6-b300-a1.00,RL-s7-b300-a1.00,20002,0.5
RL-s6-b300-a1.00,RL-s7-b300-a1.00,20003,0.5
RL-s6-b300-a1.00,RL-s7-b300-a1.00,20004,0.5
RL-s6-b300-a1.00,RL-s7-b300-a1.00,20005,0.75
RL-s6-b300-a1.00,RL-s7-b300-a1.00,20006,0.5
RL-s6-b300-a1.00,RL-s7-b300-a1.00,20007,1.0
RL-s6-b300-a1.00,RL-s7-b300-a1.00,20008,0.5
RL-s6-b300-a1.00,RL-s7-b300-a1.00,20009,0.5
RL-s6-b300-a1.00,RL-s7-b300-a1.00,20010,0.75
RL-s6-b300-a1.00,RL-s7-b300-a1.00,20011,0.5
RL-s6-b300-a1.00,RL-s7-b300-a1.00,20012,0.5
RL-s6-b300-a1.00,RL-s7-b300-a1.00,20013,0.5
RL-s6-b300-a1.00,RL-s7-b300-a1.00,20014,0.75
RL-s6-b300-a1.00,RL-s7-b300-a1.00,20015,0.5
RL-s6-b300-a1.00,RL-s7-b300-a1.00,20016,0.5
RL-s6-b300-a1.00,RL-s7-b300-a1.00,20017,0.5
RL-s6-b300-a1.00,RL-s7-b300-a1.00,20018,0.5
RL-s6-b300-a1.00,RL-s7-b300-a1.00,20019,0.5
RL-s6-b300-a1.00,RL-s7-b300-a1.00,20020,0.5
RL-s6-b300-a1.00,RL-s7-b300-a1.00,20021,0.75
RL-s6-b300-a1.00,RL-s7-b300-a1.00,20022,0.5
RL-s6-b300-a1.00,RL-s7-b300-a1.00,20023,0.75
RL-s6-b300-a1.00,RL-s7-b300-a1.00,20024,0.5
RL-s6-b300-a1.00,RL-s7-b300-a1.00,20025,0.5
RL-s6-b300-a1.00,RL-s7-b300-a1.00,20026,0.5
RL-s6-b300-a1.00,RL-s7-b300-a1.00,20027,0.75
RL-s6-b300-a1.00,RL-s7-b300-a1.00,20028,0.5
RL-s6-b300-a1.00,RL-s7-b300-a1.00,20029,0.75
RL-s6-b300-a1.00,RL-s8-b300-a1.00,20000,0.5
RL-s6-b300-a1.00,RL-s8-b300-a1.00,20001,0.5
RL-s6-b300-a1.00,RL-s8-b300-a1.00,20002,1.0
RL-s6-b300-a1.00,RL-s8-b300-a1.00,20003,0.75
RL-s6-b300-a1.00,RL-s8-b300-a1.00,20004,0.75
RL-s6-b300-a1.00,RL-s8-b300-a1.00,20005,0.25
RL-s6-b300-a1.00,RL-s8-b300-a1.00,20006,0.25
RL-s6-b300-a1.00,RL-s8-b300-a1.00,20007,0.5
RL-s6-b300-a1.00,RL-s8-b300-a1.00,20008,1.0
RL-s6-b300-a1.00,RL-s8-b300-a1.00,20009,0.25
RL-s6-b300-a1.00,RL-s8-b300-a1.00,20010,0.25
RL-s6-b300-a1.00,RL-s8-b300-a1.00,20011,0.5
RL-s6-b300-a1.00,RL-s8-b300-a1.00,20012,0.5
RL-s6-b300-a1.00,RL-s8-b300-a1.00,20013,0.75
RL-s6-b300-a1.00,RL-s8-b300-a1.00,20014,0.75
RL-s6-b300-a1.00,RL-s8-b300-a1.00,20015,0.5
RL-s6-b300-a1.00,RL-s8-b300-a1.00,20016,0.25
RL-s6-b300-a1.00,RL-s8-b300-a1.00,20017,0.5
RL-s6-b300-a1.00,RL-s8-b300-a1.00,20018,0.5
RL-s6-b300-a1.00,RL-s8-b300-a1.00,20019,0.5
RL-s6-b300-a1.00,RL-s8-b300-a1.00,20020,0.75
RL-s6-b300-a1.00,RL-s8-b300-a1.00,20021,0.75
RL-s6-b300-a1.00,RL-s8-b300-a1.00,20022,0.5
RL-s6-b300-a1.00,RL-s8-b300-a1.00,20023,0.5
RL-s6-b300-a1.00,RL-s8-b300-a1.00,20024,0.5
RL-s6-b300-a1.00,RL-s8-b300-a1.00,20025,0.5
RL-s6-b300-a1.00,RL-s8-b300-a1.00,20026,0.5
RL-s6-b300-a1.00,RL-s8-b300-a1.00,20027,0.75
RL-s6-b300-a1.00,RL-s8-b300-a1.00,20028,0.5
RL-s6-b300-a1.00,RL-s8-b300-a1.00,20029,0.5
RL-s6-b300-a1.00,RL-s9-b300-a1.00,20000,0.5
RL-s6-b300-a1.00,RL-s9-b300-a1.00,20001,0.5
RL-s6-b300-a1.00,RL-s9-b300-a1.00,20002,0.75
RL-s6-b300-a1.00,RL-s9-b300-a1.00,20003,0.5
RL-s6-b300-a1.00,RL-s9-b300-a1.00,20004,0.5
RL-s6-b300-a1.00,RL-s9-b300-a1.00,20005,0.5
RL-s6-b300-a1.00,RL-s9-b300-a1.00,20006,0.5
RL-s6-b300-a1.00,RL-s9-b300-a1.00,20007,0.75
RL-s6-b300-a1.00,RL-s9-b300-a1.00,20008,0.75
RL-s6-b300-a1.00,RL-s9-b300-a1.00,20009,0.5
RL-s6-b300-a1.00,RL-s9-b300-a1.00,20010,0.75
RL-s6-b300-a1.00,RL-s9-b300-a1.00,20011,0.5
RL-s6-b300-a1.00,RL-s9-b300-a1.00,20012,0.5
RL-s6-b300-a1.00,RL-s9-b300-a1.00,20013,0.5
RL-s6-b300-a1.00,RL-s9-b300-a1.00,20014,0.75
RL-s6-b300-a1.00,RL-s9-b300-a1.00,20015,0.5
RL-s6-b300-a1.00,RL-s9-b300-a1.00,20016,0.5
RL-s6-b300-a1.00,RL-s9-b300-a1.00,20017,0.5
RL-s6-b300-a1.00,RL-s9-b300-a1.00,20018,0.5
RL-s6-b300-a1.00,RL-s9-b300-a1.00,20019,0.5
RL-s6-b300-a1.00,RL-s9-b300-a1.00,20020,0.5
RL-s6-b300-a1.00,RL-s9-b300-a1.00,20021,0.5
RL-s6-b300-a1.00,RL-s9-b300-a1.00,20022,0.5
RL-s6-b300-a1.00,RL-s9-b300-a1.00,20023,0.5
RL-s6-b300-a1.00,RL-s9-b300-a1.00,20024,0.5
RL-s6-b300-a1.00,RL-s9-b300-a1.00,20025,0.5
RL-s6-b300-a1.00,RL-s9-b300-a1.00,20026,0.5
RL-s6-b300-a1.00,RL-s9-b300-a1.00,20027,0.75
RL-s6-b300-a1.00,RL-s9-b300-a1.00,20028,0.5
RL-s6-b300-a1.00,RL-s9-b300-a1.00,20029,0.5
RL-s6-b300-a1.00,BTO-s0-b300,20000,1.0
RL-s6-b300-a1.00,BTO-s0-b300,20001,0.5
RL-s6-b300-a1.00,BTO-s0-b300,20002,1.0
RL-s6-b300-a1.00,BTO-s0-b300,20003,0.75
RL-s6-b300-a1.00,BTO-s0-b300,20004,0.5
RL-s6-b300-a1.00,BTO-s0-b300,20005,1.0
RL-s6-b300-a1.00,BTO-s0-b300,20006,0.75
RL-s6-b300-a1.00,BTO-s0-b300,20007,1.0
RL-s6-b300-a1.00,BTO-s0-b300,20008,1.0
RL-s6-b300-a1.00,BTO-s0-b300,20009,1.0
RL-s6-b300-a1.00,BTO-s0-b300,20010,0.5
RL-s6-b300-a1.00,BTO-s0-b300,20011,0.5
RL-s6-b300-a1.00,BTO-s0-b300,20012,0.5
RL-s6-b300-a1.00,BTO-s0-b300,20013,1.0
RL-s6-b300-a1.00,BTO-s0-b300,20014,1.0
RL-s6-b300-a1.00,BTO-s0-b300,20015,1.0
RL-s6-b300-a1.00,BTO-s0-b300,20016,0.5
RL-s6-b300-a1.00,BTO-s0-b300,20017,0.5
RL-s6-b300-a1.00,BTO-s0-b300,20018,0.25
RL-s6-b300-a1.00,BTO-s0-b300,20019,0.5
RL-s6-b300-a1.00,BTO-s0-b300,20020,1.0
RL-s6-b300-a1.00,BTO-s0-b300,20021,0.5
RL-s6-b300-a1.00,BTO-s0-b300,20022,0.5
RL-s6-b300-a1.00,BTO-s0-b300,20023,1.0
RL-s6-b300-a1.00,BTO-s0-b300,20024,1.0
RL-s6-b300-a1.00,BTO-s0-b300,20025,1.0
RL-s6-b300-a1.00,BTO-s0-b300,20026,0.5
RL-s6-b300-a1.00,BTO-s0-b300,20027,1.0
RL-s6-b300-a1.00,BTO-s0-b300,20028,0.25
RL-s6-b300-a1.00,BTO-s0-b300,20029,0.5
RL-s6-b300-a1.00,BTO-s1-b300,20000,1.0
RL-s6-b300-a1.00,BTO-s1-b300,20001,0.75
RL-s6-b300-a1.00,BTO-s1-b300,20002,1.0
RL-s6-b300-a1.00,BTO-s1-b300,20003,0.5
RL-s6-b300-a1.00,BTO-s1-b300,20004,0.75
RL-s6-b300-a1.00,BTO-s1-b300,20005,0.75
RL-s6-b300-a1.00,BTO-s1-b300,20006,1.0
RL-s6-b300-a1.00,BTO-s1-b300,20007,1.0
RL-s6-b300-a1.00,BTO-s1-b300,20008,0.5
RL-s6-b300-a1.00,BTO-s1-b300,20009,1.0
RL-s6-b300-a1.00,BTO-s1-b300,20010,0.5
RL-s6-b300-a1.00,BTO-s1-b300,20011,0.5
RL-s6-b300-a1.00,BTO-s1-b300,20012,0.5
RL-s6-b300-a1.00,BTO-s1-b300,20013,0.5
RL-s6-b300-a1.00,BTO-s1-b300,20014,1.0
RL-s6-b300-a1.00,BTO-s1-b300,20015,1.0
RL-s6-b300-a1.00,BTO-s1-b300,20016,0.25
RL-s6-b300-a1.00,BTO-s1-b300,20017,0.75
RL-s6-b300-a1.00,BTO-s1-b300,20018,0.25
RL-s6-b300-a1.00,BTO-s1-b300,20019,0.5
RL-s6-b300-a1.00,BTO-s1-b300,20020,1.0
RL-s6-b300-a1.00,BTO-s1-b300,20021,1.0
RL-s6-b300-a1.00,BTO-s1-b300,20022,0.75
RL-s6-b300-a1.00,BTO-s1-b300,20023,1.0
RL-s6-b300-a1.00,BTO-s1-b300,20024,0.75
RL-s6-b300-a1.00,BTO-s1-b300,20025,1.0
RL-s6-b300-a1.00,BTO-s1-b300,20026,0.75
RL-s6-b300-a1.00,BTO-s1-b300,20027,1.0
RL-s6-b300-a1.00,BTO-s1-b300,20028,0.75
RL-s6-b300-a1.00,BTO-s1-b300,20029,0.5
RL-s6-b300-a1.00,BTO-s2-b300,20000,1.0
RL-s6-b300-a1.00,BTO-s2-b300,20001,0.5
RL-s6-b300-a1.00,BTO-s2-b300,20002,1.0
RL-s6-b300-a1.00,BTO-s2-b300,20003,0.75
RL-s6-b300-a1.00,BTO-s2-b300,20004,0.75
RL-s6-b300-a1.00,BTO-s2-b300,20005,1.0
RL-s6-b300-a1.00,BTO-s2-b300,20006,0.5
RL-s6-b300-a1.00,BTO-s2-b300,20007,1.0
RL-s6-b300-a1.00,BTO-s2-b300,20008,0.75
RL-s6-b300-a1.00,BTO-s2-b300,20009,0.75
RL-s6-b300-a1.00,BTO-s2-b300,20010,0.5
RL-s6-b300-a1.00,BTO-s2-b300,20011,0.5
RL-s6-b300-a1.00,BTO-s2-b300,20012,0.5
RL-s6-b300-a1.00,BTO-s2-b300,20013,1.0
RL-s6-b300-a1.00,BTO-s2-b300,20014,1.0
RL-s6-b300-a1.00,BTO-s2-b300,20015,1.0
RL-s6-b300-a1.00,BTO-s2-b300,20016,0.25
RL-s6-b300-a1.00,BTO-s2-b300,20017,0.75
RL-s6-b300-a1.00,BTO-s2-b300,20018,0.5
RL-s6-b300-a1.00,BTO-s2-b300,20019,0.5
RL-s6-b300-a1.00,BTO-s2-b300,20020,1.0
RL-s6-b300-a1.00,BTO-s2-b300,20021,0.5
RL-s6-b300-a1.00,BTO-s2-b300,20022,0.75
RL-s6-b300-a1.00,BTO-s2-b300,20023,1.0
RL-s6-b300-a1.00,BTO-s2-b300,20024,0.5
RL-s6-b300-a1.00,BTO-s2-b300,20025,1.0
RL-s6-b300-a1.00,BTO-s2-b300,20026,0.5
RL-s6-b300-a1.00,BTO-s2-b300,20027,1.0
RL-s6-b300-a1.00,BTO-s2-b300,20028,0.75
RL-s6-b300-a1.00,BTO-s2-b300,20029,0.5
RL-s6-b300-a1.00,POOL-s0-b1000,20000,0.5
RL-s6-b300-a1.00,POOL-s0-b1000,20001,0.25
RL-s6-b300-a1.00,POOL-s0-b1000,20002,0.25
RL-s6-b300-a1.00,POOL-s0-b1000,20003,0.5
RL-s6-b300-a1.00,POOL-s0-b1000,20004,0.5
RL-s6-b300-a1.00,POOL-s0-b1000,20005,0.5
RL-s6-b300-a1.00,POOL-s0-b1000,20006,0.5
RL-s6-b300-a1.00,POOL-s0-b1000,20007,0.5
RL-s6-b300-a1.00,POOL-s0-b1000,20008,0.5
RL-s6-b300-a1.00,POOL-s0-b1000,20009,0.25
RL-s6-b300-a1.00,POOL-s0-b1000,20010,0.5
RL-s6-b300-a1.00,POOL-s0-b1000,20011,0.25
RL-s6-b300-a1.00,POOL-s0-b1000,20012,0.25
RL-s6-b300-a1.00,POOL-s0-b1000,20013,0.5
RL-s6-b300-a1.00,POOL-s0-b1000,20014,0.5
RL-s6-b300-a1.00,POOL-s0-b1000,20015,0.5
RL-s6-b300-a1.00,POOL-s0-b1000,20016,0.5
RL-s6-b300-a1.00,POOL-s0-b1000,20017,0.5
RL-s6-b300-a1.00,POOL-s0-b1000,20018,0.5
RL-s6-b300-a1.00,POOL-s0-b1000,20019,0.25
RL-s6-b300-a1.00,POOL-s0-b1000,20020,0.5
RL-s6-b300-a1.00,POOL-s0-b1000,20021,0.5
RL-s6-b300-a1.00,POOL-s0-b1000,20022,0.5
RL-s6-b300-a1.00,POOL-s0-b1000,20023,0.5
RL-s6-b300-a1.00,POOL-s0-b1000,20024,0.5
RL-s6-b300-a1.00,POOL-s0-b1000,20025,0.5
RL-s6-b300-a1.00,POOL-s0-b1000,20026,0.5
RL-s6-b300-a1.00,POOL-s0-b1000,20027,0.5
RL-s6-b300-a1.00,POOL-s0-b1000,20028,0.5
RL-s6-b300-a1.00,POOL-s0-b1000,20029,0.25
RL-s6-b300-a1.00,POOL-s1-b1000,20000,0.5
RL-s6-b300-a1.00,POOL-s1-b1000,20001,0.25
RL-s6-b300-a1.00,POOL-s1-b1000,20002,0.5
RL-s6-b300-a1.00,POOL-s1-b1000,20003,0.5
RL-s6-b300-a1.00,POOL-s1-b1000,20004,0.5
RL-s6-b300-a1.00,POOL-s1-b1000,20005,0.25
RL-s6-b300-a1.00,POOL-s1-b1000,20006,0.5
RL-s6-b300-a1.00,POOL-s1-b1000,20007,0.75
RL-s6-b300-a1.00,POOL-s1-b1000,20008,0.5
RL-s6-b300-a1.00,POOL-s1-b1000,20009,0.5
RL-s6-b300-a1.00,POOL-s1-b1000,20010,0.5
RL-s6-b300-a1.00,POOL-s1-b1000,20011,0.25
RL-s6-b300-a1.00,POOL-s1-b1000,20012,0.5
RL-s6-b300-a1.00,POOL-s1-b1000,20013,0.5
RL-s6-b300-a1.00,POOL-s1-b1000,20014,0.5
RL-s6-b300-a1.00,POOL-s1-b1000,20015,0.5
RL-s6-b300-a1.00,POOL-s1-b1000,20016,0.5
RL-s6-b300-a1.00,POOL-s1-b1000,20017,0.5
RL-s6-b300-a1.00,POOL-s1-b1000,20018,0.5
RL-s6-b300-a1.00,POOL-s1-b1000,20019,0.5
RL-s6-b300-a1.00,POOL-s1-b1000,20020,0.5
RL-s6-b300-a1.00,POOL-s1-b1000,20021,0.25
RL-s6-b300-a1.00,POOL-s1-b1000,20022,0.5
RL-s6-b300-a1.00,POOL-s1-b1000,20023,0.5
RL-s6-b300-a1.00,POOL-s1-b1000,20024,0.5
RL-s6-b300-a1.00,POOL-s1-b1000,20025,0.5
RL-s6-b300-a1.00,POOL-s1-b1000,20026,0.25
RL-s6-b300-a1.00,POOL-s1-b1000,20027,0.5
RL-s6-b300-a1.00,POOL-s1-b1000,20028,0.5
RL-s6-b300-a1.00,POOL-s1-b1000,20029,0.25
RL-s6-b300-a1.00,POOL-s2-b1000,20000,0.5
RL-s6-b300-a1.00,POOL-s2-b1000,20001,0.25
RL-s6-b300-a1.00,POOL-s2-b1000,20002,0.5
RL-s6-b300-a1.00,POOL-s2-b1000,20003,0.5
RL-s6-b300-a1.00,POOL-s2-b1000,20004,0.5
RL-s6-b300-a1.00,POOL-s2-b1000,20005,0.5
RL-s6-b300-a1.00,POOL-s2-b1000,20006,0.5
RL-s6-b300-a1.00,POOL-s2-b1000,20007,0.5
RL-s6-b300-a1.00,POOL-s2-b1000,20008,0.5
RL-s6-b300-a1.00,POOL-s2-b1000,20009,0.5
RL-s6-b300-a1.00,POOL-s2-b1000,20010,0.25
RL-s6-b300-a1.00,POOL-s2-b1000,20011,0.25
RL-s6-b300-a1.00,POOL-s2-b1000,20012,0.25
RL-s6-b300-a1.00,POOL-s2-b1000,20013,0.5
RL-s6-b300-a1.00,POOL-s2-b1000,20014,0.5
RL-s6-b300-a1.00,POOL-s2-b1000,20015,0.5
RL-s6-b300-a1.00,POOL-s2-b1000,20016,0.5
RL-s6-b300-a1.00,POOL-s2-b1000,20017,0.5
RL-s6-b300-a1.00,POOL-s2-b1000,20018,0.5
RL-s6-b300-a1.00,POOL-s2-b1000,20019,0.25
RL-s6-b300-a1.00,POOL-s2-b1000,20020,0.5
RL-s6-b300-a1.00,POOL-s2-b1000,20021,0.5
RL-s6-b300-a1.00,POOL-s2-b1000,20022,0.5
RL-s6-b300-a1.00,POOL-s2-b1000,20023,0.5
RL-s6-b300-a1.00,POOL-s2-b1000,20024,0.5
RL-s6-b300-a1.00,POOL-s2-b1000,20025,0.5
RL-s6-b300-a1.00,POOL-s2-b1000,20026,0.25
RL-s6-b300-a1.00,POOL-s2-b1000,20027,0.5
RL-s6-b300-a1.00,POOL-s2-b1000,20028,0.5
RL-s6-b300-a1.00,POOL-s2-b1000,20029,0.5
RL-s6-b300-a1.00,POOL-s3-b1000,20000,0.5
RL-s6-b300-a1.00,POOL-s3-b1000,20001,0.25
RL-s6-b300-a1.00,POOL-s3-b1000,20002,0.5
RL-s6-b300-a1.00,POOL-s3-b1000,20003,0.5
RL-s6-b300-a1.00,POOL-s3-b1000,20004,0.5
RL-s6-b300-a1.00,POOL-s3-b1000,20005,0.75
RL-s6-b300-a1.00,POOL-s3-b1000,20006,0.5
RL-s6-b300-a1.00,POOL-s3-b1000,20007,0.5
RL-s6-b300-a1.00,POOL-s3-b1000,20008,0.5
RL-s6-b300-a1.00,POOL-s3-b1000,20009,0.5
RL-s6-b300-a1.00,POOL-s3-b1000,20010,0.5
RL-s6-b300-a1.00,POOL-s3-b1000,20011,0.0
RL-s6-b300-a1.00,POOL-s3-b1000,20012,0.5
RL-s6-b300-a1.00,POOL-s3-b1000,20013,0.5
RL-s6-b300-a1.00,POOL-s3-b1000,20014,0.5
RL-s6-b300-a1.00,POOL-s3-b1000,20015,0.5
RL-s6-b300-a1.00,POOL-s3-b1000,20016,0.5
RL-s6-b300-a1.00,POOL-s3-b1000,20017,0.5
RL-s6-b300-a1.00,POOL-s3-b1000,20018,0.5
RL-s6-b300-a1.00,POOL-s3-b1000,20019,0.5
RL-s6-b300-a1.00,POOL-s3-b1000,20020,0.5
RL-s6-b300-a1.00,POOL-s3-b1000,20021,0.5
RL-s6-b300-a1.00,POOL-s3-b1000,20022,0.25
RL-s6-b300-a1.00,POOL-s3-b1000,20023,0.5
RL-s6-b300-a1.00,POOL-s3-b1000,20024,0.75
RL-s6-b300-a1.00,POOL-s3-b1000,20025,0.5
RL-s6-b300-a1.00,POOL-s3-b1000,20026,0.5
RL-s6-b300-a1.00,POOL-s3-b1000,20027,0.5
RL-s6-b300-a1.00,POOL-s3-b1000,20028,0.5
RL-s6-b300-a1.00,POOL-s3-b1000,20029,0.5
RL-s6-b300-a1.00,POOL-s4-b1000,20000,0.5
RL-s6-b300-a1.00,POOL-s4-b1000,20001,0.25
RL-s6-b300-a1.00,POOL-s4-b1000,20002,0.5
RL-s6-b300-a1.00,POOL-s4-b1000,20003,0.5
RL-s6-b300-a1.00,POOL-s4-b1000,20004,0.5
RL-s6-b300-a1.00,POOL-s4-b1000,20005,0.75
RL-s6-b300-a1.00,POOL-s4-b1000,20006,0.5
RL-s6-b300-a1.00,POOL-s4-b1000,20007,0.75
RL-s6-b300-a1.00,POOL-s4-b1000,20008,0.5
RL-s6-b300-a1.00,POOL-s4-b1000,20009,0.5
RL-s6-b300-a1.00,POOL-s4-b1000,20010,0.25
RL-s6-b300-a1.00,POOL-s4-b1000,20011,0.5
RL-s6-b300-a1.00,POOL-s4-b1000,20012,0.5
RL-s6-b300-a1.00,POOL-s4-b1000,20013,0.5
RL-s6-b300-a1.00,POOL-s4-b1000,20014,0.5
RL-s6-b300-a1.00,POOL-s4-b1000,20015,0.5
RL-s6-b300-a1.00,POOL-s4-b1000,20016,0.5
RL-s6-b300-a1.00,POOL-s4-b1000,20017,0.5
RL-s6-b300-a1.00,POOL-s4-b1000,20018,0.5
RL-s6-b300-a1.00,POOL-s4-b1000,20019,0.5
RL-s6-b300-a1.00,POOL-s4-b1000,20020,0.5
RL-s6-b300-a1.00,POOL-s4-b1000,20021,0.25
RL-s6-b300-a1.00,POOL-s4-b1000,20022,0.5
RL-s6-b300-a1.00,POOL-s4-b1000,20023,0.5
RL-s6-b300-a1.00,POOL-s4-b1000,20024,0.5
RL-s6-b300-a1.00,POOL-s4-b1000,20025,0.5
RL-s6-b300-a1.00,POOL-s4-b1000,20026,0.25
RL-s6-b300-a1.00,POOL-s4-b1000,20027,0.5
RL-s6-b300-a1.00,POOL-s4-b1000,20028,0.5
RL-s6-b300-a1.00,POOL-s4-b1000,20029,0.5
RL-s7-b300-a1.00,RL-s8-b300-a1.00,20000,0.0
RL-s7-b300-a1.00,RL-s8-b300-a1.00,20001,0.5
RL-s7-b300-a1.00,RL-s8-b300-a1.00,20002,0.75
RL-s7-b300-a1.00,RL-s8-b300-a1.00,20003,0.75
RL-s7-b300-a1.00,RL-s8-b300-a1.00,20004,0.5
RL-s7-b300-a1.00,RL-s8-b300-a1.00,20005,0.25
RL-s7-b300-a1.00,RL-s8-b300-a1.00,20006,0.5
RL-s7-b300-a1.00,RL-s8-b300-a1.00,20007,0.0
RL-s7-b300-a1.00,RL-s8-b300-a1.00,20008,0.75
RL-s7-b300-a1.00,RL-s8-b300-a1.00,20009,0.25
RL-s7-b300-a1.00,RL-s8-b300-a1.00,20010,0.5
RL-s7-b300-a1.00,RL-s8-b300-a1.00,20011,0.5
RL-s7-b300-a1.00,RL-s8-b300-a1.00,20012,0.5
RL-s7-b300-a1.00,RL-s8-b300-a1.00,20013,0.5
RL-s7-b300-a1.00,RL-s8-b300-a1.00,20014,0.25
RL-s7-b300-a1.00,RL-s8-b300-a1.00,20015,0.5
RL-s7-b300-a1.00,RL-s8-b300-a1.00,20016,0.5
RL-s7-b300-a1.00,RL-s8-b300-a1.00,20017,0.75
RL-s7-b300-a1.00,RL-s8-b300-a1.00,20018,0.5
RL-s7-b300-a1.00,RL-s8-b300-a1.00,20019,0.5
RL-s7-b300-a1.00,RL-s8-b300-a1.00,20020,0.5
RL-s7-b300-a1.00,RL-s8-b300-a1.00,20021,0.75
RL-s7-b300-a1.00,RL-s8-b300-a1.00,20022,0.5
RL-s7-b300-a1.00,RL-s8-b300-a1.00,20023,0.0
RL-s7-b300-a1.00,RL-s8-b300-a1.00,20024,0.5
RL-s7-b300-a1.00,RL-s8-b300-a1.00,20025,0.5
RL-s7-b300-a1.00,RL-s8-b300-a1.00,20026,0.75
RL-s7-b300-a1.00,RL-s8-b300-a1.00,20027,0.75
RL-s7-b300-a1.00,RL-s8-b300-a1.00,20028,0.5
RL-s7-b300-a1.00,RL-s8-b300-a1.00,20029,0.5
RL-s7-b300-a1.00,RL-s9-b300-a1.00,20000,0.5
RL-s7-b300-a1.00,RL-s9-b300-a1.00,20001,0.5
RL-s7-b300-a1.00,RL-s9-b300-a1.00,20002,0.5
RL-s7-b300-a1.00,RL-s9-b300-a1.00,20003,0.5
RL-s7-b300-a1.00,RL-s9-b300-a1.00,20004,0.5
RL-s7-b300-a1.00,RL-s9-b300-a1.00,20005,0.25
RL-s7-b300-a1.00,RL-s9-b300-a1.00,20006,0.5
RL-s7-b300-a1.00,RL-s9-b300-a1.00,20007,0.5
RL-s7-b300-a1.00,RL-s9-b300-a1.00,20008,0.75
RL-s7-b300-a1.00,RL-s9-b300-a1.00,20009,0.5
RL-s7-b300-a1.00,RL-s9-b300-a1.00,20010,0.5
RL-s7-b300-a1.00,RL-s9-b300-a1.00,20011,0.25
RL-s7-b300-a1.00,RL-s9-b300-a1.00,20012,0.5
RL-s7-b300-a1.00,RL-s9-b300-a1.00,20013,0.5
RL-s7-b300-a1.00,RL-s9-b300-a1.00,20014,0.75
RL-s7-b300-a1.00,RL-s9-b300-a1.00,20015,0.5
RL-s7-b300-a1.00,RL-s9-b300-a1.00,20016,0.5
RL-s7-b300-a1.00,RL-s9-b300-a1.00,20017,0.5
RL-s7-b300-a1.00,RL-s9-b300-a1.00,20018,0.5
RL-s7-b300-a1.00,RL-s9-b300-a1.00,20019,0.5
RL-s7-b300-a1.00,RL-s9-b300-a1.00,20020,0.5
RL-s7-b300-a1.00,RL-s9-b300-a1.00,20021,0.25
RL-s7-b300-a1.00,RL-s9-b300-a1.00,20022,0.5
RL-s7-b300-a1.00,RL-s9-b300-a1.00,20023,0.75
RL-s7-b300-a1.00,RL-s9-b300-a1.00,20024,0.25
RL-s7-b300-a1.00,RL-s9-b300-a1.00,20025,0.5
RL-s7-b300-a1.00,RL-s9-b300-a1.00,20026,0.5
RL-s7-b300-a1.00,RL-s9-b300-a1.00,20027,0.5
RL-s7-b300-a1.00,RL-s9-b300-a1.00,20028,0.5
RL-s7-b300-a1.00,RL-s9-b300-a1.00,20029,0.25
RL-s7-b300-a1.00,BTO-s0-b300,20000,0.75
RL-s7-b300-a1.00,BTO-s0-b300,20001,0.5
RL-s7-b300-a1.00,BTO-s0-b300,20002,0.75
RL-s7-b300-a1.00,BTO-s0-b300,20003,0.25
RL-s7-b300-a1.00,BTO-s0-b300,20004,0.25
RL-s7-b300-a1.00,BTO-s0-b300,20005,0.75
RL-s7-b300-a1.00,BTO-s0-b300,20006,0.75
RL-s7-b300-a1.00,BTO-s0-b300,20007,0.75
RL-s7-b300-a1.00,BTO-s0-b300,20008,0.75
RL-s7-b300-a1.00,BTO-s0-b300,20009,0.75
RL-s7-b300-a1.00,BTO-s0-b300,20010,1.0
RL-s7-b300-a1.00,BTO-s0-b300,20011,0.5
RL-s7-b300-a1.00,BTO-s0-b300,20012,0.5
RL-s7-b300-a1.00,BTO-s0-b300,20013,0.25
RL-s7-b300-a1.00,BTO-s0-b300,20014,1.0
RL-s7-b300-a1.00,BTO-s0-b300,20015,1.0
RL-s7-b300-a1.00,BTO-s0-b300,20016,0.75
RL-s7-b300-a1.00,BTO-s0-b300,20017,0.5
RL-s7-b300-a1.00,BTO-s0-b300,20018,0.5
RL-s7-b300-a1.00,BTO-s0-b300,20019,0.5
RL-s7-b300-a1.00,BTO-s0-b300,20020,0.25
RL-s7-b300-a1.00,BTO-s0-b300,20021,0.5
RL-s7-b300-a1.00,BTO-s0-b300,20022,0.5
RL-s7-b300-a1.00,BTO-s0-b300,20023,1.0
RL-s7-b300-a1.00,BTO-s0-b300,20024,1.0
RL-s7-b300-a1.00,BTO-s0-b300,20025,1.0
RL-s7-b300-a1.00,BTO-s0-b300,20026,0.25
RL-s7-b300-a1.00,BTO-s0-b300,20027,0.25
RL-s7-b300-a1.00,BTO-s0-b300,20028,0.5
RL-s7-b300-a1.00,BTO-s0-b300,20029,0.5
RL-s7-b300-a1.00,BTO-s1-b300,20000,0.75
RL-s7-b300-a1.00,BTO-s1-b300,20001,0.5
RL-s7-b300-a1.00,BTO-s1-b300,20002,0.75
RL-s7-b300-a1.00,BTO-s1-b300,20003,0.5
RL-s7-b300-a1.00,BTO-s1-b300,20004,0.5
RL-s7-b300-a1.00,BTO-s1-b300,20005,0.75
RL-s7-b300-a1.00,BTO-s1-b300,20006,1.0
RL-s7-b300-a1.00,BTO-s1-b300,20007,0.75
RL-s7-b300-a1.00,BTO-s1-b300,20008,0.5
RL-s7-b300-a1.00,BTO-s1-b300,20009,0.75
RL-s7-b300-a1.00,BTO-s1-b300,20010,1.0
RL-s7-b300-a1.00,BTO-s1-b300,20011,0.5
RL-s7-b300-a1.00,BTO-s1-b300,20012,0.5
RL-s7-b300-a1.00,BTO-s1-b300,20013,0.25
RL-s7-b300-a1.00,BTO-s1-b300,20014,0.75
RL-s7-b300-a1.00,BTO-s1-b300,20015,1.0
RL-s7-b300-a1.00,BTO-s1-b300,20016,0.75
RL-s7-b300-a1.00,BTO-s1-b300,20017,0.75
RL-s7-b300-a1.00,BTO-s1-b300,20018,0.5
RL-s7-b300-a1.00,BTO-s1-b300,20019,0.5
RL-s7-b300-a1.00,BTO-s1-b300,20020,0.5
RL-s7-b300-a1.00,BTO-s1-b300,20021,0.5
RL-s7-b300-a1.00,BTO-s1-b300,20022,0.5
RL-s7-b300-a1.00,BTO-s1-b300,20023,0.75
RL-s7-b300-a1.00,BTO-s1-b300,20024,0.75
RL-s7-b300-a1.00,BTO-s1-b300,20025,0.75
RL-s7-b300-a1.00,BTO-s1-b300,20026,0.25
RL-s7-b300-a1.00,BTO-s1-b300,20027,0.5
RL-s7-b300-a1.00,BTO-s1-b300,20028,0.25
RL-s7-b300-a1.00,BTO-s1-b300,20029,0.25
RL-s7-b300-a1.00,BTO-s2-b300,20000,0.5
RL-s7-b300-a1.00,BTO-s2-b300,20001,0.5
RL-s7-b300-a1.00,BTO-s2-b300,20002,0.75
RL-s7-b300-a1.00,BTO-s2-b300,20003,0.25
RL-s7-b300-a1.00,BTO-s2-b300,20004,0.25
RL-s7-b300-a1.00,BTO-s2-b300,20005,0.75
RL-s7-b300-a1.00,BTO-s2-b300,20006,0.5
RL-s7-b300-a1.00,BTO-s2-b300,20007,0.75
RL-s7-b300-a1.00,BTO-s2-b300,20008,0.5
RL-s7-b300-a1.00,BTO-s2-b300,20009,0.75
RL-s7-b300-a1.00,BTO-s2-b300,20010,0.5
RL-s7-b300-a1.00,BTO-s2-b300,20011,0.5
RL-s7-b300-a1.00,BTO-s2-b300,20012,0.5
RL-s7-b300-a1.00,BTO-s2-b300,20013,0.75
RL-s7-b300-a1.00,BTO-s2-b300,20014,0.75
RL-s7-b300-a1.00,BTO-s2-b300,20015,1.0
RL-s7-b300-a1.00,BTO-s2-b300,20016,0.5
RL-s7-b300-a1.00,BTO-s2-b300,20017,0.75
RL-s7-b300-a1.00,BTO-s2-b300,20018,0.25
RL-s7-b300-a1.00,BTO-s2-b300,20019,0.25
RL-s7-b300-a1.00,BTO-s2-b300,20020,0.75
RL-s7-b300-a1.00,BTO-s2-b300,20021,0.5
RL-s7-b300-a1.00,BTO-s2-b300,20022,0.25
RL-s7-b300-a1.00,BTO-s2-b300,20023,0.75
RL-s7-b300-a1.00,BTO-s2-b300,20024,0.75
RL-s7-b300-a1.00,BTO-s2-b300,20025,1.0
RL-s7-b300-a1.00,BTO-s2-b300,20026,0.25
RL-s7-b300-a1.00,BTO-s2-b300,20027,0.75
RL-s7-b300-a1.00,BTO-s2-b300,20028,0.25
RL-s7-b300-a1.00,BTO-s2-b300,20029,0.5
RL-s7-b300-a1.00,POOL-s0-b1000,20000,0.75
RL-s7-b300-a1.00,POOL-s0-b1000,20001,0.5
RL-s7-b300-a1.00,POOL-s0-b1000,20002,0.5
RL-s7-b300-a1.00,POOL-s0-b1000,20003,0.5
RL-s7-b300-a1.00,POOL-s0-b1000,20004,0.75
RL-s7-b300-a1.00,POOL-s0-b1000,20005,1.0
RL-s7-b300-a1.00,POOL-s0-b1000,20006,0.75
RL-s7-b300-a1.00,POOL-s0-b1000,20007,0.75
RL-s7-b300-a1.00,POOL-s0-b1000,20008,0.5
RL-s7-b300-a1.00,POOL-s0-b1000,20009,1.0
RL-s7-b300-a1.00,POOL-s0-b1000,20010,0.75
RL-s7-b300-a1.00,POOL-s0-b1000,20011,0.25
RL-s7-b300-a1.00,POOL-s0-b1000,20012,0.25
RL-s7-b300-a1.00,POOL-s0-b1000,20013,0.75
RL-s7-b300-a1.00,POOL-s0-b1000,20014,0.5
RL-s7-b300-a1.00,POOL-s0-b1000,20015,0.5
RL-s7-b300-a1.00,POOL-s0-b1000,20016,1.0
RL-s7-b300-a1.00,POOL-s0-b1000,20017,0.5
RL-s7-b300-a1.00,POOL-s0-b1000,20018,0.5
RL-s7-b300-a1.00,POOL-s0-b1000,20019,0.25
RL-s7-b300-a1.00,POOL-s0-b1000,20020,0.5
RL-s7-b300-a1.00,POOL-s0-b1000,20021,0.5
RL-s7-b300-a1.00,POOL-s0-b1000,20022,0.5
RL-s7-b300-a1.00,POOL-s0-b1000,20023,0.5
RL-s7-b300-a1.00,POOL-s0-b1000,20024,0.5
RL-s7-b300-a1.00,POOL-s0-b1000,20025,0.5
RL-s7-b300-a1.00,POOL-s0-b1000,20026,0.25
RL-s7-b300-a1.00,POOL-s0-b1000,20027,0.5
RL-s7-b300-a1.00,POOL-s0-b1000,20028,0.5
RL-s7-b300-a1.00,POOL-s0-b1000,20029,0.25
RL-s7-b300-a1.00,POOL-s1-b1000,20000,0.0
RL-s7-b300-a1.00,POOL-s1-b1000,20001,0.25
RL-s7-b300-a1.00,POOL-s1-b1000,20002,0.25
RL-s7-b300-a1.00,POOL-s1-b1000,20003,0.5
RL-s7-b300-a1.00,POOL-s1-b1000,20004,0.5
RL-s7-b300-a1.00,POOL-s1-b1000,20005,0.5
RL-s7-b300-a1.00,POOL-s1-b1000,20006,0.5
RL-s7-b300-a1.00,POOL-s1-b1000,20007,0.5
RL-s7-b300-a1.00,POOL-s1-b1000,20008,0.25
RL-s7-b300-a1.00,POOL-s1-b1000,20009,0.5
RL-s7-b300-a1.00,POOL-s1-b1000,20010,0.75
RL-s7-b300-a1.00,POOL-s1-b1000,20011,0.25
RL-s7-b300-a1.00,POOL-s1-b1000,20012,0.5
RL-s7-b300-a1.00,POOL-s1-b1000,20013,0.5
RL-s7-b300-a1.00,POOL-s1-b1000,20014,0.5
RL-s7-b300-a1.00,POOL-s1-b1000,20015,0.5
RL-s7-b300-a1.00,POOL-s1-b1000,20016,0.75
RL-s7-b300-a1.00,POOL-s1-b1000,20017,0.5
RL-s7-b300-a1.00,POOL-s1-b1000,20018,0.5
RL-s7-b300-a1.00,POOL-s1-b1000,20019,0.5
RL-s7-b300-a1.00,POOL-s1-b1000,20020,0.5
RL-s7-b300-a1.00,POOL-s1-b1000,20021,0.5
RL-s7-b300-a1.00,POOL-s1-b1000,20022,0.5
RL-s7-b300-a1.00,POOL-s1-b1000,20023,0.5
RL-s7-b300-a1.00,POOL-s1-b1000,20024,0.5
RL-s7-b300-a1.00,POOL-s1-b1000,20025,0.0
RL-s7-b300-a1.00,POOL-s1-b1000,20026,0.25
RL-s7-b300-a1.00,POOL-s1-b1000,20027,0.5
RL-s7-b300-a1.00,POOL-s1-b1000,20028,0.5
RL-s7-b300-a1.00,POOL-s1-b1000,20029,0.5
RL-s7-b300-a1.00,POOL-s2-b1000,20000,0.5
RL-s7-b300-a1.00,POOL-s2-b1000,20001,0.5
RL-s7-b300-a1.00,POOL-s2-b1000,20002,0.75
RL-s7-b300-a1.00,POOL-s2-b1000,20003,0.75
RL-s7-b300-a1.00,POOL-s2-b1000,20004,0.5
RL-s7-b300-a1.00,POOL-s2-b1000,20005,1.0
RL-s7-b300-a1.00,POOL-s2-b1000,20006,1.0
RL-s7-b300-a1.00,POOL-s2-b1000,20007,0.75
RL-s7-b300-a1.00,POOL-s2-b1000,20008,0.75
RL-s7-b300-a1.00,POOL-s2-b1000,20009,1.0
RL-s7-b300-a1.00,POOL-s2-b1000,20010,0.5
RL-s7-b300-a1.00,POOL-s2-b1000,20011,0.25
RL-s7-b300-a1.00,POOL-s2-b1000,20012,0.25
RL-s7-b300-a1.00,POOL-s2-b1000,20013,0.5
RL-s7-b300-a1.00,POOL-s2-b1000,20014,0.75
RL-s7-b300-a1.00,POOL-s2-b1000,20015,0.5
RL-s7-b300-a1.00,POOL-s2-b1000,20016,0.75
RL-s7-b300-a1.00,POOL-s2-b1000,20017,0.5
RL-s7-b300-a1.00,POOL-s2-b1000,20018,0.5
RL-s7-b300-a1.00,POOL-s2-b1000,20019,0.25
RL-s7-b300-a1.00,POOL-s2-b1000,20020,0.5
RL-s7-b300-a1.00,POOL-s2-b1000,20021,0.5
RL-s7-b300-a1.00,POOL-s2-b1000,20022,0.25
RL-s7-b300-a1.00,POOL-s2-b1000,20023,0.5
RL-s7-b300-a1.00,POOL-s2-b1000,20024,0.5
RL-s7-b300-a1.00,POOL-s2-b1000,20025,0.5
RL-s7-b300-a1.00,POOL-s2-b1000,20026,0.5
RL-s7-b300-a1.00,POOL-s2-b1000,20027,0.75
RL-s7-b300-a1.00,POOL-s2-b1000,20028,0.5
RL-s7-b300-a1.00,POOL-s2-b1000,20029,0.25
RL-s7-b300-a1.00,POOL-s3-b1000,20000,0.5
RL-s7-b300-a1.00,POOL-s3-b1000,20001,0.25
RL-s7-b300-a1.00,POOL-s3-b1000,20002,1.0
RL-s7-b300-a1.00,POOL-s3-b1000,20003,0.5
RL-s7-b300-a1.00,POOL-s3-b1000,20004,0.5
RL-s7-b300-a1.00,POOL-s3-b1000,20005,0.25
RL-s7-b300-a1.00,POOL-s3-b1000,20006,0.75
RL-s7-b300-a1.00,POOL-s3-b1000,20007,0.25
RL-s7-b300-a1.00,POOL-s3-b1000,20008,0.5
RL-s7-b300-a1.00,POOL-s3-b1000,20009,0.5
RL-s7-b300-a1.00,POOL-s3-b1000,20010,0.5
RL-s7-b300-a1.00,POOL-s3-b1000,20011,0.25
RL-s7-b300-a1.00,POOL-s3-b1000,20012,0.5
RL-s7-b300-a1.00,POOL-s3-b1000,20013,0.5
RL-s7-b300-a1.00,POOL-s3-b1000,20014,0.5
RL-s7-b300-a1.00,POOL-s3-b1000,20015,0.5
RL-s7-b300-a1.00,POOL-s3-b1000,20016,0.75
RL-s7-b300-a1.00,POOL-s3-b1000,20017,0.5
RL-s7-b300-a1.00,POOL-s3-b1000,20018,0.5
RL-s7-b300-a1.00,POOL-s3-b1000,20019,0.25
RL-s7-b300-a1.00,POOL-s3-b1000,20020,0.5
RL-s7-b300-a1.00,POOL-s3-b1000,20021,0.5
RL-s7-b300-a1.00,POOL-s3-b1000,20022,0.5
RL-s7-b300-a1.00,POOL-s3-b1000,20023,0.5
RL-s7-b300-a1.00,POOL-s3-b1000,20024,0.5
RL-s7-b300-a1.00,POOL-s3-b1000,20025,0.5
RL-s7-b300-a1.00,POOL-s3-b1000,20026,0.5
RL-s7-b300-a1.00,POOL-s3-b1000,20027,0.5
RL-s7-b300-a1.00,POOL-s3-b1000,20028,0.5
RL-s7-b300-a1.00,POOL-s3-b1000,20029,0.25
RL-s7-b300-a1.00,POOL-s4-b1000,20000,0.5
RL-s7-b300-a1.00,POOL-s4-b1000,20001,0.25
RL-s7-b300-a1.00,POOL-s4-b1000,20002,0.5
RL-s7-b300-a1.00,POOL-s4-b1000,20003,0.25
RL-s7-b300-a1.00,POOL-s4-b1000,20004,0.5
RL-s7-b300-a1.00,POOL-s4-b1000,20005,0.75
RL-s7-b300-a1.00,POOL-s4-b1000,20006,0.5
RL-s7-b300-a1.00,POOL-s4-b1000,20007,0.5
RL-s7-b300-a1.00,POOL-s4-b1000,20008,0.5
RL-s7-b300-a1.00,POOL-s4-b1000,20009,0.5
RL-s7-b300-a1.00,POOL-s4-b1000,20010,0.5
RL-s7-b300-a1.00,POOL-s4-b1000,20011,0.25
RL-s7-b300-a1.00,POOL-s4-b1000,20012,0.25
RL-s7-b300-a1.00,POOL-s4-b1000,20013,0.5
RL-s7-b300-a1.00,POOL-s4-b1000,20014,0.5
RL-s7-b300-a1.00,POOL-s4-b1000,20015,0.5
RL-s7-b300-a1.00,POOL-s4-b1000,20016,0.75
RL-s7-b300-a1.00,POOL-s4-b1000,20017,0.25
RL-s7-b300-a1.00,POOL-s4-b1000,20018,0.5
RL-s7-b300-a1.00,POOL-s4-b1000,20019,0.25
RL-s7-b300-a1.00,POOL-s4-b1000,20020,0.5
RL-s7-b300-a1.00,POOL-s4-b1000,20021,0.25
RL-s7-b300-a1.00,POOL-s4-b1000,20022,0.5
RL-s7-b300-a1.00,POOL-s4-b1000,20023,0.5
RL-s7-b300-a1.00,POOL-s4-b1000,20024,0.5
RL-s7-b300-a1.00,POOL-s4-b1000,20025,0.5
RL-s7-b300-a1.00,POOL-s4-b1000,20026,0.25
RL-s7-b300-a1.00,POOL-s4-b1000,20027,0.5
RL-s7-b300-a1.00,POOL-s4-b1000,20028,0.5
RL-s7-b300-a1.00,POOL-s4-b1000,20029,0.25
RL-s8-b300-a1.00,RL-s9-b300-a1.00,20000,1.0
RL-s8-b300-a1.00,RL-s9-b300-a1.00,20001,0.5
RL-s8-b300-a1.00,RL-s9-b300-a1.00,20002,0.25
RL-s8-b300-a1.00,RL-s9-b300-a1.00,20003,0.25
RL-s8-b300-a1.00,RL-s9-b300-a1.00,20004,0.25
RL-s8-b300-a1.00,RL-s9-b300-a1.00,20005,0.5
RL-s8-b300-a1.00,RL-s9-b300-a1.00,20006,0.5
RL-s8-b300-a1.00,RL-s9-b300-a1.00,20007,0.75
RL-s8-b300-a1.00,RL-s9-b300-a1.00,20008,0.5
RL-s8-b300-a1.00,RL-s9-b300-a1.00,20009,0.5
RL-s8-b300-a1.00,RL-s9-b300-a1.00,20010,0.75
RL-s8-b300-a1.00,RL-s9-b300-a1.00,20011,0.5
RL-s8-b300-a1.00,RL-s9-b300-a1.00,20012,0.5
RL-s8-b300-a1.00,RL-s9-b300-a1.00,20013,0.25
RL-s8-b300-a1.00,RL-s9-b300-a1.00,20014,0.5
RL-s8-b300-a1.00,RL-s9-b300-a1.00,20015,0.5
RL-s8-b300-a1.00,RL-s9-b300-a1.00,20016,0.5
RL-s8-b300-a1.00,RL-s9-b300-a1.00,20017,0.75
RL-s8-b300-a1.00,RL-s9-b300-a1.00,20018,0.5
RL-s8-b300-a1.00,RL-s9-b300-a1.00,20019,0.5
RL-s8-b300-a1.00,RL-s9-b300-a1.00,20020,0.25
RL-s8-b300-a1.00,RL-s9-b300-a1.00,20021,0.25
RL-s8-b300-a1.00,RL-s9-b300-a1.00,20022,0.25
RL-s8-b300-a1.00,RL-s9-b300-a1.00,20023,0.75
RL-s8-b300-a1.00,RL-s9-b300-a1.00,20024,0.5
RL-s8-b300-a1.00,RL-s9-b300-a1.00,20025,0.75
RL-s8-b300-a1.00,RL-s9-b300-a1.00,20026,0.25
RL-s8-b300-a1.00,RL-s9-b300-a1.00,20027,0.5
RL-s8-b300-a1.00,RL-s9-b300-a1.00,20028,0.25
RL-s8-b300-a1.00,RL-s9-b300-a1.00,20029,0.5
RL-s8-b300-a1.00,BTO-s0-b300,20000,1.0
RL-s8-b300-a1.00,BTO-s0-b300,20001,0.5
RL-s8-b300-a1.00,BTO-s0-b300,20002,0.5
RL-s8-b300-a1.00,BTO-s0-b300,20003,0.25
RL-s8-b300-a1.00,BTO-s0-b300,20004,0.5
RL-s8-b300-a1.00,BTO-s0-b300,20005,0.75
RL-s8-b300-a1.00,BTO-s0-b300,20006,0.5
RL-s8-b300-a1.00,BTO-s0-b300,20007,1.0
RL-s8-b300-a1.00,BTO-s0-b300,20008,0.75
RL-s8-b300-a1.00,BTO-s0-b300,20009,0.5
RL-s8-b300-a1.00,BTO-s0-b300,20010,0.5
RL-s8-b300-a1.00,BTO-s0-b300,20011,0.5
RL-s8-b300-a1.00,BTO-s0-b300,20012,0.5
RL-s8-b300-a1.00,BTO-s0-b300,20013,0.75
RL-s8-b300-a1.00,BTO-s0-b300,20014,0.75
RL-s8-b300-a1.00,BTO-s0-b300,20015,0.0
RL-s8-b300-a1.00,BTO-s0-b300,20016,0.5
RL-s8-b300-a1.00,BTO-s0-b300,20017,0.25
RL-s8-b300-a1.00,BTO-s0-b300,20018,1.0
RL-s8-b300-a1.00,BTO-s0-b300,20019,0.5
RL-s8-b300-a1.00,BTO-s0-b300,20020,0.75
RL-s8-b300-a1.00,BTO-s0-b300,20021,0.5
RL-s8-b300-a1.00,BTO-s0-b300,20022,0.75
RL-s8-b300-a1.00,BTO-s0-b300,20023,1.0
RL-s8-b300-a1.00,BTO-s0-b300,20024,0.75
RL-s8-b300-a1.00,BTO-s0-b300,20025,0.75
RL-s8-b300-a1.00,BTO-s0-b300,20026,0.75
RL-s8-b300-a1.00,BTO-s0-b300,20027,0.25
RL-s8-b300-a1.00,BTO-s0-b300,20028,0.0
RL-s8-b300-a1.00,BTO-s0-b300,20029,0.25
RL-s8-b300-a1.00,BTO-s1-b300,20000,1.0
RL-s8-b300-a1.00,BTO-s1-b300,20001,0.5
RL-s8-b300-a1.00,BTO-s1-b300,20002,0.5
RL-s8-b300-a1.00,BTO-s1-b300,20003,0.5
RL-s8-b300-a1.00,BTO-s1-b300,20004,0.25
RL-s8-b300-a1.00,BTO-s1-b300,20005,1.0
RL-s8-b300-a1.00,BTO-s1-b300,20006,0.5
RL-s8-b300-a1.00,BTO-s1-b300,20007,1.0
RL-s8-b300-a1.00,BTO-s1-b300,20008,0.75
RL-s8-b300-a1.00,BTO-s1-b300,20009,0.5
RL-s8-b300-a1.00,BTO-s1-b300,20010,1.0
RL-s8-b300-a1.00,BTO-s1-b300,20011,0.5
RL-s8-b300-a1.00,BTO-s1-b300,20012,0.5
RL-s8-b300-a1.00,BTO-s1-b300,20013,0.75
RL-s8-b300-a1.00,BTO-s1-b300,20014,0.75
RL-s8-b300-a1.00,BTO-s1-b300,20015,1.0
RL-s8-b300-a1.00,BTO-s1-b300,20016,0.75
RL-s8-b300-a1.00,BTO-s1-b300,20017,0.75
RL-s8-b300-a1.00,BTO-s1-b300,20018,0.25
RL-s8-b300-a1.00,BTO-s1-b300,20019,0.5
RL-s8-b300-a1.00,BTO-s1-b300,20020,0.75
RL-s8-b300-a1.00,BTO-s1-b300,20021,0.5
RL-s8-b300-a1.00,BTO-s1-b300,20022,0.5
RL-s8-b300-a1.00,BTO-s1-b300,20023,1.0
RL-s8-b300-a1.00,BTO-s1-b300,20024,0.25
RL-s8-b300-a1.00,BTO-s1-b300,20025,0.75
RL-s8-b300-a1.00,BTO-s1-b300,20026,0.75
RL-s8-b300-a1.00,BTO-s1-b300,20027,0.5
RL-s8-b300-a1.00,BTO-s1-b300,20028,0.25
RL-s8-b300-a1.00,BTO-s1-b300,20029,0.5
RL-s8-b300-a1.00,BTO-s2-b300,20000,0.5
RL-s8-b300-a1.00,BTO-s2-b300,20001,0.5
RL-s8-b300-a1.00,BTO-s2-b300,20002,0.5
RL-s8-b300-a1.00,BTO-s2-b300,20003,0.25
RL-s8-b300-a1.00,BTO-s2-b300,20004,0.5
RL-s8-b300-a1.00,BTO-s2-b300,20005,1.0
RL-s8-b300-a1.00,BTO-s2-b300,20006,0.5
RL-s8-b300-a1.00,BTO-s2-b300,20007,0.75
RL-s8-b300-a1.00,BTO-s2-b300,20008,0.5
RL-s8-b300-a1.00,BTO-s2-b300,20009,0.75
RL-s8-b300-a1.00,BTO-s2-b300,20010,0.75
RL-s8-b300-a1.00,BTO-s2-b300,20011,0.5
RL-s8-b300-a1.00,BTO-s2-b300,20012,0.5
RL-s8-b300-a1.00,BTO-s2-b300,20013,0.75
RL-s8-b300-a1.00,BTO-s2-b300,20014,0.75
RL-s8-b300-a1.00,BTO-s2-b300,20015,1.0
RL-s8-b300-a1.00,BTO-s2-b300,20016,0.5
RL-s8-b300-a1.00,BTO-s2-b300,20017,0.5
RL-s8-b300-a1.00,BTO-s2-b300,20018,0.5
RL-s8-b300-a1.00,BTO-s2-b300,20019,0.5
RL-s8-b300-a1.00,BTO-s2-b300,20020,0.75
RL-s8-b300-a1.00,BTO-s2-b300,20021,0.5
RL-s8-b300-a1.00,BTO-s2-b300,20022,0.5
RL-s8-b300-a1.00,BTO-s2-b300,20023,0.5
RL-s8-b300-a1.00,BTO-s2-b300,20024,0.25
RL-s8-b300-a1.00,BTO-s2-b300,20025,0.25
RL-s8-b300-a1.00,BTO-s2-b300,20026,0.75
RL-s8-b300-a1.00,BTO-s2-b300,20027,0.5
RL-s8-b300-a1.00,BTO-s2-b300,20028,0.0
RL-s8-b300-a1.00,BTO-s2-b300,20029,0.25
RL-s8-b300-a1.00,POOL-s0-b1000,20000,0.5
RL-s8-b300-a1.00,POOL-s0-b1000,20001,0.5
RL-s8-b300-a1.00,POOL-s0-b1000,20002,0.25
RL-s8-b300-a1.00,POOL-s0-b1000,20003,0.25
RL-s8-b300-a1.00,POOL-s0-b1000,20004,0.25
RL-s8-b300-a1.00,POOL-s0-b1000,20005,0.75
RL-s8-b300-a1.00,POOL-s0-b1000,20006,0.5
RL-s8-b300-a1.00,POOL-s0-b1000,20007,0.5
RL-s8-b300-a1.00,POOL-s0-b1000,20008,0.0
RL-s8-b300-a1.00,POOL-s0-b1000,20009,0.5
RL-s8-b300-a1.00,POOL-s0-b1000,20010,0.5
RL-s8-b300-a1.00,POOL-s0-b1000,20011,0.5
RL-s8-b300-a1.00,POOL-s0-b1000,20012,0.25
RL-s8-b300-a1.00,POOL-s0-b1000,20013,0.25
RL-s8-b300-a1.00,POOL-s0-b1000,20014,0.25
RL-s8-b300-a1.00,POOL-s0-b1000,20015,0.5
RL-s8-b300-a1.00,POOL-s0-b1000,20016,0.5
RL-s8-b300-a1.00,POOL-s0-b1000,20017,0.5
RL-s8-b300-a1.00,POOL-s0-b1000,20018,0.5
RL-s8-b300-a1.00,POOL-s0-b1000,20019,0.25
RL-s8-b300-a1.00,POOL-s0-b1000,20020,0.25
RL-s8-b300-a1.00,POOL-s0-b1000,20021,0.5
RL-s8-b300-a1.00,POOL-s0-b1000,20022,0.25
RL-s8-b300-a1.00,POOL-s0-b1000,20023,0.5
RL-s8-b300-a1.00,POOL-s0-b1000,20024,0.5
RL-s8-b300-a1.00,POOL-s0-b1000,20025,0.5
RL-s8-b300-a1.00,POOL-s0-b1000,20026,0.5
RL-s8-b300-a1.00,POOL-s0-b1000,20027,0.25
RL-s8-b300-a1.00,POOL-s0-b1000,20028,0.5
RL-s8-b300-a1.00,POOL-s0-b1000,20029,0.5
RL-s8-b300-a1.00,POOL-s1-b1000,20000,0.5
RL-s8-b300-a1.00,POOL-s1-b1000,20001,0.5
RL-s8-b300-a1.00,POOL-s1-b1000,20002,0.25
RL-s8-b300-a1.00,POOL-s1-b1000,20003,0.5
RL-s8-b300-a1.00,POOL-s1-b1000,20004,0.25
RL-s8-b300-a1.00,POOL-s1-b1000,20005,0.75
RL-s8-b300-a1.00,POOL-s1-b1000,20006,0.5
RL-s8-b300-a1.00,POOL-s1-b1000,20007,0.75
RL-s8-b300-a1.00,POOL-s1-b1000,20008,0.0
RL-s8-b300-a1.00,POOL-s1-b1000,20009,0.5
RL-s8-b300-a1.00,POOL-s1-b1000,20010,0.5
RL-s8-b300-a1.00,POOL-s1-b1000,20011,0.5
RL-s8-b300-a1.00,POOL-s1-b1000,20012,0.5
RL-s8-b300-a1.00,POOL-s1-b1000,20013,0.25
RL-s8-b300-a1.00,POOL-s1-b1000,20014,0.25
RL-s8-b300-a1.00,POOL-s1-b1000,20015,0.5
RL-s8-b300-a1.00,POOL-s1-b1000,20016,0.5
RL-s8-b300-a1.00,POOL-s1-b1000,20017,0.5
RL-s8-b300-a1.00,POOL-s1-b1000,20018,0.5
RL-s8-b300-a1.00,POOL-s1-b1000,20019,0.5
RL-s8-b300-a1.00,POOL-s1-b1000,20020,0.25
RL-s8-b300-a1.00,POOL-s1-b1000,20021,0.25
RL-s8-b300-a1.00,POOL-s1-b1000,20022,0.25
RL-s8-b300-a1.00,POOL-s1-b1000,20023,0.5
RL-s8-b300-a1.00,POOL-s1-b1000,20024,0.5
RL-s8-b300-a1.00,POOL-s1-b1000,20025,0.25
RL-s8-b300-a1.00,POOL-s1-b1000,20026,0.5
RL-s8-b300-a1.00,POOL-s1-b1000,20027,0.25
RL-s8-b300-a1.00,POOL-s1-b1000,20028,0.25
RL-s8-b300-a1.00,POOL-s1-b1000,20029,0.25
RL-s8-b300-a1.00,POOL-s2-b1000,20000,0.5
RL-s8-b300-a1.00,POOL-s2-b1000,20001,0.5
RL-s8-b300-a1.00,POOL-s2-b1000,20002,0.25
RL-s8-b300-a1.00,POOL-s2-b1000,20003,0.25
RL-s8-b300-a1.00,POOL-s2-b1000,20004,0.25
RL-s8-b300-a1.00,POOL-s2-b1000,20005,0.75
RL-s8-b300-a1.00,POOL-s2-b1000,20006,0.5
RL-s8-b300-a1.00,POOL-s2-b1000,20007,0.5
RL-s8-b300-a1.00,POOL-s2-b1000,20008,0.25
RL-s8-b300-a1.00,POOL-s2-b1000,20009,0.5
RL-s8-b300-a1.00,POOL-s2-b1000,20010,0.5
RL-s8-b300-a1.00,POOL-s2-b1000,20011,0.5
RL-s8-b300-a1.00,POOL-s2-b1000,20012,0.5
RL-s8-b300-a1.00,POOL-s2-b1000,20013,0.25
RL-s8-b300-a1.00,POOL-s2-b1000,20014,0.25
RL-s8-b300-a1.00,POOL-s2-b1000,20015,0.5
RL-s8-b300-a1.00,POOL-s2-b1000,20016,0.5
RL-s8-b300-a1.00,POOL-s2-b1000,20017,0.5
RL-s8-b300-a1.00,POOL-s2-b1000,20018,0.5
RL-s8-b300-a1.00,POOL-s2-b1000,20019,0.5
RL-s8-b300-a1.00,POOL-s2-b1000,20020,0.25
RL-s8-b300-a1.00,POOL-s2-b1000,20021,0.25
RL-s8-b300-a1.00,POOL-s2-b1000,20022,0.25
RL-s8-b300-a1.00,POOL-s2-b1000,20023,0.5
RL-s8-b300-a1.00,POOL-s2-b1000,20024,0.5
RL-s8-b300-a1.00,POOL-s2-b1000,20025,0.5
RL-s8-b300-a1.00,POOL-s2-b1000,20026,0.25
RL-s8-b300-a1.00,POOL-s2-b1000,20027,0.25
RL-s8-b300-a1.00,POOL-s2-b1000,20028,0.25
RL-s8-b300-a1.00,POOL-s2-b1000,20029,0.5
RL-s8-b300-a1.00,POOL-s3-b1000,20000,0.5
RL-s8-b300-a1.00,POOL-s3-b1000,20001,0.5
RL-s8-b300-a1.00,POOL-s3-b1000,20002,0.25
RL-s8-b300-a1.00,POOL-s3-b1000,20003,0.25
RL-s8-b300-a1.00,POOL-s3-b1000,20004,0.25
RL-s8-b300-a1.00,POOL-s3-b1000,20005,0.75
RL-s8-b300-a1.00,POOL-s3-b1000,20006,0.5
RL-s8-b300-a1.00,POOL-s3-b1000,20007,0.5
RL-s8-b300-a1.00,POOL-s3-b1000,20008,0.25
RL-s8-b300-a1.00,POOL-s3-b1000,20009,0.5
RL-s8-b300-a1.00,POOL-s3-b1000,20010,0.5
RL-s8-b300-a1.00,POOL-s3-b1000,20011,0.25
RL-s8-b300-a1.00,POOL-s3-b1000,20012,0.5
RL-s8-b300-a1.00,POOL-s3-b1000,20013,0.25
RL-s8-b300-a1.00,POOL-s3-b1000,20014,0.25
RL-s8-b300-a1.00,POOL-s3-b1000,20015,0.5
RL-s8-b300-a1.00,POOL-s3-b1000,20016,0.5
RL-s8-b300-a1.00,POOL-s3-b1000,20017,0.5
RL-s8-b300-a1.00,POOL-s3-b1000,20018,0.5
RL-s8-b300-a1.00,POOL-s3-b1000,20019,0.5
RL-s8-b300-a1.00,POOL-s3-b1000,20020,0.25
RL-s8-b300-a1.00,POOL-s3-b1000,20021,0.25
RL-s8-b300-a1.00,POOL-s3-b1000,20022,0.25
RL-s8-b300-a1.00,POOL-s3-b1000,20023,0.5
RL-s8-b300-a1.00,POOL-s3-b1000,20024,0.75
RL-s8-b300-a1.00,POOL-s3-b1000,20025,0.5
RL-s8-b300-a1.00,POOL-s3-b1000,20026,0.25
RL-s8-b300-a1.00,POOL-s3-b1000,20027,0.25
RL-s8-b300-a1.00,POOL-s3-b1000,20028,0.5
RL-s8-b300-a1.00,POOL-s3-b1000,20029,0.5
RL-s8-b300-a1.00,POOL-s4-b1000,20000,0.5
RL-s8-b300-a1.00,POOL-s4-b1000,20001,0.5
RL-s8-b300-a1.00,POOL-s4-b1000,20002,0.25
RL-s8-b300-a1.00,POOL-s4-b1000,20003,0.25
RL-s8-b300-a1.00,POOL-s4-b1000,20004,0.25
RL-s8-b300-a1.00,POOL-s4-b1000,20005,0.75
RL-s8-b300-a1.00,POOL-s4-b1000,20006,0.5
RL-s8-b300-a1.00,POOL-s4-b1000,20007,0.5
RL-s8-b300-a1.00,POOL-s4-b1000,20008,0.25
RL-s8-b300-a1.00,POOL-s4-b1000,20009,0.25
RL-s8-b300-a1.00,POOL-s4-b1000,20010,0.5
RL-s8-b300-a1.00,POOL-s4-b1000,20011,0.5
RL-s8-b300-a1.00,POOL-s4-b1000,20012,0.5
RL-s8-b300-a1.00,POOL-s4-b1000,20013,0.25
RL-s8-b300-a1.00,POOL-s4-b1000,20014,0.25
RL-s8-b300-a1.00,POOL-s4-b1000,20015,0.5
RL-s8-b300-a1.00,POOL-s4-b1000,20016,0.75
RL-s8-b300-a1.00,POOL-s4-b1000,20017,0.5
RL-s8-b300-a1.00,POOL-s4-b1000,20018,0.5
RL-s8-b300-a1.00,POOL-s4-b1000,20019,0.5
RL-s8-b300-a1.00,POOL-s4-b1000,20020,0.25
RL-s8-b300-a1.00,POOL-s4-b1000,20021,0.25
RL-s8-b300-a1.00,POOL-s4-b1000,20022,0.25
RL-s8-b300-a1.00,POOL-s4-b1000,20023,0.5
RL-s8-b300-a1.00,POOL-s4-b1000,20024,0.5
RL-s8-b300-a1.00,POOL-s4-b1000,20025,0.75
RL-s8-b300-a1.00,POOL-s4-b1000,20026,0.5
RL-s8-b300-a1.00,POOL-s4-b1000,20027,0.25
RL-s8-b300-a1.00,POOL-s4-b1000,20028,0.5
RL-s8-b300-a1.00,POOL-s4-b1000,20029,0.5
RL-s9-b300-a1.00,BTO-s0-b300,20000,1.0
RL-s9-b300-a1.00,BTO-s0-b300,20001,0.5
RL-s9-b300-a1.00,BTO-s0-b300,20002,1.0
RL-s9-b300-a1.00,BTO-s0-b300,20003,0.5
RL-s9-b300-a1.00,BTO-s0-b300,20004,0.5
RL-s9-b300-a1.00,BTO-s0-b300,20005,1.0
RL-s9-b300-a1.00,BTO-s0-b300,20006,0.75
RL-s9-b300-a1.00,BTO-s0-b300,20007,1.0
RL-s9-b300-a1.00,BTO-s0-b300,20008,0.75
RL-s9-b300-a1.00,BTO-s0-b300,20009,0.75
RL-s9-b300-a1.00,BTO-s0-b300,20010,0.75
RL-s9-b300-a1.00,BTO-s0-b300,20011,0.5
RL-s9-b300-a1.00,BTO-s0-b300,20012,0.5
RL-s9-b300-a1.00,BTO-s0-b300,20013,0.5
RL-s9-b300-a1.00,BTO-s0-b300,20014,0.75
RL-s9-b300-a1.00,BTO-s0-b300,20015,1.0
RL-s9-b300-a1.00,BTO-s0-b300,20016,0.5
RL-s9-b300-a1.00,BTO-s0-b300,20017,0.25
RL-s9-b300-a1.00,BTO-s0-b300,20018,0.5
RL-s9-b300-a1.00,BTO-s0-b300,20019,0.5
RL-s9-b300-a1.00,BTO-s0-b300,20020,0.5
RL-s9-b300-a1.00,BTO-s0-b300,20021,0.5
RL-s9-b300-a1.00,BTO-s0-b300,20022,0.75
RL-s9-b300-a1.00,BTO-s0-b300,20023,1.0
RL-s9-b300-a1.00,BTO-s0-b300,20024,0.5
RL-s9-b300-a1.00,BTO-s0-b300,20025,0.75
RL-s9-b300-a1.00,BTO-s0-b300,20026,0.75
RL-s9-b300-a1.00,BTO-s0-b300,20027,0.5
RL-s9-b300-a1.00,BTO-s0-b300,20028,0.5
RL-s9-b300-a1.00,BTO-s0-b300,20029,0.5
RL-s9-b300-a1.00,BTO-s1-b300,20000,1.0
RL-s9-b300-a1.00,BTO-s1-b300,20001,0.5
RL-s9-b300-a1.00,BTO-s1-b300,20002,1.0
RL-s9-b300-a1.00,BTO-s1-b300,20003,0.75
RL-s9-b300-a1.00,BTO-s1-b300,20004,0.75
RL-s9-b300-a1.00,BTO-s1-b300,20005,0.75
RL-s9-b300-a1.00,BTO-s1-b300,20006,0.75
RL-s9-b300-a1.00,BTO-s1-b300,20007,0.75
RL-s9-b300-a1.00,BTO-s1-b300,20008,0.5
RL-s9-b300-a1.00,BTO-s1-b300,20009,0.75
RL-s9-b300-a1.00,BTO-s1-b300,20010,0.75
RL-s9-b300-a1.00,BTO-s1-b300,20011,0.5
RL-s9-b300-a1.00,BTO-s1-b300,20012,0.5
RL-s9-b300-a1.00,BTO-s1-b300,20013,0.75
RL-s9-b300-a1.00,BTO-s1-b300,20014,0.75
RL-s9-b300-a1.00,BTO-s1-b300,20015,1.0
RL-s9-b300-a1.00,BTO-s1-b300,20016,0.5
RL-s9-b300-a1.00,BTO-s1-b300,20017,0.5
RL-s9-b300-a1.00,BTO-s1-b300,20018,0.25
RL-s9-b300-a1.00,BTO-s1-b300,20019,0.5
RL-s9-b300-a1.00,BTO-s1-b300,20020,0.75
RL-s9-b300-a1.00,BTO-s1-b300,20021,0.5
RL-s9-b300-a1.00,BTO-s1-b300,20022,0.5
RL-s9-b300-a1.00,BTO-s1-b300,20023,0.75
RL-s9-b300-a1.00,BTO-s1-b300,20024,0.75
RL-s9-b300-a1.00,BTO-s1-b300,20025,1.0
RL-s9-b300-a1.00,BTO-s1-b300,20026,0.75
RL-s9-b300-a1.00,BTO-s1-b300,20027,0.75
RL-s9-b300-a1.00,BTO-s1-b300,20028,0.5
RL-s9-b300-a1.00,BTO-s1-b300,20029,0.5
RL-s9-b300-a1.00,BTO-s2-b300,20000,1.0
RL-s9-b300-a1.00,BTO-s2-b300,20001,0.5
RL-s9-b300-a1.00,BTO-s2-b300,20002,1.0
RL-s9-b300-a1.00,BTO-s2-b300,20003,0.75
RL-s9-b300-a1.00,BTO-s2-b300,20004,0.5
RL-s9-b300-a1.00,BTO-s2-b300,20005,1.0
RL-s9-b300-a1.00,BTO-s2-b300,20006,0.75
RL-s9-b300-a1.00,BTO-s2-b300,20007,1.0
RL-s9-b300-a1.00,BTO-s2-b300,20008,0.75
RL-s9-b300-a1.00,BTO-s2-b300,20009,1.0
RL-s9-b300-a1.00,BTO-s2-b300,20010,0.5
RL-s9-b300-a1.00,BTO-s2-b300,20011,0.5
RL-s9-b300-a1.00,BTO-s2-b300,20012,0.5
RL-s9-b300-a1.00,BTO-s2-b300,20013,0.75
RL-s9-b300-a1.00,BTO-s2-b300,20014,0.75
RL-s9-b300-a1.00,BTO-s2-b300,20015,1.0
RL-s9-b300-a1.00,BTO-s2-b300,20016,0.25
RL-s9-b300-a1.00,BTO-s2-b300,20017,0.5
RL-s9-b300-a1.00,BTO-s2-b300,20018,0.25
RL-s9-b300-a1.00,BTO-s2-b300,20019,0.5
RL-s9-b300-a1.00,BTO-s2-b300,20020,0.75
RL-s9-b300-a1.00,BTO-s2-b300,20021,0.5
RL-s9-b300-a1.00,BTO-s2-b300,20022,0.75
RL-s9-b300-a1.00,BTO-s2-b300,20023,0.75
RL-s9-b300-a1.00,BTO-s2-b300,20024,0.75
RL-s9-b300-a1.00,BTO-s2-b300,20025,1.0
RL-s9-b300-a1.00,BTO-s2-b300,20026,0.5
RL-s9-b300-a1.00,BTO-s2-b300,20027,0.75
RL-s9-b300-a1.00,BTO-s2-b300,20028,0.25
RL-s9-b300-a1.00,BTO-s2-b300,20029,0.5
RL-s9-b300-a1.00,POOL-s0-b1000,20000,0.5
RL-s9-b300-a1.00,POOL-s0-b1000,20001,0.5
RL-s9-b300-a1.00,POOL-s0-b1000,20002,0.75
RL-s9-b300-a1.00,POOL-s0-b1000,20003,0.75
RL-s9-b300-a1.00,POOL-s0-b1000,20004,0.5
RL-s9-b300-a1.00,POOL-s0-b1000,20005,0.75
RL-s9-b300-a1.00,POOL-s0-b1000,20006,0.75
RL-s9-b300-a1.00,POOL-s0-b1000,20007,0.75
RL-s9-b300-a1.00,POOL-s0-b1000,20008,0.5
RL-s9-b300-a1.00,POOL-s0-b1000,20009,0.75
RL-s9-b300-a1.00,POOL-s0-b1000,20010,0.75
RL-s9-b300-a1.00,POOL-s0-b1000,20011,0.25
RL-s9-b300-a1.00,POOL-s0-b1000,20012,0.25
RL-s9-b300-a1.00,POOL-s0-b1000,20013,0.5
RL-s9-b300-a1.00,POOL-s0-b1000,20014,0.5
RL-s9-b300-a1.00,POOL-s0-b1000,20015,0.5
RL-s9-b300-a1.00,POOL-s0-b1000,20016,0.75
RL-s9-b300-a1.00,POOL-s0-b1000,20017,0.5
RL-s9-b300-a1.00,POOL-s0-b1000,20018,0.5
RL-s9-b300-a1.00,POOL-s0-b1000,20019,0.25
RL-s9-b300-a1.00,POOL-s0-b1000,20020,0.5
RL-s9-b300-a1.00,POOL-s0-b1000,20021,0.5
RL-s9-b300-a1.00,POOL-s0-b1000,20022,0.5
RL-s9-b300-a1.00,POOL-s0-b1000,20023,0.5
RL-s9-b300-a1.00,POOL-s0-b1000,20024,0.5
RL-s9-b300-a1.00,POOL-s0-b1000,20025,0.5
RL-s9-b300-a1.00,POOL-s0-b1000,20026,0.5
RL-s9-b300-a1.00,POOL-s0-b1000,20027,0.25
RL-s9-b300-a1.00,POOL-s0-b1000,20028,0.5
RL-s9-b300-a1.00,POOL-s0-b1000,20029,0.5
RL-s9-b300-a1.00,POOL-s1-b1000,20000,0.5
RL-s9-b300-a1.00,POOL-s1-b1000,20001,0.5
RL-s9-b300-a1.00,POOL-s1-b1000,20002,0.25
RL-s9-b300-a1.00,POOL-s1-b1000,20003,0.5
RL-s9-b300-a1.00,POOL-s1-b1000,20004,0.5
RL-s9-b300-a1.00,POOL-s1-b1000,20005,0.25
RL-s9-b300-a1.00,POOL-s1-b1000,20006,0.5
RL-s9-b300-a1.00,POOL-s1-b1000,20007,0.25
RL-s9-b300-a1.00,POOL-s1-b1000,20008,0.25
RL-s9-b300-a1.00,POOL-s1-b1000,20009,0.5
RL-s9-b300-a1.00,POOL-s1-b1000,20010,0.5
RL-s9-b300-a1.00,POOL-s1-b1000,20011,0.5
RL-s9-b300-a1.00,POOL-s1-b1000,20012,0.5
RL-s9-b300-a1.00,POOL-s1-b1000,20013,0.5
RL-s9-b300-a1.00,POOL-s1-b1000,20014,0.5
RL-s9-b300-a1.00,POOL-s1-b1000,20015,0.5
RL-s9-b300-a1.00,POOL-s1-b1000,20016,0.5
RL-s9-b300-a1.00,POOL-s1-b1000,20017,0.5
RL-s9-b300-a1.00,POOL-s1-b1000,20018,0.5
RL-s9-b300-a1.00,POOL-s1-b1000,20019,0.5
RL-s9-b300-a1.00,POOL-s1-b1000,20020,0.5
RL-s9-b300-a1.00,POOL-s1-b1000,20021,0.75
RL-s9-b300-a1.00,POOL-s1-b1000,20022,0.5
RL-s9-b300-a1.00,POOL-s1-b1000,20023,0.25
RL-s9-b300-a1.00,POOL-s1-b1000,20024,0.5
RL-s9-b300-a1.00,POOL-s1-b1000,20025,0.5
RL-s9-b300-a1.00,POOL-s1-b1000,20026,0.25
RL-s9-b300-a1.00,POOL-s1-b1000,20027,0.5
RL-s9-b300-a1.00,POOL-s1-b1000,20028,0.5
RL-s9-b300-a1.00,POOL-s1-b1000,20029,0.5
RL-s9-b300-a1.00,POOL-s2-b1000,20000,0.5
RL-s9-b300-a1.00,POOL-s2-b1000,20001,0.25
RL-s9-b300-a1.00,POOL-s2-b1000,20002,0.75
RL-s9-b300-a1.00,POOL-s2-b1000,20003,0.5
RL-s9-b300-a1.00,POOL-s2-b1000,20004,0.5
RL-s9-b300-a1.00,POOL-s2-b1000,20005,0.75
RL-s9-b300-a1.00,POOL-s2-b1000,20006,0.5
RL-s9-b300-a1.00,POOL-s2-b1000,20007,0.0
RL-s9-b300-a1.00,POOL-s2-b1000,20008,0.25
RL-s9-b300-a1.00,POOL-s2-b1000,20009,0.75
RL-s9-b300-a1.00,POOL-s2-b1000,20010,0.75
RL-s9-b300-a1.00,POOL-s2-b1000,20011,0.25
RL-s9-b300-a1.00,POOL-s2-b1000,20012,0.25
RL-s9-b300-a1.00,POOL-s2-b1000,20013,0.5
RL-s9-b300-a1.00,POOL-s2-b1000,20014,0.25
RL-s9-b300-a1.00,POOL-s2-b1000,20015,0.5
RL-s9-b300-a1.00,POOL-s2-b1000,20016,0.5
RL-s9-b300-a1.00,POOL-s2-b1000,20017,0.75
RL-s9-b300-a1.00,POOL-s2-b1000,20018,0.5
RL-s9-b300-a1.00,POOL-s2-b1000,20019,0.25
RL-s9-b300-a1.00,POOL-s2-b1000,20020,0.5
RL-s9-b300-a1.00,POOL-s2-b1000,20021,0.5
RL-s9-b300-a1.00,POOL-s2-b1000,20022,0.5
RL-s9-b300-a1.00,POOL-s2-b1000,20023,0.5
RL-s9-b300-a1.00,POOL-s2-b1000,20024,0.5
RL-s9-b300-a1.00,POOL-s2-b1000,20025,0.25
RL-s9-b300-a1.00,POOL-s2-b1000,20026,0.5
RL-s9-b300-a1.00,POOL-s2-b1000,20027,0.5
RL-s9-b300-a1.00,POOL-s2-b1000,20028,0.5
RL-s9-b300-a1.00,POOL-s2-b1000,20029,0.25
RL-s9-b300-a1.00,POOL-s3-b1000,20000,0.5
RL-s9-b300-a1.00,POOL-s3-b1000,20001,0.5
RL-s9-b300-a1.00,POOL-s3-b1000,20002,0.5
RL-s9-b300-a1.00,POOL-s3-b1000,20003,0.5
RL-s9-b300-a1.00,POOL-s3-b1000,20004,0.5
RL-s9-b300-a1.00,POOL-s3-b1000,20005,0.75
RL-s9-b300-a1.00,POOL-s3-b1000,20006,0.5
RL-s9-b300-a1.00,POOL-s3-b1000,20007,0.0
RL-s9-b300-a1.00,POOL-s3-b1000,20008,0.5
RL-s9-b300-a1.00,POOL-s3-b1000,20009,0.5
RL-s9-b300-a1.00,POOL-s3-b1000,20010,0.5
RL-s9-b300-a1.00,POOL-s3-b1000,20011,0.5
RL-s9-b300-a1.00,POOL-s3-b1000,20012,0.5
RL-s9-b300-a1.00,POOL-s3-b1000,20013,0.5
RL-s9-b300-a1.00,POOL-s3-b1000,20014,0.25
RL-s9-b300-a1.00,POOL-s3-b1000,20015,0.5
RL-s9-b300-a1.00,POOL-s3-b1000,20016,0.5
RL-s9-b300-a1.00,POOL-s3-b1000,20017,0.5
RL-s9-b300-a1.00,POOL-s3-b1000,20018,0.5
RL-s9-b300-a1.00,POOL-s3-b1000,20019,0.5
RL-s9-b300-a1.00,POOL-s3-b1000,20020,0.5
RL-s9-b300-a1.00,POOL-s3-b1000,20021,0.5
RL-s9-b300-a1.00,POOL-s3-b1000,20022,0.5
RL-s9-b300-a1.00,POOL-s3-b1000,20023,0.25
RL-s9-b300-a1.00,POOL-s3-b1000,20024,0.5
RL-s9-b300-a1.00,POOL-s3-b1000,20025,0.5
RL-s9-b300-a1.00,POOL-s3-b1000,20026,0.5
RL-s9-b300-a1.00,POOL-s3-b1000,20027,0.5
RL-s9-b300-a1.00,POOL-s3-b1000,20028,0.5
RL-s9-b300-a1.00,POOL-s3-b1000,20029,0.5
RL-s9-b300-a1.00,POOL-s4-b1000,20000,0.5
RL-s9-b300-a1.00,POOL-s4-b1000,20001,0.5
RL-s9-b300-a1.00,POOL-s4-b1000,20002,0.5
RL-s9-b300-a1.00,POOL-s4-b1000,20003,0.5
RL-s9-b300-a1.00,POOL-s4-b1000,20004,0.5
RL-s9-b300-a1.00,POOL-s4-b1000,20005,0.75
RL-s9-b300-a1.00,POOL-s4-b1000,20006,0.5
RL-s9-b300-a1.00,POOL-s4-b1000,20007,0.5
RL-s9-b300-a1.00,POOL-s4-b1000,20008,0.5
RL-s9-b300-a1.00,POOL-s4-b1000,20009,0.25
RL-s9-b300-a1.00,POOL-s4-b1000,20010,0.5
RL-s9-b300-a1.00,POOL-s4-b1000,20011,0.75
RL-s9-b300-a1.00,POOL-s4-b1000,20012,0.5
RL-s9-b300-a1.00,POOL-s4-b1000,20013,0.5
RL-s9-b300-a1.00,POOL-s4-b1000,20014,0.5
RL-s9-b300-a1.00,POOL-s4-b1000,20015,0.5
RL-s9-b300-a1.00,POOL-s4-b1000,20016,0.5
RL-s9-b300-a1.00,POOL-s4-b1000,20017,0.75
RL-s9-b300-a1.00,POOL-s4-b1000,20018,0.5
RL-s9-b300-a1.00,POOL-s4-b1000,20019,0.5
RL-s9-b300-a1.00,POOL-s4-b1000,20020,0.5
RL-s9-b300-a1.00,POOL-s4-b1000,20021,0.5
RL-s9-b300-a1.00,POOL-s4-b1000,20022,0.5
RL-s9-b300-a1.00,POOL-s4-b1000,20023,0.5
RL-s9-b300-a1.00,POOL-s4-b1000,20024,0.5
RL-s9-b300-a1.00,POOL-s4-b1000,20025,0.5
RL-s9-b300-a1.00,POOL-s4-b1000,20026,0.75
RL-s9-b300-a1.00,POOL-s4-b1000,20027,0.5
RL-s9-b300-a1.00,POOL-s4-b1000,20028,0.5
RL-s9-b300-a1.00,POOL-s4-b1000,20029,0.5
BTO-s0-b300,BTO-s1-b300,20000,0.25
BTO-s0-b300,BTO-s1-b300,20001,0.5
BTO-s0-b300,BTO-s1-b300,20002,0.5
BTO-s0-b300,BTO-s1-b300,20003,0.5
BTO-s0-b300,BTO-s1-b300,20004,0.5
BTO-s0-b300,BTO-s1-b300,20005,0.5
BTO-s0-b300,BTO-s1-b300,20006,0.25
BTO-s0-b300,BTO-s1-b300,20007,0.5
BTO-s0-b300,BTO-s1-b300,20008,0.5
BTO-s0-b300,BTO-s1-b300,20009,0.75
BTO-s0-b300,BTO-s1-b300,20010,0.5
BTO-s0-b300,BTO-s1-b300,20011,0.5
BTO-s0-b300,BTO-s1-b300,20012,0.5
BTO-s0-b300,BTO-s1-b300,20013,0.5
BTO-s0-b300,BTO-s1-b300,20014,0.25
BTO-s0-b300,BTO-s1-b300,20015,0.25
BTO-s0-b300,BTO-s1-b300,20016,0.75
BTO-s0-b300,BTO-s1-b300,20017,0.5
BTO-s0-b300,BTO-s1-b300,20018,0.25
BTO-s0-b300,BTO-s1-b300,20019,0.5
BTO-s0-b300,BTO-s1-b300,20020,0.75
BTO-s0-b300,BTO-s1-b300,20021,0.5
BTO-s0-b300,BTO-s1-b300,20022,0.5
BTO-s0-b300,BTO-s1-b300,20023,0.5
BTO-s0-b300,BTO-s1-b300,20024,0.5
BTO-s0-b300,BTO-s1-b300,20025,0.5
BTO-s0-b300,BTO-s1-b300,20026,0.5
BTO-s0-b300,BTO-s1-b300,20027,0.5
BTO-s0-b300,BTO-s1-b300,20028,0.0
BTO-s0-b300,BTO-s1-b300,20029,0.5
BTO-s0-b300,BTO-s2-b300,20000,0.5
BTO-s0-b300,BTO-s2-b300,20001,0.5
BTO-s0-b300,BTO-s2-b300,20002,0.25
BTO-s0-b300,BTO-s2-b300,20003,0.25
BTO-s0-b300,BTO-s2-b300,20004,0.5
BTO-s0-b300,BTO-s2-b300,20005,0.5
BTO-s0-b300,BTO-s2-b300,20006,0.5
BTO-s0-b300,BTO-s2-b300,20007,0.5
BTO-s0-b300,BTO-s2-b300,20008,0.5
BTO-s0-b300,BTO-s2-b300,20009,0.25
BTO-s0-b300,BTO-s2-b300,20010,0.5
BTO-s0-b300,BTO-s2-b300,20011,0.5
BTO-s0-b300,BTO-s2-b300,20012,0.5
BTO-s0-b300,BTO-s2-b300,20013,0.5
BTO-s0-b300,BTO-s2-b300,20014,0.25
BTO-s0-b300,BTO-s2-b300,20015,0.5
BTO-s0-b300,BTO-s2-b300,20016,0.25
BTO-s0-b300,BTO-s2-b300,20017,0.5
BTO-s0-b300,BTO-s2-b300,20018,0.0
BTO-s0-b300,BTO-s2-b300,20019,0.5
BTO-s0-b300,BTO-s2-b300,20020,0.25
BTO-s0-b300,BTO-s2-b300,20021,0.5
BTO-s0-b300,BTO-s2-b300,20022,0.25
BTO-s0-b300,BTO-s2-b300,20023,0.5
BTO-s0-b300,BTO-s2-b300,20024,0.5
BTO-s0-b300,BTO-s2-b300,20025,0.5
BTO-s0-b300,BTO-s2-b300,20026,0.5
BTO-s0-b300,BTO-s2-b300,20027,0.5
BTO-s0-b300,BTO-s2-b300,20028,0.5
BTO-s0-b300,BTO-s2-b300,20029,0.5
BTO-s0-b300,POOL-s0-b1000,20000,0.25
BTO-s0-b300,POOL-s0-b1000,20001,0.25
BTO-s0-b300,POOL-s0-b1000,20002,0.25
BTO-s0-b300,POOL-s0-b1000,20003,0.0
BTO-s0-b300,POOL-s0-b1000,20004,0.0
BTO-s0-b300,POOL-s0-b1000,20005,0.0
BTO-s0-b300,POOL-s0-b1000,20006,0.0
BTO-s0-b300,POOL-s0-b1000,20007,0.0
BTO-s0-b300,POOL-s0-b1000,20008,0.25
BTO-s0-b300,POOL-s0-b1000,20009,0.25
BTO-s0-b300,POOL-s0-b1000,20010,0.5
BTO-s0-b300,POOL-s0-b1000,20011,0.0
BTO-s0-b300,POOL-s0-b1000,20012,0.0
BTO-s0-b300,POOL-s0-b1000,20013,0.0
BTO-s0-b300,POOL-s0-b1000,20014,0.0
BTO-s0-b300,POOL-s0-b1000,20015,0.25
BTO-s0-b300,POOL-s0-b1000,20016,0.75
BTO-s0-b300,POOL-s0-b1000,20017,0.0
BTO-s0-b300,POOL-s0-b1000,20018,0.0
BTO-s0-b300,POOL-s0-b1000,20019,0.0
BTO-s0-b300,POOL-s0-b1000,20020,0.25
BTO-s0-b300,POOL-s0-b1000,20021,0.25
BTO-s0-b300,POOL-s0-b1000,20022,0.0
BTO-s0-b300,POOL-s0-b1000,20023,0.0
BTO-s0-b300,POOL-s0-b1000,20024,0.0
BTO-s0-b300,POOL-s0-b1000,20025,0.0
BTO-s0-b300,POOL-s0-b1000,20026,0.0
BTO-s0-b300,POOL-s0-b1000,20027,0.25
BTO-s0-b300,POOL-s0-b1000,20028,0.25
BTO-s0-b300,POOL-s0-b1000,20029,0.25
BTO-s0-b300,POOL-s1-b1000,20000,0.0
BTO-s0-b300,POOL-s1-b1000,20001,0.0
BTO-s0-b300,POOL-s1-b1000,20002,0.0
BTO-s0-b300,POOL-s1-b1000,20003,0.25
BTO-s0-b300,POOL-s1-b1000,20004,0.25
BTO-s0-b300,POOL-s1-b1000,20005,0.0
BTO-s0-b300,POOL-s1-b1000,20006,0.0
BTO-s0-b300,POOL-s1-b1000,20007,0.0
BTO-s0-b300,POOL-s1-b1000,20008,0.0
BTO-s0-b300,POOL-s1-b1000,20009,0.0
BTO-s0-b300,POOL-s1-b1000,20010,0.0
BTO-s0-b300,POOL-s1-b1000,20011,0.5
BTO-s0-b300,POOL-s1-b1000,20012,0.5
BTO-s0-b300,POOL-s1-b1000,20013,0.0
BTO-s0-b300,POOL-s1-b1000,20014,0.0
BTO-s0-b300,POOL-s1-b1000,20015,0.0
BTO-s0-b300,POOL-s1-b1000,20016,0.0
BTO-s0-b300,POOL-s1-b1000,20017,0.0
BTO-s0-b300,POOL-s1-b1000,20018,0.5
BTO-s0-b300,POOL-s1-b1000,20019,0.5
BTO-s0-b300,POOL-s1-b1000,20020,0.0
BTO-s0-b300,POOL-s1-b1000,20021,0.5
BTO-s0-b300,POOL-s1-b1000,20022,0.25
BTO-s0-b300,POOL-s1-b1000,20023,0.0
BTO-s0-b300,POOL-s1-b1000,20024,0.0
BTO-s0-b300,POOL-s1-b1000,20025,0.0
BTO-s0-b300,POOL-s1-b1000,20026,0.25
BTO-s0-b300,POOL-s1-b1000,20027,0.0
BTO-s0-b300,POOL-s1-b1000,20028,0.0
BTO-s0-b300,POOL-s1-b1000,20029,0.75
BTO-s0-b300,POOL-s2-b1000,20000,0.0
BTO-s0-b300,POOL-s2-b1000,20001,0.0
BTO-s0-b300,POOL-s2-b1000,20002,0.0
BTO-s0-b300,POOL-s2-b1000,20003,0.5
BTO-s0-b300,POOL-s2-b1000,20004,0.25
BTO-s0-b300,POOL-s2-b1000,20005,0.25
BTO-s0-b300,POOL-s2-b1000,20006,0.0
BTO-s0-b300,POOL-s2-b1000,20007,0.5
BTO-s0-b300,POOL-s2-b1000,20008,0.0
BTO-s0-b300,POOL-s2-b1000,20009,0.0
BTO-s0-b300,POOL-s2-b1000,20010,0.0
BTO-s0-b300,POOL-s2-b1000,20011,0.0
BTO-s0-b300,POOL-s2-b1000,20012,0.0
BTO-s0-b300,POOL-s2-b1000,20013,0.0
BTO-s0-b300,POOL-s2-b1000,20014,0.0
BTO-s0-b300,POOL-s2-b1000,20015,0.0
BTO-s0-b300,POOL-s2-b1000,20016,0.0
BTO-s0-b300,POOL-s2-b1000,20017,0.0
BTO-s0-b300,POOL-s2-b1000,20018,0.0
BTO-s0-b300,POOL-s2-b1000,20019,0.0
BTO-s0-b300,POOL-s2-b1000,20020,0.0
BTO-s0-b300,POOL-s2-b1000,20021,0.0
BTO-s0-b300,POOL-s2-b1000,20022,0.0
BTO-s0-b300,POOL-s2-b1000,20023,0.0
BTO-s0-b300,POOL-s2-b1000,20024,0.0
BTO-s0-b300,POOL-s2-b1000,20025,0.25
BTO-s0-b300,POOL-s2-b1000,20026,0.0
BTO-s0-b300,POOL-s2-b1000,20027,0.0
BTO-s0-b300,POOL-s2-b1000,20028,0.0
BTO-s0-b300,POOL-s2-b1000,20029,0.0
BTO-s0-b300,POOL-s3-b1000,20000,0.25
BTO-s0-b300,POOL-s3-b1000,20001,0.5
BTO-s0-b300,POOL-s3-b1000,20002,0.0
BTO-s0-b300,POOL-s3-b1000,20003,0.5
BTO-s0-b300,POOL-s3-b1000,20004,0.0
BTO-s0-b300,POOL-s3-b1000,20005,0.25
BTO-s0-b300,POOL-s3-b1000,20006,0.0
BTO-s0-b300,POOL-s3-b1000,20007,0.0
BTO-s0-b300,POOL-s3-b1000,20008,0.25
BTO-s0-b300,POOL-s3-b1000,20009,0.25
BTO-s0-b300,POOL-s3-b1000,20010,0.0
BTO-s0-b300,POOL-s3-b1000,20011,0.0
BTO-s0-b300,POOL-s3-b1000,20012,0.0
BTO-s0-b300,POOL-s3-b1000,20013,0.25
BTO-s0-b300,POOL-s3-b1000,20014,0.5
BTO-s0-b300,POOL-s3-b1000,20015,0.25
BTO-s0-b300,POOL-s3-b1000,20016,0.0
BTO-s0-b300,POOL-s3-b1000,20017,0.25
BTO-s0-b300,POOL-s3-b1000,20018,0.0
BTO-s0-b300,POOL-s3-b1000,20019,0.5
BTO-s0-b300,POOL-s3-b1000,20020,0.25
BTO-s0-b300,POOL-s3-b1000,20021,0.0
BTO-s0-b300,POOL-s3-b1000,20022,0.25
BTO-s0-b300,POOL-s3-b1000,20023,0.25
BTO-s0-b300,POOL-s3-b1000,20024,0.25
BTO-s0-b300,POOL-s3-b1000,20025,0.25
BTO-s0-b300,POOL-s3-b1000,20026,0.0
BTO-s0-b300,POOL-s3-b1000,20027,0.0
BTO-s0-b300,POOL-s3-b1000,20028,0.5
BTO-s0-b300,POOL-s3-b1000,20029,0.5
BTO-s0-b300,POOL-s4-b1000,20000,0.0
BTO-s0-b300,POOL-s4-b1000,20001,0.75
BTO-s0-b300,POOL-s4-b1000,20002,0.0
BTO-s0-b300,POOL-s4-b1000,20003,0.25
BTO-s0-b300,POOL-s4-b1000,20004,0.25
BTO-s0-b300,POOL-s4-b1000,20005,0.25
BTO-s0-b300,POOL-s4-b1000,20006,0.0
BTO-s0-b300,POOL-s4-b1000,20007,0.0
BTO-s0-b300,POOL-s4-b1000,20008,0.0
BTO-s0-b300,POOL-s4-b1000,20009,0.25
BTO-s0-b300,POOL-s4-b1000,20010,0.5
BTO-s0-b300,POOL-s4-b1000,20011,0.5
BTO-s0-b300,POOL-s4-b1000,20012,0.25
BTO-s0-b300,POOL-s4-b1000,20013,0.0
BTO-s0-b300,POOL-s4-b1000,20014,0.25
BTO-s0-b300,POOL-s4-b1000,20015,0.25
BTO-s0-b300,POOL-s4-b1000,20016,0.0
BTO-s0-b300,POOL-s4-b1000,20017,0.0
BTO-s0-b300,POOL-s4-b1000,20018,0.0
BTO-s0-b300,POOL-s4-b1000,20019,0.5
BTO-s0-b300,POOL-s4-b1000,20020,0.0
BTO-s0-b300,POOL-s4-b1000,20021,0.0
BTO-s0-b300,POOL-s4-b1000,20022,0.0
BTO-s0-b300,POOL-s4-b1000,20023,0.0
BTO-s0-b300,POOL-s4-b1000,20024,0.25
BTO-s0-b300,POOL-s4-b1000,20025,0.0
BTO-s0-b300,POOL-s4-b1000,20026,0.0
BTO-s0-b300,POOL-s4-b1000,20027,0.25
BTO-s0-b300,POOL-s4-b1000,20028,0.5
BTO-s0-b300,POOL-s4-b1000,20029,0.5
BTO-s1-b300,BTO-s2-b300,20000,0.25
BTO-s1-b300,BTO-s2-b300,20001,0.5
BTO-s1-b300,BTO-s2-b300,20002,0.25
BTO-s1-b300,BTO-s2-b300,20003,0.25
BTO-s1-b300,BTO-s2-b300,20004,0.5
BTO-s1-b300,BTO-s2-b300,20005,0.5
BTO-s1-b300,BTO-s2-b300,20006,0.75
BTO-s1-b300,BTO-s2-b300,20007,0.5
BTO-s1-b300,BTO-s2-b300,20008,0.5
BTO-s1-b300,BTO-s2-b300,20009,0.5
BTO-s1-b300,BTO-s2-b300,20010,0.25
BTO-s1-b300,BTO-s2-b300,20011,0.5
BTO-s1-b300,BTO-s2-b300,20012,0.0
BTO-s1-b300,BTO-s2-b300,20013,0.5
BTO-s1-b300,BTO-s2-b300,20014,0.5
BTO-s1-b300,BTO-s2-b300,20015,0.75
BTO-s1-b300,BTO-s2-b300,20016,0.25
BTO-s1-b300,BTO-s2-b300,20017,0.5
BTO-s1-b300,BTO-s2-b300,20018,0.75
BTO-s1-b300,BTO-s2-b300,20019,0.5
BTO-s1-b300,BTO-s2-b300,20020,0.75
BTO-s1-b300,BTO-s2-b300,20021,0.5
BTO-s1-b300,BTO-s2-b300,20022,0.25
BTO-s1-b300,BTO-s2-b300,20023,0.5
BTO-s1-b300,BTO-s2-b300,20024,0.25
BTO-s1-b300,BTO-s2-b300,20025,0.5
BTO-s1-b300,BTO-s2-b300,20026,0.0
BTO-s1-b300,BTO-s2-b300,20027,0.5
BTO-s1-b300,BTO-s2-b300,20028,0.5
BTO-s1-b300,BTO-s2-b300,20029,0.5
BTO-s1-b300,POOL-s0-b1000,20000,0.5
BTO-s1-b300,POOL-s0-b1000,20001,0.0
BTO-s1-b300,POOL-s0-b1000,20002,0.0
BTO-s1-b300,POOL-s0-b1000,20003,0.25
BTO-s1-b300,POOL-s0-b1000,20004,0.25
BTO-s1-b300,POOL-s0-b1000,20005,0.0
BTO-s1-b300,POOL-s0-b1000,20006,0.0
BTO-s1-b300,POOL-s0-b1000,20007,0.0
BTO-s1-b300,POOL-s0-b1000,20008,0.0
BTO-s1-b300,POOL-s0-b1000,20009,0.0
BTO-s1-b300,POOL-s0-b1000,20010,0.25
BTO-s1-b300,POOL-s0-b1000,20011,0.0
BTO-s1-b300,POOL-s0-b1000,20012,0.0
BTO-s1-b300,POOL-s0-b1000,20013,0.25
BTO-s1-b300,POOL-s0-b1000,20014,0.0
BTO-s1-b300,POOL-s0-b1000,20015,0.25
BTO-s1-b300,POOL-s0-b1000,20016,0.0
BTO-s1-b300,POOL-s0-b1000,20017,0.0
BTO-s1-b300,POOL-s0-b1000,20018,0.25
BTO-s1-b300,POOL-s0-b1000,20019,0.0
BTO-s1-b300,POOL-s0-b1000,20020,0.0
BTO-s1-b300,POOL-s0-b1000,20021,0.0
BTO-s1-b300,POOL-s0-b1000,20022,0.25
BTO-s1-b300,POOL-s0-b1000,20023,0.0
BTO-s1-b300,POOL-s0-b1000,20024,0.5
BTO-s1-b300,POOL-s0-b1000,20025,0.25
BTO-s1-b300,POOL-s0-b1000,20026,0.0
BTO-s1-b300,POOL-s0-b1000,20027,0.25
BTO-s1-b300,POOL-s0-b1000,20028,0.25
BTO-s1-b300,POOL-s0-b1000,20029,0.25
BTO-s1-b300,POOL-s1-b1000,20000,0.0
BTO-s1-b300,POOL-s1-b1000,20001,0.0
BTO-s1-b300,POOL-s1-b1000,20002,0.0
BTO-s1-b300,POOL-s1-b1000,20003,0.0
BTO-s1-b300,POOL-s1-b1000,20004,0.0
BTO-s1-b300,POOL-s1-b1000,20005,0.0
BTO-s1-b300,POOL-s1-b1000,20006,0.0
BTO-s1-b300,POOL-s1-b1000,20007,0.0
BTO-s1-b300,POOL-s1-b1000,20008,0.0
BTO-s1-b300,POOL-s1-b1000,20009,0.0
BTO-s1-b300,POOL-s1-b1000,20010,0.0
BTO-s1-b300,POOL-s1-b1000,20011,0.5
BTO-s1-b300,POOL-s1-b1000,20012,0.5
BTO-s1-b300,POOL-s1-b1000,20013,0.0
BTO-s1-b300,POOL-s1-b1000,20014,0.0
BTO-s1-b300,POOL-s1-b1000,20015,0.0
BTO-s1-b300,POOL-s1-b1000,20016,0.0
BTO-s1-b300,POOL-s1-b1000,20017,0.25
BTO-s1-b300,POOL-s1-b1000,20018,0.5
BTO-s1-b300,POOL-s1-b1000,20019,0.5
BTO-s1-b300,POOL-s1-b1000,20020,0.25
BTO-s1-b300,POOL-s1-b1000,20021,0.0
BTO-s1-b300,POOL-s1-b1000,20022,0.25
BTO-s1-b300,POOL-s1-b1000,20023,0.0
BTO-s1-b300,POOL-s1-b1000,20024,0.25
BTO-s1-b300,POOL-s1-b1000,20025,0.0
BTO-s1-b300,POOL-s1-b1000,20026,0.25
BTO-s1-b300,POOL-s1-b1000,20027,0.0
BTO-s1-b300,POOL-s1-b1000,20028,0.0
BTO-s1-b300,POOL-s1-b1000,20029,0.5
BTO-s1-b300,POOL-s2-b1000,20000,0.0
BTO-s1-b300,POOL-s2-b1000,20001,0.0
BTO-s1-b300,POOL-s2-b1000,20002,0.0
BTO-s1-b300,POOL-s2-b1000,20003,0.25
BTO-s1-b300,POOL-s2-b1000,20004,0.25
BTO-s1-b300,POOL-s2-b1000,20005,0.5
BTO-s1-b300,POOL-s2-b1000,20006,0.0
BTO-s1-b300,POOL-s2-b1000,20007,0.25
BTO-s1-b300,POOL-s2-b1000,20008,0.25
BTO-s1-b300,POOL-s2-b1000,20009,0.0
BTO-s1-b300,POOL-s2-b1000,20010,0.0
BTO-s1-b300,POOL-s2-b1000,20011,0.5
BTO-s1-b300,POOL-s2-b1000,20012,0.0
BTO-s1-b300,POOL-s2-b1000,20013,0.0
BTO-s1-b300,POOL-s2-b1000,20014,0.25
BTO-s1-b300,POOL-s2-b1000,20015,0.0
BTO-s1-b300,POOL-s2-b1000,20016,0.0
BTO-s1-b300,POOL-s2-b1000,20017,0.0
BTO-s1-b300,POOL-s2-b1000,20018,0.25
BTO-s1-b300,POOL-s2-b1000,20019,0.0
BTO-s1-b300,POOL-s2-b1000,20020,0.25
BTO-s1-b300,POOL-s2-b1000,20021,0.0
BTO-s1-b300,POOL-s2-b1000,20022,0.25
BTO-s1-b300,POOL-s2-b1000,20023,0.0
BTO-s1-b300,POOL-s2-b1000,20024,0.25
BTO-s1-b300,POOL-s2-b1000,20025,0.0
BTO-s1-b300,POOL-s2-b1000,20026,0.0
BTO-s1-b300,POOL-s2-b1000,20027,0.25
BTO-s1-b300,POOL-s2-b1000,20028,0.5
BTO-s1-b300,POOL-s2-b1000,20029,0.0
BTO-s1-b300,POOL-s3-b1000,20000,0.25
BTO-s1-b300,POOL-s3-b1000,20001,0.5
BTO-s1-b300,POOL-s3-b1000,20002,0.25
BTO-s1-b300,POOL-s3-b1000,20003,0.25
BTO-s1-b300,POOL-s3-b1000,20004,0.25
BTO-s1-b300,POOL-s3-b1000,20005,0.5
BTO-s1-b300,POOL-s3-b1000,20006,0.25
BTO-s1-b300,POOL-s3-b1000,20007,0.25
BTO-s1-b300,POOL-s3-b1000,20008,0.75
BTO-s1-b300,POOL-s3-b1000,20009,0.0
BTO-s1-b300,POOL-s3-b1000,20010,0.0
BTO-s1-b300,POOL-s3-b1000,20011,0.0
BTO-s1-b300,POOL-s3-b1000,20012,0.0
BTO-s1-b300,POOL-s3-b1000,20013,0.0
BTO-s1-b300,POOL-s3-b1000,20014,0.25
BTO-s1-b300,POOL-s3-b1000,20015,0.25
BTO-s1-b300,POOL-s3-b1000,20016,0.25
BTO-s1-b300,POOL-s3-b1000,20017,0.5
BTO-s1-b300,POOL-s3-b1000,20018,0.25
BTO-s1-b300,POOL-s3-b1000,20019,0.0
BTO-s1-b300,POOL-s3-b1000,20020,0.25
BTO-s1-b300,POOL-s3-b1000,20021,0.0
BTO-s1-b300,POOL-s3-b1000,20022,0.25
BTO-s1-b300,POOL-s3-b1000,20023,0.0
BTO-s1-b300,POOL-s3-b1000,20024,0.25
BTO-s1-b300,POOL-s3-b1000,20025,0.25
BTO-s1-b300,POOL-s3-b1000,20026,0.0
BTO-s1-b300,POOL-s3-b1000,20027,0.25
BTO-s1-b300,POOL-s3-b1000,20028,0.25
BTO-s1-b300,POOL-s3-b1000,20029,0.0
BTO-s1-b300,POOL-s4-b1000,20000,0.0
BTO-s1-b300,POOL-s4-b1000,20001,0.0
BTO-s1-b300,POOL-s4-b1000,20002,0.5
BTO-s1-b300,POOL-s4-b1000,20003,0.0
BTO-s1-b300,POOL-s4-b1000,20004,0.25
BTO-s1-b300,POOL-s4-b1000,20005,0.25
BTO-s1-b300,POOL-s4-b1000,20006,0.5
BTO-s1-b300,POOL-s4-b1000,20007,0.0
BTO-s1-b300,POOL-s4-b1000,20008,0.25
BTO-s1-b300,POOL-s4-b1000,20009,0.0
BTO-s1-b300,POOL-s4-b1000,20010,0.0
BTO-s1-b300,POOL-s4-b1000,20011,0.5
BTO-s1-b300,POOL-s4-b1000,20012,0.5
BTO-s1-b300,POOL-s4-b1000,20013,0.25
BTO-s1-b300,POOL-s4-b1000,20014,0.0
BTO-s1-b300,POOL-s4-b1000,20015,0.0
BTO-s1-b300,POOL-s4-b1000,20016,0.0
BTO-s1-b300,POOL-s4-b1000,20017,0.75
BTO-s1-b300,POOL-s4-b1000,20018,0.25
BTO-s1-b300,POOL-s4-b1000,20019,0.5
BTO-s1-b300,POOL-s4-b1000,20020,0.0
BTO-s1-b300,POOL-s4-b1000,20021,0.25
BTO-s1-b300,POOL-s4-b1000,20022,0.25
BTO-s1-b300,POOL-s4-b1000,20023,0.0
BTO-s1-b300,POOL-s4-b1000,20024,0.25
BTO-s1-b300,POOL-s4-b1000,20025,0.0
BTO-s1-b300,POOL-s4-b1000,20026,0.0
BTO-s1-b300,POOL-s4-b1000,20027,0.25
BTO-s1-b300,POOL-s4-b1000,20028,0.0
BTO-s1-b300,POOL-s4-b1000,20029,0.5
BTO-s2-b300,POOL-s0-b1000,20000,0.5
BTO-s2-b300,POOL-s0-b1000,20001,0.0
BTO-s2-b300,POOL-s0-b1000,20002,0.5
BTO-s2-b300,POOL-s0-b1000,20003,0.5
BTO-s2-b300,POOL-s0-b1000,20004,0.25
BTO-s2-b300,POOL-s0-b1000,20005,0.0
BTO-s2-b300,POOL-s0-b1000,20006,0.25
BTO-s2-b300,POOL-s0-b1000,20007,0.0
BTO-s2-b300,POOL-s0-b1000,20008,0.25
BTO-s2-b300,POOL-s0-b1000,20009,0.0
BTO-s2-b300,POOL-s0-b1000,20010,0.75
BTO-s2-b300,POOL-s0-b1000,20011,0.0
BTO-s2-b300,POOL-s0-b1000,20012,0.0
BTO-s2-b300,POOL-s0-b1000,20013,0.5
BTO-s2-b300,POOL-s0-b1000,20014,0.5
BTO-s2-b300,POOL-s0-b1000,20015,0.5
BTO-s2-b300,POOL-s0-b1000,20016,0.75
BTO-s2-b300,POOL-s0-b1000,20017,0.5
BTO-s2-b300,POOL-s0-b1000,20018,0.5
BTO-s2-b300,POOL-s0-b1000,20019,0.0
BTO-s2-b300,POOL-s0-b1000,20020,0.25
BTO-s2-b300,POOL-s0-b1000,20021,0.25
BTO-s2-b300,POOL-s0-b1000,20022,0.5
BTO-s2-b300,POOL-s0-b1000,20023,0.5
BTO-s2-b300,POOL-s0-b1000,20024,0.5
BTO-s2-b300,POOL-s0-b1000,20025,0.25
BTO-s2-b300,POOL-s0-b1000,20026,0.25
BTO-s2-b300,POOL-s0-b1000,20027,0.5
BTO-s2-b300,POOL-s0-b1000,20028,0.5
BTO-s2-b300,POOL-s0-b1000,20029,0.0
BTO-s2-b300,POOL-s1-b1000,20000,0.0
BTO-s2-b300,POOL-s1-b1000,20001,0.0
BTO-s2-b300,POOL-s1-b1000,20002,0.25
BTO-s2-b300,POOL-s1-b1000,20003,0.0
BTO-s2-b300,POOL-s1-b1000,20004,0.25
BTO-s2-b300,POOL-s1-b1000,20005,0.0
BTO-s2-b300,POOL-s1-b1000,20006,0.25
BTO-s2-b300,POOL-s1-b1000,20007,0.0
BTO-s2-b300,POOL-s1-b1000,20008,0.0
BTO-s2-b300,POOL-s1-b1000,20009,0.0
BTO-s2-b300,POOL-s1-b1000,20010,0.0
BTO-s2-b300,POOL-s1-b1000,20011,0.5
BTO-s2-b300,POOL-s1-b1000,20012,0.5
BTO-s2-b300,POOL-s1-b1000,20013,0.0
BTO-s2-b300,POOL-s1-b1000,20014,0.5
BTO-s2-b300,POOL-s1-b1000,20015,0.0
BTO-s2-b300,POOL-s1-b1000,20016,0.25
BTO-s2-b300,POOL-s1-b1000,20017,0.25
BTO-s2-b300,POOL-s1-b1000,20018,0.25
BTO-s2-b300,POOL-s1-b1000,20019,0.5
BTO-s2-b300,POOL-s1-b1000,20020,0.0
BTO-s2-b300,POOL-s1-b1000,20021,0.0
BTO-s2-b300,POOL-s1-b1000,20022,0.5
BTO-s2-b300,POOL-s1-b1000,20023,0.0
BTO-s2-b300,POOL-s1-b1000,20024,0.25
BTO-s2-b300,POOL-s1-b1000,20025,0.0
BTO-s2-b300,POOL-s1-b1000,20026,0.25
BTO-s2-b300,POOL-s1-b1000,20027,0.25
BTO-s2-b300,POOL-s1-b1000,20028,0.5
BTO-s2-b300,POOL-s1-b1000,20029,0.5
BTO-s2-b300,POOL-s2-b1000,20000,0.25
BTO-s2-b300,POOL-s2-b1000,20001,0.0
BTO-s2-b300,POOL-s2-b1000,20002,0.0
BTO-s2-b300,POOL-s2-b1000,20003,0.25
BTO-s2-b300,POOL-s2-b1000,20004,0.25
BTO-s2-b300,POOL-s2-b1000,20005,0.25
BTO-s2-b300,POOL-s2-b1000,20006,0.25
BTO-s2-b300,POOL-s2-b1000,20007,0.5
BTO-s2-b300,POOL-s2-b1000,20008,0.0
BTO-s2-b300,POOL-s2-b1000,20009,0.0
BTO-s2-b300,POOL-s2-b1000,20010,0.25
BTO-s2-b300,POOL-s2-b1000,20011,0.0
BTO-s2-b300,POOL-s2-b1000,20012,0.5
BTO-s2-b300,POOL-s2-b1000,20013,0.25
BTO-s2-b300,POOL-s2-b1000,20014,0.0
BTO-s2-b300,POOL-s2-b1000,20015,0.0
BTO-s2-b300,POOL-s2-b1000,20016,0.25
BTO-s2-b300,POOL-s2-b1000,20017,0.5
BTO-s2-b300,POOL-s2-b1000,20018,0.5
BTO-s2-b300,POOL-s2-b1000,20019,0.0
BTO-s2-b300,POOL-s2-b1000,20020,0.0
BTO-s2-b300,POOL-s2-b1000,20021,0.25
BTO-s2-b300,POOL-s2-b1000,20022,0.25
BTO-s2-b300,POOL-s2-b1000,20023,0.0
BTO-s2-b300,POOL-s2-b1000,20024,0.25
BTO-s2-b300,POOL-s2-b1000,20025,0.0
BTO-s2-b300,POOL-s2-b1000,20026,0.0
BTO-s2-b300,POOL-s2-b1000,20027,0.25
BTO-s2-b300,POOL-s2-b1000,20028,0.25
BTO-s2-b300,POOL-s2-b1000,20029,0.0
BTO-s2-b300,POOL-s3-b1000,20000,0.25
BTO-s2-b300,POOL-s3-b1000,20001,0.5
BTO-s2-b300,POOL-s3-b1000,20002,0.0
BTO-s2-b300,POOL-s3-b1000,20003,0.25
BTO-s2-b300,POOL-s3-b1000,20004,0.25
BTO-s2-b300,POOL-s3-b1000,20005,0.0
BTO-s2-b300,POOL-s3-b1000,20006,0.25
BTO-s2-b300,POOL-s3-b1000,20007,0.25
BTO-s2-b300,POOL-s3-b1000,20008,0.25
BTO-s2-b300,POOL-s3-b1000,20009,0.0
BTO-s2-b300,POOL-s3-b1000,20010,0.25
BTO-s2-b300,POOL-s3-b1000,20011,0.0
BTO-s2-b300,POOL-s3-b1000,20012,0.0
BTO-s2-b300,POOL-s3-b1000,20013,0.25
BTO-s2-b300,POOL-s3-b1000,20014,0.25
BTO-s2-b300,POOL-s3-b1000,20015,0.0
BTO-s2-b300,POOL-s3-b1000,20016,0.5
BTO-s2-b300,POOL-s3-b1000,20017,0.25
BTO-s2-b300,POOL-s3-b1000,20018,0.5
BTO-s2-b300,POOL-s3-b1000,20019,0.5
BTO-s2-b300,POOL-s3-b1000,20020,0.25
BTO-s2-b300,POOL-s3-b1000,20021,0.0
BTO-s2-b300,POOL-s3-b1000,20022,0.25
BTO-s2-b300,POOL-s3-b1000,20023,0.25
BTO-s2-b300,POOL-s3-b1000,20024,0.0
BTO-s2-b300,POOL-s3-b1000,20025,0.25
BTO-s2-b300,POOL-s3-b1000,20026,0.0
BTO-s2-b300,POOL-s3-b1000,20027,0.0
BTO-s2-b300,POOL-s3-b1000,20028,0.5
BTO-s2-b300,POOL-s3-b1000,20029,0.0
BTO-s2-b300,POOL-s4-b1000,20000,0.25
BTO-s2-b300,POOL-s4-b1000,20001,0.75
BTO-s2-b300,POOL-s4-b1000,20002,0.0
BTO-s2-b300,POOL-s4-b1000,20003,0.0
BTO-s2-b300,POOL-s4-b1000,20004,0.25
BTO-s2-b300,POOL-s4-b1000,20005,0.25
BTO-s2-b300,POOL-s4-b1000,20006,0.25
BTO-s2-b300,POOL-s4-b1000,20007,0.0
BTO-s2-b300,POOL-s4-b1000,20008,0.25
BTO-s2-b300,POOL-s4-b1000,20009,0.25
BTO-s2-b300,POOL-s4-b1000,20010,0.5
BTO-s2-b300,POOL-s4-b1000,20011,0.5
BTO-s2-b300,POOL-s4-b1000,20012,0.25
BTO-s2-b300,POOL-s4-b1000,20013,0.25
BTO-s2-b300,POOL-s4-b1000,20014,0.0
BTO-s2-b300,POOL-s4-b1000,20015,0.5
BTO-s2-b300,POOL-s4-b1000,20016,0.25
BTO-s2-b300,POOL-s4-b1000,20017,0.5
BTO-s2-b300,POOL-s4-b1000,20018,0.25
BTO-s2-b300,POOL-s4-b1000,20019,0.5
BTO-s2-b300,POOL-s4-b1000,20020,0.0
BTO-s2-b300,POOL-s4-b1000,20021,0.25
BTO-s2-b300,POOL-s4-b1000,20022,0.5
BTO-s2-b300,POOL-s4-b1000,20023,0.25
BTO-s2-b300,POOL-s4-b1000,20024,0.25
BTO-s2-b300,POOL-s4-b1000,20025,0.0
BTO-s2-b300,POOL-s4-b1000,20026,0.0
BTO-s2-b300,POOL-s4-b1000,20027,0.25
BTO-s2-b300,POOL-s4-b1000,20028,0.5
BTO-s2-b300,POOL-s4-b1000,20029,0.5
POOL-s0-b1000,POOL-s1-b1000,20000,0.5
POOL-s0-b1000,POOL-s1-b1000,20001,0.5
POOL-s0-b1000,POOL-s1-b1000,20002,0.5
POOL-s0-b1000,POOL-s1-b1000,20003,0.25
POOL-s0-b1000,POOL-s1-b1000,20004,0.5
POOL-s0-b1000,POOL-s1-b1000,20005,0.25
POOL-s0-b1000,POOL-s1-b1000,20006,0.5
POOL-s0-b1000,POOL-s1-b1000,20007,0.5
POOL-s0-b1000,POOL-s1-b1000,20008,0.5
POOL-s0-b1000,POOL-s1-b1000,20009,0.5
POOL-s0-b1000,POOL-s1-b1000,20010,0.25
POOL-s0-b1000,POOL-s1-b1000,20011,0.75
POOL-s0-b1000,POOL-s1-b1000,20012,0.25
POOL-s0-b1000,POOL-s1-b1000,20013,0.5
POOL-s0-b1000,POOL-s1-b1000,20014,0.5
POOL-s0-b1000,POOL-s1-b1000,20015,0.5
POOL-s0-b1000,POOL-s1-b1000,20016,0.5
POOL-s0-b1000,POOL-s1-b1000,20017,0.5
POOL-s0-b1000,POOL-s1-b1000,20018,0.5
POOL-s0-b1000,POOL-s1-b1000,20019,0.25
POOL-s0-b1000,POOL-s1-b1000,20020,0.5
POOL-s0-b1000,POOL-s1-b1000,20021,0.25
POOL-s0-b1000,POOL-s1-b1000,20022,0.5
POOL-s0-b1000,POOL-s1-b1000,20023,0.5
POOL-s0-b1000,POOL-s1-b1000,20024,0.5
POOL-s0-b1000,POOL-s1-b1000,20025,0.5
POOL-s0-b1000,POOL-s1-b1000,20026,0.5
POOL-s0-b1000,POOL-s1-b1000,20027,0.5
POOL-s0-b1000,POOL-s1-b1000,20028,0.5
POOL-s0-b1000,POOL-s1-b1000,20029,0.25
POOL-s0-b1000,POOL-s2-b1000,20000,0.5
POOL-s0-b1000,POOL-s2-b1000,20001,0.25
POOL-s0-b1000,POOL-s2-b1000,20002,0.5
POOL-s0-b1000,POOL-s2-b1000,20003,0.5
POOL-s0-b1000,POOL-s2-b1000,20004,0.5
POOL-s0-b1000,POOL-s2-b1000,20005,0.25
POOL-s0-b1000,POOL-s2-b1000,20006,0.5
POOL-s0-b1000,POOL-s2-b1000,20007,0.5
POOL-s0-b1000,POOL-s2-b1000,20008,0.5
POOL-s0-b1000,POOL-s2-b1000,20009,0.5
POOL-s0-b1000,POOL-s2-b1000,20010,0.75
POOL-s0-b1000,POOL-s2-b1000,20011,0.5
POOL-s0-b1000,POOL-s2-b1000,20012,0.5
POOL-s0-b1000,POOL-s2-b1000,20013,0.5
POOL-s0-b1000,POOL-s2-b1000,20014,0.5
POOL-s0-b1000,POOL-s2-b1000,20015,0.5
POOL-s0-b1000,POOL-s2-b1000,20016,0.25
POOL-s0-b1000,POOL-s2-b1000,20017,0.5
POOL-s0-b1000,POOL-s2-b1000,20018,0.5
POOL-s0-b1000,POOL-s2-b1000,20019,0.5
POOL-s0-b1000,POOL-s2-b1000,20020,0.5
POOL-s0-b1000,POOL-s2-b1000,20021,0.5
POOL-s0-b1000,POOL-s2-b1000,20022,0.5
POOL-s0-b1000,POOL-s2-b1000,20023,0.5
POOL-s0-b1000,POOL-s2-b1000,20024,0.5
POOL-s0-b1000,POOL-s2-b1000,20025,0.5
POOL-s0-b1000,POOL-s2-b1000,20026,0.5
POOL-s0-b1000,POOL-s2-b1000,20027,0.5
POOL-s0-b1000,POOL-s2-b1000,20028,0.5
POOL-s0-b1000,POOL-s2-b1000,20029,0.5
POOL-s0-b1000,POOL-s3-b1000,20000,0.5
POOL-s0-b1000,POOL-s3-b1000,20001,0.5
POOL-s0-b1000,POOL-s3-b1000,20002,0.5
POOL-s0-b1000,POOL-s3-b1000,20003,0.5
POOL-s0-b1000,POOL-s3-b1000,20004,0.5
POOL-s0-b1000,POOL-s3-b1000,20005,0.5
POOL-s0-b1000,POOL-s3-b1000,20006,0.5
POOL-s0-b1000,POOL-s3-b1000,20007,0.5
POOL-s0-b1000,POOL-s3-b1000,20008,0.5
POOL-s0-b1000,POOL-s3-b1000,20009,0.5
POOL-s0-b1000,POOL-s3-b1000,20010,0.25
POOL-s0-b1000,POOL-s3-b1000,20011,0.5
POOL-s0-b1000,POOL-s3-b1000,20012,1.0
POOL-s0-b1000,POOL-s3-b1000,20013,0.5
POOL-s0-b1000,POOL-s3-b1000,20014,0.5
POOL-s0-b1000,POOL-s3-b1000,20015,0.5
POOL-s0-b1000,POOL-s3-b1000,20016,0.5
POOL-s0-b1000,POOL-s3-b1000,20017,0.5
POOL-s0-b1000,POOL-s3-b1000,20018,0.5
POOL-s0-b1000,POOL-s3-b1000,20019,0.75
POOL-s0-b1000,POOL-s3-b1000,20020,0.5
POOL-s0-b1000,POOL-s3-b1000,20021,0.5
POOL-s0-b1000,POOL-s3-b1000,20022,0.5
POOL-s0-b1000,POOL-s3-b1000,20023,0.5
POOL-s0-b1000,POOL-s3-b1000,20024,0.5
POOL-s0-b1000,POOL-s3-b1000,20025,0.5
POOL-s0-b1000,POOL-s3-b1000,20026,0.5
POOL-s0-b1000,POOL-s3-b1000,20027,0.5
POOL-s0-b1000,POOL-s3-b1000,20028,0.5
POOL-s0-b1000,POOL-s3-b1000,20029,0.75
POOL-s0-b1000,POOL-s4-b1000,20000,0.5
POOL-s0-b1000,POOL-s4-b1000,20001,0.5
POOL-s0-b1000,POOL-s4-b1000,20002,0.5
POOL-s0-b1000,POOL-s4-b1000,20003,0.5
POOL-s0-b1000,POOL-s4-b1000,20004,0.5
POOL-s0-b1000,POOL-s4-b1000,20005,0.5
POOL-s0-b1000,POOL-s4-b1000,20006,0.5
POOL-s0-b1000,POOL-s4-b1000,20007,0.5
POOL-s0-b1000,POOL-s4-b1000,20008,0.5
POOL-s0-b1000,POOL-s4-b1000,20009,0.5
POOL-s0-b1000,POOL-s4-b1000,20010,0.75
POOL-s0-b1000,POOL-s4-b1000,20011,0.5
POOL-s0-b1000,POOL-s4-b1000,20012,0.75
POOL-s0-b1000,POOL-s4-b1000,20013,0.5
POOL-s0-b1000,POOL-s4-b1000,20014,0.5
POOL-s0-b1000,POOL-s4-b1000,20015,0.5
POOL-s0-b1000,POOL-s4-b1000,20016,0.5
POOL-s0-b1000,POOL-s4-b1000,20017,0.5
POOL-s0-b1000,POOL-s4-b1000,20018,0.5
POOL-s0-b1000,POOL-s4-b1000,20019,0.75
POOL-s0-b1000,POOL-s4-b1000,20020,0.5
POOL-s0-b1000,POOL-s4-b1000,20021,0.5
POOL-s0-b1000,POOL-s4-b1000,20022,0.5
POOL-s0-b1000,POOL-s4-b1000,20023,0.5
POOL-s0-b1000,POOL-s4-b1000,20024,0.5
POOL-s0-b1000,POOL-s4-b1000,20025,0.5
POOL-s0-b1000,POOL-s4-b1000,20026,0.5
POOL-s0-b1000,POOL-s4-b1000,20027,0.5
POOL-s0-b1000,POOL-s4-b1000,20028,0.5
POOL-s0-b1000,POOL-s4-b1000,20029,0.5
POOL-s1-b1000,POOL-s2-b1000,20000,0.5
POOL-s1-b1000,POOL-s2-b1000,20001,0.5
POOL-s1-b1000,POOL-s2-b1000,20002,0.5
POOL-s1-b1000,POOL-s2-b1000,20003,0.5
POOL-s1-b1000,POOL-s2-b1000,20004,0.5
POOL-s1-b1000,POOL-s2-b1000,20005,1.0
POOL-s1-b1000,POOL-s2-b1000,20006,0.5
POOL-s1-b1000,POOL-s2-b1000,20007,0.25
POOL-s1-b1000,POOL-s2-b1000,20008,0.5
POOL-s1-b1000,POOL-s2-b1000,20009,0.75
POOL-s1-b1000,POOL-s2-b1000,20010,0.75
POOL-s1-b1000,POOL-s2-b1000,20011,0.5
POOL-s1-b1000,POOL-s2-b1000,20012,0.5
POOL-s1-b1000,POOL-s2-b1000,20013,0.5
POOL-s1-b1000,POOL-s2-b1000,20014,0.5
POOL-s1-b1000,POOL-s2-b1000,20015,0.5
POOL-s1-b1000,POOL-s2-b1000,20016,0.5
POOL-s1-b1000,POOL-s2-b1000,20017,0.5
POOL-s1-b1000,POOL-s2-b1000,20018,0.5
POOL-s1-b1000,POOL-s2-b1000,20019,0.5
POOL-s1-b1000,POOL-s2-b1000,20020,0.5
POOL-s1-b1000,POOL-s2-b1000,20021,0.5
POOL-s1-b1000,POOL-s2-b1000,20022,0.5
POOL-s1-b1000,POOL-s2-b1000,20023,0.5
POOL-s1-b1000,POOL-s2-b1000,20024,0.5
POOL-s1-b1000,POOL-s2-b1000,20025,0.5
POOL-s1-b1000,POOL-s2-b1000,20026,0.5
POOL-s1-b1000,POOL-s2-b1000,20027,0.5
POOL-s1-b1000,POOL-s2-b1000,20028,0.5
POOL-s1-b1000,POOL-s2-b1000,20029,0.0
POOL-s1-b1000,POOL-s3-b1000,20000,0.5
POOL-s1-b1000,POOL-s3-b1000,20001,1.0
POOL-s1-b1000,POOL-s3-b1000,20002,0.5
POOL-s1-b1000,POOL-s3-b1000,20003,0.5
POOL-s1-b1000,POOL-s3-b1000,20004,0.5
POOL-s1-b1000,POOL-s3-b1000,20005,0.0
POOL-s1-b1000,POOL-s3-b1000,20006,0.5
POOL-s1-b1000,POOL-s3-b1000,20007,0.5
POOL-s1-b1000,POOL-s3-b1000,20008,0.5
POOL-s1-b1000,POOL-s3-b1000,20009,0.5
POOL-s1-b1000,POOL-s3-b1000,20010,0.5
POOL-s1-b1000,POOL-s3-b1000,20011,1.0
POOL-s1-b1000,POOL-s3-b1000,20012,0.5
POOL-s1-b1000,POOL-s3-b1000,20013,0.5
POOL-s1-b1000,POOL-s3-b1000,20014,0.5
POOL-s1-b1000,POOL-s3-b1000,20015,0.5
POOL-s1-b1000,POOL-s3-b1000,20016,0.5
POOL-s1-b1000,POOL-s3-b1000,20017,0.75
POOL-s1-b1000,POOL-s3-b1000,20018,0.5
POOL-s1-b1000,POOL-s3-b1000,20019,0.5
POOL-s1-b1000,POOL-s3-b1000,20020,0.5
POOL-s1-b1000,POOL-s3-b1000,20021,0.75
POOL-s1-b1000,POOL-s3-b1000,20022,0.5
POOL-s1-b1000,POOL-s3-b1000,20023,0.5
POOL-s1-b1000,POOL-s3-b1000,20024,0.5
POOL-s1-b1000,POOL-s3-b1000,20025,0.5
POOL-s1-b1000,POOL-s3-b1000,20026,0.75
POOL-s1-b1000,POOL-s3-b1000,20027,0.5
POOL-s1-b1000,POOL-s3-b1000,20028,0.5
POOL-s1-b1000,POOL-s3-b1000,20029,0.5
POOL-s1-b1000,POOL-s4-b1000,20000,0.5
POOL-s1-b1000,POOL-s4-b1000,20001,0.75
POOL-s1-b1000,POOL-s4-b1000,20002,0.5
POOL-s1-b1000,POOL-s4-b1000,20003,0.5
POOL-s1-b1000,POOL-s4-b1000,20004,0.5
POOL-s1-b1000,POOL-s4-b1000,20005,0.75
POOL-s1-b1000,POOL-s4-b1000,20006,0.5
POOL-s1-b1000,POOL-s4-b1000,20007,0.5
POOL-s1-b1000,POOL-s4-b1000,20008,0.5
POOL-s1-b1000,POOL-s4-b1000,20009,0.5
POOL-s1-b1000,POOL-s4-b1000,20010,0.5
POOL-s1-b1000,POOL-s4-b1000,20011,0.5
POOL-s1-b1000,POOL-s4-b1000,20012,0.5
POOL-s1-b1000,POOL-s4-b1000,20013,0.5
POOL-s1-b1000,POOL-s4-b1000,20014,0.5
POOL-s1-b1000,POOL-s4-b1000,20015,0.5
POOL-s1-b1000,POOL-s4-b1000,20016,0.5
POOL-s1-b1000,POOL-s4-b1000,20017,0.5
POOL-s1-b1000,POOL-s4-b1000,20018,0.5
POOL-s1-b1000,POOL-s4-b1000,20019,0.5
POOL-s1-b1000,POOL-s4-b1000,20020,0.5
POOL-s1-b1000,POOL-s4-b1000,20021,0.75
POOL-s1-b1000,POOL-s4-b1000,20022,0.5
POOL-s1-b1000,POOL-s4-b1000,20023,0.5
POOL-s1-b1000,POOL-s4-b1000,20024,0.5
POOL-s1-b1000,POOL-s4-b1000,20025,0.5
POOL-s1-b1000,POOL-s4-b1000,20026,0.5
POOL-s1-b1000,POOL-s4-b1000,20027,0.5
POOL-s1-b1000,POOL-s4-b1000,20028,0.5
POOL-s1-b1000,POOL-s4-b1000,20029,0.5
POOL-s2-b1000,POOL-s3-b1000,20000,0.5
POOL-s2-b1000,POOL-s3-b1000,20001,0.0
POOL-s2-b1000,POOL-s3-b1000,20002,0.5
POOL-s2-b1000,POOL-s3-b1000,20003,0.5
POOL-s2-b1000,POOL-s3-b1000,20004,0.5
POOL-s2-b1000,POOL-s3-b1000,20005,0.5
POOL-s2-b1000,POOL-s3-b1000,20006,0.25
POOL-s2-b1000,POOL-s3-b1000,20007,0.5
POOL-s2-b1000,POOL-s3-b1000,20008,0.5
POOL-s2-b1000,POOL-s3-b1000,20009,0.5
POOL-s2-b1000,POOL-s3-b1000,20010,0.25
POOL-s2-b1000,POOL-s3-b1000,20011,0.0
POOL-s2-b1000,POOL-s3-b1000,20012,0.5
POOL-s2-b1000,POOL-s3-b1000,20013,0.5
POOL-s2-b1000,POOL-s3-b1000,20014,0.5
POOL-s2-b1000,POOL-s3-b1000,20015,0.5
POOL-s2-b1000,POOL-s3-b1000,20016,0.5
POOL-s2-b1000,POOL-s3-b1000,20017,0.5
POOL-s2-b1000,POOL-s3-b1000,20018,0.5
POOL-s2-b1000,POOL-s3-b1000,20019,0.0
POOL-s2-b1000,POOL-s3-b1000,20020,0.5
POOL-s2-b1000,POOL-s3-b1000,20021,0.5
POOL-s2-b1000,POOL-s3-b1000,20022,0.5
POOL-s2-b1000,POOL-s3-b1000,20023,0.5
POOL-s2-b1000,POOL-s3-b1000,20024,0.5
POOL-s2-b1000,POOL-s3-b1000,20025,0.5
POOL-s2-b1000,POOL-s3-b1000,20026,0.75
POOL-s2-b1000,POOL-s3-b1000,20027,0.5
POOL-s2-b1000,POOL-s3-b1000,20028,0.5
POOL-s2-b1000,POOL-s3-b1000,20029,0.5
POOL-s2-b1000,POOL-s4-b1000,20000,0.5
POOL-s2-b1000,POOL-s4-b1000,20001,0.0
POOL-s2-b1000,POOL-s4-b1000,20002,0.5
POOL-s2-b1000,POOL-s4-b1000,20003,0.5
POOL-s2-b1000,POOL-s4-b1000,20004,0.5
POOL-s2-b1000,POOL-s4-b1000,20005,0.25
POOL-s2-b1000,POOL-s4-b1000,20006,0.25
POOL-s2-b1000,POOL-s4-b1000,20007,0.5
POOL-s2-b1000,POOL-s4-b1000,20008,0.5
POOL-s2-b1000,POOL-s4-b1000,20009,0.25
POOL-s2-b1000,POOL-s4-b1000,20010,0.5
POOL-s2-b1000,POOL-s4-b1000,20011,0.5
POOL-s2-b1000,POOL-s4-b1000,20012,0.5
POOL-s2-b1000,POOL-s4-b1000,20013,0.5
POOL-s2-b1000,POOL-s4-b1000,20014,0.5
POOL-s2-b1000,POOL-s4-b1000,20015,0.5
POOL-s2-b1000,POOL-s4-b1000,20016,0.5
POOL-s2-b1000,POOL-s4-b1000,20017,0.5
POOL-s2-b1000,POOL-s4-b1000,20018,0.5
POOL-s2-b1000,POOL-s4-b1000,20019,0.5
POOL-s2-b1000,POOL-s4-b1000,20020,0.5
POOL-s2-b1000,POOL-s4-b1000,20021,0.5
POOL-s2-b1000,POOL-s4-b1000,20022,0.5
POOL-s2-b1000,POOL-s4-b1000,20023,0.5
POOL-s2-b1000,POOL-s4-b1000,20024,0.5
POOL-s2-b1000,POOL-s4-b1000,20025,0.5
POOL-s2-b1000,POOL-s4-b1000,20026,0.5
POOL-s2-b1000,POOL-s4-b1000,20027,0.5
POOL-s2-b1000,POOL-s4-b1000,20028,0.5
POOL-s2-b1000,POOL-s4-b1000,20029,0.5
POOL-s3-b1000,POOL-s4-b1000,20000,0.5
POOL-s3-b1000,POOL-s4-b1000,20001,0.5
POOL-s3-b1000,POOL-s4-b1000,20002,0.5
POOL-s3-b1000,POOL-s4-b1000,20003,0.5
POOL-s3-b1000,POOL-s4-b1000,20004,0.5
POOL-s3-b1000,POOL-s4-b1000,20005,0.25
POOL-s3-b1000,POOL-s4-b1000,20006,0.5
POOL-s3-b1000,POOL-s4-b1000,20007,0.5
POOL-s3-b1000,POOL-s4-b1000,20008,0.5
POOL-s3-b1000,POOL-s4-b1000,20009,0.5
POOL-s3-b1000,POOL-s4-b1000,20010,0.5
POOL-s3-b1000,POOL-s4-b1000,20011,0.5
POOL-s3-b1000,POOL-s4-b1000,20012,0.5
POOL-s3-b1000,POOL-s4-b1000,20013,0.5
POOL-s3-b1000,POOL-s4-b1000,20014,0.5
POOL-s3-b1000,POOL-s4-b1000,20015,0.5
POOL-s3-b1000,POOL-s4-b1000,20016,0.5
POOL-s3-b1000,POOL-s4-b1000,20017,0.5
POOL-s3-b1000,POOL-s4-b1000,20018,0.5
POOL-s3-b1000,POOL-s4-b1000,20019,0.75
POOL-s3-b1000,POOL-s4-b1000,20020,0.5
POOL-s3-b1000,POOL-s4-b1000,20021,0.5
POOL-s3-b1000,POOL-s4-b1000,20022,0.5
POOL-s3-b1000,POOL-s4-b1000,20023,0.5
POOL-s3-b1000,POOL-s4-b1000,20024,0.5
POOL-s3-b1000,POOL-s4-b1000,20025,0.5
POOL-s3-b1000,POOL-s4-b1000,20026,0.5
POOL-s3-b1000,POOL-s4-b1000,20027,0.5
POOL-s3-b1000,POOL-s4-b1000,20028,0.5
POOL-s3-b1000,POOL-s4-b1000,20029,0.5
