opponent,cond_a,cond_b,mean_a,mean_b,diff,n,p_raw,p_holm,significant
BT-v2,POOL-s0-b100,POOL-s0-b1000,0.4175,0.6875,-0.27,100,6.042265086086138e-09,1.1903262219589691e-05,True
BT-v2,POOL-s0-b100,POOL-s0-b200,0.4175,0.535,-0.11750000000000005,100,0.003994987320322812,1.0,False
BT-v2,POOL-s0-b100,POOL-s0-b300,0.4175,0.4175,0.0,100,0.6210781723356539,1.0,False
BT-v2,POOL-s0-b100,POOL-s0-b400,0.4175,0.7425,-0.32500000000000007,100,6.332309346789376e-11,1.3202864988055848e-07,True
BT-v2,POOL-s0-b100,POOL-s0-b500,0.4175,0.4575,-0.040000000000000036,100,0.20344258509813795,1.0,False
BT-v2,POOL-s0-b100,POOL-s0-b600,0.4175,0.635,-0.21750000000000003,100,3.670439709463195e-06,0.006636154994709456,True
BT-v2,POOL-s0-b100,POOL-s0-b700,0.4175,0.5675,-0.15000000000000002,100,0.0023771574389386523,1.0,False
BT-v2,POOL-s0-b100,POOL-s0-b800,0.4175,0.6625,-0.245,100,1.5129175353095925e-07,0.00028382332962407955,True
BT-v2,POOL-s0-b100,POOL-s0-b900,0.4175,0.7525,-0.33499999999999996,100,2.4737432212987244e-12,5.360601560554336e-09,True
BT-v2,POOL-s0-b100,POOL-s1-b100,0.4175,0.03,0.38749999999999996,100,1.0308819692838254e-14,2.3524726539056895e-11,True
BT-v2,POOL-s0-b100,POOL-s1-b1000,0.4175,0.74,-0.3225,100,2.7214245465855655e-11,5.72587724601603e-08,True
BT-v2,POOL-s0-b100,POOL-s1-b200,0.4175,0.27,0.14749999999999996,100,0.0006317230220369419,1.0,False
BT-v2,POOL-s0-b100,POOL-s1-b300,0.4175,0.3325,0.08499999999999996,100,0.027077279425538815,1.0,False
BT-v2,POOL-s0-b100,POOL-s1-b400,0.4175,0.315,0.10249999999999998,100,0.031204455605130108,1.0,False
BT-v2,POOL-s0-b100,POOL-s1-b500,0.4175,0.3075,0.10999999999999999,100,0.011632854897470372,1.0,False
BT-v2,POOL-s0-b100,POOL-s1-b600,0.4175,0.33,0.08749999999999997,100,0.03940551227423005,1.0,False
BT-v2,POOL-s0-b100,POOL-s1-b700,0.4175,0.45,-0.03250000000000003,100,0.44174613330356116,1.0,False
BT-v2,POOL-s0-b100,POOL-s1-b800,0.4175,0.4275,-0.010000000000000009,100,0.39201231036101813,1.0,False
BT-v2,POOL-s0-b100,POOL-s1-b900,0.4175,0.3775,0.03999999999999998,100,0.2869469905114409,1.0,False
BT-v2,POOL-s0-b100,POOL-s2-b100,0.4175,0.0825,0.33499999999999996,100,4.061616031140484e-12,8.748720931076603e-09,True
BT-v2,POOL-s0-b100,POOL-s2-b1000,0.4175,0.4525,-0.03500000000000003,100,0.4814786129242453,1.0,False
BT-v2,POOL-s0-b100,POOL-s2-b200,0.4175,0.05,0.3675,100,6.937436526735948e-14,1.556067012946873e-10,True
BT-v2,POOL-s0-b100,POOL-s2-b300,0.4175,0.165,0.25249999999999995,100,4.650850511350748e-09,9.171477208383675e-06,True
BT-v2,POOL-s0-b100,POOL-s2-b400,0.4175,0.68,-0.26250000000000007,100,2.0286469139426935e-07,0.0003787483788331009,True
BT-v2,POOL-s0-b100,POOL-s2-b500,0.4175,0.5125,-0.09499999999999997,100,0.007116590284999757,1.0,False
BT-v2,POOL-s0-b100,POOL-s2-b600,0.4175,0.405,0.012499999999999956,100,0.9666912509828764,1.0,False
BT-v2,POOL-s0-b100,POOL-s2-b700,0.4175,0.41,0.007500000000000007,100,0.8623386942665963,1.0,False
BT-v2,POOL-s0-b100,POOL-s2-b800,0.4175,0.365,0.05249999999999999,100,0.16044390942541464,1.0,False
BT-v2,POOL-s0-b100,POOL-s2-b900,0.4175,0.3375,0.07999999999999996,100,0.07913507302791518,1.0,False
BT-v2,POOL-s0-b100,POOL-s3-b100,0.4175,0.135,0.2825,100,4.421331919889031e-10,8.935511810095731e-07,True
BT-v2,POOL-s0-b100,POOL-s3-b1000,0.4175,0.3975,0.019999999999999962,100,0.7709340711554797,1.0,False
BT-v2,POOL-s0-b100,POOL-s3-b200,0.4175,0.11,0.3075,100,1.1019354341606994e-11,2.3438166684598075e-08,True
BT-v2,POOL-s0-b100,POOL-s3-b300,0.4175,0.1875,0.22999999999999998,100,1.680589260088171e-07,0.00031443825056249675,True
BT-v2,POOL-s0-b100,POOL-s3-b400,0.4175,0.3575,0.06,100,0.08461133839681283,1.0,False
BT-v2,POOL-s0-b100,POOL-s3-b500,0.4175,0.075,0.34249999999999997,100,2.58511857130662e-12,5.594196588307526e-09,True
BT-v2,POOL-s0-b100,POOL-s3-b600,0.4175,0.5575,-0.14,100,0.007483088259160825,1.0,False
BT-v2,POOL-s0-b100,POOL-s3-b700,0.4175,0.44,-0.02250000000000002,100,0.6325648728482565,1.0,False
BT-v2,POOL-s0-b100,POOL-s3-b800,0.4175,0.6275,-0.20999999999999996,100,1.3487310891748221e-05,0.02396695145463659,True
BT-v2,POOL-s0-b100,POOL-s3-b900,0.4175,0.4025,0.014999999999999958,100,0.8748532876512283,1.0,False
BT-v2,POOL-s0-b100,POOL-s4-b100,0.4175,0.155,0.26249999999999996,100,1.1387474500336412e-07,0.00021442614484133463,True
BT-v2,POOL-s0-b100,POOL-s4-b1000,0.4175,0.7125,-0.29500000000000004,100,3.582474515560238e-10,7.265258317556163e-07,True
BT-v2,POOL-s0-b100,POOL-s4-b200,0.4175,0.1125,0.305,100,5.61834636029207e-10,1.1326586262348814e-06,True
BT-v2,POOL-s0-b100,POOL-s4-b300,0.4175,0.1875,0.22999999999999998,100,4.0042578646074045e-07,0.0007423894080982128,True
BT-v2,POOL-s0-b100,POOL-s4-b400,0.4175,0.355,0.0625,100,0.23900132425587972,1.0,False
BT-v2,POOL-s0-b100,POOL-s4-b500,0.4175,0.07,0.3475,100,9.818968837759657e-12,2.0924222593265827e-08,True
BT-v2,POOL-s0-b100,POOL-s4-b600,0.4175,0.035,0.38249999999999995,100,1.7834503103745478e-15,4.1179867666548305e-12,True
BT-v2,POOL-s0-b100,POOL-s4-b700,0.4175,0.225,0.19249999999999998,100,5.607219557670203e-05,0.09700489834769452,False
BT-v2,POOL-s0-b100,POOL-s4-b800,0.4175,0.3425,0.07499999999999996,100,0.10821523104252329,1.0,False
BT-v2,POOL-s0-b100,POOL-s4-b900,0.4175,0.4275,-0.010000000000000009,100,0.8099860505109185,1.0,False
BT-v2,POOL-s0-b1000,POOL-s0-b200,0.6875,0.535,0.15249999999999997,100,3.9699744885886615e-05,0.06911725584632859,False
BT-v2,POOL-s0-b1000,POOL-s0-b300,0.6875,0.4175,0.27,100,1.0065273908099711e-09,2.0170808911831823e-06,True
BT-v2,POOL-s0-b1000,POOL-s0-b400,0.6875,0.7425,-0.05500000000000005,100,0.058810861827996906,1.0,False
BT-v2,POOL-s0-b1000,POOL-s0-b500,0.6875,0.4575,0.22999999999999998,100,3.556056519372582e-09,7.030323738799595e-06,True
BT-v2,POOL-s0-b1000,POOL-s0-b600,0.6875,0.635,0.05249999999999999,100,0.11958591612948079,1.0,False
BT-v2,POOL-s0-b1000,POOL-s0-b700,0.6875,0.5675,0.12,100,0.010515349532560645,1.0,False
BT-v2,POOL-s0-b1000,POOL-s0-b800,0.6875,0.6625,0.025000000000000022,100,0.3519224206423056,1.0,False
BT-v2,POOL-s0-b1000,POOL-s0-b900,0.6875,0.7525,-0.06499999999999995,100,0.039582997681741436,1.0,False
BT-v2,POOL-s0-b1000,POOL-s1-b100,0.6875,0.03,0.6575,100,3.3570047422875006e-18,8.150807514274052e-15,True
BT-v2,POOL-s0-b1000,POOL-s1-b1000,0.6875,0.74,-0.05249999999999999,100,0.18409713534690253,1.0,False
BT-v2,POOL-s0-b1000,POOL-s1-b200,0.6875,0.27,0.4175,100,7.584491678188102e-15,1.7338147976338e-11,True
BT-v2,POOL-s0-b1000,POOL-s1-b300,0.6875,0.3325,0.355,100,5.908273875225878e-14,1.325816657600687e-10,True
BT-v2,POOL-s0-b1000,POOL-s1-b400,0.6875,0.315,0.3725,100,2.2619506515565368e-14,5.127842127078669e-11,True
BT-v2,POOL-s0-b1000,POOL-s1-b500,0.6875,0.3075,0.38,100,4.552047059415977e-13,1.0055471954249892e-09,True
BT-v2,POOL-s0-b1000,POOL-s1-b600,0.6875,0.33,0.3575,100,2.248884737767297e-13,4.992524117843399e-10,True
BT-v2,POOL-s0-b1000,POOL-s1-b700,0.6875,0.45,0.2375,100,5.7363329302567995e-08,0.00010910505233348433,True
BT-v2,POOL-s0-b1000,POOL-s1-b800,0.6875,0.4275,0.26,100,7.739319304414037e-11,1.609004483387678e-07,True
BT-v2,POOL-s0-b1000,POOL-s1-b900,0.6875,0.3775,0.31,100,1.2926370591454199e-12,2.8269972483510335e-09,True
BT-v2,POOL-s0-b1000,POOL-s2-b100,0.6875,0.0825,0.605,100,4.1796389836711184e-18,1.0106367062516764e-14,True
BT-v2,POOL-s0-b1000,POOL-s2-b1000,0.6875,0.4525,0.235,100,2.6134104432957683e-08,5.038655334674241e-05,True
BT-v2,POOL-s0-b1000,POOL-s2-b200,0.6875,0.05,0.6375,100,2.6861361039805857e-18,6.5380552770887456e-15,True
BT-v2,POOL-s0-b1000,POOL-s2-b300,0.6875,0.165,0.5225,100,1.713886483109222e-17,4.082477602766167e-14,True
BT-v2,POOL-s0-b1000,POOL-s2-b400,0.6875,0.68,0.007499999999999951,100,0.7721941200854059,1.0,False
BT-v2,POOL-s0-b1000,POOL-s2-b500,0.6875,0.5125,0.17500000000000004,100,6.5048154005529235e-06,0.01165662919779084,True
BT-v2,POOL-s0-b1000,POOL-s2-b600,0.6875,0.405,0.2825,100,6.218758768323272e-11,1.2972330790722346e-07,True
BT-v2,POOL-s0-b1000,POOL-s2-b700,0.6875,0.41,0.2775,100,1.409226237584719e-10,2.9001875969493516e-07,True
BT-v2,POOL-s0-b1000,POOL-s2-b800,0.6875,0.365,0.3225,100,2.2592848929871366e-11,4.769350409095845e-08,True
BT-v2,POOL-s0-b1000,POOL-s2-b900,0.6875,0.3375,0.35,100,5.987618171987546e-13,1.3184735214716578e-09,True
BT-v2,POOL-s0-b1000,POOL-s3-b100,0.6875,0.135,0.5525,100,1.3479497312312842e-17,3.220251907911538e-14,True
BT-v2,POOL-s0-b1000,POOL-s3-b1000,0.6875,0.3975,0.29,100,2.656128101551379e-08,5.115702723587956e-05,True
BT-v2,POOL-s0-b1000,POOL-s3-b200,0.6875,0.11,0.5775,100,8.992377860314518e-18,2.1599691620475474e-14,True
BT-v2,POOL-s0-b1000,POOL-s3-b300,0.6875,0.1875,0.5,100,1.0514187713056472e-16,2.4687312750256595e-13,True
BT-v2,POOL-s0-b1000,POOL-s3-b400,0.6875,0.3575,0.33,100,1.9821282394015872e-12,4.311128920698452e-09,True
BT-v2,POOL-s0-b1000,POOL-s3-b500,0.6875,0.075,0.6125,100,5.515557275798642e-18,1.3303524149226324e-14,True
BT-v2,POOL-s0-b1000,POOL-s3-b600,0.6875,0.5575,0.13,100,0.003718144600268431,1.0,False
BT-v2,POOL-s0-b1000,POOL-s3-b700,0.6875,0.44,0.2475,100,1.1703762773719198e-09,2.3407525547438395e-06,True
BT-v2,POOL-s0-b1000,POOL-s3-b800,0.6875,0.6275,0.06000000000000005,100,0.12897373186358835,1.0,False
BT-v2,POOL-s0-b1000,POOL-s3-b900,0.6875,0.4025,0.285,100,3.208816548850192e-08,6.164136590341219e-05,True
BT-v2,POOL-s0-b1000,POOL-s4-b100,0.6875,0.155,0.5325,100,4.509456498199608e-15,1.0358221576364501e-11,True
BT-v2,POOL-s0-b1000,POOL-s4-b1000,0.6875,0.7125,-0.025000000000000022,100,0.5954747854647948,1.0,False
BT-v2,POOL-s0-b1000,POOL-s4-b200,0.6875,0.1125,0.575,100,3.1453013555768435e-17,7.457509514072696e-14,True
BT-v2,POOL-s0-b1000,POOL-s4-b300,0.6875,0.1875,0.5,100,1.0989594659982604e-17,2.633106880531832e-14,True
BT-v2,POOL-s0-b1000,POOL-s4-b400,0.6875,0.355,0.3325,100,4.129124337030031e-09,8.146762316960251e-06,True
BT-v2,POOL-s0-b1000,POOL-s4-b500,0.6875,0.07,0.6174999999999999,100,4.632994393203624e-17,1.0957031739926571e-13,True
BT-v2,POOL-s0-b1000,POOL-s4-b600,0.6875,0.035,0.6525,100,2.438338895497689e-18,5.939793549432371e-15,True
BT-v2,POOL-s0-b1000,POOL-s4-b700,0.6875,0.225,0.4625,100,1.927781603431989e-15,4.449319940721031e-12,True
BT-v2,POOL-s0-b1000,POOL-s4-b800,0.6875,0.3425,0.345,100,9.766105383649028e-11,2.0167007617235243e-07,True
BT-v2,POOL-s0-b1000,POOL-s4-b900,0.6875,0.4275,0.26,100,5.2155835817942426e-08,9.940902306899826e-05,True
BT-v2,POOL-s0-b200,POOL-s0-b300,0.535,0.4175,0.11750000000000005,100,0.013044419909269429,1.0,False
BT-v2,POOL-s0-b200,POOL-s0-b400,0.535,0.7425,-0.20750000000000002,100,7.161107613992058e-08,0.00013591782251356926,True
BT-v2,POOL-s0-b200,POOL-s0-b500,0.535,0.4575,0.07750000000000001,100,0.05315674198574797,1.0,False
BT-v2,POOL-s0-b200,POOL-s0-b600,0.535,0.635,-0.09999999999999998,100,0.0030608696640996437,1.0,False
BT-v2,POOL-s0-b200,POOL-s0-b700,0.535,0.5675,-0.03249999999999997,100,0.46449067647646913,1.0,False
BT-v2,POOL-s0-b200,POOL-s0-b800,0.535,0.6625,-0.12749999999999995,100,0.003947490308766423,1.0,False
BT-v2,POOL-s0-b200,POOL-s0-b900,0.535,0.7525,-0.21749999999999992,100,1.5413031870641056e-08,2.9962933956526214e-05,True
BT-v2,POOL-s0-b200,POOL-s1-b100,0.535,0.03,0.505,100,6.948333895840717e-16,1.6140979640037986e-12,True
BT-v2,POOL-s0-b200,POOL-s1-b1000,0.535,0.74,-0.20499999999999996,100,3.716402108183693e-07,0.0006897642312788934,True
BT-v2,POOL-s0-b200,POOL-s1-b200,0.535,0.27,0.265,100,1.6913600217632301e-09,3.3708805233741175e-06,True
BT-v2,POOL-s0-b200,POOL-s1-b300,0.535,0.3325,0.2025,100,8.276820369236864e-07,0.0015245903120134304,True
BT-v2,POOL-s0-b200,POOL-s1-b400,0.535,0.315,0.22000000000000003,100,1.8060811301649257e-06,0.0032852615757699996,True
BT-v2,POOL-s0-b200,POOL-s1-b500,0.535,0.3075,0.22750000000000004,100,2.1437898658564545e-07,0.0003998168099822288,True
BT-v2,POOL-s0-b200,POOL-s1-b600,0.535,0.33,0.20500000000000002,100,9.737687031590347e-06,0.01736229597732559,True
BT-v2,POOL-s0-b200,POOL-s1-b700,0.535,0.45,0.08500000000000002,100,0.09637076448723099,1.0,False
BT-v2,POOL-s0-b200,POOL-s1-b800,0.535,0.4275,0.10750000000000004,100,0.011213684024221984,1.0,False
BT-v2,POOL-s0-b200,POOL-s1-b900,0.535,0.3775,0.15750000000000003,100,9.89657028688661e-05,0.1696272147172365,False
BT-v2,POOL-s0-b200,POOL-s2-b100,0.535,0.0825,0.4525,100,1.6097781628965506e-15,3.720197334453928e-12,True
BT-v2,POOL-s0-b200,POOL-s2-b1000,0.535,0.4525,0.08250000000000002,100,0.05735930816317406,1.0,False
BT-v2,POOL-s0-b200,POOL-s2-b200,0.535,0.05,0.48500000000000004,100,2.1167890606113513e-16,4.951169612769951e-13,True
BT-v2,POOL-s0-b200,POOL-s2-b300,0.535,0.165,0.37,100,1.0396003882699227e-12,2.2767248503111306e-09,True
BT-v2,POOL-s0-b200,POOL-s2-b400,0.535,0.68,-0.14500000000000002,100,0.0010611543338667343,1.0,False
BT-v2,POOL-s0-b200,POOL-s2-b500,0.535,0.5125,0.022500000000000075,100,0.6060476981286278,1.0,False
BT-v2,POOL-s0-b200,POOL-s2-b600,0.535,0.405,0.13,100,0.0029504153380558265,1.0,False
BT-v2,POOL-s0-b200,POOL-s2-b700,0.535,0.41,0.12500000000000006,100,0.016936503198197103,1.0,False
BT-v2,POOL-s0-b200,POOL-s2-b800,0.535,0.365,0.17000000000000004,100,1.8759222794858637e-05,0.03305375056454092,True
BT-v2,POOL-s0-b200,POOL-s2-b900,0.535,0.3375,0.1975,100,1.553607157159163e-05,0.027498846681717183,True
BT-v2,POOL-s0-b200,POOL-s3-b100,0.535,0.135,0.4,100,1.3702386001174173e-13,3.0570023168619577e-10,True
BT-v2,POOL-s0-b200,POOL-s3-b1000,0.535,0.3975,0.1375,100,0.011230423079958795,1.0,False
BT-v2,POOL-s0-b200,POOL-s3-b200,0.535,0.11,0.42500000000000004,100,7.485504968366602e-15,1.7119349862654418e-11,True
BT-v2,POOL-s0-b200,POOL-s3-b300,0.535,0.1875,0.34750000000000003,100,8.378869473601952e-12,1.7898607028459034e-08,True
BT-v2,POOL-s0-b200,POOL-s3-b400,0.535,0.3575,0.17750000000000005,100,0.00010812943822738053,0.18511759824527546,False
BT-v2,POOL-s0-b200,POOL-s3-b500,0.535,0.075,0.46,100,1.8582462441443167e-14,4.2163607279634546e-11,True
BT-v2,POOL-s0-b200,POOL-s3-b600,0.535,0.5575,-0.022499999999999964,100,0.5960657188274909,1.0,False
BT-v2,POOL-s0-b200,POOL-s3-b700,0.535,0.44,0.09500000000000003,100,0.02981576308825215,1.0,False
BT-v2,POOL-s0-b200,POOL-s3-b800,0.535,0.6275,-0.09249999999999992,100,0.015423502601326747,1.0,False
BT-v2,POOL-s0-b200,POOL-s3-b900,0.535,0.4025,0.1325,100,0.009625189231996468,1.0,False
BT-v2,POOL-s0-b200,POOL-s4-b100,0.535,0.155,0.38,100,3.2156073232653023e-10,6.524467258905299e-07,True
BT-v2,POOL-s0-b200,POOL-s4-b1000,0.535,0.7125,-0.1775,100,2.3388820837444443e-05,0.041070769390552445,True
BT-v2,POOL-s0-b200,POOL-s4-b200,0.535,0.1125,0.42250000000000004,100,2.6943811149152914e-12,5.827946351561775e-09,True
BT-v2,POOL-s0-b200,POOL-s4-b300,0.535,0.1875,0.34750000000000003,100,1.4711417004228714e-12,3.212973473723551e-09,True
BT-v2,POOL-s0-b200,POOL-s4-b400,0.535,0.355,0.18000000000000005,100,0.0005888880209746469,0.9634208023145223,False
BT-v2,POOL-s0-b200,POOL-s4-b500,0.535,0.07,0.465,100,7.863361725563539e-14,1.7613930265262327e-10,True
BT-v2,POOL-s0-b200,POOL-s4-b600,0.535,0.035,0.5,100,1.3593208044406456e-16,3.187607286413314e-13,True
BT-v2,POOL-s0-b200,POOL-s4-b700,0.535,0.225,0.31000000000000005,100,1.1971716737058927e-09,2.3931461757380794e-06,True
BT-v2,POOL-s0-b200,POOL-s4-b800,0.535,0.3425,0.1925,100,4.864436723094003e-05,0.08420339967675719,False
BT-v2,POOL-s0-b200,POOL-s4-b900,0.535,0.4275,0.10750000000000004,100,0.01536822831779445,1.0,False
BT-v2,POOL-s0-b300,POOL-s0-b400,0.4175,0.7425,-0.32500000000000007,100,1.1093173199512927e-11,2.357299304896497e-08,True
BT-v2,POOL-s0-b300,POOL-s0-b500,0.4175,0.4575,-0.040000000000000036,100,0.4922350582796141,1.0,False
BT-v2,POOL-s0-b300,POOL-s0-b600,0.4175,0.635,-0.21750000000000003,100,4.441510386474308e-06,0.008008043226813177,True
BT-v2,POOL-s0-b300,POOL-s0-b700,0.4175,0.5675,-0.15000000000000002,100,0.005807088243447107,1.0,False
BT-v2,POOL-s0-b300,POOL-s0-b800,0.4175,0.6625,-0.245,100,5.222578980530713e-08,9.949012957911008e-05,True
BT-v2,POOL-s0-b300,POOL-s0-b900,0.4175,0.7525,-0.33499999999999996,100,2.1858372289762838e-12,4.747638461336488e-09,True
BT-v2,POOL-s0-b300,POOL-s1-b100,0.4175,0.03,0.38749999999999996,100,1.6576561311988978e-13,3.6932578603111444e-10,True
BT-v2,POOL-s0-b300,POOL-s1-b1000,0.4175,0.74,-0.3225,100,5.182435285074712e-10,1.0458154405280769e-06,True
BT-v2,POOL-s0-b300,POOL-s1-b200,0.4175,0.27,0.14749999999999996,100,0.0009573022434579964,1.0,False
BT-v2,POOL-s0-b300,POOL-s1-b300,0.4175,0.3325,0.08499999999999996,100,0.08014915177527401,1.0,False
BT-v2,POOL-s0-b300,POOL-s1-b400,0.4175,0.315,0.10249999999999998,100,0.014841599524583972,1.0,False
BT-v2,POOL-s0-b300,POOL-s1-b500,0.4175,0.3075,0.10999999999999999,100,0.00184437275301163,1.0,False
BT-v2,POOL-s0-b300,POOL-s1-b600,0.4175,0.33,0.08749999999999997,100,0.019514974311622326,1.0,False
BT-v2,POOL-s0-b300,POOL-s1-b700,0.4175,0.45,-0.03250000000000003,100,0.8266539250270315,1.0,False
BT-v2,POOL-s0-b300,POOL-s1-b800,0.4175,0.4275,-0.010000000000000009,100,0.4632434190825757,1.0,False
BT-v2,POOL-s0-b300,POOL-s1-b900,0.4175,0.3775,0.03999999999999998,100,0.2658702898371367,1.0,False
BT-v2,POOL-s0-b300,POOL-s2-b100,0.4175,0.0825,0.33499999999999996,100,3.452615507511957e-11,7.236682103745062e-08,True
BT-v2,POOL-s0-b300,POOL-s2-b1000,0.4175,0.4525,-0.03500000000000003,100,0.6109882455771233,1.0,False
BT-v2,POOL-s0-b300,POOL-s2-b200,0.4175,0.05,0.3675,100,4.424292827361116e-13,9.777687148468068e-10,True
BT-v2,POOL-s0-b300,POOL-s2-b300,0.4175,0.165,0.25249999999999995,100,1.5974214502484842e-08,3.1021924563825565e-05,True
BT-v2,POOL-s0-b300,POOL-s2-b400,0.4175,0.68,-0.26250000000000007,100,2.0837464391950528e-07,0.00038882708555379686,True
BT-v2,POOL-s0-b300,POOL-s2-b500,0.4175,0.5125,-0.09499999999999997,100,0.0820792390869055,1.0,False
BT-v2,POOL-s0-b300,POOL-s2-b600,0.4175,0.405,0.012499999999999956,100,0.8799481443205306,1.0,False
BT-v2,POOL-s0-b300,POOL-s2-b700,0.4175,0.41,0.007500000000000007,100,0.9309599284517603,1.0,False
BT-v2,POOL-s0-b300,POOL-s2-b800,0.4175,0.365,0.05249999999999999,100,0.21634183042262123,1.0,False
BT-v2,POOL-s0-b300,POOL-s2-b900,0.4175,0.3375,0.07999999999999996,100,0.08436210453644885,1.0,False
BT-v2,POOL-s0-b300,POOL-s3-b100,0.4175,0.135,0.2825,100,3.00658447618035e-08,5.784668532170994e-05,True
BT-v2,POOL-s0-b300,POOL-s3-b1000,0.4175,0.3975,0.019999999999999962,100,0.7911279163979088,1.0,False
BT-v2,POOL-s0-b300,POOL-s3-b200,0.4175,0.11,0.3075,100,1.7789937418985689e-10,3.6504951583758635e-07,True
BT-v2,POOL-s0-b300,POOL-s3-b300,0.4175,0.1875,0.22999999999999998,100,7.835466970493395e-08,0.00014848209909084983,True
BT-v2,POOL-s0-b300,POOL-s3-b400,0.4175,0.3575,0.06,100,0.19131354826340774,1.0,False
BT-v2,POOL-s0-b300,POOL-s3-b500,0.4175,0.075,0.34249999999999997,100,2.58190678376011e-11,5.434913779815032e-08,True
BT-v2,POOL-s0-b300,POOL-s3-b600,0.4175,0.5575,-0.14,100,0.005972364355392741,1.0,False
BT-v2,POOL-s0-b300,POOL-s3-b700,0.4175,0.44,-0.02250000000000002,100,0.6951060849125784,1.0,False
BT-v2,POOL-s0-b300,POOL-s3-b800,0.4175,0.6275,-0.20999999999999996,100,8.695794117182278e-06,0.01553938408740473,True
BT-v2,POOL-s0-b300,POOL-s3-b900,0.4175,0.4025,0.014999999999999958,100,0.7474754710613181,1.0,False
BT-v2,POOL-s0-b300,POOL-s4-b100,0.4175,0.155,0.26249999999999996,100,2.8083097354635567e-07,0.0005226264417697679,True
BT-v2,POOL-s0-b300,POOL-s4-b1000,0.4175,0.7125,-0.29500000000000004,100,1.919635646698958e-09,3.820074936930926e-06,True
BT-v2,POOL-s0-b300,POOL-s4-b200,0.4175,0.1125,0.305,100,8.064084972614967e-09,1.5821734716270567e-05,True
BT-v2,POOL-s0-b300,POOL-s4-b300,0.4175,0.1875,0.22999999999999998,100,9.2258379705713e-09,1.8054964908408034e-05,True
BT-v2,POOL-s0-b300,POOL-s4-b400,0.4175,0.355,0.0625,100,0.28018036100026766,1.0,False
BT-v2,POOL-s0-b300,POOL-s4-b500,0.4175,0.07,0.3475,100,2.432837444687002e-11,5.1308541708448877e-08,True
BT-v2,POOL-s0-b300,POOL-s4-b600,0.4175,0.035,0.38249999999999995,100,7.134821428174596e-14,1.598913482053927e-10,True
BT-v2,POOL-s0-b300,POOL-s4-b700,0.4175,0.225,0.19249999999999998,100,8.460636901038774e-06,0.015127618779057328,True
BT-v2,POOL-s0-b300,POOL-s4-b800,0.4175,0.3425,0.07499999999999996,100,0.06585150745179497,1.0,False
BT-v2,POOL-s0-b300,POOL-s4-b900,0.4175,0.4275,-0.010000000000000009,100,0.9833588614142501,1.0,False
BT-v2,POOL-s0-b400,POOL-s0-b500,0.7425,0.4575,0.28500000000000003,100,2.9899644138921406e-11,6.281915233587388e-08,True
BT-v2,POOL-s0-b400,POOL-s0-b600,0.7425,0.635,0.10750000000000004,100,0.001609269550318913,1.0,False
BT-v2,POOL-s0-b400,POOL-s0-b700,0.7425,0.5675,0.17500000000000004,100,0.00018028223583894598,0.30521782527533553,False
BT-v2,POOL-s0-b400,POOL-s0-b800,0.7425,0.6625,0.08000000000000007,100,0.004080394070418787,1.0,False
BT-v2,POOL-s0-b400,POOL-s0-b900,0.7425,0.7525,-0.009999999999999898,100,0.9846411625200602,1.0,False
BT-v2,POOL-s0-b400,POOL-s1-b100,0.7425,0.03,0.7125,100,3.4422211122323024e-18,8.347386197163333e-15,True
BT-v2,POOL-s0-b400,POOL-s1-b1000,0.7425,0.74,0.0025000000000000577,100,0.48058728672205164,1.0,False
BT-v2,POOL-s0-b400,POOL-s1-b200,0.7425,0.27,0.47250000000000003,100,2.007395583084645e-15,4.629054214593192e-12,True
BT-v2,POOL-s0-b400,POOL-s1-b300,0.7425,0.3325,0.41000000000000003,100,2.378139986882346e-13,5.274714490905044e-10,True
BT-v2,POOL-s0-b400,POOL-s1-b400,0.7425,0.315,0.42750000000000005,100,5.671084967336673e-14,1.273158575167083e-10,True
BT-v2,POOL-s0-b400,POOL-s1-b500,0.7425,0.3075,0.43500000000000005,100,4.1006123971639224e-14,9.238679730810318e-11,True
BT-v2,POOL-s0-b400,POOL-s1-b600,0.7425,0.33,0.41250000000000003,100,7.116741055633161e-14,1.5955733446729546e-10,True
BT-v2,POOL-s0-b400,POOL-s1-b700,0.7425,0.45,0.29250000000000004,100,6.681951027861022e-10,1.3437403517028515e-06,True
BT-v2,POOL-s0-b400,POOL-s1-b800,0.7425,0.4275,0.31500000000000006,100,2.410513350271328e-12,5.230813970088782e-09,True
BT-v2,POOL-s0-b400,POOL-s1-b900,0.7425,0.3775,0.36500000000000005,100,4.850568888989022e-14,1.0899228293558332e-10,True
BT-v2,POOL-s0-b400,POOL-s2-b100,0.7425,0.0825,0.66,100,2.262578741539158e-18,5.513904393130928e-15,True
BT-v2,POOL-s0-b400,POOL-s2-b1000,0.7425,0.4525,0.29000000000000004,100,1.9307449027242305e-10,3.9580270505846725e-07,True
BT-v2,POOL-s0-b400,POOL-s2-b200,0.7425,0.05,0.6925,100,2.1743515556088674e-18,5.3032434441300276e-15,True
BT-v2,POOL-s0-b400,POOL-s2-b300,0.7425,0.165,0.5775,100,7.45797070868314e-18,1.795133549580032e-14,True
BT-v2,POOL-s0-b400,POOL-s2-b400,0.7425,0.68,0.0625,100,0.06425224643493496,1.0,False
BT-v2,POOL-s0-b400,POOL-s2-b500,0.7425,0.5125,0.2300000000000001,100,9.990696730676273e-08,0.00018852444730786127,True
BT-v2,POOL-s0-b400,POOL-s2-b600,0.7425,0.405,0.3375,100,3.4451125662998197e-11,7.224401051530722e-08,True
BT-v2,POOL-s0-b400,POOL-s2-b700,0.7425,0.41,0.3325000000000001,100,1.2084111175440022e-11,2.565456802545917e-08,True
BT-v2,POOL-s0-b400,POOL-s2-b800,0.7425,0.365,0.37750000000000006,100,2.158177611479269e-13,4.795470652706935e-10,True
BT-v2,POOL-s0-b400,POOL-s2-b900,0.7425,0.3375,0.405,100,1.3958575529662067e-14,3.172784217892188e-11,True
BT-v2,POOL-s0-b400,POOL-s3-b100,0.7425,0.135,0.6075,100,5.716114684923785e-17,1.3490030656420134e-13,True
BT-v2,POOL-s0-b400,POOL-s3-b1000,0.7425,0.3975,0.34500000000000003,100,1.1207037288631024e-09,2.243648865183931e-06,True
BT-v2,POOL-s0-b400,POOL-s3-b200,0.7425,0.11,0.6325000000000001,100,1.3869192906176889e-17,3.311963265995041e-14,True
BT-v2,POOL-s0-b400,POOL-s3-b300,0.7425,0.1875,0.555,100,3.1340442107872684e-17,7.4339528679874e-14,True
BT-v2,POOL-s0-b400,POOL-s3-b400,0.7425,0.3575,0.38500000000000006,100,1.7412923313449905e-12,3.796017282332079e-09,True
BT-v2,POOL-s0-b400,POOL-s3-b500,0.7425,0.075,0.6675000000000001,100,6.128630720485232e-18,1.4776128667089894e-14,True
BT-v2,POOL-s0-b400,POOL-s3-b600,0.7425,0.5575,0.18500000000000005,100,2.5922953625246756e-05,0.04536516884418182,True
BT-v2,POOL-s0-b400,POOL-s3-b700,0.7425,0.44,0.30250000000000005,100,4.522149382205889e-10,9.134741752055896e-07,True
BT-v2,POOL-s0-b400,POOL-s3-b800,0.7425,0.6275,0.1150000000000001,100,0.000731976770109071,1.0,False
BT-v2,POOL-s0-b400,POOL-s3-b900,0.7425,0.4025,0.34,100,8.368116006014127e-09,1.6409875487793703e-05,True
BT-v2,POOL-s0-b400,POOL-s4-b100,0.7425,0.155,0.5875,100,1.657551236149784e-16,3.883642546298944e-13,True
BT-v2,POOL-s0-b400,POOL-s4-b1000,0.7425,0.7125,0.030000000000000027,100,0.2067181576709194,1.0,False
BT-v2,POOL-s0-b400,POOL-s4-b200,0.7425,0.1125,0.63,100,2.0631594251254436e-17,4.90825627237343e-14,True
BT-v2,POOL-s0-b400,POOL-s4-b300,0.7425,0.1875,0.555,100,1.6504074292573267e-17,3.9329209039202094e-14,True
BT-v2,POOL-s0-b400,POOL-s4-b400,0.7425,0.355,0.38750000000000007,100,3.1634459281068825e-11,6.643236449024453e-08,True
BT-v2,POOL-s0-b400,POOL-s4-b500,0.7425,0.07,0.6725000000000001,100,1.0212949438762614e-17,2.4500865703591512e-14,True
BT-v2,POOL-s0-b400,POOL-s4-b600,0.7425,0.035,0.7075,100,1.7411889218969352e-18,4.2606892918818004e-15,True
BT-v2,POOL-s0-b400,POOL-s4-b700,0.7425,0.225,0.5175000000000001,100,1.7204337523596012e-16,4.029255848026186e-13,True
BT-v2,POOL-s0-b400,POOL-s4-b800,0.7425,0.3425,0.4,100,7.73697078128064e-13,1.6990387835692286e-09,True
BT-v2,POOL-s0-b400,POOL-s4-b900,0.7425,0.4275,0.31500000000000006,100,8.571838185563763e-09,1.6800802843704974e-05,True
BT-v2,POOL-s0-b500,POOL-s0-b600,0.4575,0.635,-0.1775,100,1.6031443871352088e-05,0.028359624208421842,True
BT-v2,POOL-s0-b500,POOL-s0-b700,0.4575,0.5675,-0.10999999999999999,100,0.01506296340387784,1.0,False
BT-v2,POOL-s0-b500,POOL-s0-b800,0.4575,0.6625,-0.20499999999999996,100,2.9731270472432157e-06,0.00539027933665195,True
BT-v2,POOL-s0-b500,POOL-s0-b900,0.4575,0.7525,-0.29499999999999993,100,1.0414258435065805e-11,2.2182370466690165e-08,True
BT-v2,POOL-s0-b500,POOL-s1-b100,0.4575,0.03,0.4275,100,4.863393145916697e-15,1.1156623876732903e-11,True
BT-v2,POOL-s0-b500,POOL-s1-b1000,0.4575,0.74,-0.2825,100,1.6419795868685916e-11,3.47442880581394e-08,True
BT-v2,POOL-s0-b500,POOL-s1-b200,0.4575,0.27,0.1875,100,1.6819353857947778e-05,0.02968615955927783,True
BT-v2,POOL-s0-b500,POOL-s1-b300,0.4575,0.3325,0.125,100,0.004069449769507273,1.0,False
BT-v2,POOL-s0-b500,POOL-s1-b400,0.4575,0.315,0.14250000000000002,100,0.00010397513041530946,0.1781093984014251,False
BT-v2,POOL-s0-b500,POOL-s1-b500,0.4575,0.3075,0.15000000000000002,100,0.0004572472327515562,0.7540006868073161,False
BT-v2,POOL-s0-b500,POOL-s1-b600,0.4575,0.33,0.1275,100,0.0003807704687335311,0.6316982076289281,False
BT-v2,POOL-s0-b500,POOL-s1-b700,0.4575,0.45,0.007500000000000007,100,0.9334557486797422,1.0,False
BT-v2,POOL-s0-b500,POOL-s1-b800,0.4575,0.4275,0.030000000000000027,100,0.5512166274097998,1.0,False
BT-v2,POOL-s0-b500,POOL-s1-b900,0.4575,0.3775,0.08000000000000002,100,0.03268305146027272,1.0,False
BT-v2,POOL-s0-b500,POOL-s2-b100,0.4575,0.0825,0.375,100,7.756749089201392e-13,1.7026064250797055e-09,True
BT-v2,POOL-s0-b500,POOL-s2-b1000,0.4575,0.4525,0.0050000000000000044,100,0.916775048092425,1.0,False
BT-v2,POOL-s0-b500,POOL-s2-b200,0.4575,0.05,0.40750000000000003,100,7.59918650506367e-15,1.7364141164070484e-11,True
BT-v2,POOL-s0-b500,POOL-s2-b300,0.4575,0.165,0.2925,100,2.7674664713109728e-11,5.819981989166976e-08,True
BT-v2,POOL-s0-b500,POOL-s2-b400,0.4575,0.68,-0.22250000000000003,100,9.08844091068555e-07,0.001669830691501487,True
BT-v2,POOL-s0-b500,POOL-s2-b500,0.4575,0.5125,-0.05499999999999994,100,0.04222703012554682,1.0,False
BT-v2,POOL-s0-b500,POOL-s2-b600,0.4575,0.405,0.05249999999999999,100,0.29737661003563154,1.0,False
BT-v2,POOL-s0-b500,POOL-s2-b700,0.4575,0.41,0.04750000000000004,100,0.20321852741124824,1.0,False
BT-v2,POOL-s0-b500,POOL-s2-b800,0.4575,0.365,0.09250000000000003,100,0.02615898093296847,1.0,False
BT-v2,POOL-s0-b500,POOL-s2-b900,0.4575,0.3375,0.12,100,0.01613634570641237,1.0,False
BT-v2,POOL-s0-b500,POOL-s3-b100,0.4575,0.135,0.3225,100,6.913495089719546e-10,1.3896125130336287e-06,True
BT-v2,POOL-s0-b500,POOL-s3-b1000,0.4575,0.3975,0.06,100,0.344920555557507,1.0,False
BT-v2,POOL-s0-b500,POOL-s3-b200,0.4575,0.11,0.34750000000000003,100,3.898186130138932e-13,8.618889533737178e-10,True
BT-v2,POOL-s0-b500,POOL-s3-b300,0.4575,0.1875,0.27,100,9.605563254394194e-11,1.9864304810087194e-07,True
BT-v2,POOL-s0-b500,POOL-s3-b400,0.4575,0.3575,0.10000000000000003,100,0.012234070368744816,1.0,False
BT-v2,POOL-s0-b500,POOL-s3-b500,0.4575,0.075,0.3825,100,6.508811989741174e-13,1.4319386377430582e-09,True
BT-v2,POOL-s0-b500,POOL-s3-b600,0.4575,0.5575,-0.09999999999999998,100,0.03333240963672867,1.0,False
BT-v2,POOL-s0-b500,POOL-s3-b700,0.4575,0.44,0.017500000000000016,100,0.714039501505164,1.0,False
BT-v2,POOL-s0-b500,POOL-s3-b800,0.4575,0.6275,-0.16999999999999993,100,0.0001550677390564217,0.26330502091780406,False
BT-v2,POOL-s0-b500,POOL-s3-b900,0.4575,0.4025,0.05499999999999999,100,0.32139215598734294,1.0,False
BT-v2,POOL-s0-b500,POOL-s4-b100,0.4575,0.155,0.3025,100,2.6410852381982315e-08,5.089371254007992e-05,True
BT-v2,POOL-s0-b500,POOL-s4-b1000,0.4575,0.7125,-0.255,100,1.0734960919910912e-09,2.1502126722581557e-06,True
BT-v2,POOL-s0-b500,POOL-s4-b200,0.4575,0.1125,0.34500000000000003,100,2.671357391164023e-10,5.433540933627623e-07,True
BT-v2,POOL-s0-b500,POOL-s4-b300,0.4575,0.1875,0.27,100,1.9313144300600155e-10,3.9580270505846725e-07,True
BT-v2,POOL-s0-b500,POOL-s4-b400,0.4575,0.355,0.10250000000000004,100,0.05472404809533918,1.0,False
BT-v2,POOL-s0-b500,POOL-s4-b500,0.4575,0.07,0.3875,100,1.6301046946869133e-12,3.5552583391121577e-09,True
BT-v2,POOL-s0-b500,POOL-s4-b600,0.4575,0.035,0.4225,100,1.5228142555536719e-15,3.522269373095643e-12,True
BT-v2,POOL-s0-b500,POOL-s4-b700,0.4575,0.225,0.2325,100,1.582722675632173e-07,0.0002967605016810324,True
BT-v2,POOL-s0-b500,POOL-s4-b800,0.4575,0.3425,0.11499999999999999,100,0.022945731117804045,1.0,False
BT-v2,POOL-s0-b500,POOL-s4-b900,0.4575,0.4275,0.030000000000000027,100,0.6691480983393492,1.0,False
BT-v2,POOL-s0-b600,POOL-s0-b700,0.635,0.5675,0.0675,100,0.1283039684130763,1.0,False
BT-v2,POOL-s0-b600,POOL-s0-b800,0.635,0.6625,-0.02749999999999997,100,0.8276507656733729,1.0,False
BT-v2,POOL-s0-b600,POOL-s0-b900,0.635,0.7525,-0.11749999999999994,100,0.00021955622915447153,0.3684153525212032,False
BT-v2,POOL-s0-b600,POOL-s1-b100,0.635,0.03,0.605,100,1.0109691272233802e-17,2.4263259053361126e-14,True
BT-v2,POOL-s0-b600,POOL-s1-b1000,0.635,0.74,-0.10499999999999998,100,0.004049855409331249,1.0,False
BT-v2,POOL-s0-b600,POOL-s1-b200,0.635,0.27,0.365,100,1.970602506499469e-12,4.288031054142845e-09,True
BT-v2,POOL-s0-b600,POOL-s1-b300,0.635,0.3325,0.3025,100,2.217284838016996e-09,4.4079622579777875e-06,True
BT-v2,POOL-s0-b600,POOL-s1-b400,0.635,0.315,0.32,100,4.7052861023809714e-11,9.829342667873849e-08,True
BT-v2,POOL-s0-b600,POOL-s1-b500,0.635,0.3075,0.3275,100,3.65846967645563e-10,7.415718034175562e-07,True
BT-v2,POOL-s0-b600,POOL-s1-b600,0.635,0.33,0.305,100,2.815945740744871e-09,5.57838851241559e-06,True
BT-v2,POOL-s0-b600,POOL-s1-b700,0.635,0.45,0.185,100,4.396966555866352e-05,0.0763980322754635,False
BT-v2,POOL-s0-b600,POOL-s1-b800,0.635,0.4275,0.20750000000000002,100,3.3332044970876317e-06,0.006033100139728614,True
BT-v2,POOL-s0-b600,POOL-s1-b900,0.635,0.3775,0.2575,100,1.0551095228246764e-08,2.0595737885537684e-05,True
BT-v2,POOL-s0-b600,POOL-s2-b100,0.635,0.0825,0.5525,100,3.2629919144499763e-17,7.726764853417544e-14,True
BT-v2,POOL-s0-b600,POOL-s2-b1000,0.635,0.4525,0.1825,100,1.3998155607030146e-05,0.02484672620247851,True
BT-v2,POOL-s0-b600,POOL-s2-b200,0.635,0.05,0.585,100,7.611781036139211e-18,1.831394517295094e-14,True
BT-v2,POOL-s0-b600,POOL-s2-b300,0.635,0.165,0.47,100,1.1377467414506162e-15,2.6372969466825283e-12,True
BT-v2,POOL-s0-b600,POOL-s2-b400,0.635,0.68,-0.04500000000000004,100,0.15579034830212982,1.0,False
BT-v2,POOL-s0-b600,POOL-s2-b500,0.635,0.5125,0.12250000000000005,100,0.0036863380001302313,1.0,False
BT-v2,POOL-s0-b600,POOL-s2-b600,0.635,0.405,0.22999999999999998,100,3.862417252054792e-08,7.384941785928762e-05,True
BT-v2,POOL-s0-b600,POOL-s2-b700,0.635,0.41,0.22500000000000003,100,1.872463415976293e-07,0.00035005732355338653,True
BT-v2,POOL-s0-b600,POOL-s2-b800,0.635,0.365,0.27,100,7.453762277149981e-09,1.4654096636876863e-05,True
BT-v2,POOL-s0-b600,POOL-s2-b900,0.635,0.3375,0.2975,100,7.634477773215627e-10,1.533003136861698e-06,True
BT-v2,POOL-s0-b600,POOL-s3-b100,0.635,0.135,0.5,100,3.572145986985025e-17,8.45169740520657e-14,True
BT-v2,POOL-s0-b600,POOL-s3-b1000,0.635,0.3975,0.2375,100,9.797514248444877e-07,0.0017968641131647905,True
BT-v2,POOL-s0-b600,POOL-s3-b200,0.635,0.11,0.525,100,5.949558885512878e-17,1.4017160734268342e-13,True
BT-v2,POOL-s0-b600,POOL-s3-b300,0.635,0.1875,0.4475,100,2.9735050665164555e-15,6.839061652987848e-12,True
BT-v2,POOL-s0-b600,POOL-s3-b400,0.635,0.3575,0.2775,100,1.7029246289452488e-08,3.303673780153783e-05,True
BT-v2,POOL-s0-b600,POOL-s3-b500,0.635,0.075,0.56,100,7.588276259484468e-17,1.7847625762307468e-13,True
BT-v2,POOL-s0-b600,POOL-s3-b600,0.635,0.5575,0.07750000000000001,100,0.07652427608822708,1.0,False
BT-v2,POOL-s0-b600,POOL-s3-b700,0.635,0.44,0.195,100,1.3332401731320617e-05,0.023705010278288058,True
BT-v2,POOL-s0-b600,POOL-s3-b800,0.635,0.6275,0.007500000000000062,100,0.7912661405831956,1.0,False
BT-v2,POOL-s0-b600,POOL-s3-b900,0.635,0.4025,0.23249999999999998,100,3.916504375864941e-06,0.007069290398436219,True
BT-v2,POOL-s0-b600,POOL-s4-b100,0.635,0.155,0.48,100,1.3961474228527442e-14,3.172784217892188e-11,True
BT-v2,POOL-s0-b600,POOL-s4-b1000,0.635,0.7125,-0.07750000000000001,100,0.062404689240212564,1.0,False
BT-v2,POOL-s0-b600,POOL-s4-b200,0.635,0.1125,0.5225,100,1.901993159842939e-16,4.4506639940324774e-13,True
BT-v2,POOL-s0-b600,POOL-s4-b300,0.635,0.1875,0.4475,100,1.94395699479238e-15,4.48470878698602e-12,True
BT-v2,POOL-s0-b600,POOL-s4-b400,0.635,0.355,0.28,100,1.1338968025005744e-07,0.00021362615759110823,True
BT-v2,POOL-s0-b600,POOL-s4-b500,0.635,0.07,0.565,100,2.4000894127460647e-17,5.70261244468465e-14,True
BT-v2,POOL-s0-b600,POOL-s4-b600,0.635,0.035,0.6,100,1.2413425552984249e-17,2.968050049718534e-14,True
BT-v2,POOL-s0-b600,POOL-s4-b700,0.635,0.225,0.41000000000000003,100,1.0216325693146172e-12,2.2383969593683266e-09,True
BT-v2,POOL-s0-b600,POOL-s4-b800,0.635,0.3425,0.2925,100,7.708482814273791e-09,1.5147168730047999e-05,True
BT-v2,POOL-s0-b600,POOL-s4-b900,0.635,0.4275,0.20750000000000002,100,9.513703657215605e-06,0.016972447324472638,True
BT-v2,POOL-s0-b700,POOL-s0-b800,0.5675,0.6625,-0.09499999999999997,100,0.04344284855311664,1.0,False
BT-v2,POOL-s0-b700,POOL-s0-b900,0.5675,0.7525,-0.18499999999999994,100,6.18505833797204e-05,0.10687780808015684,False
BT-v2,POOL-s0-b700,POOL-s1-b100,0.5675,0.03,0.5375,100,3.3658234285378984e-17,7.966904055349206e-14,True
BT-v2,POOL-s0-b700,POOL-s1-b1000,0.5675,0.74,-0.1725,100,2.347603482331949e-05,0.041200441114925705,True
BT-v2,POOL-s0-b700,POOL-s1-b200,0.5675,0.27,0.2975,100,2.3112445493036572e-08,4.469946958353273e-05,True
BT-v2,POOL-s0-b700,POOL-s1-b300,0.5675,0.3325,0.235,100,1.238463020989133e-05,0.022032257143396676,True
BT-v2,POOL-s0-b700,POOL-s1-b400,0.5675,0.315,0.2525,100,4.079371449365858e-07,0.0007559075295674935,True
BT-v2,POOL-s0-b700,POOL-s1-b500,0.5675,0.3075,0.26,100,7.662454798429234e-07,0.001412190419350508,True
BT-v2,POOL-s0-b700,POOL-s1-b600,0.5675,0.33,0.2375,100,5.12644874825218e-06,0.009222481298105673,True
BT-v2,POOL-s0-b700,POOL-s1-b700,0.5675,0.45,0.1175,100,0.015200642513716693,1.0,False
BT-v2,POOL-s0-b700,POOL-s1-b800,0.5675,0.4275,0.14,100,0.002503250386685289,1.0,False
BT-v2,POOL-s0-b700,POOL-s1-b900,0.5675,0.3775,0.19,100,0.00022831378808021874,0.38288222261052685,False
BT-v2,POOL-s0-b700,POOL-s2-b100,0.5675,0.0825,0.485,100,2.2625150119214037e-15,5.215097102478835e-12,True
BT-v2,POOL-s0-b700,POOL-s2-b1000,0.5675,0.4525,0.11499999999999999,100,0.01593407801879985,1.0,False
BT-v2,POOL-s0-b700,POOL-s2-b200,0.5675,0.05,0.5175,100,6.575484108560857e-17,1.5478689591552258e-13,True
BT-v2,POOL-s0-b700,POOL-s2-b300,0.5675,0.165,0.40249999999999997,100,2.0588653481860703e-12,4.47391440160833e-09,True
BT-v2,POOL-s0-b700,POOL-s2-b400,0.5675,0.68,-0.11250000000000004,100,0.004684739503416445,1.0,False
BT-v2,POOL-s0-b700,POOL-s2-b500,0.5675,0.5125,0.05500000000000005,100,0.2386385927712188,1.0,False
BT-v2,POOL-s0-b700,POOL-s2-b600,0.5675,0.405,0.16249999999999998,100,0.00042267784669473184,0.6986864805863917,False
BT-v2,POOL-s0-b700,POOL-s2-b700,0.5675,0.41,0.15750000000000003,100,0.00015027509201525125,0.25531738133391185,False
BT-v2,POOL-s0-b700,POOL-s2-b800,0.5675,0.365,0.2025,100,1.6564688622405506e-05,0.02926980479579053,True
BT-v2,POOL-s0-b700,POOL-s2-b900,0.5675,0.3375,0.22999999999999998,100,9.531394864708039e-07,0.0017490109576739252,True
BT-v2,POOL-s0-b700,POOL-s3-b100,0.5675,0.135,0.4325,100,2.482282229600605e-14,5.6223692500453705e-11,True
BT-v2,POOL-s0-b700,POOL-s3-b1000,0.5675,0.3975,0.16999999999999998,100,0.0001804076150823678,0.3052496847193663,False
BT-v2,POOL-s0-b700,POOL-s3-b200,0.5675,0.11,0.4575,100,2.5082050374654466e-15,5.778904406320389e-12,True
BT-v2,POOL-s0-b700,POOL-s3-b300,0.5675,0.1875,0.38,100,2.4450156859683783e-11,5.1540930660213414e-08,True
BT-v2,POOL-s0-b700,POOL-s3-b400,0.5675,0.3575,0.21000000000000002,100,3.1482719461851115e-06,0.005704668766487422,True
BT-v2,POOL-s0-b700,POOL-s3-b500,0.5675,0.075,0.4925,100,3.486801921494182e-16,8.141682486688915e-13,True
BT-v2,POOL-s0-b700,POOL-s3-b600,0.5675,0.5575,0.010000000000000009,100,0.6325738727484407,1.0,False
BT-v2,POOL-s0-b700,POOL-s3-b700,0.5675,0.44,0.1275,100,0.008949002364146634,1.0,False
BT-v2,POOL-s0-b700,POOL-s3-b800,0.5675,0.6275,-0.05999999999999994,100,0.21150695654326523,1.0,False
BT-v2,POOL-s0-b700,POOL-s3-b900,0.5675,0.4025,0.16499999999999998,100,0.0005141243817642832,0.844192234856953,False
BT-v2,POOL-s0-b700,POOL-s4-b100,0.5675,0.155,0.4125,100,5.131861318225551e-13,1.1326017929323792e-09,True
BT-v2,POOL-s0-b700,POOL-s4-b1000,0.5675,0.7125,-0.14500000000000002,100,0.000274831271346948,0.45979271696344404,False
BT-v2,POOL-s0-b700,POOL-s4-b200,0.5675,0.1125,0.455,100,1.3589235663316451e-14,3.090192189838161e-11,True
BT-v2,POOL-s0-b700,POOL-s4-b300,0.5675,0.1875,0.38,100,6.705923991073777e-12,1.4370795112871105e-08,True
BT-v2,POOL-s0-b700,POOL-s4-b400,0.5675,0.355,0.21250000000000002,100,1.5441478971013483e-05,0.027346859257664877,True
BT-v2,POOL-s0-b700,POOL-s4-b500,0.5675,0.07,0.4975,100,4.1272376968060263e-16,9.612336595861234e-13,True
BT-v2,POOL-s0-b700,POOL-s4-b600,0.5675,0.035,0.5325,100,4.6811008443228375e-17,1.1061441295134865e-13,True
BT-v2,POOL-s0-b700,POOL-s4-b700,0.5675,0.225,0.3425,100,2.1957660794483536e-10,4.4859501003129865e-07,True
BT-v2,POOL-s0-b700,POOL-s4-b800,0.5675,0.3425,0.22499999999999998,100,2.5235849927144667e-05,0.04418797322243031,True
BT-v2,POOL-s0-b700,POOL-s4-b900,0.5675,0.4275,0.14,100,0.006978719477149877,1.0,False
BT-v2,POOL-s0-b800,POOL-s0-b900,0.6625,0.7525,-0.08999999999999997,100,0.008303900315397133,1.0,False
BT-v2,POOL-s0-b800,POOL-s1-b100,0.6625,0.03,0.6325,100,2.8503846964386976e-18,6.932135581738913e-15,True
BT-v2,POOL-s0-b800,POOL-s1-b1000,0.6625,0.74,-0.07750000000000001,100,0.01051009980681652,1.0,False
BT-v2,POOL-s0-b800,POOL-s1-b200,0.6625,0.27,0.39249999999999996,100,3.715989980850588e-14,8.390705376760627e-11,True
BT-v2,POOL-s0-b800,POOL-s1-b300,0.6625,0.3325,0.32999999999999996,100,5.516631340891737e-13,1.2164172106666282e-09,True
BT-v2,POOL-s0-b800,POOL-s1-b400,0.6625,0.315,0.3475,100,1.501064088828622e-11,3.179253740139021e-08,True
BT-v2,POOL-s0-b800,POOL-s1-b500,0.6625,0.3075,0.355,100,3.815143601547492e-12,8.221634461334845e-09,True
BT-v2,POOL-s0-b800,POOL-s1-b600,0.6625,0.33,0.33249999999999996,100,1.7361646733322586e-10,3.566082239024459e-07,True
BT-v2,POOL-s0-b800,POOL-s1-b700,0.6625,0.45,0.21249999999999997,100,1.9951425464480947e-05,0.03511450881748647,True
BT-v2,POOL-s0-b800,POOL-s1-b800,0.6625,0.4275,0.235,100,6.244662042200677e-08,0.00011864857880181287,True
BT-v2,POOL-s0-b800,POOL-s1-b900,0.6625,0.3775,0.285,100,9.688416251749456e-11,2.0025956392366126e-07,True
BT-v2,POOL-s0-b800,POOL-s2-b100,0.6625,0.0825,0.58,100,4.614225173832156e-18,1.114796801997849e-14,True
BT-v2,POOL-s0-b800,POOL-s2-b1000,0.6625,0.4525,0.20999999999999996,100,1.8379255773672378e-05,0.0324026279289844,True
BT-v2,POOL-s0-b800,POOL-s2-b200,0.6625,0.05,0.6124999999999999,100,3.386160923033015e-18,8.214826399278094e-15,True
BT-v2,POOL-s0-b800,POOL-s2-b300,0.6625,0.165,0.49749999999999994,100,5.898127176014056e-17,1.3907783881041145e-13,True
BT-v2,POOL-s0-b800,POOL-s2-b400,0.6625,0.68,-0.01750000000000007,100,0.45308518400424147,1.0,False
BT-v2,POOL-s0-b800,POOL-s2-b500,0.6625,0.5125,0.15000000000000002,100,0.0001982815497750143,0.33390612982112405,False
BT-v2,POOL-s0-b800,POOL-s2-b600,0.6625,0.405,0.25749999999999995,100,2.4022282630025123e-08,4.643507232383857e-05,True
BT-v2,POOL-s0-b800,POOL-s2-b700,0.6625,0.41,0.2525,100,3.8149960719156755e-08,7.305717477718519e-05,True
BT-v2,POOL-s0-b800,POOL-s2-b800,0.6625,0.365,0.2975,100,1.8522196816817104e-09,3.6877693862282853e-06,True
BT-v2,POOL-s0-b800,POOL-s2-b900,0.6625,0.3375,0.32499999999999996,100,4.505646792603701e-11,9.42130744333434e-08,True
BT-v2,POOL-s0-b800,POOL-s3-b100,0.6625,0.135,0.5275,100,7.419014774433467e-17,1.7456941764241947e-13,True
BT-v2,POOL-s0-b800,POOL-s3-b1000,0.6625,0.3975,0.26499999999999996,100,2.8828471602445113e-07,0.0005362095718054791,True
BT-v2,POOL-s0-b800,POOL-s3-b200,0.6625,0.11,0.5525,100,1.513934817121658e-17,3.610734538835154e-14,True
BT-v2,POOL-s0-b800,POOL-s3-b300,0.6625,0.1875,0.475,100,3.840476495243362e-16,8.952150710412277e-13,True
BT-v2,POOL-s0-b800,POOL-s3-b400,0.6625,0.3575,0.305,100,2.8344794871033734e-10,5.762496797281158e-07,True
BT-v2,POOL-s0-b800,POOL-s3-b500,0.6625,0.075,0.5875,100,1.2162267795793636e-17,2.911646910312997e-14,True
BT-v2,POOL-s0-b800,POOL-s3-b600,0.6625,0.5575,0.10499999999999998,100,0.01724642799195724,1.0,False
BT-v2,POOL-s0-b800,POOL-s3-b700,0.6625,0.44,0.22249999999999998,100,9.442510281782644e-07,0.0017336448877352934,True
BT-v2,POOL-s0-b800,POOL-s3-b800,0.6625,0.6275,0.03500000000000003,100,0.49994260676854263,1.0,False
BT-v2,POOL-s0-b800,POOL-s3-b900,0.6625,0.4025,0.25999999999999995,100,9.792021954084788e-08,0.0001850692149322025,True
BT-v2,POOL-s0-b800,POOL-s4-b100,0.6625,0.155,0.5075,100,3.4962390614089515e-16,8.160221969328493e-13,True
BT-v2,POOL-s0-b800,POOL-s4-b1000,0.6625,0.7125,-0.050000000000000044,100,0.255289578869064,1.0,False
BT-v2,POOL-s0-b800,POOL-s4-b200,0.6625,0.1125,0.5499999999999999,100,2.3219744965859882e-17,5.519333378384894e-14,True
BT-v2,POOL-s0-b800,POOL-s4-b300,0.6625,0.1875,0.475,100,1.6505539428324153e-16,3.8688984419991814e-13,True
BT-v2,POOL-s0-b800,POOL-s4-b400,0.6625,0.355,0.3075,100,2.319251922459531e-09,4.603715066082169e-06,True
BT-v2,POOL-s0-b800,POOL-s4-b500,0.6625,0.07,0.5925,100,1.4122982392819402e-17,3.369743598926709e-14,True
BT-v2,POOL-s0-b800,POOL-s4-b600,0.6625,0.035,0.6275,100,3.1492933563801423e-18,7.652782856003746e-15,True
BT-v2,POOL-s0-b800,POOL-s4-b700,0.6625,0.225,0.4375,100,7.89533093775888e-15,1.8032935861841282e-11,True
BT-v2,POOL-s0-b800,POOL-s4-b800,0.6625,0.3425,0.31999999999999995,100,7.421546886673817e-10,1.4909887695327698e-06,True
BT-v2,POOL-s0-b800,POOL-s4-b900,0.6625,0.4275,0.235,100,3.2603642127998472e-06,0.005904519589380523,True
BT-v2,POOL-s0-b900,POOL-s1-b100,0.7525,0.03,0.7224999999999999,100,1.6375458544818254e-18,4.008712251771509e-15,True
BT-v2,POOL-s0-b900,POOL-s1-b1000,0.7525,0.74,0.012499999999999956,100,0.8636878132221113,1.0,False
BT-v2,POOL-s0-b900,POOL-s1-b200,0.7525,0.27,0.48249999999999993,100,1.2203884381937018e-17,2.9203895325975284e-14,True
BT-v2,POOL-s0-b900,POOL-s1-b300,0.7525,0.3325,0.41999999999999993,100,1.0459426830877085e-14,2.3847493174399753e-11,True
BT-v2,POOL-s0-b900,POOL-s1-b400,0.7525,0.315,0.43749999999999994,100,1.7245967806729031e-15,3.983818563354406e-12,True
BT-v2,POOL-s0-b900,POOL-s1-b500,0.7525,0.3075,0.44499999999999995,100,1.5398373109376447e-15,3.5601038628878346e-12,True
BT-v2,POOL-s0-b900,POOL-s1-b600,0.7525,0.33,0.42249999999999993,100,1.3311043415993891e-15,3.081506550802586e-12,True
BT-v2,POOL-s0-b900,POOL-s1-b700,0.7525,0.45,0.30249999999999994,100,3.466604123290396e-11,7.26253563829338e-08,True
BT-v2,POOL-s0-b900,POOL-s1-b800,0.7525,0.4275,0.32499999999999996,100,1.4179870448413941e-12,3.098301692978446e-09,True
BT-v2,POOL-s0-b900,POOL-s1-b900,0.7525,0.3775,0.37499999999999994,100,2.4768351400137223e-16,5.790840557352082e-13,True
BT-v2,POOL-s0-b900,POOL-s2-b100,0.7525,0.0825,0.6699999999999999,100,1.80644787781806e-18,4.418571509142975e-15,True
BT-v2,POOL-s0-b900,POOL-s2-b1000,0.7525,0.4525,0.29999999999999993,100,7.879594401817073e-11,1.6358037978172243e-07,True
BT-v2,POOL-s0-b900,POOL-s2-b200,0.7525,0.05,0.7024999999999999,100,1.4986684892048512e-18,3.67023913006268e-15,True
BT-v2,POOL-s0-b900,POOL-s2-b300,0.7525,0.165,0.5874999999999999,100,2.931334322636221e-18,7.126073738328653e-15,True
BT-v2,POOL-s0-b900,POOL-s2-b400,0.7525,0.68,0.0724999999999999,100,0.07357400051364675,1.0,False
BT-v2,POOL-s0-b900,POOL-s2-b500,0.7525,0.5125,0.24,100,1.572106667264171e-08,3.0546032544942844e-05,True
BT-v2,POOL-s0-b900,POOL-s2-b600,0.7525,0.405,0.3474999999999999,100,1.35954647955518e-13,3.0345077423671615e-10,True
BT-v2,POOL-s0-b900,POOL-s2-b700,0.7525,0.41,0.34249999999999997,100,3.7033875094105614e-12,7.98450347028917e-09,True
BT-v2,POOL-s0-b900,POOL-s2-b800,0.7525,0.365,0.38749999999999996,100,3.1196553637481474e-14,7.047301466707065e-11,True
BT-v2,POOL-s0-b900,POOL-s2-b900,0.7525,0.3375,0.4149999999999999,100,3.2799740442522054e-16,7.662019367373152e-13,True
BT-v2,POOL-s0-b900,POOL-s3-b100,0.7525,0.135,0.6174999999999999,100,6.579807098103955e-18,1.585733510643053e-14,True
BT-v2,POOL-s0-b900,POOL-s3-b1000,0.7525,0.3975,0.3549999999999999,100,5.676831879281811e-12,1.2188158044818047e-08,True
BT-v2,POOL-s0-b900,POOL-s3-b200,0.7525,0.11,0.6425,100,2.176819877437917e-18,5.307086861193641e-15,True
BT-v2,POOL-s0-b900,POOL-s3-b300,0.7525,0.1875,0.565,100,5.3054970068661166e-18,1.2812775271581671e-14,True
BT-v2,POOL-s0-b900,POOL-s3-b400,0.7525,0.3575,0.39499999999999996,100,4.668201026315078e-15,1.0713521355393104e-11,True
BT-v2,POOL-s0-b900,POOL-s3-b500,0.7525,0.075,0.6775,100,1.9661439663798113e-18,4.799357421933119e-15,True
BT-v2,POOL-s0-b900,POOL-s3-b600,0.7525,0.5575,0.19499999999999995,100,2.4125517780031026e-05,0.04229203266839439,True
BT-v2,POOL-s0-b900,POOL-s3-b700,0.7525,0.44,0.31249999999999994,100,1.0349906202552524e-10,2.1351856495865855e-07,True
BT-v2,POOL-s0-b900,POOL-s3-b800,0.7525,0.6275,0.125,100,0.0017554220297623573,1.0,False
BT-v2,POOL-s0-b900,POOL-s3-b900,0.7525,0.4025,0.3499999999999999,100,2.4856478509840265e-11,5.23477437417236e-08,True
BT-v2,POOL-s0-b900,POOL-s4-b100,0.7525,0.155,0.5974999999999999,100,1.0418444911670235e-17,2.4973012453273554e-14,True
BT-v2,POOL-s0-b900,POOL-s4-b1000,0.7525,0.7125,0.039999999999999925,100,0.11397911598891722,1.0,False
BT-v2,POOL-s0-b900,POOL-s4-b200,0.7525,0.1125,0.6399999999999999,100,3.7098426804214794e-18,8.981529129300401e-15,True
BT-v2,POOL-s0-b900,POOL-s4-b300,0.7525,0.1875,0.565,100,8.143167913058195e-18,1.9584318830904956e-14,True
BT-v2,POOL-s0-b900,POOL-s4-b400,0.7525,0.355,0.39749999999999996,100,7.277356244615291e-13,1.599562902566441e-09,True
BT-v2,POOL-s0-b900,POOL-s4-b500,0.7525,0.07,0.6824999999999999,100,3.3697610133564503e-18,8.178409979416104e-15,True
BT-v2,POOL-s0-b900,POOL-s4-b600,0.7525,0.035,0.7174999999999999,100,1.492287673939263e-18,3.6561048011511945e-15,True
BT-v2,POOL-s0-b900,POOL-s4-b700,0.7525,0.225,0.5275,100,3.185787947899805e-17,7.550317436522537e-14,True
BT-v2,POOL-s0-b900,POOL-s4-b800,0.7525,0.3425,0.4099999999999999,100,2.829213441829331e-13,6.266707773651968e-10,True
BT-v2,POOL-s0-b900,POOL-s4-b900,0.7525,0.4275,0.32499999999999996,100,4.274333461432833e-11,8.941905601317486e-08,True
BT-v2,POOL-s1-b100,POOL-s1-b1000,0.03,0.74,-0.71,100,3.676430980290033e-18,8.904315834262461e-15,True
BT-v2,POOL-s1-b100,POOL-s1-b200,0.03,0.27,-0.24000000000000002,100,3.911461993929755e-10,7.916799075713824e-07,True
BT-v2,POOL-s1-b100,POOL-s1-b300,0.03,0.3325,-0.3025,100,1.65859596602105e-11,3.5079304681345207e-08,True
BT-v2,POOL-s1-b100,POOL-s1-b400,0.03,0.315,-0.28500000000000003,100,1.0804075523729846e-10,2.2267199654407211e-07,True
BT-v2,POOL-s1-b100,POOL-s1-b500,0.03,0.3075,-0.27749999999999997,100,2.337248691093569e-10,4.772661827213068e-07,True
BT-v2,POOL-s1-b100,POOL-s1-b600,0.03,0.33,-0.30000000000000004,100,4.6322901307970867e-11,9.681486373365911e-08,True
BT-v2,POOL-s1-b100,POOL-s1-b700,0.03,0.45,-0.42000000000000004,100,5.59521402343779e-14,1.2566850696641276e-10,True
BT-v2,POOL-s1-b100,POOL-s1-b800,0.03,0.4275,-0.39749999999999996,100,4.636117025447097e-15,1.0644524690426534e-11,True
BT-v2,POOL-s1-b100,POOL-s1-b900,0.03,0.3775,-0.34750000000000003,100,1.8772235142615255e-13,4.1805767662604175e-10,True
BT-v2,POOL-s1-b100,POOL-s2-b100,0.03,0.0825,-0.052500000000000005,100,0.19779059660093012,1.0,False
BT-v2,POOL-s1-b100,POOL-s2-b1000,0.03,0.4525,-0.4225,100,1.2690638011450315e-14,2.888389211406092e-11,True
BT-v2,POOL-s1-b100,POOL-s2-b200,0.03,0.05,-0.020000000000000004,100,0.3945520809853914,1.0,False
BT-v2,POOL-s1-b100,POOL-s2-b300,0.03,0.165,-0.135,100,0.00019570957250650416,0.329966339245966,False
BT-v2,POOL-s1-b100,POOL-s2-b400,0.03,0.68,-0.65,100,4.162088995759807e-18,1.0068093280742972e-14,True
BT-v2,POOL-s1-b100,POOL-s2-b500,0.03,0.5125,-0.48249999999999993,100,4.404001986704462e-16,1.0252516625047987e-12,True
BT-v2,POOL-s1-b100,POOL-s2-b600,0.03,0.405,-0.375,100,2.040936255083059e-13,4.5410831675598066e-10,True
BT-v2,POOL-s1-b100,POOL-s2-b700,0.03,0.41,-0.38,100,6.53048984499037e-13,1.4360547169133823e-09,True
BT-v2,POOL-s1-b100,POOL-s2-b800,0.03,0.365,-0.33499999999999996,100,4.953468157611239e-12,1.0640049602548941e-08,True
BT-v2,POOL-s1-b100,POOL-s2-b900,0.03,0.3375,-0.3075,100,7.162178230860075e-12,1.534138577050228e-08,True
BT-v2,POOL-s1-b100,POOL-s3-b100,0.03,0.135,-0.10500000000000001,100,0.0004948732267485533,0.8145613312281187,False
BT-v2,POOL-s1-b100,POOL-s3-b1000,0.03,0.3975,-0.36750000000000005,100,3.996634647062162e-14,9.012411129125175e-11,True
BT-v2,POOL-s1-b100,POOL-s3-b200,0.03,0.11,-0.08,100,0.00830967028750625,1.0,False
BT-v2,POOL-s1-b100,POOL-s3-b300,0.03,0.1875,-0.1575,100,1.3842560885344785e-05,0.024584388132372337,True
BT-v2,POOL-s1-b100,POOL-s3-b400,0.03,0.3575,-0.3275,100,2.7773092254436732e-14,6.276718849502701e-11,True
BT-v2,POOL-s1-b100,POOL-s3-b500,0.03,0.075,-0.045,100,0.19473163159311935,1.0,False
BT-v2,POOL-s1-b100,POOL-s3-b600,0.03,0.5575,-0.5275,100,1.9883069164812244e-17,4.732170461225314e-14,True
BT-v2,POOL-s1-b100,POOL-s3-b700,0.03,0.44,-0.41000000000000003,100,5.904018901429031e-15,1.3532011322075339e-11,True
BT-v2,POOL-s1-b100,POOL-s3-b800,0.03,0.6275,-0.5974999999999999,100,5.307012455313417e-18,1.2812775271581671e-14,True
BT-v2,POOL-s1-b100,POOL-s3-b900,0.03,0.4025,-0.37250000000000005,100,4.162020591701455e-15,9.568485340321645e-12,True
BT-v2,POOL-s1-b100,POOL-s4-b100,0.03,0.155,-0.125,100,0.0003142649423413486,0.5238796588830281,False
BT-v2,POOL-s1-b100,POOL-s4-b1000,0.03,0.7125,-0.6825,100,1.8932604412777768e-18,4.625235258041609e-15,True
BT-v2,POOL-s1-b100,POOL-s4-b200,0.03,0.1125,-0.0825,100,0.01177217231914122,1.0,False
BT-v2,POOL-s1-b100,POOL-s4-b300,0.03,0.1875,-0.1575,100,3.673976583905483e-05,0.06400067209163351,False
BT-v2,POOL-s1-b100,POOL-s4-b400,0.03,0.355,-0.32499999999999996,100,6.583104190641516e-12,1.411417538473541e-08,True
BT-v2,POOL-s1-b100,POOL-s4-b500,0.03,0.07,-0.04000000000000001,100,0.2137824324015346,1.0,False
BT-v2,POOL-s1-b100,POOL-s4-b600,0.03,0.035,-0.0050000000000000044,100,0.9004915009061926,1.0,False
BT-v2,POOL-s1-b100,POOL-s4-b700,0.03,0.225,-0.195,100,1.3823574964219904e-06,0.0025228024309701326,True
BT-v2,POOL-s1-b100,POOL-s4-b800,0.03,0.3425,-0.3125,100,4.840578720619222e-11,1.0107128368652935e-07,True
BT-v2,POOL-s1-b100,POOL-s4-b900,0.03,0.4275,-0.39749999999999996,100,4.832659528332579e-14,1.0863818619691637e-10,True
BT-v2,POOL-s1-b1000,POOL-s1-b200,0.74,0.27,0.47,100,1.2472204043168357e-15,2.8885624563977915e-12,True
BT-v2,POOL-s1-b1000,POOL-s1-b300,0.74,0.3325,0.4075,100,7.886679508999348e-14,1.765827542064954e-10,True
BT-v2,POOL-s1-b1000,POOL-s1-b400,0.74,0.315,0.425,100,4.507041556342987e-14,1.0145350543328064e-10,True
BT-v2,POOL-s1-b1000,POOL-s1-b500,0.74,0.3075,0.4325,100,7.403570800544503e-15,1.693936999164582e-11,True
BT-v2,POOL-s1-b1000,POOL-s1-b600,0.74,0.33,0.41,100,1.0109535006700917e-13,2.259481073997655e-10,True
BT-v2,POOL-s1-b1000,POOL-s1-b700,0.74,0.45,0.29,100,3.912309841418942e-10,7.916799075713824e-07,True
BT-v2,POOL-s1-b1000,POOL-s1-b800,0.74,0.4275,0.3125,100,1.8879274891546268e-12,4.110018143889623e-09,True
BT-v2,POOL-s1-b1000,POOL-s1-b900,0.74,0.3775,0.3625,100,1.1506229605939747e-13,2.5693410710063457e-10,True
BT-v2,POOL-s1-b1000,POOL-s2-b100,0.74,0.0825,0.6575,100,2.7651464131603912e-18,6.727601223219232e-15,True
BT-v2,POOL-s1-b1000,POOL-s2-b1000,0.74,0.4525,0.2875,100,7.374474741138048e-11,1.5346281936308277e-07,True
BT-v2,POOL-s1-b1000,POOL-s2-b200,0.74,0.05,0.69,100,1.8605501103441205e-18,4.549045019791375e-15,True
BT-v2,POOL-s1-b1000,POOL-s2-b300,0.74,0.165,0.575,100,1.1140287282759467e-17,2.6680988042208923e-14,True
BT-v2,POOL-s1-b1000,POOL-s2-b400,0.74,0.68,0.05999999999999994,100,0.02561115636185619,1.0,False
BT-v2,POOL-s1-b1000,POOL-s2-b500,0.74,0.5125,0.22750000000000004,100,8.128261204861918e-08,0.00015394926722008472,True
BT-v2,POOL-s1-b1000,POOL-s2-b600,0.74,0.405,0.33499999999999996,100,1.182953220182177e-12,2.5883016457586032e-09,True
BT-v2,POOL-s1-b1000,POOL-s2-b700,0.74,0.41,0.33,100,2.4593407893167753e-12,5.334310172028086e-09,True
BT-v2,POOL-s1-b1000,POOL-s2-b800,0.74,0.365,0.375,100,2.051422454667496e-13,4.5623635391805113e-10,True
BT-v2,POOL-s1-b1000,POOL-s2-b900,0.74,0.3375,0.40249999999999997,100,2.657962926396205e-15,6.1186306565640644e-12,True
BT-v2,POOL-s1-b1000,POOL-s3-b100,0.74,0.135,0.605,100,5.901284768126696e-17,1.3909328198474623e-13,True
BT-v2,POOL-s1-b1000,POOL-s3-b1000,0.74,0.3975,0.34249999999999997,100,6.551812420084367e-10,1.3182246589209745e-06,True
BT-v2,POOL-s1-b1000,POOL-s3-b200,0.74,0.11,0.63,100,1.2317365240652737e-17,2.946313765564135e-14,True
BT-v2,POOL-s1-b1000,POOL-s3-b300,0.74,0.1875,0.5525,100,1.405176842725524e-17,3.3541571235858256e-14,True
BT-v2,POOL-s1-b1000,POOL-s3-b400,0.74,0.3575,0.3825,100,5.633152863059679e-13,1.2415468910183531e-09,True
BT-v2,POOL-s1-b1000,POOL-s3-b500,0.74,0.075,0.665,100,8.236442988908624e-18,1.9800408945336332e-14,True
BT-v2,POOL-s1-b1000,POOL-s3-b600,0.74,0.5575,0.1825,100,4.665238254147599e-05,0.0808019265618364,False
BT-v2,POOL-s1-b1000,POOL-s3-b700,0.74,0.44,0.3,100,6.245477149030928e-10,1.2572145500999258e-06,True
BT-v2,POOL-s1-b1000,POOL-s3-b800,0.74,0.6275,0.11250000000000004,100,0.000998740664474491,1.0,False
BT-v2,POOL-s1-b1000,POOL-s3-b900,0.74,0.4025,0.33749999999999997,100,1.7140138145587532e-09,3.414315518601036e-06,True
BT-v2,POOL-s1-b1000,POOL-s4-b100,0.74,0.155,0.585,100,3.2746998346877466e-16,7.652973513665264e-13,True
BT-v2,POOL-s1-b1000,POOL-s4-b1000,0.74,0.7125,0.02749999999999997,100,0.3653087928567317,1.0,False
BT-v2,POOL-s1-b1000,POOL-s4-b200,0.74,0.1125,0.6275,100,1.604149435916712e-17,3.8242922552254415e-14,True
BT-v2,POOL-s1-b1000,POOL-s4-b300,0.74,0.1875,0.5525,100,2.126983208898099e-17,5.057966070759679e-14,True
BT-v2,POOL-s1-b1000,POOL-s4-b400,0.74,0.355,0.385,100,2.85250361236658e-12,6.164260306324179e-09,True
BT-v2,POOL-s1-b1000,POOL-s4-b500,0.74,0.07,0.6699999999999999,100,1.0398957149153328e-17,2.493669924366968e-14,True
BT-v2,POOL-s1-b1000,POOL-s4-b600,0.74,0.035,0.705,100,1.89131348096311e-18,4.622370147473841e-15,True
BT-v2,POOL-s1-b1000,POOL-s4-b700,0.74,0.225,0.515,100,8.532787859422753e-16,1.981313340957963e-12,True
BT-v2,POOL-s1-b1000,POOL-s4-b800,0.74,0.3425,0.39749999999999996,100,4.407889882924631e-12,9.490186917936731e-09,True
BT-v2,POOL-s1-b1000,POOL-s4-b900,0.74,0.4275,0.3125,100,2.120456995535495e-09,4.217588964120099e-06,True
BT-v2,POOL-s1-b200,POOL-s1-b300,0.27,0.3325,-0.0625,100,0.10449537612920247,1.0,False
BT-v2,POOL-s1-b200,POOL-s1-b400,0.27,0.315,-0.044999999999999984,100,0.42587400099839756,1.0,False
BT-v2,POOL-s1-b200,POOL-s1-b500,0.27,0.3075,-0.03749999999999998,100,0.3597680836810515,1.0,False
BT-v2,POOL-s1-b200,POOL-s1-b600,0.27,0.33,-0.06,100,0.07458873856932877,1.0,False
BT-v2,POOL-s1-b200,POOL-s1-b700,0.27,0.45,-0.18,100,9.742727664473754e-05,0.1670877794457249,False
BT-v2,POOL-s1-b200,POOL-s1-b800,0.27,0.4275,-0.15749999999999997,100,0.00028350180779663446,0.47344801902037953,False
BT-v2,POOL-s1-b200,POOL-s1-b900,0.27,0.3775,-0.10749999999999998,100,0.001647150522437941,1.0,False
BT-v2,POOL-s1-b200,POOL-s2-b100,0.27,0.0825,0.1875,100,6.091681550046022e-07,0.001123915245983491,True
BT-v2,POOL-s1-b200,POOL-s2-b1000,0.27,0.4525,-0.1825,100,4.331841684841864e-05,0.07533072689940001,False
BT-v2,POOL-s1-b200,POOL-s2-b200,0.27,0.05,0.22000000000000003,100,1.1673876394125927e-09,2.335942666464598e-06,True
BT-v2,POOL-s1-b200,POOL-s2-b300,0.27,0.165,0.10500000000000001,100,0.00989751096282758,1.0,False
BT-v2,POOL-s1-b200,POOL-s2-b400,0.27,0.68,-0.41000000000000003,100,2.3007960559505076e-13,5.105466448154177e-10,True
BT-v2,POOL-s1-b200,POOL-s2-b500,0.27,0.5125,-0.24249999999999994,100,1.677828133156481e-08,3.25666440645673e-05,True
BT-v2,POOL-s1-b200,POOL-s2-b600,0.27,0.405,-0.135,100,0.0006073462404066818,0.9917964105841114,False
BT-v2,POOL-s1-b200,POOL-s2-b700,0.27,0.41,-0.13999999999999996,100,0.002888875595387377,1.0,False
BT-v2,POOL-s1-b200,POOL-s2-b800,0.27,0.365,-0.09499999999999997,100,0.022774797406037117,1.0,False
BT-v2,POOL-s1-b200,POOL-s2-b900,0.27,0.3375,-0.0675,100,0.13262654202000085,1.0,False
BT-v2,POOL-s1-b200,POOL-s3-b100,0.27,0.135,0.135,100,0.0007457160259147342,1.0,False
BT-v2,POOL-s1-b200,POOL-s3-b1000,0.27,0.3975,-0.1275,100,0.008448076935923424,1.0,False
BT-v2,POOL-s1-b200,POOL-s3-b200,0.27,0.11,0.16000000000000003,100,9.303096046794133e-06,0.016606026443527527,True
BT-v2,POOL-s1-b200,POOL-s3-b300,0.27,0.1875,0.08250000000000002,100,0.003699064512483272,1.0,False
BT-v2,POOL-s1-b200,POOL-s3-b400,0.27,0.3575,-0.08749999999999997,100,0.011262463298555828,1.0,False
BT-v2,POOL-s1-b200,POOL-s3-b500,0.27,0.075,0.195,100,9.9614861986758e-07,0.0018259404202172742,True
BT-v2,POOL-s1-b200,POOL-s3-b600,0.27,0.5575,-0.2875,100,3.164061710236541e-08,6.084490668784869e-05,True
BT-v2,POOL-s1-b200,POOL-s3-b700,0.27,0.44,-0.16999999999999998,100,2.8014161956852307e-05,0.048912726776664125,True
BT-v2,POOL-s1-b200,POOL-s3-b800,0.27,0.6275,-0.35749999999999993,100,9.451337128937026e-13,2.071733098662996e-09,True
BT-v2,POOL-s1-b200,POOL-s3-b900,0.27,0.4025,-0.1325,100,0.00872608621747919,1.0,False
BT-v2,POOL-s1-b200,POOL-s4-b100,0.27,0.155,0.11500000000000002,100,0.0029815135933962014,1.0,False
BT-v2,POOL-s1-b200,POOL-s4-b1000,0.27,0.7125,-0.4425,100,2.6545461027101155e-15,6.113419674541396e-12,True
BT-v2,POOL-s1-b200,POOL-s4-b200,0.27,0.1125,0.15750000000000003,100,0.00012242460837508525,0.2091012311046456,False
BT-v2,POOL-s1-b200,POOL-s4-b300,0.27,0.1875,0.08250000000000002,100,0.03188775486672656,1.0,False
BT-v2,POOL-s1-b200,POOL-s4-b400,0.27,0.355,-0.08499999999999996,100,0.07267234263449282,1.0,False
BT-v2,POOL-s1-b200,POOL-s4-b500,0.27,0.07,0.2,100,8.944864428737367e-07,0.0016449605684448019,True
BT-v2,POOL-s1-b200,POOL-s4-b600,0.27,0.035,0.23500000000000001,100,3.163375277095851e-10,6.421651812504578e-07,True
BT-v2,POOL-s1-b200,POOL-s4-b700,0.27,0.225,0.04500000000000001,100,0.1655464257225453,1.0,False
BT-v2,POOL-s1-b200,POOL-s4-b800,0.27,0.3425,-0.07250000000000001,100,0.13660129951860472,1.0,False
BT-v2,POOL-s1-b200,POOL-s4-b900,0.27,0.4275,-0.15749999999999997,100,0.0005003319353448085,0.82304603364221,False
BT-v2,POOL-s1-b300,POOL-s1-b400,0.3325,0.315,0.017500000000000016,100,0.7473083138737237,1.0,False
BT-v2,POOL-s1-b300,POOL-s1-b500,0.3325,0.3075,0.025000000000000022,100,0.5415810205519641,1.0,False
BT-v2,POOL-s1-b300,POOL-s1-b600,0.3325,0.33,0.0025000000000000022,100,0.9540721059323016,1.0,False
BT-v2,POOL-s1-b300,POOL-s1-b700,0.3325,0.45,-0.1175,100,0.007150459914004121,1.0,False
BT-v2,POOL-s1-b300,POOL-s1-b800,0.3325,0.4275,-0.09499999999999997,100,0.024384135909905402,1.0,False
BT-v2,POOL-s1-b300,POOL-s1-b900,0.3325,0.3775,-0.044999999999999984,100,0.3022060583033299,1.0,False
BT-v2,POOL-s1-b300,POOL-s2-b100,0.3325,0.0825,0.25,100,1.501572755972932e-08,2.9235621558792988e-05,True
BT-v2,POOL-s1-b300,POOL-s2-b1000,0.3325,0.4525,-0.12,100,0.0071108550988954545,1.0,False
BT-v2,POOL-s1-b300,POOL-s2-b200,0.3325,0.05,0.28250000000000003,100,8.877962313299617e-11,1.8377381988530207e-07,True
BT-v2,POOL-s1-b300,POOL-s2-b300,0.3325,0.165,0.1675,100,0.00016460336121963505,0.27916730062850104,False
BT-v2,POOL-s1-b300,POOL-s2-b400,0.3325,0.68,-0.34750000000000003,100,1.6744269965834375e-10,3.4409474779789643e-07,True
BT-v2,POOL-s1-b300,POOL-s2-b500,0.3325,0.5125,-0.17999999999999994,100,2.7594122743834255e-05,0.04820693243347844,True
BT-v2,POOL-s1-b300,POOL-s2-b600,0.3325,0.405,-0.07250000000000001,100,0.06424008220623591,1.0,False
BT-v2,POOL-s1-b300,POOL-s2-b700,0.3325,0.41,-0.07749999999999996,100,0.06011659254147688,1.0,False
BT-v2,POOL-s1-b300,POOL-s2-b800,0.3325,0.365,-0.03249999999999997,100,0.3171281387354862,1.0,False
BT-v2,POOL-s1-b300,POOL-s2-b900,0.3325,0.3375,-0.0050000000000000044,100,0.7643662133862978,1.0,False
BT-v2,POOL-s1-b300,POOL-s3-b100,0.3325,0.135,0.1975,100,1.4848534448642828e-05,0.026326451577443736,True
BT-v2,POOL-s1-b300,POOL-s3-b1000,0.3325,0.3975,-0.065,100,0.17989012718461506,1.0,False
BT-v2,POOL-s1-b300,POOL-s3-b200,0.3325,0.11,0.22250000000000003,100,6.259507856153771e-07,0.0011542532486747553,True
BT-v2,POOL-s1-b300,POOL-s3-b300,0.3325,0.1875,0.14500000000000002,100,0.0003515520717699431,0.5853341994969553,False
BT-v2,POOL-s1-b300,POOL-s3-b400,0.3325,0.3575,-0.024999999999999967,100,0.4556601284145667,1.0,False
BT-v2,POOL-s1-b300,POOL-s3-b500,0.3325,0.075,0.2575,100,1.7609907579627955e-08,3.4128000889318976e-05,True
BT-v2,POOL-s1-b300,POOL-s3-b600,0.3325,0.5575,-0.22499999999999998,100,5.2911449445823195e-06,0.00951347861035901,True
BT-v2,POOL-s1-b300,POOL-s3-b700,0.3325,0.44,-0.10749999999999998,100,0.0019603245844759753,1.0,False
BT-v2,POOL-s1-b300,POOL-s3-b800,0.3325,0.6275,-0.29499999999999993,100,1.3800313529530164e-09,2.7559226118471737e-06,True
BT-v2,POOL-s1-b300,POOL-s3-b900,0.3325,0.4025,-0.07,100,0.1340855194445935,1.0,False
BT-v2,POOL-s1-b300,POOL-s4-b100,0.3325,0.155,0.17750000000000002,100,0.00014959760527448555,0.2543159289666254,False
BT-v2,POOL-s1-b300,POOL-s4-b1000,0.3325,0.7125,-0.38,100,3.343141244782036e-13,7.395028433457864e-10,True
BT-v2,POOL-s1-b300,POOL-s4-b200,0.3325,0.1125,0.22000000000000003,100,1.8353183499700793e-06,0.0033366087602456043,True
BT-v2,POOL-s1-b300,POOL-s4-b300,0.3325,0.1875,0.14500000000000002,100,0.00035535168577754495,0.5909498534480573,False
BT-v2,POOL-s1-b300,POOL-s4-b400,0.3325,0.355,-0.022499999999999964,100,0.7021904017608774,1.0,False
BT-v2,POOL-s1-b300,POOL-s4-b500,0.3325,0.07,0.2625,100,1.2063320299442035e-08,2.353553790421141e-05,True
BT-v2,POOL-s1-b300,POOL-s4-b600,0.3325,0.035,0.2975,100,1.2873199424810255e-11,2.731692917944736e-08,True
BT-v2,POOL-s1-b300,POOL-s4-b700,0.3325,0.225,0.10750000000000001,100,0.011048911268571939,1.0,False
BT-v2,POOL-s1-b300,POOL-s4-b800,0.3325,0.3425,-0.010000000000000009,100,0.8751097861534674,1.0,False
BT-v2,POOL-s1-b300,POOL-s4-b900,0.3325,0.4275,-0.09499999999999997,100,0.031437418981467756,1.0,False
BT-v2,POOL-s1-b400,POOL-s1-b500,0.315,0.3075,0.007500000000000007,100,0.7907708927178501,1.0,False
BT-v2,POOL-s1-b400,POOL-s1-b600,0.315,0.33,-0.015000000000000013,100,0.6784843549323751,1.0,False
BT-v2,POOL-s1-b400,POOL-s1-b700,0.315,0.45,-0.135,100,0.002275182187916852,1.0,False
BT-v2,POOL-s1-b400,POOL-s1-b800,0.315,0.4275,-0.11249999999999999,100,0.013315315156660347,1.0,False
BT-v2,POOL-s1-b400,POOL-s1-b900,0.315,0.3775,-0.0625,100,0.025282111611893848,1.0,False
BT-v2,POOL-s1-b400,POOL-s2-b100,0.315,0.0825,0.23249999999999998,100,2.3528656946352185e-07,0.0004385741654800047,True
BT-v2,POOL-s1-b400,POOL-s2-b1000,0.315,0.4525,-0.1375,100,0.0018602123922617203,1.0,False
BT-v2,POOL-s1-b400,POOL-s2-b200,0.315,0.05,0.265,100,2.6046594767022847e-10,5.303086694565852e-07,True
BT-v2,POOL-s1-b400,POOL-s2-b300,0.315,0.165,0.15,100,0.00012389195882437262,0.21139295419397544,False
BT-v2,POOL-s1-b400,POOL-s2-b400,0.315,0.68,-0.36500000000000005,100,2.5023432568865822e-12,5.420075494416337e-09,True
BT-v2,POOL-s1-b400,POOL-s2-b500,0.315,0.5125,-0.19749999999999995,100,3.8067211562826303e-06,0.006878745129402713,True
BT-v2,POOL-s1-b400,POOL-s2-b600,0.315,0.405,-0.09000000000000002,100,0.03359915541287575,1.0,False
BT-v2,POOL-s1-b400,POOL-s2-b700,0.315,0.41,-0.09499999999999997,100,0.018842638137905723,1.0,False
BT-v2,POOL-s1-b400,POOL-s2-b800,0.315,0.365,-0.04999999999999999,100,0.2229465726878106,1.0,False
BT-v2,POOL-s1-b400,POOL-s2-b900,0.315,0.3375,-0.02250000000000002,100,0.5561561483193309,1.0,False
BT-v2,POOL-s1-b400,POOL-s3-b100,0.315,0.135,0.18,100,7.212301825490687e-06,0.01291723256945382,True
BT-v2,POOL-s1-b400,POOL-s3-b1000,0.315,0.3975,-0.08250000000000002,100,0.08564093479938843,1.0,False
BT-v2,POOL-s1-b400,POOL-s3-b200,0.315,0.11,0.20500000000000002,100,3.852331429005346e-07,0.0007146074800804917,True
BT-v2,POOL-s1-b400,POOL-s3-b300,0.315,0.1875,0.1275,100,0.008086467704866143,1.0,False
BT-v2,POOL-s1-b400,POOL-s3-b400,0.315,0.3575,-0.04249999999999998,100,0.20403241754473367,1.0,False
BT-v2,POOL-s1-b400,POOL-s3-b500,0.315,0.075,0.24,100,2.4060218434993266e-08,4.648434201640699e-05,True
BT-v2,POOL-s1-b400,POOL-s3-b600,0.315,0.5575,-0.2425,100,1.566128627494671e-06,0.0028534863592952903,True
BT-v2,POOL-s1-b400,POOL-s3-b700,0.315,0.44,-0.125,100,0.0011035537871788292,1.0,False
BT-v2,POOL-s1-b400,POOL-s3-b800,0.315,0.6275,-0.31249999999999994,100,1.592760025876247e-10,3.27630737322744e-07,True
BT-v2,POOL-s1-b400,POOL-s3-b900,0.315,0.4025,-0.08750000000000002,100,0.09414951451918242,1.0,False
BT-v2,POOL-s1-b400,POOL-s4-b100,0.315,0.155,0.16,100,0.00017065266401847302,0.2892562655113118,False
BT-v2,POOL-s1-b400,POOL-s4-b1000,0.315,0.7125,-0.3975,100,2.7596226746344434e-14,6.239506867348476e-11,True
BT-v2,POOL-s1-b400,POOL-s4-b200,0.315,0.1125,0.2025,100,6.231467535777169e-06,0.011173021291648464,True
BT-v2,POOL-s1-b400,POOL-s4-b300,0.315,0.1875,0.1275,100,0.0030648533083175527,1.0,False
BT-v2,POOL-s1-b400,POOL-s4-b400,0.315,0.355,-0.03999999999999998,100,0.4751737488131549,1.0,False
BT-v2,POOL-s1-b400,POOL-s4-b500,0.315,0.07,0.245,100,3.849380555134776e-08,7.363865001972827e-05,True
BT-v2,POOL-s1-b400,POOL-s4-b600,0.315,0.035,0.28,100,7.609818259184402e-11,1.5828421979103556e-07,True
BT-v2,POOL-s1-b400,POOL-s4-b700,0.315,0.225,0.09,100,0.06068462329996891,1.0,False
BT-v2,POOL-s1-b400,POOL-s4-b800,0.315,0.3425,-0.027500000000000024,100,0.43464014936540285,1.0,False
BT-v2,POOL-s1-b400,POOL-s4-b900,0.315,0.4275,-0.11249999999999999,100,0.02364254481728945,1.0,False
BT-v2,POOL-s1-b500,POOL-s1-b600,0.3075,0.33,-0.02250000000000002,100,0.40638581892779746,1.0,False
BT-v2,POOL-s1-b500,POOL-s1-b700,0.3075,0.45,-0.14250000000000002,100,0.00044813767602811444,0.740323440798445,False
BT-v2,POOL-s1-b500,POOL-s1-b800,0.3075,0.4275,-0.12,100,0.010489389273950937,1.0,False
BT-v2,POOL-s1-b500,POOL-s1-b900,0.3075,0.3775,-0.07,100,0.06404664557076649,1.0,False
BT-v2,POOL-s1-b500,POOL-s2-b100,0.3075,0.0825,0.22499999999999998,100,5.297575718667505e-07,0.000978991992809755,True
BT-v2,POOL-s1-b500,POOL-s2-b1000,0.3075,0.4525,-0.14500000000000002,100,0.0055140906902874974,1.0,False
BT-v2,POOL-s1-b500,POOL-s2-b200,0.3075,0.05,0.2575,100,2.074344002202693e-10,4.2441078285067096e-07,True
BT-v2,POOL-s1-b500,POOL-s2-b300,0.3075,0.165,0.1425,100,0.0006782973113060996,1.0,False
BT-v2,POOL-s1-b500,POOL-s2-b400,0.3075,0.68,-0.37250000000000005,100,1.1837533707458351e-10,2.4373481903656745e-07,True
BT-v2,POOL-s1-b500,POOL-s2-b500,0.3075,0.5125,-0.20499999999999996,100,3.563571936533314e-07,0.0006617553086142365,True
BT-v2,POOL-s1-b500,POOL-s2-b600,0.3075,0.405,-0.09750000000000003,100,0.028473257152511897,1.0,False
BT-v2,POOL-s1-b500,POOL-s2-b700,0.3075,0.41,-0.10249999999999998,100,0.041202235947027946,1.0,False
BT-v2,POOL-s1-b500,POOL-s2-b800,0.3075,0.365,-0.057499999999999996,100,0.2514955627964961,1.0,False
BT-v2,POOL-s1-b500,POOL-s2-b900,0.3075,0.3375,-0.030000000000000027,100,0.33829790619174405,1.0,False
BT-v2,POOL-s1-b500,POOL-s3-b100,0.3075,0.135,0.1725,100,4.56649374024723e-05,0.07918300145588697,False
BT-v2,POOL-s1-b500,POOL-s3-b1000,0.3075,0.3975,-0.09000000000000002,100,0.0830629259686024,1.0,False
BT-v2,POOL-s1-b500,POOL-s3-b200,0.3075,0.11,0.1975,100,1.8403938996140057e-06,0.0033439957155986483,True
BT-v2,POOL-s1-b500,POOL-s3-b300,0.3075,0.1875,0.12,100,0.003753127728535323,1.0,False
BT-v2,POOL-s1-b500,POOL-s3-b400,0.3075,0.3575,-0.04999999999999999,100,0.14510515146880096,1.0,False
BT-v2,POOL-s1-b500,POOL-s3-b500,0.3075,0.075,0.23249999999999998,100,4.806711104531146e-08,9.171204787445427e-05,True
BT-v2,POOL-s1-b500,POOL-s3-b600,0.3075,0.5575,-0.25,100,4.865967436885232e-06,0.008763607353830303,True
BT-v2,POOL-s1-b500,POOL-s3-b700,0.3075,0.44,-0.1325,100,0.0005100643336631883,0.8380357002086184,False
BT-v2,POOL-s1-b500,POOL-s3-b800,0.3075,0.6275,-0.31999999999999995,100,2.4350461381722945e-10,4.965059075733308e-07,True
BT-v2,POOL-s1-b500,POOL-s3-b900,0.3075,0.4025,-0.09500000000000003,100,0.07132015238009622,1.0,False
BT-v2,POOL-s1-b500,POOL-s4-b100,0.3075,0.155,0.1525,100,0.000503687769887451,0.8280626936949695,False
BT-v2,POOL-s1-b500,POOL-s4-b1000,0.3075,0.7125,-0.405,100,1.348009337095607e-14,3.066721241892506e-11,True
BT-v2,POOL-s1-b500,POOL-s4-b200,0.3075,0.1125,0.195,100,1.6207638098399324e-05,0.028655104157970006,True
BT-v2,POOL-s1-b500,POOL-s4-b300,0.3075,0.1875,0.12,100,0.005308626570230819,1.0,False
BT-v2,POOL-s1-b500,POOL-s4-b400,0.3075,0.355,-0.04749999999999999,100,0.29783280162790626,1.0,False
BT-v2,POOL-s1-b500,POOL-s4-b500,0.3075,0.07,0.2375,100,1.5090503162565469e-07,0.00028324874436135386,True
BT-v2,POOL-s1-b500,POOL-s4-b600,0.3075,0.035,0.27249999999999996,100,1.0722016644145582e-10,2.2108798320228192e-07,True
BT-v2,POOL-s1-b500,POOL-s4-b700,0.3075,0.225,0.08249999999999999,100,0.04035439550411431,1.0,False
BT-v2,POOL-s1-b500,POOL-s4-b800,0.3075,0.3425,-0.03500000000000003,100,0.28148174094745937,1.0,False
BT-v2,POOL-s1-b500,POOL-s4-b900,0.3075,0.4275,-0.12,100,0.005893961392778508,1.0,False
BT-v2,POOL-s1-b600,POOL-s1-b700,0.33,0.45,-0.12,100,0.0043504042612875085,1.0,False
BT-v2,POOL-s1-b600,POOL-s1-b800,0.33,0.4275,-0.09749999999999998,100,0.012572979011268404,1.0,False
BT-v2,POOL-s1-b600,POOL-s1-b900,0.33,0.3775,-0.04749999999999999,100,0.1699481965809072,1.0,False
BT-v2,POOL-s1-b600,POOL-s2-b100,0.33,0.0825,0.2475,100,1.5097395939037262e-08,2.937953249736651e-05,True
BT-v2,POOL-s1-b600,POOL-s2-b1000,0.33,0.4525,-0.1225,100,0.01122127656016857,1.0,False
BT-v2,POOL-s1-b600,POOL-s2-b200,0.33,0.05,0.28,100,1.761727683174897e-11,3.722530594548558e-08,True
BT-v2,POOL-s1-b600,POOL-s2-b300,0.33,0.165,0.165,100,0.0001145203564015224,0.19594432980300483,False
BT-v2,POOL-s1-b600,POOL-s2-b400,0.33,0.68,-0.35000000000000003,100,1.6729125298962102e-10,3.439508161466608e-07,True
BT-v2,POOL-s1-b600,POOL-s2-b500,0.33,0.5125,-0.18249999999999994,100,2.3634836197878963e-05,0.0414555026910797,True
BT-v2,POOL-s1-b600,POOL-s2-b600,0.33,0.405,-0.07500000000000001,100,0.09664966632414947,1.0,False
BT-v2,POOL-s1-b600,POOL-s2-b700,0.33,0.41,-0.07999999999999996,100,0.1092468020975291,1.0,False
BT-v2,POOL-s1-b600,POOL-s2-b800,0.33,0.365,-0.034999999999999976,100,0.5477095462468111,1.0,False
BT-v2,POOL-s1-b600,POOL-s2-b900,0.33,0.3375,-0.007500000000000007,100,0.6832386161618844,1.0,False
BT-v2,POOL-s1-b600,POOL-s3-b100,0.33,0.135,0.195,100,1.1650933676434471e-05,0.02073866194405336,True
BT-v2,POOL-s1-b600,POOL-s3-b1000,0.33,0.3975,-0.0675,100,0.17722384917578748,1.0,False
BT-v2,POOL-s1-b600,POOL-s3-b200,0.33,0.11,0.22000000000000003,100,1.4623594930817162e-07,0.0002746311128007463,True
BT-v2,POOL-s1-b600,POOL-s3-b300,0.33,0.1875,0.14250000000000002,100,0.0007286493150829362,1.0,False
BT-v2,POOL-s1-b600,POOL-s3-b400,0.33,0.3575,-0.02749999999999997,100,0.4667170487466338,1.0,False
BT-v2,POOL-s1-b600,POOL-s3-b500,0.33,0.075,0.255,100,8.8874842779651e-09,1.7401694216255667e-05,True
BT-v2,POOL-s1-b600,POOL-s3-b600,0.33,0.5575,-0.22749999999999998,100,1.4388435285189388e-05,0.025525084195925973,True
BT-v2,POOL-s1-b600,POOL-s3-b700,0.33,0.44,-0.10999999999999999,100,0.0031533520890563854,1.0,False
BT-v2,POOL-s1-b600,POOL-s3-b800,0.33,0.6275,-0.29749999999999993,100,3.782325857910294e-09,7.466311243514921e-06,True
BT-v2,POOL-s1-b600,POOL-s3-b900,0.33,0.4025,-0.07250000000000001,100,0.13443957576821897,1.0,False
BT-v2,POOL-s1-b600,POOL-s4-b100,0.33,0.155,0.17500000000000002,100,0.00018510236640119213,0.3130081015844159,False
BT-v2,POOL-s1-b600,POOL-s4-b1000,0.33,0.7125,-0.3825,100,1.5548443021041738e-13,3.4657479493902033e-10,True
BT-v2,POOL-s1-b600,POOL-s4-b200,0.33,0.1125,0.21750000000000003,100,1.5101310347943269e-05,0.026759521936555473,True
BT-v2,POOL-s1-b600,POOL-s4-b300,0.33,0.1875,0.14250000000000002,100,0.0008048404301770108,1.0,False
BT-v2,POOL-s1-b600,POOL-s4-b400,0.33,0.355,-0.024999999999999967,100,0.7663461034192953,1.0,False
BT-v2,POOL-s1-b600,POOL-s4-b500,0.33,0.07,0.26,100,1.2945922968930098e-08,2.524454978941369e-05,True
BT-v2,POOL-s1-b600,POOL-s4-b600,0.33,0.035,0.29500000000000004,100,8.035705861275905e-12,1.7196410543130435e-08,True
BT-v2,POOL-s1-b600,POOL-s4-b700,0.33,0.225,0.10500000000000001,100,0.004857212021371294,1.0,False
BT-v2,POOL-s1-b600,POOL-s4-b800,0.33,0.3425,-0.012500000000000011,100,0.8106774963382494,1.0,False
BT-v2,POOL-s1-b600,POOL-s4-b900,0.33,0.4275,-0.09749999999999998,100,0.036525348709856784,1.0,False
BT-v2,POOL-s1-b700,POOL-s1-b800,0.45,0.4275,0.02250000000000002,100,0.6273765011976438,1.0,False
BT-v2,POOL-s1-b700,POOL-s1-b900,0.45,0.3775,0.07250000000000001,100,0.08750390851200313,1.0,False
BT-v2,POOL-s1-b700,POOL-s2-b100,0.45,0.0825,0.3675,100,2.1543209802931547e-13,4.789055539191683e-10,True
BT-v2,POOL-s1-b700,POOL-s2-b1000,0.45,0.4525,-0.0025000000000000022,100,1.0,1.0,False
BT-v2,POOL-s1-b700,POOL-s2-b200,0.45,0.05,0.4,100,4.6792280495754065e-14,1.0523583883495089e-10,True
BT-v2,POOL-s1-b700,POOL-s2-b300,0.45,0.165,0.28500000000000003,100,2.575250347326632e-09,5.109296689096038e-06,True
BT-v2,POOL-s1-b700,POOL-s2-b400,0.45,0.68,-0.23000000000000004,100,1.0039967309200002e-06,0.0018393220110454404,True
BT-v2,POOL-s1-b700,POOL-s2-b500,0.45,0.5125,-0.062499999999999944,100,0.20466653639391585,1.0,False
BT-v2,POOL-s1-b700,POOL-s2-b600,0.45,0.405,0.044999999999999984,100,0.273607711654266,1.0,False
BT-v2,POOL-s1-b700,POOL-s2-b700,0.45,0.41,0.040000000000000036,100,0.28434262371414165,1.0,False
BT-v2,POOL-s1-b700,POOL-s2-b800,0.45,0.365,0.08500000000000002,100,0.057284655721375685,1.0,False
BT-v2,POOL-s1-b700,POOL-s2-b900,0.45,0.3375,0.11249999999999999,100,0.00905163922777113,1.0,False
BT-v2,POOL-s1-b700,POOL-s3-b100,0.45,0.135,0.315,100,7.747671307385979e-11,1.6099660976748065e-07,True
BT-v2,POOL-s1-b700,POOL-s3-b1000,0.45,0.3975,0.05249999999999999,100,0.27916277827162606,1.0,False
BT-v2,POOL-s1-b700,POOL-s3-b200,0.45,0.11,0.34,100,1.0496508164655811e-11,2.2347065882552224e-08,True
BT-v2,POOL-s1-b700,POOL-s3-b300,0.45,0.1875,0.2625,100,7.206356584749687e-08,0.00013670458441270155,True
BT-v2,POOL-s1-b700,POOL-s3-b400,0.45,0.3575,0.09250000000000003,100,0.04733236269485574,1.0,False
BT-v2,POOL-s1-b700,POOL-s3-b500,0.45,0.075,0.375,100,4.770071470900796e-12,1.0250883590965811e-08,True
BT-v2,POOL-s1-b700,POOL-s3-b600,0.45,0.5575,-0.10749999999999998,100,0.05186263889224342,1.0,False
BT-v2,POOL-s1-b700,POOL-s3-b700,0.45,0.44,0.010000000000000009,100,0.8563732446838188,1.0,False
BT-v2,POOL-s1-b700,POOL-s3-b800,0.45,0.6275,-0.17749999999999994,100,0.0004641662398891744,0.7649459633373594,False
BT-v2,POOL-s1-b700,POOL-s3-b900,0.45,0.4025,0.04749999999999999,100,0.3258901644193606,1.0,False
BT-v2,POOL-s1-b700,POOL-s4-b100,0.45,0.155,0.29500000000000004,100,3.624567067212882e-08,6.944670500779883e-05,True
BT-v2,POOL-s1-b700,POOL-s4-b1000,0.45,0.7125,-0.2625,100,1.3828873518356572e-08,2.695247448727696e-05,True
BT-v2,POOL-s1-b700,POOL-s4-b200,0.45,0.1125,0.3375,100,2.2973043216317814e-09,4.562446382760718e-06,True
BT-v2,POOL-s1-b700,POOL-s4-b300,0.45,0.1875,0.2625,100,9.484433946615406e-09,1.8542068365633118e-05,True
BT-v2,POOL-s1-b700,POOL-s4-b400,0.45,0.355,0.09500000000000003,100,0.047356864283281376,1.0,False
BT-v2,POOL-s1-b700,POOL-s4-b500,0.45,0.07,0.38,100,2.82175658666071e-12,6.1006377403604555e-09,True
BT-v2,POOL-s1-b700,POOL-s4-b600,0.45,0.035,0.41500000000000004,100,1.564567128142471e-14,3.551567380883409e-11,True
BT-v2,POOL-s1-b700,POOL-s4-b700,0.45,0.225,0.225,100,1.3995726372717647e-06,0.002552820490383699,True
BT-v2,POOL-s1-b700,POOL-s4-b800,0.45,0.3425,0.10749999999999998,100,0.009491351828405166,1.0,False
BT-v2,POOL-s1-b700,POOL-s4-b900,0.45,0.4275,0.02250000000000002,100,0.7483530707874839,1.0,False
BT-v2,POOL-s1-b800,POOL-s1-b900,0.4275,0.3775,0.04999999999999999,100,0.10205076791429116,1.0,False
BT-v2,POOL-s1-b800,POOL-s2-b100,0.4275,0.0825,0.345,100,9.150140179951016e-14,2.0468863582550421e-10,True
BT-v2,POOL-s1-b800,POOL-s2-b1000,0.4275,0.4525,-0.025000000000000022,100,0.7172521561184497,1.0,False
BT-v2,POOL-s1-b800,POOL-s2-b200,0.4275,0.05,0.3775,100,1.041681993894693e-14,2.376076628073795e-11,True
BT-v2,POOL-s1-b800,POOL-s2-b300,0.4275,0.165,0.26249999999999996,100,2.4326248436678854e-10,4.962554681082486e-07,True
BT-v2,POOL-s1-b800,POOL-s2-b400,0.4275,0.68,-0.25250000000000006,100,9.235983538650288e-09,1.8065583801599962e-05,True
BT-v2,POOL-s1-b800,POOL-s2-b500,0.4275,0.5125,-0.08499999999999996,100,0.10401278717875313,1.0,False
BT-v2,POOL-s1-b800,POOL-s2-b600,0.4275,0.405,0.022499999999999964,100,0.5659901528950335,1.0,False
BT-v2,POOL-s1-b800,POOL-s2-b700,0.4275,0.41,0.017500000000000016,100,0.729881239866275,1.0,False
BT-v2,POOL-s1-b800,POOL-s2-b800,0.4275,0.365,0.0625,100,0.11048700888603599,1.0,False
BT-v2,POOL-s1-b800,POOL-s2-b900,0.4275,0.3375,0.08999999999999997,100,0.04376409344000009,1.0,False
BT-v2,POOL-s1-b800,POOL-s3-b100,0.4275,0.135,0.2925,100,2.1372766628290604e-10,4.368593498822599e-07,True
BT-v2,POOL-s1-b800,POOL-s3-b1000,0.4275,0.3975,0.02999999999999997,100,0.6599185529319751,1.0,False
BT-v2,POOL-s1-b800,POOL-s3-b200,0.4275,0.11,0.3175,100,8.375576522442224e-12,1.7898607028459034e-08,True
BT-v2,POOL-s1-b800,POOL-s3-b300,0.4275,0.1875,0.24,100,4.9259894997058e-08,9.393861975938961e-05,True
BT-v2,POOL-s1-b800,POOL-s3-b400,0.4275,0.3575,0.07,100,0.1467126087774091,1.0,False
BT-v2,POOL-s1-b800,POOL-s3-b500,0.4275,0.075,0.3525,100,8.693192294286334e-13,1.906417070136993e-09,True
BT-v2,POOL-s1-b800,POOL-s3-b600,0.4275,0.5575,-0.13,100,0.0026971124863111365,1.0,False
BT-v2,POOL-s1-b800,POOL-s3-b700,0.4275,0.44,-0.012500000000000011,100,0.7318121265787909,1.0,False
BT-v2,POOL-s1-b800,POOL-s3-b800,0.4275,0.6275,-0.19999999999999996,100,6.047703537908743e-06,0.010849580147008285,True
BT-v2,POOL-s1-b800,POOL-s3-b900,0.4275,0.4025,0.024999999999999967,100,0.6159637545859031,1.0,False
BT-v2,POOL-s1-b800,POOL-s4-b100,0.4275,0.155,0.27249999999999996,100,9.647594339038658e-09,1.8851399338481536e-05,True
BT-v2,POOL-s1-b800,POOL-s4-b1000,0.4275,0.7125,-0.28500000000000003,100,7.222103425857447e-11,1.5036419332635205e-07,True
BT-v2,POOL-s1-b800,POOL-s4-b200,0.4275,0.1125,0.315,100,1.1461350245387501e-10,2.3610381505498252e-07,True
BT-v2,POOL-s1-b800,POOL-s4-b300,0.4275,0.1875,0.24,100,5.274881079468133e-08,0.00010038098694227858,True
BT-v2,POOL-s1-b800,POOL-s4-b400,0.4275,0.355,0.07250000000000001,100,0.11410863762445594,1.0,False
BT-v2,POOL-s1-b800,POOL-s4-b500,0.4275,0.07,0.3575,100,4.613717951959526e-12,9.91949359671298e-09,True
BT-v2,POOL-s1-b800,POOL-s4-b600,0.4275,0.035,0.39249999999999996,100,1.0630890939170256e-15,2.4653036087935823e-12,True
BT-v2,POOL-s1-b800,POOL-s4-b700,0.4275,0.225,0.20249999999999999,100,5.374369121991769e-06,0.009657741312219208,True
BT-v2,POOL-s1-b800,POOL-s4-b800,0.4275,0.3425,0.08499999999999996,100,0.05544817603470852,1.0,False
BT-v2,POOL-s1-b800,POOL-s4-b900,0.4275,0.4275,0.0,100,0.9736191896762716,1.0,False
BT-v2,POOL-s1-b900,POOL-s2-b100,0.3775,0.0825,0.295,100,3.232657309705852e-11,6.782115035762878e-08,True
BT-v2,POOL-s1-b900,POOL-s2-b1000,0.3775,0.4525,-0.07500000000000001,100,0.10332998510898309,1.0,False
BT-v2,POOL-s1-b900,POOL-s2-b200,0.3775,0.05,0.3275,100,6.199103782495402e-13,1.364422742527238e-09,True
BT-v2,POOL-s1-b900,POOL-s2-b300,0.3775,0.165,0.2125,100,1.1600769460740321e-07,0.00021832648125113285,True
BT-v2,POOL-s1-b900,POOL-s2-b400,0.3775,0.68,-0.30250000000000005,100,3.9068729804793946e-10,7.911417785470774e-07,True
BT-v2,POOL-s1-b900,POOL-s2-b500,0.3775,0.5125,-0.13499999999999995,100,0.00019157825192967778,0.3231925110053664,False
BT-v2,POOL-s1-b900,POOL-s2-b600,0.3775,0.405,-0.027500000000000024,100,0.6500191416784,1.0,False
BT-v2,POOL-s1-b900,POOL-s2-b700,0.3775,0.41,-0.03249999999999997,100,0.47639010464452214,1.0,False
BT-v2,POOL-s1-b900,POOL-s2-b800,0.3775,0.365,0.012500000000000011,100,0.7067911530701194,1.0,False
BT-v2,POOL-s1-b900,POOL-s2-b900,0.3775,0.3375,0.03999999999999998,100,0.25300657792005343,1.0,False
BT-v2,POOL-s1-b900,POOL-s3-b100,0.3775,0.135,0.2425,100,3.3880312078268084e-08,6.498243856611819e-05,True
BT-v2,POOL-s1-b900,POOL-s3-b1000,0.3775,0.3975,-0.020000000000000018,100,0.6835757525006705,1.0,False
BT-v2,POOL-s1-b900,POOL-s3-b200,0.3775,0.11,0.2675,100,6.486772438902933e-11,1.3518433762673713e-07,True
BT-v2,POOL-s1-b900,POOL-s3-b300,0.3775,0.1875,0.19,100,1.3962975330581338e-07,0.00026236430646162334,True
BT-v2,POOL-s1-b900,POOL-s3-b400,0.3775,0.3575,0.020000000000000018,100,0.5555502522659896,1.0,False
BT-v2,POOL-s1-b900,POOL-s3-b500,0.3775,0.075,0.3025,100,1.3659747268328538e-11,2.89586642088565e-08,True
BT-v2,POOL-s1-b900,POOL-s3-b600,0.3775,0.5575,-0.18,100,0.0007363181881805092,1.0,False
BT-v2,POOL-s1-b900,POOL-s3-b700,0.3775,0.44,-0.0625,100,0.15715907253279165,1.0,False
BT-v2,POOL-s1-b900,POOL-s3-b800,0.3775,0.6275,-0.24999999999999994,100,1.885142336431077e-08,3.6515207056669965e-05,True
BT-v2,POOL-s1-b900,POOL-s3-b900,0.3775,0.4025,-0.025000000000000022,100,0.689012059936787,1.0,False
BT-v2,POOL-s1-b900,POOL-s4-b100,0.3775,0.155,0.2225,100,1.2372520735293965e-06,0.0022641712945587955,True
BT-v2,POOL-s1-b900,POOL-s4-b1000,0.3775,0.7125,-0.335,100,4.525743837023411e-12,9.734874993437356e-09,True
BT-v2,POOL-s1-b900,POOL-s4-b200,0.3775,0.1125,0.265,100,2.822846448600305e-08,5.433979413555587e-05,True
BT-v2,POOL-s1-b900,POOL-s4-b300,0.3775,0.1875,0.19,100,1.6626264638667205e-07,0.0003114099366822367,True
BT-v2,POOL-s1-b900,POOL-s4-b400,0.3775,0.355,0.02250000000000002,100,0.5154076045254347,1.0,False
BT-v2,POOL-s1-b900,POOL-s4-b500,0.3775,0.07,0.3075,100,6.656287895694879e-11,1.3865047686732433e-07,True
BT-v2,POOL-s1-b900,POOL-s4-b600,0.3775,0.035,0.3425,100,4.515913528135066e-14,1.0160805438303898e-10,True
BT-v2,POOL-s1-b900,POOL-s4-b700,0.3775,0.225,0.1525,100,6.204160040598567e-05,0.10714584390113725,False
BT-v2,POOL-s1-b900,POOL-s4-b800,0.3775,0.3425,0.034999999999999976,100,0.3184427960696661,1.0,False
BT-v2,POOL-s1-b900,POOL-s4-b900,0.3775,0.4275,-0.04999999999999999,100,0.26281634202474824,1.0,False
BT-v2,POOL-s2-b100,POOL-s2-b1000,0.0825,0.4525,-0.37,100,1.4726546495664528e-13,3.2840198685331897e-10,True
BT-v2,POOL-s2-b100,POOL-s2-b200,0.0825,0.05,0.0325,100,0.29610595439361853,1.0,False
BT-v2,POOL-s2-b100,POOL-s2-b300,0.0825,0.165,-0.0825,100,0.012172732694113763,1.0,False
BT-v2,POOL-s2-b100,POOL-s2-b400,0.0825,0.68,-0.5975,100,5.392641795893977e-18,1.3012444653492167e-14,True
BT-v2,POOL-s2-b100,POOL-s2-b500,0.0825,0.5125,-0.42999999999999994,100,5.471734135164979e-15,1.2546686371933296e-11,True
BT-v2,POOL-s2-b100,POOL-s2-b600,0.0825,0.405,-0.3225,100,1.51146164147141e-12,3.299520763332088e-09,True
BT-v2,POOL-s2-b100,POOL-s2-b700,0.0825,0.41,-0.32749999999999996,100,2.472409653966716e-12,5.3601841297998405e-09,True
BT-v2,POOL-s2-b100,POOL-s2-b800,0.0825,0.365,-0.2825,100,2.9679094181942467e-10,6.030791937770709e-07,True
BT-v2,POOL-s2-b100,POOL-s2-b900,0.0825,0.3375,-0.255,100,5.249592495110537e-10,1.0588428062637953e-06,True
BT-v2,POOL-s2-b100,POOL-s3-b100,0.0825,0.135,-0.052500000000000005,100,0.02035483804554275,1.0,False
BT-v2,POOL-s2-b100,POOL-s3-b1000,0.0825,0.3975,-0.315,100,9.286634489705671e-12,1.979910473205249e-08,True
BT-v2,POOL-s2-b100,POOL-s3-b200,0.0825,0.11,-0.027499999999999997,100,0.2622254564568812,1.0,False
BT-v2,POOL-s2-b100,POOL-s3-b300,0.0825,0.1875,-0.105,100,0.0011962650163697091,1.0,False
BT-v2,POOL-s2-b100,POOL-s3-b400,0.0825,0.3575,-0.27499999999999997,100,7.953825717006681e-11,1.6504188362788864e-07,True
BT-v2,POOL-s2-b100,POOL-s3-b500,0.0825,0.075,0.007500000000000007,100,0.8702714088645694,1.0,False
BT-v2,POOL-s2-b100,POOL-s3-b600,0.0825,0.5575,-0.475,100,4.111931698646167e-16,9.580800857845568e-13,True
BT-v2,POOL-s2-b100,POOL-s3-b700,0.0825,0.44,-0.3575,100,5.250145491129362e-13,1.1581820953431374e-09,True
BT-v2,POOL-s2-b100,POOL-s3-b800,0.0825,0.6275,-0.5449999999999999,100,1.0189361644138239e-16,2.3934810502080724e-13,True
BT-v2,POOL-s2-b100,POOL-s3-b900,0.0825,0.4025,-0.32,100,6.31778888757891e-12,1.3557974952744341e-08,True
BT-v2,POOL-s2-b100,POOL-s4-b100,0.0825,0.155,-0.0725,100,0.06745545989628784,1.0,False
BT-v2,POOL-s2-b100,POOL-s4-b1000,0.0825,0.7125,-0.63,100,2.5870115964085694e-18,6.2993732372548665e-15,True
BT-v2,POOL-s2-b100,POOL-s4-b200,0.0825,0.1125,-0.03,100,0.2344240466042019,1.0,False
BT-v2,POOL-s2-b100,POOL-s4-b300,0.0825,0.1875,-0.105,100,0.00392544646056724,1.0,False
BT-v2,POOL-s2-b100,POOL-s4-b400,0.0825,0.355,-0.27249999999999996,100,3.0678475671411777e-10,6.230798408863732e-07,True
BT-v2,POOL-s2-b100,POOL-s4-b500,0.0825,0.07,0.012499999999999997,100,0.8436903153386294,1.0,False
BT-v2,POOL-s2-b100,POOL-s4-b600,0.0825,0.035,0.0475,100,0.20309290456229012,1.0,False
BT-v2,POOL-s2-b100,POOL-s4-b700,0.0825,0.225,-0.14250000000000002,100,0.00035510145992642456,0.5908888293175705,False
BT-v2,POOL-s2-b100,POOL-s4-b800,0.0825,0.3425,-0.26,100,2.563723745226109e-08,4.945423104541164e-05,True
BT-v2,POOL-s2-b100,POOL-s4-b900,0.0825,0.4275,-0.345,100,1.0571142595339942e-12,2.3140231141199135e-09,True
BT-v2,POOL-s2-b1000,POOL-s2-b200,0.4525,0.05,0.4025,100,6.73402023189877e-15,1.5420906331048182e-11,True
BT-v2,POOL-s2-b1000,POOL-s2-b300,0.4525,0.165,0.2875,100,1.0192544154547986e-08,1.9906038733832218e-05,True
BT-v2,POOL-s2-b1000,POOL-s2-b400,0.4525,0.68,-0.22750000000000004,100,3.126342915125116e-07,0.0005808745136302465,True
BT-v2,POOL-s2-b1000,POOL-s2-b500,0.4525,0.5125,-0.05999999999999994,100,0.0423919506771303,1.0,False
BT-v2,POOL-s2-b1000,POOL-s2-b600,0.4525,0.405,0.04749999999999999,100,0.3124382319432786,1.0,False
BT-v2,POOL-s2-b1000,POOL-s2-b700,0.4525,0.41,0.04250000000000004,100,0.3688402299415564,1.0,False
BT-v2,POOL-s2-b1000,POOL-s2-b800,0.4525,0.365,0.08750000000000002,100,0.06361220331086749,1.0,False
BT-v2,POOL-s2-b1000,POOL-s2-b900,0.4525,0.3375,0.11499999999999999,100,0.014348551577230752,1.0,False
BT-v2,POOL-s2-b1000,POOL-s3-b100,0.4525,0.135,0.3175,100,3.664454278554208e-11,7.669702805013957e-08,True
BT-v2,POOL-s2-b1000,POOL-s3-b1000,0.4525,0.3975,0.05499999999999999,100,0.30620466743167674,1.0,False
BT-v2,POOL-s2-b1000,POOL-s3-b200,0.4525,0.11,0.3425,100,9.069985993924097e-12,1.9355350111034025e-08,True
BT-v2,POOL-s2-b1000,POOL-s3-b300,0.4525,0.1875,0.265,100,3.6197489262736308e-09,7.152623878316694e-06,True
BT-v2,POOL-s2-b1000,POOL-s3-b400,0.4525,0.3575,0.09500000000000003,100,0.07040480215060095,1.0,False
BT-v2,POOL-s2-b1000,POOL-s3-b500,0.4525,0.075,0.3775,100,1.8804538900606143e-12,4.095628572552018e-09,True
BT-v2,POOL-s2-b1000,POOL-s3-b600,0.4525,0.5575,-0.10499999999999998,100,0.02056563213826484,1.0,False
BT-v2,POOL-s2-b1000,POOL-s3-b700,0.4525,0.44,0.012500000000000011,100,0.9791049813676603,1.0,False
BT-v2,POOL-s2-b1000,POOL-s3-b800,0.4525,0.6275,-0.17499999999999993,100,7.302260704643789e-05,0.12574492933396605,False
BT-v2,POOL-s2-b1000,POOL-s3-b900,0.4525,0.4025,0.04999999999999999,100,0.30498707275451664,1.0,False
BT-v2,POOL-s2-b1000,POOL-s4-b100,0.4525,0.155,0.2975,100,3.823969493633394e-08,7.319077610814316e-05,True
BT-v2,POOL-s2-b1000,POOL-s4-b1000,0.4525,0.7125,-0.26,100,1.5472601479521725e-09,3.086783995164584e-06,True
BT-v2,POOL-s2-b1000,POOL-s4-b200,0.4525,0.1125,0.34,100,2.498808193851532e-10,5.092571099069422e-07,True
BT-v2,POOL-s2-b1000,POOL-s4-b300,0.4525,0.1875,0.265,100,1.1003903666281364e-07,0.0002074235841094037,True
BT-v2,POOL-s2-b1000,POOL-s4-b400,0.4525,0.355,0.09750000000000003,100,0.07152524062592117,1.0,False
BT-v2,POOL-s2-b1000,POOL-s4-b500,0.4525,0.07,0.3825,100,1.4606250363718468e-11,3.0950644520719436e-08,True
BT-v2,POOL-s2-b1000,POOL-s4-b600,0.4525,0.035,0.4175,100,4.4236171566285146e-15,1.0165472225932326e-11,True
BT-v2,POOL-s2-b1000,POOL-s4-b700,0.4525,0.225,0.2275,100,5.564205030957086e-06,0.009993312235598927,True
BT-v2,POOL-s2-b1000,POOL-s4-b800,0.4525,0.3425,0.10999999999999999,100,0.04279543420793765,1.0,False
BT-v2,POOL-s2-b1000,POOL-s4-b900,0.4525,0.4275,0.025000000000000022,100,0.6136112106357097,1.0,False
BT-v2,POOL-s2-b200,POOL-s2-b300,0.05,0.165,-0.115,100,0.0002832296988617437,0.4732768267979738,False
BT-v2,POOL-s2-b200,POOL-s2-b400,0.05,0.68,-0.63,100,3.4613279061151326e-18,8.390258844423082e-15,True
BT-v2,POOL-s2-b200,POOL-s2-b500,0.05,0.5125,-0.46249999999999997,100,9.149020438629301e-16,2.122572741761998e-12,True
BT-v2,POOL-s2-b200,POOL-s2-b600,0.05,0.405,-0.35500000000000004,100,2.2035937735314848e-13,4.894181771013427e-10,True
BT-v2,POOL-s2-b200,POOL-s2-b700,0.05,0.41,-0.36,100,4.980359403261347e-13,1.0996633562401055e-09,True
BT-v2,POOL-s2-b200,POOL-s2-b800,0.05,0.365,-0.315,100,1.579286962897562e-11,3.3433505004541385e-08,True
BT-v2,POOL-s2-b200,POOL-s2-b900,0.05,0.3375,-0.28750000000000003,100,3.615729925853317e-11,7.571338464736845e-08,True
BT-v2,POOL-s2-b200,POOL-s3-b100,0.05,0.135,-0.085,100,0.0024589944764649447,1.0,False
BT-v2,POOL-s2-b200,POOL-s3-b1000,0.05,0.3975,-0.34750000000000003,100,7.957148497723154e-13,1.74579838040046e-09,True
BT-v2,POOL-s2-b200,POOL-s3-b200,0.05,0.11,-0.06,100,0.061158355992769114,1.0,False
BT-v2,POOL-s2-b200,POOL-s3-b300,0.05,0.1875,-0.1375,100,1.1411000730414764e-05,0.020322992300868693,True
BT-v2,POOL-s2-b200,POOL-s3-b400,0.05,0.3575,-0.3075,100,5.768590954116187e-13,1.270820587191796e-09,True
BT-v2,POOL-s2-b200,POOL-s3-b500,0.05,0.075,-0.024999999999999994,100,0.5513189888317527,1.0,False
BT-v2,POOL-s2-b200,POOL-s3-b600,0.05,0.5575,-0.5075,100,4.646325746788165e-17,1.0983914065407222e-13,True
BT-v2,POOL-s2-b200,POOL-s3-b700,0.05,0.44,-0.39,100,1.0481323208117552e-14,2.38869355912999e-11,True
BT-v2,POOL-s2-b200,POOL-s3-b800,0.05,0.6275,-0.5774999999999999,100,4.478603217387934e-18,1.0824783976426635e-14,True
BT-v2,POOL-s2-b200,POOL-s3-b900,0.05,0.4025,-0.35250000000000004,100,1.4633022018489286e-14,3.323159300398917e-11,True
BT-v2,POOL-s2-b200,POOL-s4-b100,0.05,0.155,-0.105,100,0.004158944827791447,1.0,False
BT-v2,POOL-s2-b200,POOL-s4-b1000,0.05,0.7125,-0.6625,100,2.0527858224090394e-18,5.008797406678056e-15,True
BT-v2,POOL-s2-b200,POOL-s4-b200,0.05,0.1125,-0.0625,100,0.0794054587535394,1.0,False
BT-v2,POOL-s2-b200,POOL-s4-b300,0.05,0.1875,-0.1375,100,7.566221409304492e-05,0.13021467045413032,False
BT-v2,POOL-s2-b200,POOL-s4-b400,0.05,0.355,-0.305,100,5.720712719022278e-11,1.1939127444599496e-07,True
BT-v2,POOL-s2-b200,POOL-s4-b500,0.05,0.07,-0.020000000000000004,100,0.574975714982584,1.0,False
BT-v2,POOL-s2-b200,POOL-s4-b600,0.05,0.035,0.015,100,0.4715500360068091,1.0,False
BT-v2,POOL-s2-b200,POOL-s4-b700,0.05,0.225,-0.175,100,2.523638663777467e-06,0.00458292781341988,True
BT-v2,POOL-s2-b200,POOL-s4-b800,0.05,0.3425,-0.29250000000000004,100,1.5767114637662715e-09,3.1439626587499453e-06,True
BT-v2,POOL-s2-b200,POOL-s4-b900,0.05,0.4275,-0.3775,100,1.147570608077313e-13,2.563672738444717e-10,True
BT-v2,POOL-s2-b300,POOL-s2-b400,0.165,0.68,-0.515,100,1.1491912176536703e-15,2.662676051303554e-12,True
BT-v2,POOL-s2-b300,POOL-s2-b500,0.165,0.5125,-0.3474999999999999,100,8.22825859486246e-12,1.759201687581594e-08,True
BT-v2,POOL-s2-b300,POOL-s2-b600,0.165,0.405,-0.24000000000000002,100,4.1567524638703214e-08,7.943553958456185e-05,True
BT-v2,POOL-s2-b300,POOL-s2-b700,0.165,0.41,-0.24499999999999997,100,3.174574508702283e-08,6.1015322057257874e-05,True
BT-v2,POOL-s2-b300,POOL-s2-b800,0.165,0.365,-0.19999999999999998,100,2.0517997460293103e-05,0.03607063953519528,True
BT-v2,POOL-s2-b300,POOL-s2-b900,0.165,0.3375,-0.17250000000000001,100,7.688014334653734e-05,0.13223384655604423,False
BT-v2,POOL-s2-b300,POOL-s3-b100,0.165,0.135,0.03,100,0.2952476109347033,1.0,False
BT-v2,POOL-s2-b300,POOL-s3-b1000,0.165,0.3975,-0.2325,100,1.801851454393843e-06,0.003279369646996794,True
BT-v2,POOL-s2-b300,POOL-s3-b200,0.165,0.11,0.05500000000000001,100,0.11385132688543459,1.0,False
BT-v2,POOL-s2-b300,POOL-s3-b300,0.165,0.1875,-0.022499999999999992,100,0.3400587468665589,1.0,False
BT-v2,POOL-s2-b300,POOL-s3-b400,0.165,0.3575,-0.19249999999999998,100,7.65566884329944e-08,0.00014515148126895738,True
BT-v2,POOL-s2-b300,POOL-s3-b500,0.165,0.075,0.09000000000000001,100,0.011186309599641949,1.0,False
BT-v2,POOL-s2-b300,POOL-s3-b600,0.165,0.5575,-0.39249999999999996,100,1.5184546265291049e-12,3.313267995086507e-09,True
BT-v2,POOL-s2-b300,POOL-s3-b700,0.165,0.44,-0.275,100,8.07100676519869e-10,1.6182368564223375e-06,True
BT-v2,POOL-s2-b300,POOL-s3-b800,0.165,0.6275,-0.4624999999999999,100,5.722230336271078e-16,1.3298463301493986e-12,True
BT-v2,POOL-s2-b300,POOL-s3-b900,0.165,0.4025,-0.23750000000000002,100,8.814573933064712e-07,0.0016227630610772135,True
BT-v2,POOL-s2-b300,POOL-s4-b100,0.165,0.155,0.010000000000000009,100,0.6586417478141289,1.0,False
BT-v2,POOL-s2-b300,POOL-s4-b1000,0.165,0.7125,-0.5475,100,2.5172193008308256e-17,5.97839583947321e-14,True
BT-v2,POOL-s2-b300,POOL-s4-b200,0.165,0.1125,0.052500000000000005,100,0.11224406603064654,1.0,False
BT-v2,POOL-s2-b300,POOL-s4-b300,0.165,0.1875,-0.022499999999999992,100,0.525067792101919,1.0,False
BT-v2,POOL-s2-b300,POOL-s4-b400,0.165,0.355,-0.18999999999999997,100,0.0001553640895410424,0.26365285995114895,False
BT-v2,POOL-s2-b300,POOL-s4-b500,0.165,0.07,0.095,100,0.004240064353557948,1.0,False
BT-v2,POOL-s2-b300,POOL-s4-b600,0.165,0.035,0.13,100,4.464947812911806e-05,0.07746684455401982,False
BT-v2,POOL-s2-b300,POOL-s4-b700,0.165,0.225,-0.06,100,0.18763872054294573,1.0,False
BT-v2,POOL-s2-b300,POOL-s4-b800,0.165,0.3425,-0.17750000000000002,100,4.655062192728722e-05,0.08067222779998874,False
BT-v2,POOL-s2-b300,POOL-s4-b900,0.165,0.4275,-0.26249999999999996,100,9.351492998292223e-08,0.00017683673259770593,True
BT-v2,POOL-s2-b400,POOL-s2-b500,0.68,0.5125,0.1675000000000001,100,9.565222309217079e-05,0.1641392148261651,False
BT-v2,POOL-s2-b400,POOL-s2-b600,0.68,0.405,0.275,100,3.68929071670697e-09,7.286349165496266e-06,True
BT-v2,POOL-s2-b400,POOL-s2-b700,0.68,0.41,0.2700000000000001,100,3.343237995477002e-08,6.415673713320367e-05,True
BT-v2,POOL-s2-b400,POOL-s2-b800,0.68,0.365,0.31500000000000006,100,3.9389141371500275e-10,7.964484385317356e-07,True
BT-v2,POOL-s2-b400,POOL-s2-b900,0.68,0.3375,0.3425,100,9.21951953097126e-12,1.9665235159561697e-08,True
BT-v2,POOL-s2-b400,POOL-s3-b100,0.68,0.135,0.545,100,7.888952959750324e-17,1.8546928408373012e-13,True
BT-v2,POOL-s2-b400,POOL-s3-b1000,0.68,0.3975,0.28250000000000003,100,7.3509031078365764e-09,1.4459226413114546e-05,True
BT-v2,POOL-s2-b400,POOL-s3-b200,0.68,0.11,0.5700000000000001,100,3.2514292764378456e-17,7.702635955881256e-14,True
BT-v2,POOL-s2-b400,POOL-s3-b300,0.68,0.1875,0.49250000000000005,100,1.3769418910510482e-15,3.1862435358921257e-12,True
BT-v2,POOL-s2-b400,POOL-s3-b400,0.68,0.3575,0.32250000000000006,100,8.0535906009263e-11,1.6695093315720221e-07,True
BT-v2,POOL-s2-b400,POOL-s3-b500,0.68,0.075,0.6050000000000001,100,9.61332644782203e-18,2.3081596801220694e-14,True
BT-v2,POOL-s2-b400,POOL-s3-b600,0.68,0.5575,0.12250000000000005,100,0.006760356167907088,1.0,False
BT-v2,POOL-s2-b400,POOL-s3-b700,0.68,0.44,0.24000000000000005,100,9.08504184712452e-07,0.001669830691501487,True
BT-v2,POOL-s2-b400,POOL-s3-b800,0.68,0.6275,0.0525000000000001,100,0.288289372950175,1.0,False
BT-v2,POOL-s2-b400,POOL-s3-b900,0.68,0.4025,0.2775,100,6.860266030582877e-08,0.00013027645192076884,True
BT-v2,POOL-s2-b400,POOL-s4-b100,0.68,0.155,0.525,100,1.2200678305760404e-16,2.8622791305313906e-13,True
BT-v2,POOL-s2-b400,POOL-s4-b1000,0.68,0.7125,-0.03249999999999997,100,0.6552926686103973,1.0,False
BT-v2,POOL-s2-b400,POOL-s4-b200,0.68,0.1125,0.5675,100,1.1016951468728261e-16,2.585678509710523e-13,True
BT-v2,POOL-s2-b400,POOL-s4-b300,0.68,0.1875,0.49250000000000005,100,3.734702716600522e-16,8.709326735112417e-13,True
BT-v2,POOL-s2-b400,POOL-s4-b400,0.68,0.355,0.32500000000000007,100,1.0297728529173445e-10,2.125451168421399e-07,True
BT-v2,POOL-s2-b400,POOL-s4-b500,0.68,0.07,0.6100000000000001,100,8.768567720154392e-18,2.1070868231531004e-14,True
BT-v2,POOL-s2-b400,POOL-s4-b600,0.68,0.035,0.645,100,3.6328983298516515e-18,8.802512653230551e-15,True
BT-v2,POOL-s2-b400,POOL-s4-b700,0.68,0.225,0.45500000000000007,100,4.3619266359644464e-14,9.823058784191933e-11,True
BT-v2,POOL-s2-b400,POOL-s4-b800,0.68,0.3425,0.3375,100,2.65211161629276e-10,5.397047139155767e-07,True
BT-v2,POOL-s2-b400,POOL-s4-b900,0.68,0.4275,0.25250000000000006,100,1.2862647426724258e-07,0.00024181777162241605,True
BT-v2,POOL-s2-b500,POOL-s2-b600,0.5125,0.405,0.10749999999999993,100,0.014549749314140782,1.0,False
BT-v2,POOL-s2-b500,POOL-s2-b700,0.5125,0.41,0.10249999999999998,100,0.017511035501351774,1.0,False
BT-v2,POOL-s2-b500,POOL-s2-b800,0.5125,0.365,0.14749999999999996,100,0.0021644768692084633,1.0,False
BT-v2,POOL-s2-b500,POOL-s2-b900,0.5125,0.3375,0.17499999999999993,100,3.0755746296015884e-05,0.05366877728654772,False
BT-v2,POOL-s2-b500,POOL-s3-b100,0.5125,0.135,0.37749999999999995,100,3.306414856226617e-12,7.135243259737039e-09,True
BT-v2,POOL-s2-b500,POOL-s3-b1000,0.5125,0.3975,0.11499999999999994,100,0.04297993887564349,1.0,False
BT-v2,POOL-s2-b500,POOL-s3-b200,0.5125,0.11,0.40249999999999997,100,1.2563576940190685e-14,2.860726469281419e-11,True
BT-v2,POOL-s2-b500,POOL-s3-b300,0.5125,0.1875,0.32499999999999996,100,1.3064705918723835e-12,2.8559447138330305e-09,True
BT-v2,POOL-s2-b500,POOL-s3-b400,0.5125,0.3575,0.15499999999999997,100,0.00011562077959069386,0.1977115331000865,False
BT-v2,POOL-s2-b500,POOL-s3-b500,0.5125,0.075,0.43749999999999994,100,2.504989649777181e-14,5.6712965670955375e-11,True
BT-v2,POOL-s2-b500,POOL-s3-b600,0.5125,0.5575,-0.04500000000000004,100,0.3147056628783462,1.0,False
BT-v2,POOL-s2-b500,POOL-s3-b700,0.5125,0.44,0.07249999999999995,100,0.052763342721678035,1.0,False
BT-v2,POOL-s2-b500,POOL-s3-b800,0.5125,0.6275,-0.11499999999999999,100,0.0037324816381662956,1.0,False
BT-v2,POOL-s2-b500,POOL-s3-b900,0.5125,0.4025,0.10999999999999993,100,0.0426688760698247,1.0,False
BT-v2,POOL-s2-b500,POOL-s4-b100,0.5125,0.155,0.35749999999999993,100,1.227654169049829e-09,2.4528530297615585e-06,True
BT-v2,POOL-s2-b500,POOL-s4-b1000,0.5125,0.7125,-0.20000000000000007,100,4.2561547023893397e-07,0.0007878142354122668,True
BT-v2,POOL-s2-b500,POOL-s4-b200,0.5125,0.1125,0.39999999999999997,100,2.023500957841431e-12,4.39909108234727e-09,True
BT-v2,POOL-s2-b500,POOL-s4-b300,0.5125,0.1875,0.32499999999999996,100,2.2931100363791097e-11,4.838462176759921e-08,True
BT-v2,POOL-s2-b500,POOL-s4-b400,0.5125,0.355,0.15749999999999997,100,0.0058648585715718685,1.0,False
BT-v2,POOL-s2-b500,POOL-s4-b500,0.5125,0.07,0.44249999999999995,100,2.983095037912715e-13,6.604572413938751e-10,True
BT-v2,POOL-s2-b500,POOL-s4-b600,0.5125,0.035,0.4774999999999999,100,4.7381144833055165e-16,1.1025592402651938e-12,True
BT-v2,POOL-s2-b500,POOL-s4-b700,0.5125,0.225,0.2875,100,5.570800725387059e-09,1.0980048229737893e-05,True
BT-v2,POOL-s2-b500,POOL-s4-b800,0.5125,0.3425,0.16999999999999993,100,0.00021395250066537767,0.3592262486171691,False
BT-v2,POOL-s2-b500,POOL-s4-b900,0.5125,0.4275,0.08499999999999996,100,0.09437650959156699,1.0,False
BT-v2,POOL-s2-b600,POOL-s2-b700,0.405,0.41,-0.004999999999999949,100,0.8546254125448821,1.0,False
BT-v2,POOL-s2-b600,POOL-s2-b800,0.405,0.365,0.040000000000000036,100,0.14639789896427027,1.0,False
BT-v2,POOL-s2-b600,POOL-s2-b900,0.405,0.3375,0.0675,100,0.06573895989836659,1.0,False
BT-v2,POOL-s2-b600,POOL-s3-b100,0.405,0.135,0.27,100,2.5471085573492876e-08,4.915919515684125e-05,True
BT-v2,POOL-s2-b600,POOL-s3-b1000,0.405,0.3975,0.007500000000000007,100,0.9114768726668133,1.0,False
BT-v2,POOL-s2-b600,POOL-s3-b200,0.405,0.11,0.29500000000000004,100,8.032191163400597e-11,1.6658764472892838e-07,True
BT-v2,POOL-s2-b600,POOL-s3-b300,0.405,0.1875,0.21750000000000003,100,5.532562885768912e-07,0.0010218643650015179,True
BT-v2,POOL-s2-b600,POOL-s3-b400,0.405,0.3575,0.04750000000000004,100,0.31497720586671096,1.0,False
BT-v2,POOL-s2-b600,POOL-s3-b500,0.405,0.075,0.33,100,1.2974326075989518e-11,2.7518545607173767e-08,True
BT-v2,POOL-s2-b600,POOL-s3-b600,0.405,0.5575,-0.15249999999999997,100,0.0009373199052375741,1.0,False
BT-v2,POOL-s2-b600,POOL-s3-b700,0.405,0.44,-0.034999999999999976,100,0.37635213241431686,1.0,False
BT-v2,POOL-s2-b600,POOL-s3-b800,0.405,0.6275,-0.22249999999999992,100,1.3745243283763809e-06,0.0025108358232300235,True
BT-v2,POOL-s2-b600,POOL-s3-b900,0.405,0.4025,0.0025000000000000022,100,0.9127131012642804,1.0,False
BT-v2,POOL-s2-b600,POOL-s4-b100,0.405,0.155,0.25,100,2.4658466713678435e-07,0.00045938723487582925,True
BT-v2,POOL-s2-b600,POOL-s4-b1000,0.405,0.7125,-0.3075,100,7.863295761921721e-12,1.6835316226274406e-08,True
BT-v2,POOL-s2-b600,POOL-s4-b200,0.405,0.1125,0.29250000000000004,100,1.7290734900752254e-08,3.352673497255862e-05,True
BT-v2,POOL-s2-b600,POOL-s4-b300,0.405,0.1875,0.21750000000000003,100,2.5238144200126036e-07,0.0004699342450063468,True
BT-v2,POOL-s2-b600,POOL-s4-b400,0.405,0.355,0.050000000000000044,100,0.24321340084643284,1.0,False
BT-v2,POOL-s2-b600,POOL-s4-b500,0.405,0.07,0.335,100,3.172602425669637e-11,6.659292491480568e-08,True
BT-v2,POOL-s2-b600,POOL-s4-b600,0.405,0.035,0.37,100,2.2634697664955896e-14,5.129022490879006e-11,True
BT-v2,POOL-s2-b600,POOL-s4-b700,0.405,0.225,0.18000000000000002,100,4.2698479355218215e-05,0.07429535407807969,False
BT-v2,POOL-s2-b600,POOL-s4-b800,0.405,0.3425,0.0625,100,0.04286464566414357,1.0,False
BT-v2,POOL-s2-b600,POOL-s4-b900,0.405,0.4275,-0.022499999999999964,100,0.5886912529272494,1.0,False
BT-v2,POOL-s2-b700,POOL-s2-b800,0.41,0.365,0.044999999999999984,100,0.2087373185181124,1.0,False
BT-v2,POOL-s2-b700,POOL-s2-b900,0.41,0.3375,0.07249999999999995,100,0.1350520870800941,1.0,False
BT-v2,POOL-s2-b700,POOL-s3-b100,0.41,0.135,0.27499999999999997,100,2.2247601106308215e-09,4.420598339823443e-06,True
BT-v2,POOL-s2-b700,POOL-s3-b1000,0.41,0.3975,0.012499999999999956,100,0.7416167764692025,1.0,False
BT-v2,POOL-s2-b700,POOL-s3-b200,0.41,0.11,0.3,100,2.004027510008144e-10,4.104248340496679e-07,True
BT-v2,POOL-s2-b700,POOL-s3-b300,0.41,0.1875,0.22249999999999998,100,4.354081977490523e-06,0.007854763887392905,True
BT-v2,POOL-s2-b700,POOL-s3-b400,0.41,0.3575,0.05249999999999999,100,0.2174621343290012,1.0,False
BT-v2,POOL-s2-b700,POOL-s3-b500,0.41,0.075,0.33499999999999996,100,4.438953542044078e-12,9.552628022478857e-09,True
BT-v2,POOL-s2-b700,POOL-s3-b600,0.41,0.5575,-0.14750000000000002,100,0.0013065133324079957,1.0,False
BT-v2,POOL-s2-b700,POOL-s3-b700,0.41,0.44,-0.030000000000000027,100,0.4055096244856464,1.0,False
BT-v2,POOL-s2-b700,POOL-s3-b800,0.41,0.6275,-0.21749999999999997,100,5.111666952016933e-07,0.0009451472194279309,True
BT-v2,POOL-s2-b700,POOL-s3-b900,0.41,0.4025,0.007499999999999951,100,0.7312476971961921,1.0,False
BT-v2,POOL-s2-b700,POOL-s4-b100,0.41,0.155,0.255,100,1.8730816941723597e-07,0.00035005732355338653,True
BT-v2,POOL-s2-b700,POOL-s4-b1000,0.41,0.7125,-0.30250000000000005,100,8.509797437096603e-11,1.7632300289664162e-07,True
BT-v2,POOL-s2-b700,POOL-s4-b200,0.41,0.1125,0.2975,100,2.6626242653526733e-09,5.2799839181943515e-06,True
BT-v2,POOL-s2-b700,POOL-s4-b300,0.41,0.1875,0.22249999999999998,100,1.1515095613892205e-06,0.002108414006903663,True
BT-v2,POOL-s2-b700,POOL-s4-b400,0.41,0.355,0.05499999999999999,100,0.19746510840854126,1.0,False
BT-v2,POOL-s2-b700,POOL-s4-b500,0.41,0.07,0.33999999999999997,100,2.4843199262059688e-11,5.234462084515976e-08,True
BT-v2,POOL-s2-b700,POOL-s4-b600,0.41,0.035,0.375,100,3.135558126421972e-13,6.938990133771824e-10,True
BT-v2,POOL-s2-b700,POOL-s4-b700,0.41,0.225,0.18499999999999997,100,0.00014524094136556713,0.24720008220419526,False
BT-v2,POOL-s2-b700,POOL-s4-b800,0.41,0.3425,0.06749999999999995,100,0.11550731254660784,1.0,False
BT-v2,POOL-s2-b700,POOL-s4-b900,0.41,0.4275,-0.017500000000000016,100,0.9169323056649317,1.0,False
BT-v2,POOL-s2-b800,POOL-s2-b900,0.365,0.3375,0.02749999999999997,100,0.42038414705958127,1.0,False
BT-v2,POOL-s2-b800,POOL-s3-b100,0.365,0.135,0.22999999999999998,100,3.08678092123882e-07,0.0005738325732582967,True
BT-v2,POOL-s2-b800,POOL-s3-b1000,0.365,0.3975,-0.03250000000000003,100,0.5045094648216917,1.0,False
BT-v2,POOL-s2-b800,POOL-s3-b200,0.365,0.11,0.255,100,3.212066366321125e-08,6.16716742333656e-05,True
BT-v2,POOL-s2-b800,POOL-s3-b300,0.365,0.1875,0.1775,100,6.272028386910813e-05,0.10825520995808063,False
BT-v2,POOL-s2-b800,POOL-s3-b400,0.365,0.3575,0.007500000000000007,100,0.8738904380999962,1.0,False
BT-v2,POOL-s2-b800,POOL-s3-b500,0.365,0.075,0.29,100,2.0779184918778937e-10,4.249343315890293e-07,True
BT-v2,POOL-s2-b800,POOL-s3-b600,0.365,0.5575,-0.1925,100,6.519664726647079e-05,0.11239901988739563,False
BT-v2,POOL-s2-b800,POOL-s3-b700,0.365,0.44,-0.07500000000000001,100,0.046676127719527095,1.0,False
BT-v2,POOL-s2-b800,POOL-s3-b800,0.365,0.6275,-0.26249999999999996,100,2.2038721873769387e-08,4.2644926825743764e-05,True
BT-v2,POOL-s2-b800,POOL-s3-b900,0.365,0.4025,-0.03750000000000003,100,0.4580183100501751,1.0,False
BT-v2,POOL-s2-b800,POOL-s4-b100,0.365,0.155,0.21,100,2.5984259739075626e-05,0.04544647028364327,True
BT-v2,POOL-s2-b800,POOL-s4-b1000,0.365,0.7125,-0.34750000000000003,100,1.0691399093418609e-11,2.27512972707948e-08,True
BT-v2,POOL-s2-b800,POOL-s4-b200,0.365,0.1125,0.2525,100,4.192000679982194e-08,8.00672129876599e-05,True
BT-v2,POOL-s2-b800,POOL-s4-b300,0.365,0.1875,0.1775,100,1.1165406799110584e-05,0.01989675491601506,True
BT-v2,POOL-s2-b800,POOL-s4-b400,0.365,0.355,0.010000000000000009,100,0.7263131755829497,1.0,False
BT-v2,POOL-s2-b800,POOL-s4-b500,0.365,0.07,0.295,100,1.5437462858080329e-09,3.081317586472834e-06,True
BT-v2,POOL-s2-b800,POOL-s4-b600,0.365,0.035,0.32999999999999996,100,2.5399753548129407e-12,5.499046643170017e-09,True
BT-v2,POOL-s2-b800,POOL-s4-b700,0.365,0.225,0.13999999999999999,100,0.001771819394615923,1.0,False
BT-v2,POOL-s2-b800,POOL-s4-b800,0.365,0.3425,0.022499999999999964,100,0.49579582247552,1.0,False
BT-v2,POOL-s2-b800,POOL-s4-b900,0.365,0.4275,-0.0625,100,0.1963214458447632,1.0,False
BT-v2,POOL-s2-b900,POOL-s3-b100,0.3375,0.135,0.2025,100,1.374294375057484e-06,0.0025108358232300235,True
BT-v2,POOL-s2-b900,POOL-s3-b1000,0.3375,0.3975,-0.06,100,0.2748165077522292,1.0,False
BT-v2,POOL-s2-b900,POOL-s3-b200,0.3375,0.11,0.22750000000000004,100,4.3581073034663154e-08,8.319626842317196e-05,True
BT-v2,POOL-s2-b900,POOL-s3-b300,0.3375,0.1875,0.15000000000000002,100,0.00013795768647093855,0.23507989774647928,False
BT-v2,POOL-s2-b900,POOL-s3-b400,0.3375,0.3575,-0.019999999999999962,100,0.5448059160203729,1.0,False
BT-v2,POOL-s2-b900,POOL-s3-b500,0.3375,0.075,0.2625,100,7.767070559106466e-09,1.5254526578085098e-05,True
BT-v2,POOL-s2-b900,POOL-s3-b600,0.3375,0.5575,-0.21999999999999997,100,1.805630795870563e-05,0.03185132723915673,True
BT-v2,POOL-s2-b900,POOL-s3-b700,0.3375,0.44,-0.10249999999999998,100,0.004990726115909911,1.0,False
BT-v2,POOL-s2-b900,POOL-s3-b800,0.3375,0.6275,-0.2899999999999999,100,8.639257308587714e-09,1.6924305067523332e-05,True
BT-v2,POOL-s2-b900,POOL-s3-b900,0.3375,0.4025,-0.065,100,0.294233869384833,1.0,False
BT-v2,POOL-s2-b900,POOL-s4-b100,0.3375,0.155,0.18250000000000002,100,6.703350765915966e-05,0.1154987336967321,False
BT-v2,POOL-s2-b900,POOL-s4-b1000,0.3375,0.7125,-0.375,100,9.068794226831047e-15,2.070405721985528e-11,True
BT-v2,POOL-s2-b900,POOL-s4-b200,0.3375,0.1125,0.22500000000000003,100,8.934681575328593e-07,0.0016439814098604612,True
BT-v2,POOL-s2-b900,POOL-s4-b300,0.3375,0.1875,0.15000000000000002,100,0.00022952258720277736,0.38467985615185485,False
BT-v2,POOL-s2-b900,POOL-s4-b400,0.3375,0.355,-0.01749999999999996,100,0.8519822893515581,1.0,False
BT-v2,POOL-s2-b900,POOL-s4-b500,0.3375,0.07,0.2675,100,6.8440167140591135e-09,1.3469024893268335e-05,True
BT-v2,POOL-s2-b900,POOL-s4-b600,0.3375,0.035,0.3025,100,6.327304827963628e-12,1.3572068855981982e-08,True
BT-v2,POOL-s2-b900,POOL-s4-b700,0.3375,0.225,0.11250000000000002,100,0.0085552795382832,1.0,False
BT-v2,POOL-s2-b900,POOL-s4-b800,0.3375,0.3425,-0.0050000000000000044,100,0.9944067490944475,1.0,False
BT-v2,POOL-s2-b900,POOL-s4-b900,0.3375,0.4275,-0.08999999999999997,100,0.059578684513341494,1.0,False
BT-v2,POOL-s3-b100,POOL-s3-b1000,0.135,0.3975,-0.2625,100,5.225344528879287e-08,9.949055982986162e-05,True
BT-v2,POOL-s3-b100,POOL-s3-b200,0.135,0.11,0.02500000000000001,100,0.20162967064470882,1.0,False
BT-v2,POOL-s3-b100,POOL-s3-b300,0.135,0.1875,-0.05249999999999999,100,0.10590560175864917,1.0,False
BT-v2,POOL-s3-b100,POOL-s3-b400,0.135,0.3575,-0.22249999999999998,100,8.563429429196583e-08,0.00016210571909469132,True
BT-v2,POOL-s3-b100,POOL-s3-b500,0.135,0.075,0.06000000000000001,100,0.012482071634070833,1.0,False
BT-v2,POOL-s3-b100,POOL-s3-b600,0.135,0.5575,-0.4225,100,2.506829141914513e-13,5.557640207624475e-10,True
BT-v2,POOL-s3-b100,POOL-s3-b700,0.135,0.44,-0.305,100,6.119233921271459e-10,1.2324137117440718e-06,True
BT-v2,POOL-s3-b100,POOL-s3-b800,0.135,0.6275,-0.49249999999999994,100,7.007372951275137e-15,1.603987668546879e-11,True
BT-v2,POOL-s3-b100,POOL-s3-b900,0.135,0.4025,-0.2675,100,2.921367925271743e-09,5.784308492038051e-06,True
BT-v2,POOL-s3-b100,POOL-s4-b100,0.135,0.155,-0.01999999999999999,100,0.48729809000777013,1.0,False
BT-v2,POOL-s3-b100,POOL-s4-b1000,0.135,0.7125,-0.5775,100,1.951160814584293e-17,4.645713899525202e-14,True
BT-v2,POOL-s3-b100,POOL-s4-b200,0.135,0.1125,0.022500000000000006,100,0.36027659423284886,1.0,False
BT-v2,POOL-s3-b100,POOL-s4-b300,0.135,0.1875,-0.05249999999999999,100,0.1812842482692173,1.0,False
BT-v2,POOL-s3-b100,POOL-s4-b400,0.135,0.355,-0.21999999999999997,100,3.839130743085024e-06,0.006933470122011553,True
BT-v2,POOL-s3-b100,POOL-s4-b500,0.135,0.07,0.065,100,0.02149581597712556,1.0,False
BT-v2,POOL-s3-b100,POOL-s4-b600,0.135,0.035,0.1,100,0.0005906611261271553,0.9657309412178989,False
BT-v2,POOL-s3-b100,POOL-s4-b700,0.135,0.225,-0.09,100,0.0476683165640802,1.0,False
BT-v2,POOL-s3-b100,POOL-s4-b800,0.135,0.3425,-0.20750000000000002,100,3.580285783383454e-05,0.0624043812043736,False
BT-v2,POOL-s3-b100,POOL-s4-b900,0.135,0.4275,-0.2925,100,3.5261972690877845e-09,6.974818198255638e-06,True
BT-v2,POOL-s3-b1000,POOL-s3-b200,0.3975,0.11,0.28750000000000003,100,2.587304149905412e-10,5.270338553357325e-07,True
BT-v2,POOL-s3-b1000,POOL-s3-b300,0.3975,0.1875,0.21000000000000002,100,1.9016885718812582e-05,0.03348873575082896,True
BT-v2,POOL-s3-b1000,POOL-s3-b400,0.3975,0.3575,0.040000000000000036,100,0.3876515270194273,1.0,False
BT-v2,POOL-s3-b1000,POOL-s3-b500,0.3975,0.075,0.3225,100,2.207091326872548e-12,4.791595270640301e-09,True
BT-v2,POOL-s3-b1000,POOL-s3-b600,0.3975,0.5575,-0.15999999999999998,100,0.0001416551789192155,0.24123876969942398,False
BT-v2,POOL-s3-b1000,POOL-s3-b700,0.3975,0.44,-0.04249999999999998,100,0.48422930500375205,1.0,False
BT-v2,POOL-s3-b1000,POOL-s3-b800,0.3975,0.6275,-0.22999999999999993,100,7.710638369046906e-06,0.013794332042224916,True
BT-v2,POOL-s3-b1000,POOL-s3-b900,0.3975,0.4025,-0.0050000000000000044,100,0.9485891285209109,1.0,False
BT-v2,POOL-s3-b1000,POOL-s4-b100,0.3975,0.155,0.24250000000000002,100,1.445479877606123e-08,2.8157948015767276e-05,True
BT-v2,POOL-s3-b1000,POOL-s4-b1000,0.3975,0.7125,-0.315,100,1.7801019536955e-10,3.6509891070294705e-07,True
BT-v2,POOL-s3-b1000,POOL-s4-b200,0.3975,0.1125,0.28500000000000003,100,3.7285651071980523e-10,7.554072907183254e-07,True
BT-v2,POOL-s3-b1000,POOL-s4-b300,0.3975,0.1875,0.21000000000000002,100,2.0453315804163926e-05,0.03597738249952435,True
BT-v2,POOL-s3-b1000,POOL-s4-b400,0.3975,0.355,0.04250000000000004,100,0.28225878672078974,1.0,False
BT-v2,POOL-s3-b1000,POOL-s4-b500,0.3975,0.07,0.3275,100,2.927611534305356e-12,6.320713302565264e-09,True
BT-v2,POOL-s3-b1000,POOL-s4-b600,0.3975,0.035,0.36250000000000004,100,9.002448443544512e-14,2.0147479616652617e-10,True
BT-v2,POOL-s3-b1000,POOL-s4-b700,0.3975,0.225,0.17250000000000001,100,0.0005786233108635561,0.9472218365133923,False
BT-v2,POOL-s3-b1000,POOL-s4-b800,0.3975,0.3425,0.05499999999999999,100,0.26947356374764353,1.0,False
BT-v2,POOL-s3-b1000,POOL-s4-b900,0.3975,0.4275,-0.02999999999999997,100,0.6475578997946112,1.0,False
BT-v2,POOL-s3-b200,POOL-s3-b300,0.11,0.1875,-0.0775,100,0.013277882162489686,1.0,False
BT-v2,POOL-s3-b200,POOL-s3-b400,0.11,0.3575,-0.2475,100,7.742309237483346e-10,1.5538814639629075e-06,True
BT-v2,POOL-s3-b200,POOL-s3-b500,0.11,0.075,0.035,100,0.30569687165672044,1.0,False
BT-v2,POOL-s3-b200,POOL-s3-b600,0.11,0.5575,-0.4475,100,5.9546721296089725e-15,1.3642153848934155e-11,True
BT-v2,POOL-s3-b200,POOL-s3-b700,0.11,0.44,-0.33,100,9.040902361024217e-12,1.9302326540786704e-08,True
BT-v2,POOL-s3-b200,POOL-s3-b800,0.11,0.6275,-0.5175,100,5.546310970821258e-16,1.2895173007159424e-12,True
BT-v2,POOL-s3-b200,POOL-s3-b900,0.11,0.4025,-0.29250000000000004,100,8.830035922730861e-11,1.8287004395975614e-07,True
BT-v2,POOL-s3-b200,POOL-s4-b100,0.11,0.155,-0.045,100,0.30544675705488644,1.0,False
BT-v2,POOL-s3-b200,POOL-s4-b1000,0.11,0.7125,-0.6025,100,3.9530858323627105e-18,9.56646771431776e-15,True
BT-v2,POOL-s3-b200,POOL-s4-b200,0.11,0.1125,-0.0025000000000000022,100,0.9858094437196677,1.0,False
BT-v2,POOL-s3-b200,POOL-s4-b300,0.11,0.1875,-0.0775,100,0.017791332271849078,1.0,False
BT-v2,POOL-s3-b200,POOL-s4-b400,0.11,0.355,-0.245,100,9.942351640856208e-08,0.00018781102249577377,True
BT-v2,POOL-s3-b200,POOL-s4-b500,0.11,0.07,0.039999999999999994,100,0.14319967325840804,1.0,False
BT-v2,POOL-s3-b200,POOL-s4-b600,0.11,0.035,0.075,100,0.0041542162044964056,1.0,False
BT-v2,POOL-s3-b200,POOL-s4-b700,0.11,0.225,-0.115,100,0.0011917087329746624,1.0,False
BT-v2,POOL-s3-b200,POOL-s4-b800,0.11,0.3425,-0.23250000000000004,100,1.246095275568425e-06,0.0022791082590146493,True
BT-v2,POOL-s3-b200,POOL-s4-b900,0.11,0.4275,-0.3175,100,1.7590689249434666e-10,3.611368502908937e-07,True
BT-v2,POOL-s3-b300,POOL-s3-b400,0.1875,0.3575,-0.16999999999999998,100,2.842166724901141e-06,0.00515569043897067,True
BT-v2,POOL-s3-b300,POOL-s3-b500,0.1875,0.075,0.1125,100,0.0006807863517426402,1.0,False
BT-v2,POOL-s3-b300,POOL-s3-b600,0.1875,0.5575,-0.37,100,2.0727865849849817e-10,4.2429941394642575e-07,True
BT-v2,POOL-s3-b300,POOL-s3-b700,0.1875,0.44,-0.2525,100,7.9470739092548e-09,1.560010608386717e-05,True
BT-v2,POOL-s3-b300,POOL-s3-b800,0.1875,0.6275,-0.43999999999999995,100,2.5737149194196538e-14,5.821743147727257e-11,True
BT-v2,POOL-s3-b300,POOL-s3-b900,0.1875,0.4025,-0.21500000000000002,100,7.633545250543557e-06,0.013664045998472967,True
BT-v2,POOL-s3-b300,POOL-s4-b100,0.1875,0.155,0.0325,100,0.23900909531206305,1.0,False
BT-v2,POOL-s3-b300,POOL-s4-b1000,0.1875,0.7125,-0.525,100,2.934173986710555e-17,6.962794870464148e-14,True
BT-v2,POOL-s3-b300,POOL-s4-b200,0.1875,0.1125,0.075,100,0.026822048163391593,1.0,False
BT-v2,POOL-s3-b300,POOL-s4-b300,0.1875,0.1875,0.0,100,0.6423735698982018,1.0,False
BT-v2,POOL-s3-b300,POOL-s4-b400,0.1875,0.355,-0.16749999999999998,100,0.001296306387006444,1.0,False
BT-v2,POOL-s3-b300,POOL-s4-b500,0.1875,0.07,0.1175,100,0.000616595747791011,1.0,False
BT-v2,POOL-s3-b300,POOL-s4-b600,0.1875,0.035,0.1525,100,1.7269897398483832e-06,0.0031448483162639057,True
BT-v2,POOL-s3-b300,POOL-s4-b700,0.1875,0.225,-0.037500000000000006,100,0.430554744570257,1.0,False
BT-v2,POOL-s3-b300,POOL-s4-b800,0.1875,0.3425,-0.15500000000000003,100,0.0008780918881457062,1.0,False
BT-v2,POOL-s3-b300,POOL-s4-b900,0.1875,0.4275,-0.24,100,9.080333636781881e-08,0.0001717999124079132,True
BT-v2,POOL-s3-b400,POOL-s3-b500,0.3575,0.075,0.2825,100,1.7196703248025524e-11,3.635383066632596e-08,True
BT-v2,POOL-s3-b400,POOL-s3-b600,0.3575,0.5575,-0.2,100,2.6928659159019295e-05,0.04707129620996573,True
BT-v2,POOL-s3-b400,POOL-s3-b700,0.3575,0.44,-0.08250000000000002,100,0.07190856447726336,1.0,False
BT-v2,POOL-s3-b400,POOL-s3-b800,0.3575,0.6275,-0.26999999999999996,100,6.155285153125171e-09,1.2119756466503462e-05,True
BT-v2,POOL-s3-b400,POOL-s3-b900,0.3575,0.4025,-0.04500000000000004,100,0.38019274233676814,1.0,False
BT-v2,POOL-s3-b400,POOL-s4-b100,0.3575,0.155,0.20249999999999999,100,3.4263480396477977e-06,0.006198263603722866,True
BT-v2,POOL-s3-b400,POOL-s4-b1000,0.3575,0.7125,-0.35500000000000004,100,2.721167597818033e-13,6.030107396764761e-10,True
BT-v2,POOL-s3-b400,POOL-s4-b200,0.3575,0.1125,0.245,100,1.5276584991665247e-08,2.9712957808788906e-05,True
BT-v2,POOL-s3-b400,POOL-s4-b300,0.3575,0.1875,0.16999999999999998,100,1.666198863890982e-05,0.029425071936314745,True
BT-v2,POOL-s3-b400,POOL-s4-b400,0.3575,0.355,0.0025000000000000022,100,0.7872887022810323,1.0,False
BT-v2,POOL-s3-b400,POOL-s4-b500,0.3575,0.07,0.2875,100,2.0479074922063956e-11,4.325180623539908e-08,True
BT-v2,POOL-s3-b400,POOL-s4-b600,0.3575,0.035,0.3225,100,3.844724195519641e-14,8.677542509287831e-11,True
BT-v2,POOL-s3-b400,POOL-s4-b700,0.3575,0.225,0.13249999999999998,100,0.00173025065649589,1.0,False
BT-v2,POOL-s3-b400,POOL-s4-b800,0.3575,0.3425,0.014999999999999958,100,0.6265857138137938,1.0,False
BT-v2,POOL-s3-b400,POOL-s4-b900,0.3575,0.4275,-0.07,100,0.2043240703289192,1.0,False
BT-v2,POOL-s3-b500,POOL-s3-b600,0.075,0.5575,-0.4825,100,3.656288878088703e-16,8.530121952580944e-13,True
BT-v2,POOL-s3-b500,POOL-s3-b700,0.075,0.44,-0.365,100,2.8844653869298014e-12,6.2304452357683715e-09,True
BT-v2,POOL-s3-b500,POOL-s3-b800,0.075,0.6275,-0.5525,100,5.843592766755939e-17,1.378503533677726e-13,True
BT-v2,POOL-s3-b500,POOL-s3-b900,0.075,0.4025,-0.3275,100,3.954673080606972e-14,8.921742469849328e-11,True
BT-v2,POOL-s3-b500,POOL-s4-b100,0.075,0.155,-0.08,100,0.029462627189282407,1.0,False
BT-v2,POOL-s3-b500,POOL-s4-b1000,0.075,0.7125,-0.6375000000000001,100,3.3055277025488358e-18,8.029126789491123e-15,True
BT-v2,POOL-s3-b500,POOL-s4-b200,0.075,0.1125,-0.037500000000000006,100,0.21223179061503217,1.0,False
BT-v2,POOL-s3-b500,POOL-s4-b300,0.075,0.1875,-0.1125,100,0.0014360427820094863,1.0,False
BT-v2,POOL-s3-b500,POOL-s4-b400,0.075,0.355,-0.27999999999999997,100,8.883446229047213e-11,1.8379850247898685e-07,True
BT-v2,POOL-s3-b500,POOL-s4-b500,0.075,0.07,0.0049999999999999906,100,0.8659106176251179,1.0,False
BT-v2,POOL-s3-b500,POOL-s4-b600,0.075,0.035,0.039999999999999994,100,0.15950778357089657,1.0,False
BT-v2,POOL-s3-b500,POOL-s4-b700,0.075,0.225,-0.15000000000000002,100,8.463042813701496e-05,0.14539507553939168,False
BT-v2,POOL-s3-b500,POOL-s4-b800,0.075,0.3425,-0.2675,100,1.6648518287979726e-07,0.00031166026235098047,True
BT-v2,POOL-s3-b500,POOL-s4-b900,0.075,0.4275,-0.3525,100,8.188931202790792e-12,1.7516123842769505e-08,True
BT-v2,POOL-s3-b600,POOL-s3-b700,0.5575,0.44,0.1175,100,0.01244909489560473,1.0,False
BT-v2,POOL-s3-b600,POOL-s3-b800,0.5575,0.6275,-0.06999999999999995,100,0.07141177431762367,1.0,False
BT-v2,POOL-s3-b600,POOL-s3-b900,0.5575,0.4025,0.15499999999999997,100,0.0013488731165324673,1.0,False
BT-v2,POOL-s3-b600,POOL-s4-b100,0.5575,0.155,0.40249999999999997,100,1.895892517928773e-13,4.220256744909449e-10,True
BT-v2,POOL-s3-b600,POOL-s4-b1000,0.5575,0.7125,-0.15500000000000003,100,0.0014185096943736492,1.0,False
BT-v2,POOL-s3-b600,POOL-s4-b200,0.5575,0.1125,0.445,100,8.922447194298177e-16,2.0708999937966066e-12,True
BT-v2,POOL-s3-b600,POOL-s4-b300,0.5575,0.1875,0.37,100,7.764010173468008e-11,1.6125849130293054e-07,True
BT-v2,POOL-s3-b600,POOL-s4-b400,0.5575,0.355,0.2025,100,5.665035181189461e-06,0.010168738150235083,True
BT-v2,POOL-s3-b600,POOL-s4-b500,0.5575,0.07,0.4875,100,1.8163769403733477e-16,4.252138417414007e-13,True
BT-v2,POOL-s3-b600,POOL-s4-b600,0.5575,0.035,0.5225,100,5.081950863854688e-17,1.2003567940424773e-13,True
BT-v2,POOL-s3-b600,POOL-s4-b700,0.5575,0.225,0.3325,100,2.7586694328361754e-09,5.4676828158813e-06,True
BT-v2,POOL-s3-b600,POOL-s4-b800,0.5575,0.3425,0.21499999999999997,100,2.433155639637453e-05,0.04262888680644818,True
BT-v2,POOL-s3-b600,POOL-s4-b900,0.5575,0.4275,0.13,100,0.011830476133736056,1.0,False
BT-v2,POOL-s3-b700,POOL-s3-b800,0.44,0.6275,-0.18749999999999994,100,7.866272359669843e-05,0.1352212218627246,False
BT-v2,POOL-s3-b700,POOL-s3-b900,0.44,0.4025,0.03749999999999998,100,0.46516592267933776,1.0,False
BT-v2,POOL-s3-b700,POOL-s4-b100,0.44,0.155,0.28500000000000003,100,1.6380226343402582e-07,0.0003069654416753644,True
BT-v2,POOL-s3-b700,POOL-s4-b1000,0.44,0.7125,-0.2725,100,2.4297617815903038e-08,4.6918700002508764e-05,True
BT-v2,POOL-s3-b700,POOL-s4-b200,0.44,0.1125,0.3275,100,4.6032396418052085e-10,9.293940836804716e-07,True
BT-v2,POOL-s3-b700,POOL-s4-b300,0.44,0.1875,0.2525,100,3.5107314703306e-08,6.73007222862376e-05,True
BT-v2,POOL-s3-b700,POOL-s4-b400,0.44,0.355,0.08500000000000002,100,0.10238739803999862,1.0,False
BT-v2,POOL-s3-b700,POOL-s4-b500,0.44,0.07,0.37,100,3.4432685326652708e-12,7.427130224958989e-09,True
BT-v2,POOL-s3-b700,POOL-s4-b600,0.44,0.035,0.405,100,2.9478785863339913e-15,6.783068627154514e-12,True
BT-v2,POOL-s3-b700,POOL-s4-b700,0.44,0.225,0.215,100,1.4430279512752635e-06,0.0026306399551748053,True
BT-v2,POOL-s3-b700,POOL-s4-b800,0.44,0.3425,0.09749999999999998,100,0.026628640139959678,1.0,False
BT-v2,POOL-s3-b700,POOL-s4-b900,0.44,0.4275,0.012500000000000011,100,0.7543015622506926,1.0,False
BT-v2,POOL-s3-b800,POOL-s3-b900,0.6275,0.4025,0.22499999999999992,100,5.013951654934133e-06,0.00902511297888144,True
BT-v2,POOL-s3-b800,POOL-s4-b100,0.6275,0.155,0.4724999999999999,100,1.9069756630175685e-14,4.325020803723845e-11,True
BT-v2,POOL-s3-b800,POOL-s4-b1000,0.6275,0.7125,-0.08500000000000008,100,0.04706715759036598,1.0,False
BT-v2,POOL-s3-b800,POOL-s4-b200,0.6275,0.1125,0.5149999999999999,100,4.976374545039411e-16,1.157504719176167e-12,True
BT-v2,POOL-s3-b800,POOL-s4-b300,0.6275,0.1875,0.43999999999999995,100,2.5533786398368815e-14,5.778295861950863e-11,True
BT-v2,POOL-s3-b800,POOL-s4-b400,0.6275,0.355,0.27249999999999996,100,9.94588202246395e-08,0.00018781102249577377,True
BT-v2,POOL-s3-b800,POOL-s4-b500,0.6275,0.07,0.5574999999999999,100,5.120072702778205e-17,1.2088491651259342e-13,True
BT-v2,POOL-s3-b800,POOL-s4-b600,0.6275,0.035,0.5924999999999999,100,6.605581352681391e-18,1.5912845478609472e-14,True
BT-v2,POOL-s3-b800,POOL-s4-b700,0.6275,0.225,0.40249999999999997,100,9.581815034932487e-14,2.142493841810904e-10,True
BT-v2,POOL-s3-b800,POOL-s4-b800,0.6275,0.3425,0.2849999999999999,100,1.0895998913544855e-07,0.00020549853950945597,True
BT-v2,POOL-s3-b800,POOL-s4-b900,0.6275,0.4275,0.19999999999999996,100,6.061201045336599e-05,0.1047981660738698,False
BT-v2,POOL-s3-b900,POOL-s4-b100,0.4025,0.155,0.24750000000000003,100,6.038423815522835e-08,0.0001147904367330891,True
BT-v2,POOL-s3-b900,POOL-s4-b1000,0.4025,0.7125,-0.31,100,5.744862433618985e-10,1.1575897803742256e-06,True
BT-v2,POOL-s3-b900,POOL-s4-b200,0.4025,0.1125,0.29000000000000004,100,1.1061739052316005e-11,2.3517257225223825e-08,True
BT-v2,POOL-s3-b900,POOL-s4-b300,0.4025,0.1875,0.21500000000000002,100,4.681581316315218e-06,0.008436209532000022,True
BT-v2,POOL-s3-b900,POOL-s4-b400,0.4025,0.355,0.04750000000000004,100,0.1696516643856678,1.0,False
BT-v2,POOL-s3-b900,POOL-s4-b500,0.4025,0.07,0.3325,100,7.514848193906272e-13,1.6510121482012078e-09,True
BT-v2,POOL-s3-b900,POOL-s4-b600,0.4025,0.035,0.36750000000000005,100,1.1346367527248618e-14,2.5847025227072353e-11,True
BT-v2,POOL-s3-b900,POOL-s4-b700,0.4025,0.225,0.17750000000000002,100,0.0001184770514479217,0.20247728092449818,False
BT-v2,POOL-s3-b900,POOL-s4-b800,0.4025,0.3425,0.06,100,0.24176658809118623,1.0,False
BT-v2,POOL-s3-b900,POOL-s4-b900,0.4025,0.4275,-0.024999999999999967,100,0.5910138366039182,1.0,False
BT-v2,POOL-s4-b100,POOL-s4-b1000,0.155,0.7125,-0.5575,100,6.368223345705157e-17,1.4997165979135646e-13,True
BT-v2,POOL-s4-b100,POOL-s4-b200,0.155,0.1125,0.042499999999999996,100,0.3813711526002399,1.0,False
BT-v2,POOL-s4-b100,POOL-s4-b300,0.155,0.1875,-0.0325,100,0.26277722523763836,1.0,False
BT-v2,POOL-s4-b100,POOL-s4-b400,0.155,0.355,-0.19999999999999998,100,2.6691804223878696e-06,0.004844562466633983,True
BT-v2,POOL-s4-b100,POOL-s4-b500,0.155,0.07,0.08499999999999999,100,0.006118973902456627,1.0,False
BT-v2,POOL-s4-b100,POOL-s4-b600,0.155,0.035,0.12,100,0.0007737513621034854,1.0,False
BT-v2,POOL-s4-b100,POOL-s4-b700,0.155,0.225,-0.07,100,0.0531201009690963,1.0,False
BT-v2,POOL-s4-b100,POOL-s4-b800,0.155,0.3425,-0.18750000000000003,100,0.000199550440352373,0.33584339111304373,False
BT-v2,POOL-s4-b100,POOL-s4-b900,0.155,0.4275,-0.27249999999999996,100,4.2224821447718405e-07,0.0007820036932117448,True
BT-v2,POOL-s4-b1000,POOL-s4-b200,0.7125,0.1125,0.6,100,1.291659224354462e-17,3.087065546207164e-14,True
BT-v2,POOL-s4-b1000,POOL-s4-b300,0.7125,0.1875,0.525,100,2.6334900934821367e-17,6.251905481926593e-14,True
BT-v2,POOL-s4-b1000,POOL-s4-b400,0.7125,0.355,0.35750000000000004,100,9.738675691170976e-11,2.0120103977959235e-07,True
BT-v2,POOL-s4-b1000,POOL-s4-b500,0.7125,0.07,0.6425000000000001,100,7.003703589278695e-18,1.6864918242983098e-14,True
BT-v2,POOL-s4-b1000,POOL-s4-b600,0.7125,0.035,0.6775,100,1.9002593025048836e-18,4.6404332167169256e-15,True
BT-v2,POOL-s4-b1000,POOL-s4-b700,0.7125,0.225,0.48750000000000004,100,9.289328430106001e-17,2.1829921810749104e-13,True
BT-v2,POOL-s4-b1000,POOL-s4-b800,0.7125,0.3425,0.37,100,1.2057087012080122e-11,2.5609252813658177e-08,True
BT-v2,POOL-s4-b1000,POOL-s4-b900,0.7125,0.4275,0.28500000000000003,100,1.941344151567117e-08,3.7584422774339386e-05,True
BT-v2,POOL-s4-b200,POOL-s4-b300,0.1125,0.1875,-0.075,100,0.053380332595749695,1.0,False
BT-v2,POOL-s4-b200,POOL-s4-b400,0.1125,0.355,-0.2425,100,1.8719642970769333e-07,0.00035005732355338653,True
BT-v2,POOL-s4-b200,POOL-s4-b500,0.1125,0.07,0.042499999999999996,100,0.2405297838921222,1.0,False
BT-v2,POOL-s4-b200,POOL-s4-b600,0.1125,0.035,0.0775,100,0.013724276140445862,1.0,False
BT-v2,POOL-s4-b200,POOL-s4-b700,0.1125,0.225,-0.1125,100,0.011057116272328105,1.0,False
BT-v2,POOL-s4-b200,POOL-s4-b800,0.1125,0.3425,-0.23000000000000004,100,1.2770989208057866e-06,0.0023345368272329778,True
BT-v2,POOL-s4-b200,POOL-s4-b900,0.1125,0.4275,-0.315,100,3.3759804827895233e-09,6.681065375440467e-06,True
BT-v2,POOL-s4-b300,POOL-s4-b400,0.1875,0.355,-0.16749999999999998,100,0.0014309593538766032,1.0,False
BT-v2,POOL-s4-b300,POOL-s4-b500,0.1875,0.07,0.1175,100,0.0010997082053839607,1.0,False
BT-v2,POOL-s4-b300,POOL-s4-b600,0.1875,0.035,0.1525,100,9.077089793958557e-06,0.016211682372009983,True
BT-v2,POOL-s4-b300,POOL-s4-b700,0.1875,0.225,-0.037500000000000006,100,0.3960302802751394,1.0,False
BT-v2,POOL-s4-b300,POOL-s4-b800,0.1875,0.3425,-0.15500000000000003,100,0.0010404971911320774,1.0,False
BT-v2,POOL-s4-b300,POOL-s4-b900,0.1875,0.4275,-0.24,100,5.664539732881249e-07,0.0010456740346898787,True
BT-v2,POOL-s4-b400,POOL-s4-b500,0.355,0.07,0.285,100,7.80760601135028e-10,1.566205765876866e-06,True
BT-v2,POOL-s4-b400,POOL-s4-b600,0.355,0.035,0.31999999999999995,100,2.806439198439097e-11,5.899135195118982e-08,True
BT-v2,POOL-s4-b400,POOL-s4-b700,0.355,0.225,0.12999999999999998,100,0.009075886920849116,1.0,False
BT-v2,POOL-s4-b400,POOL-s4-b800,0.355,0.3425,0.012499999999999956,100,0.7602251953422307,1.0,False
BT-v2,POOL-s4-b400,POOL-s4-b900,0.355,0.4275,-0.07250000000000001,100,0.16571211922460705,1.0,False
BT-v2,POOL-s4-b500,POOL-s4-b600,0.07,0.035,0.035,100,0.16400500243996585,1.0,False
BT-v2,POOL-s4-b500,POOL-s4-b700,0.07,0.225,-0.155,100,0.0001970178978911783,0.33197515794663546,False
BT-v2,POOL-s4-b500,POOL-s4-b800,0.07,0.3425,-0.2725,100,1.2025706849834492e-07,0.0002262035458453868,True
BT-v2,POOL-s4-b500,POOL-s4-b900,0.07,0.4275,-0.3575,100,1.805925814953577e-12,3.935112350783844e-09,True
BT-v2,POOL-s4-b600,POOL-s4-b700,0.035,0.225,-0.19,100,4.923481479654497e-07,0.000910844073736082,True
BT-v2,POOL-s4-b600,POOL-s4-b800,0.035,0.3425,-0.3075,100,2.3592628260540733e-10,4.815255427976364e-07,True
BT-v2,POOL-s4-b600,POOL-s4-b900,0.035,0.4275,-0.39249999999999996,100,4.0456648192737345e-14,9.118928502642998e-11,True
BT-v2,POOL-s4-b700,POOL-s4-b800,0.225,0.3425,-0.11750000000000002,100,0.02267371618708509,1.0,False
BT-v2,POOL-s4-b700,POOL-s4-b900,0.225,0.4275,-0.20249999999999999,100,3.354006141152872e-05,0.05849386710170609,False
BT-v2,POOL-s4-b800,POOL-s4-b900,0.3425,0.4275,-0.08499999999999996,100,0.04818547754659963,1.0,False
BT-v3,POOL-s0-b100,POOL-s0-b1000,0.9825,0.9975,-0.015000000000000013,100,0.44988131955551747,1.0,False
BT-v3,POOL-s0-b100,POOL-s0-b200,0.9825,0.9725,0.010000000000000009,100,0.5719374627188797,1.0,False
BT-v3,POOL-s0-b100,POOL-s0-b300,0.9825,0.9675,0.015000000000000013,100,0.45451893098406526,1.0,False
BT-v3,POOL-s0-b100,POOL-s0-b400,0.9825,0.9775,0.0050000000000000044,100,0.7197898185224116,1.0,False
BT-v3,POOL-s0-b100,POOL-s0-b500,0.9825,0.9975,-0.015000000000000013,100,0.44988131955551747,1.0,False
BT-v3,POOL-s0-b100,POOL-s0-b600,0.9825,0.9875,-0.0050000000000000044,100,0.7098752052153874,1.0,False
BT-v3,POOL-s0-b100,POOL-s0-b700,0.9825,0.975,0.007500000000000062,100,0.7169625806271553,1.0,False
BT-v3,POOL-s0-b100,POOL-s0-b800,0.9825,0.98,0.0025000000000000577,100,0.9938968663096778,1.0,False
BT-v3,POOL-s0-b100,POOL-s0-b900,0.9825,0.98,0.0025000000000000577,100,0.9938966877564976,1.0,False
BT-v3,POOL-s0-b100,POOL-s1-b100,0.9825,0.945,0.03750000000000009,100,0.15532485969121634,1.0,False
BT-v3,POOL-s0-b100,POOL-s1-b1000,0.9825,0.96,0.022500000000000075,100,0.287800267009784,1.0,False
BT-v3,POOL-s0-b100,POOL-s1-b200,0.9825,0.98,0.0025000000000000577,100,0.84954954079851,1.0,False
BT-v3,POOL-s0-b100,POOL-s1-b300,0.9825,0.9875,-0.0050000000000000044,100,0.6962944571529229,1.0,False
BT-v3,POOL-s0-b100,POOL-s1-b400,0.9825,0.985,-0.0024999999999999467,100,0.8482523492523714,1.0,False
BT-v3,POOL-s0-b100,POOL-s1-b500,0.9825,0.915,0.0675,100,0.0031962595275041635,1.0,False
BT-v3,POOL-s0-b100,POOL-s1-b600,0.9825,0.94,0.04250000000000009,100,0.027269097017711717,1.0,False
BT-v3,POOL-s0-b100,POOL-s1-b700,0.9825,0.9425,0.040000000000000036,100,0.08258331949530343,1.0,False
BT-v3,POOL-s0-b100,POOL-s1-b800,0.9825,0.89,0.09250000000000003,100,0.0010003749557326207,1.0,False
BT-v3,POOL-s0-b100,POOL-s1-b900,0.9825,0.9425,0.040000000000000036,100,0.06537856263261606,1.0,False
BT-v3,POOL-s0-b100,POOL-s2-b100,0.9825,0.9775,0.0050000000000000044,100,0.8548900650836107,1.0,False
BT-v3,POOL-s0-b100,POOL-s2-b1000,0.9825,0.98,0.0025000000000000577,100,0.9968979337706603,1.0,False
BT-v3,POOL-s0-b100,POOL-s2-b200,0.9825,0.985,-0.0024999999999999467,100,0.8537757854933484,1.0,False
BT-v3,POOL-s0-b100,POOL-s2-b300,0.9825,0.9775,0.0050000000000000044,100,0.8465183160073777,1.0,False
BT-v3,POOL-s0-b100,POOL-s2-b400,0.9825,0.9525,0.030000000000000027,100,0.2152687836239029,1.0,False
BT-v3,POOL-s0-b100,POOL-s2-b500,0.9825,0.9875,-0.0050000000000000044,100,0.8477541625462588,1.0,False
BT-v3,POOL-s0-b100,POOL-s2-b600,0.9825,0.985,-0.0024999999999999467,100,0.8467225640289304,1.0,False
BT-v3,POOL-s0-b100,POOL-s2-b700,0.9825,1.0,-0.01749999999999996,100,0.3428990259140786,1.0,False
BT-v3,POOL-s0-b100,POOL-s2-b800,0.9825,0.985,-0.0024999999999999467,100,0.9953860702063596,1.0,False
BT-v3,POOL-s0-b100,POOL-s2-b900,0.9825,0.9825,0.0,100,1.0,1.0,False
BT-v3,POOL-s0-b100,POOL-s3-b100,0.9825,0.9775,0.0050000000000000044,100,0.8504060655669495,1.0,False
BT-v3,POOL-s0-b100,POOL-s3-b1000,0.9825,0.945,0.03750000000000009,100,0.022303528837163144,1.0,False
BT-v3,POOL-s0-b100,POOL-s3-b200,0.9825,0.99,-0.007499999999999951,100,0.7106471481567678,1.0,False
BT-v3,POOL-s0-b100,POOL-s3-b300,0.9825,0.9775,0.0050000000000000044,100,0.8529617216928957,1.0,False
BT-v3,POOL-s0-b100,POOL-s3-b400,0.9825,0.9875,-0.0050000000000000044,100,0.8504060655669495,1.0,False
BT-v3,POOL-s0-b100,POOL-s3-b500,0.9825,0.94,0.04250000000000009,100,0.15956376706319775,1.0,False
BT-v3,POOL-s0-b100,POOL-s3-b600,0.9825,0.9775,0.0050000000000000044,100,0.9848568581950804,1.0,False
BT-v3,POOL-s0-b100,POOL-s3-b700,0.9825,0.9725,0.010000000000000009,100,0.4650795019307118,1.0,False
BT-v3,POOL-s0-b100,POOL-s3-b800,0.9825,0.8975,0.08500000000000008,100,0.0005520437989176267,0.9053518302249078,False
BT-v3,POOL-s0-b100,POOL-s3-b900,0.9825,0.955,0.02750000000000008,100,0.10504289779592177,1.0,False
BT-v3,POOL-s0-b100,POOL-s4-b100,0.9825,0.97,0.012500000000000067,100,0.5872786447293095,1.0,False
BT-v3,POOL-s0-b100,POOL-s4-b1000,0.9825,0.96,0.022500000000000075,100,0.2935787892197981,1.0,False
BT-v3,POOL-s0-b100,POOL-s4-b200,0.9825,0.9425,0.040000000000000036,100,0.11871780012733689,1.0,False
BT-v3,POOL-s0-b100,POOL-s4-b300,0.9825,0.9725,0.010000000000000009,100,0.7134950704835119,1.0,False
BT-v3,POOL-s0-b100,POOL-s4-b400,0.9825,0.9375,0.04500000000000004,100,0.033302666794951516,1.0,False
BT-v3,POOL-s0-b100,POOL-s4-b500,0.9825,0.9825,0.0,100,0.8638661249078681,1.0,False
BT-v3,POOL-s0-b100,POOL-s4-b600,0.9825,0.99,-0.007499999999999951,100,0.5732545937266411,1.0,False
BT-v3,POOL-s0-b100,POOL-s4-b700,0.9825,0.9775,0.0050000000000000044,100,0.48486550590546507,1.0,False
BT-v3,POOL-s0-b100,POOL-s4-b800,0.9825,0.98,0.0025000000000000577,100,0.8552829749116965,1.0,False
BT-v3,POOL-s0-b100,POOL-s4-b900,0.9825,0.9875,-0.0050000000000000044,100,0.845194221589267,1.0,False
BT-v3,POOL-s0-b1000,POOL-s0-b200,0.9975,0.9725,0.025000000000000022,100,0.1984739792138045,1.0,False
BT-v3,POOL-s0-b1000,POOL-s0-b300,0.9975,0.9675,0.030000000000000027,100,0.1398650542639629,1.0,False
BT-v3,POOL-s0-b1000,POOL-s0-b400,0.9975,0.9775,0.020000000000000018,100,0.2665420282848838,1.0,False
BT-v3,POOL-s0-b1000,POOL-s0-b500,0.9975,0.9975,0.0,100,1.0,1.0,False
BT-v3,POOL-s0-b1000,POOL-s0-b600,0.9975,0.9875,0.010000000000000009,100,0.6988726946252064,1.0,False
BT-v3,POOL-s0-b1000,POOL-s0-b700,0.9975,0.975,0.022500000000000075,100,0.3478400175171884,1.0,False
BT-v3,POOL-s0-b1000,POOL-s0-b800,0.9975,0.98,0.01750000000000007,100,0.44872738571051995,1.0,False
BT-v3,POOL-s0-b1000,POOL-s0-b900,0.9975,0.98,0.01750000000000007,100,0.3428990259140786,1.0,False
BT-v3,POOL-s0-b1000,POOL-s1-b100,0.9975,0.945,0.0525000000000001,100,0.05010056725630658,1.0,False
BT-v3,POOL-s0-b1000,POOL-s1-b1000,0.9975,0.96,0.03750000000000009,100,0.07338221583103027,1.0,False
BT-v3,POOL-s0-b1000,POOL-s1-b200,0.9975,0.98,0.01750000000000007,100,0.34981221265843265,1.0,False
BT-v3,POOL-s0-b1000,POOL-s1-b300,0.9975,0.9875,0.010000000000000009,100,0.6988726946252064,1.0,False
BT-v3,POOL-s0-b1000,POOL-s1-b400,0.9975,0.985,0.012500000000000067,100,0.566683373795419,1.0,False
BT-v3,POOL-s0-b1000,POOL-s1-b500,0.9975,0.915,0.08250000000000002,100,0.00036247211290203475,0.6024286516431817,False
BT-v3,POOL-s0-b1000,POOL-s1-b600,0.9975,0.94,0.05750000000000011,100,0.006544734375485781,1.0,False
BT-v3,POOL-s0-b1000,POOL-s1-b700,0.9975,0.9425,0.05500000000000005,100,0.023016919462550717,1.0,False
BT-v3,POOL-s0-b1000,POOL-s1-b800,0.9975,0.89,0.10750000000000004,100,0.00012383887181838046,0.21139295419397544,False
BT-v3,POOL-s0-b1000,POOL-s1-b900,0.9975,0.9425,0.05500000000000005,100,0.010083719375781276,1.0,False
BT-v3,POOL-s0-b1000,POOL-s2-b100,0.9975,0.9775,0.020000000000000018,100,0.3498126566504792,1.0,False
BT-v3,POOL-s0-b1000,POOL-s2-b1000,0.9975,0.98,0.01750000000000007,100,0.44872738571051995,1.0,False
BT-v3,POOL-s0-b1000,POOL-s2-b200,0.9975,0.985,0.012500000000000067,100,0.566683373795419,1.0,False
BT-v3,POOL-s0-b1000,POOL-s2-b300,0.9975,0.9775,0.020000000000000018,100,0.34882678085259977,1.0,False
BT-v3,POOL-s0-b1000,POOL-s2-b400,0.9975,0.9525,0.04500000000000004,100,0.05054265729853754,1.0,False
BT-v3,POOL-s0-b1000,POOL-s2-b500,0.9975,0.9875,0.010000000000000009,100,0.5679929113613116,1.0,False
BT-v3,POOL-s0-b1000,POOL-s2-b600,0.9975,0.985,0.012500000000000067,100,0.566683373795419,1.0,False
BT-v3,POOL-s0-b1000,POOL-s2-b700,0.9975,1.0,-0.0024999999999999467,100,0.8437760027082907,1.0,False
BT-v3,POOL-s0-b1000,POOL-s2-b800,0.9975,0.985,0.012500000000000067,100,0.45103441700614355,1.0,False
BT-v3,POOL-s0-b1000,POOL-s2-b900,0.9975,0.9825,0.015000000000000013,100,0.44988131955551747,1.0,False
BT-v3,POOL-s0-b1000,POOL-s3-b100,0.9975,0.9775,0.020000000000000018,100,0.34882678085259977,1.0,False
BT-v3,POOL-s0-b1000,POOL-s3-b1000,0.9975,0.945,0.0525000000000001,100,0.0014198085243296774,1.0,False
BT-v3,POOL-s0-b1000,POOL-s3-b200,0.9975,0.99,0.007500000000000062,100,0.7003119117682883,1.0,False
BT-v3,POOL-s0-b1000,POOL-s3-b300,0.9975,0.9775,0.020000000000000018,100,0.34882678085259977,1.0,False
BT-v3,POOL-s0-b1000,POOL-s3-b400,0.9975,0.9875,0.010000000000000009,100,0.5679929113613116,1.0,False
BT-v3,POOL-s0-b1000,POOL-s3-b500,0.9975,0.94,0.05750000000000011,100,0.03422667701547063,1.0,False
BT-v3,POOL-s0-b1000,POOL-s3-b600,0.9975,0.9775,0.020000000000000018,100,0.4475726090646216,1.0,False
BT-v3,POOL-s0-b1000,POOL-s3-b700,0.9975,0.9725,0.025000000000000022,100,0.14596300318220862,1.0,False
BT-v3,POOL-s0-b1000,POOL-s3-b800,0.9975,0.8975,0.10000000000000009,100,4.3957440894973247e-05,0.0763980322754635,False
BT-v3,POOL-s0-b1000,POOL-s3-b900,0.9975,0.955,0.04250000000000009,100,0.023575956559267038,1.0,False
BT-v3,POOL-s0-b1000,POOL-s4-b100,0.9975,0.97,0.02750000000000008,100,0.26408588927071663,1.0,False
BT-v3,POOL-s0-b1000,POOL-s4-b1000,0.9975,0.96,0.03750000000000009,100,0.07338221583103027,1.0,False
BT-v3,POOL-s0-b1000,POOL-s4-b200,0.9975,0.9425,0.05500000000000005,100,0.05010056725630658,1.0,False
BT-v3,POOL-s0-b1000,POOL-s4-b300,0.9975,0.9725,0.025000000000000022,100,0.3488281131469233,1.0,False
BT-v3,POOL-s0-b1000,POOL-s4-b400,0.9975,0.9375,0.06000000000000005,100,0.006545148611067201,1.0,False
BT-v3,POOL-s0-b1000,POOL-s4-b500,0.9975,0.9825,0.015000000000000013,100,0.350796314800906,1.0,False
BT-v3,POOL-s0-b1000,POOL-s4-b600,0.9975,0.99,0.007500000000000062,100,0.8436660290336164,1.0,False
BT-v3,POOL-s0-b1000,POOL-s4-b700,0.9975,0.9775,0.020000000000000018,100,0.14698934830938082,1.0,False
BT-v3,POOL-s0-b1000,POOL-s4-b800,0.9975,0.98,0.01750000000000007,100,0.34981221265843265,1.0,False
BT-v3,POOL-s0-b1000,POOL-s4-b900,0.9975,0.9875,0.010000000000000009,100,0.5679929113613116,1.0,False
BT-v3,POOL-s0-b200,POOL-s0-b300,0.9725,0.9675,0.0050000000000000044,100,0.8465183160073777,1.0,False
BT-v3,POOL-s0-b200,POOL-s0-b400,0.9725,0.9775,-0.0050000000000000044,100,0.8524702028186966,1.0,False
BT-v3,POOL-s0-b200,POOL-s0-b500,0.9725,0.9975,-0.025000000000000022,100,0.1984739792138045,1.0,False
BT-v3,POOL-s0-b200,POOL-s0-b600,0.9725,0.9875,-0.015000000000000013,100,0.3635028368294525,1.0,False
BT-v3,POOL-s0-b200,POOL-s0-b700,0.9725,0.975,-0.0024999999999999467,100,0.8603832000661684,1.0,False
BT-v3,POOL-s0-b200,POOL-s0-b800,0.9725,0.98,-0.007499999999999951,100,0.6081021810790663,1.0,False
BT-v3,POOL-s0-b200,POOL-s0-b900,0.9725,0.98,-0.007499999999999951,100,0.7174461776928895,1.0,False
BT-v3,POOL-s0-b200,POOL-s1-b100,0.9725,0.945,0.02750000000000008,100,0.3779679998343518,1.0,False
BT-v3,POOL-s0-b200,POOL-s1-b1000,0.9725,0.96,0.012500000000000067,100,0.5833740778217023,1.0,False
BT-v3,POOL-s0-b200,POOL-s1-b200,0.9725,0.98,-0.007499999999999951,100,0.7141234448916037,1.0,False
BT-v3,POOL-s0-b200,POOL-s1-b300,0.9725,0.9875,-0.015000000000000013,100,0.35578383701099237,1.0,False
BT-v3,POOL-s0-b200,POOL-s1-b400,0.9725,0.985,-0.012499999999999956,100,0.4556837850568197,1.0,False
BT-v3,POOL-s0-b200,POOL-s1-b500,0.9725,0.915,0.057499999999999996,100,0.015662593347073473,1.0,False
BT-v3,POOL-s0-b200,POOL-s1-b600,0.9725,0.94,0.032500000000000084,100,0.09412223930181556,1.0,False
BT-v3,POOL-s0-b200,POOL-s1-b700,0.9725,0.9425,0.030000000000000027,100,0.22841109514252567,1.0,False
BT-v3,POOL-s0-b200,POOL-s1-b800,0.9725,0.89,0.08250000000000002,100,0.006432881424709747,1.0,False
BT-v3,POOL-s0-b200,POOL-s1-b900,0.9725,0.9425,0.030000000000000027,100,0.16874514274150199,1.0,False
BT-v3,POOL-s0-b200,POOL-s2-b100,0.9725,0.9775,-0.0050000000000000044,100,0.724514261089994,1.0,False
BT-v3,POOL-s0-b200,POOL-s2-b1000,0.9725,0.98,-0.007499999999999951,100,0.5842784948832598,1.0,False
BT-v3,POOL-s0-b200,POOL-s2-b200,0.9725,0.985,-0.012499999999999956,100,0.46958317638078007,1.0,False
BT-v3,POOL-s0-b200,POOL-s2-b300,0.9725,0.9775,-0.0050000000000000044,100,0.7226414817697736,1.0,False
BT-v3,POOL-s0-b200,POOL-s2-b400,0.9725,0.9525,0.020000000000000018,100,0.4822464629982123,1.0,False
BT-v3,POOL-s0-b200,POOL-s2-b500,0.9725,0.9875,-0.015000000000000013,100,0.4557840294352833,1.0,False
BT-v3,POOL-s0-b200,POOL-s2-b600,0.9725,0.985,-0.012499999999999956,100,0.46275070935923,1.0,False
BT-v3,POOL-s0-b200,POOL-s2-b700,0.9725,1.0,-0.02749999999999997,100,0.13986360561097164,1.0,False
BT-v3,POOL-s0-b200,POOL-s2-b800,0.9725,0.985,-0.012499999999999956,100,0.5793282719709116,1.0,False
BT-v3,POOL-s0-b200,POOL-s2-b900,0.9725,0.9825,-0.010000000000000009,100,0.5832418647568249,1.0,False
BT-v3,POOL-s0-b200,POOL-s3-b100,0.9725,0.9775,-0.0050000000000000044,100,0.7347077273690372,1.0,False
BT-v3,POOL-s0-b200,POOL-s3-b1000,0.9725,0.945,0.02750000000000008,100,0.08408174340288088,1.0,False
BT-v3,POOL-s0-b200,POOL-s3-b200,0.9725,0.99,-0.01749999999999996,100,0.3679948302163104,1.0,False
BT-v3,POOL-s0-b200,POOL-s3-b300,0.9725,0.9775,-0.0050000000000000044,100,0.7347077273690372,1.0,False
BT-v3,POOL-s0-b200,POOL-s3-b400,0.9725,0.9875,-0.015000000000000013,100,0.4715500360068091,1.0,False
BT-v3,POOL-s0-b200,POOL-s3-b500,0.9725,0.94,0.032500000000000084,100,0.3680828292539511,1.0,False
BT-v3,POOL-s0-b200,POOL-s3-b600,0.9725,0.9775,-0.0050000000000000044,100,0.6186548347712234,1.0,False
BT-v3,POOL-s0-b200,POOL-s3-b700,0.9725,0.9725,0.0,100,0.873148943148703,1.0,False
BT-v3,POOL-s0-b200,POOL-s3-b800,0.9725,0.8975,0.07500000000000007,100,0.0021872309227766403,1.0,False
BT-v3,POOL-s0-b200,POOL-s3-b900,0.9725,0.955,0.01750000000000007,100,0.2929594557209214,1.0,False
BT-v3,POOL-s0-b200,POOL-s4-b100,0.9725,0.97,0.0025000000000000577,100,0.9895437141338723,1.0,False
BT-v3,POOL-s0-b200,POOL-s4-b1000,0.9725,0.96,0.012500000000000067,100,0.5872287356974031,1.0,False
BT-v3,POOL-s0-b200,POOL-s4-b200,0.9725,0.9425,0.030000000000000027,100,0.37127367013548485,1.0,False
BT-v3,POOL-s0-b200,POOL-s4-b300,0.9725,0.9725,0.0,100,0.8544414087152911,1.0,False
BT-v3,POOL-s0-b200,POOL-s4-b400,0.9725,0.9375,0.03500000000000003,100,0.1109887647715578,1.0,False
BT-v3,POOL-s0-b200,POOL-s4-b500,0.9725,0.9825,-0.010000000000000009,100,0.7104230890629247,1.0,False
BT-v3,POOL-s0-b200,POOL-s4-b600,0.9725,0.99,-0.01749999999999996,100,0.2852574110097833,1.0,False
BT-v3,POOL-s0-b200,POOL-s4-b700,0.9725,0.9775,-0.0050000000000000044,100,0.8842140929316846,1.0,False
BT-v3,POOL-s0-b200,POOL-s4-b800,0.9725,0.98,-0.007499999999999951,100,0.7169625806271553,1.0,False
BT-v3,POOL-s0-b200,POOL-s4-b900,0.9725,0.9875,-0.015000000000000013,100,0.44988131955551747,1.0,False
BT-v3,POOL-s0-b300,POOL-s0-b400,0.9675,0.9775,-0.010000000000000009,100,0.7075999811631872,1.0,False
BT-v3,POOL-s0-b300,POOL-s0-b500,0.9675,0.9975,-0.030000000000000027,100,0.14492781586388892,1.0,False
BT-v3,POOL-s0-b300,POOL-s0-b600,0.9675,0.9875,-0.020000000000000018,100,0.27846569854384307,1.0,False
BT-v3,POOL-s0-b300,POOL-s0-b700,0.9675,0.975,-0.007499999999999951,100,0.7202765376414484,1.0,False
BT-v3,POOL-s0-b300,POOL-s0-b800,0.9675,0.98,-0.012499999999999956,100,0.49202181392143707,1.0,False
BT-v3,POOL-s0-b300,POOL-s0-b900,0.9675,0.98,-0.012499999999999956,100,0.5833740778217023,1.0,False
BT-v3,POOL-s0-b300,POOL-s1-b100,0.9675,0.945,0.022500000000000075,100,0.3961893976012636,1.0,False
BT-v3,POOL-s0-b300,POOL-s1-b1000,0.9675,0.96,0.007500000000000062,100,0.7141234448916037,1.0,False
BT-v3,POOL-s0-b300,POOL-s1-b200,0.9675,0.98,-0.012499999999999956,100,0.5833740778217023,1.0,False
BT-v3,POOL-s0-b300,POOL-s1-b300,0.9675,0.9875,-0.020000000000000018,100,0.27151903359226526,1.0,False
BT-v3,POOL-s0-b300,POOL-s1-b400,0.9675,0.985,-0.01749999999999996,100,0.3547846488813644,1.0,False
BT-v3,POOL-s0-b300,POOL-s1-b500,0.9675,0.915,0.05249999999999999,100,0.02325176676216012,1.0,False
BT-v3,POOL-s0-b300,POOL-s1-b600,0.9675,0.94,0.02750000000000008,100,0.14616517639967394,1.0,False
BT-v3,POOL-s0-b300,POOL-s1-b700,0.9675,0.9425,0.025000000000000022,100,0.30903415949517565,1.0,False
BT-v3,POOL-s0-b300,POOL-s1-b800,0.9675,0.89,0.07750000000000001,100,0.014135173725280685,1.0,False
BT-v3,POOL-s0-b300,POOL-s1-b900,0.9675,0.9425,0.025000000000000022,100,0.22644135624234107,1.0,False
BT-v3,POOL-s0-b300,POOL-s2-b100,0.9675,0.9775,-0.010000000000000009,100,0.596332210548748,1.0,False
BT-v3,POOL-s0-b300,POOL-s2-b1000,0.9675,0.98,-0.012499999999999956,100,0.4674246175471546,1.0,False
BT-v3,POOL-s0-b300,POOL-s2-b200,0.9675,0.985,-0.01749999999999996,100,0.3679948302163104,1.0,False
BT-v3,POOL-s0-b300,POOL-s2-b300,0.9675,0.9775,-0.010000000000000009,100,0.5924984965204009,1.0,False
BT-v3,POOL-s0-b300,POOL-s2-b400,0.9675,0.9525,0.015000000000000013,100,0.6010511026708953,1.0,False
BT-v3,POOL-s0-b300,POOL-s2-b500,0.9675,0.9875,-0.020000000000000018,100,0.35999022078183573,1.0,False
BT-v3,POOL-s0-b300,POOL-s2-b600,0.9675,0.985,-0.01749999999999996,100,0.36149852395361615,1.0,False
BT-v3,POOL-s0-b300,POOL-s2-b700,0.9675,1.0,-0.03249999999999997,100,0.09977340055025716,1.0,False
BT-v3,POOL-s0-b300,POOL-s2-b800,0.9675,0.985,-0.01749999999999996,100,0.4626242641359991,1.0,False
BT-v3,POOL-s0-b300,POOL-s2-b900,0.9675,0.9825,-0.015000000000000013,100,0.4660984851021862,1.0,False
BT-v3,POOL-s0-b300,POOL-s3-b100,0.9675,0.9775,-0.010000000000000009,100,0.6064886352594989,1.0,False
BT-v3,POOL-s0-b300,POOL-s3-b1000,0.9675,0.945,0.022500000000000075,100,0.0918962698685916,1.0,False
BT-v3,POOL-s0-b300,POOL-s3-b200,0.9675,0.99,-0.022499999999999964,100,0.2827027200522225,1.0,False
BT-v3,POOL-s0-b300,POOL-s3-b300,0.9675,0.9775,-0.010000000000000009,100,0.6064886352594989,1.0,False
BT-v3,POOL-s0-b300,POOL-s3-b400,0.9675,0.9875,-0.020000000000000018,100,0.3702665796850051,1.0,False
BT-v3,POOL-s0-b300,POOL-s3-b500,0.9675,0.94,0.02750000000000008,100,0.4686142067418285,1.0,False
BT-v3,POOL-s0-b300,POOL-s3-b600,0.9675,0.9775,-0.010000000000000009,100,0.5026977994710038,1.0,False
BT-v3,POOL-s0-b300,POOL-s3-b700,0.9675,0.9725,-0.0050000000000000044,100,0.9790890957290129,1.0,False
BT-v3,POOL-s0-b300,POOL-s3-b800,0.9675,0.8975,0.07000000000000006,100,0.0034659794696932974,1.0,False
BT-v3,POOL-s0-b300,POOL-s3-b900,0.9675,0.955,0.012500000000000067,100,0.40907731931005964,1.0,False
BT-v3,POOL-s0-b300,POOL-s4-b100,0.9675,0.97,-0.0024999999999999467,100,0.8680793934708269,1.0,False
BT-v3,POOL-s0-b300,POOL-s4-b1000,0.9675,0.96,0.007500000000000062,100,0.7174461776928895,1.0,False
BT-v3,POOL-s0-b300,POOL-s4-b200,0.9675,0.9425,0.025000000000000022,100,0.4764030934418404,1.0,False
BT-v3,POOL-s0-b300,POOL-s4-b300,0.9675,0.9725,-0.0050000000000000044,100,0.7146398068561961,1.0,False
BT-v3,POOL-s0-b300,POOL-s4-b400,0.9675,0.9375,0.030000000000000027,100,0.1606562360332907,1.0,False
BT-v3,POOL-s0-b300,POOL-s4-b500,0.9675,0.9825,-0.015000000000000013,100,0.5807869275109587,1.0,False
BT-v3,POOL-s0-b300,POOL-s4-b600,0.9675,0.99,-0.022499999999999964,100,0.21543530567574476,1.0,False
BT-v3,POOL-s0-b300,POOL-s4-b700,0.9675,0.9775,-0.010000000000000009,100,0.9639215535288519,1.0,False
BT-v3,POOL-s0-b300,POOL-s4-b800,0.9675,0.98,-0.012499999999999956,100,0.5793282719709116,1.0,False
BT-v3,POOL-s0-b300,POOL-s4-b900,0.9675,0.9875,-0.020000000000000018,100,0.34882678085259977,1.0,False
BT-v3,POOL-s0-b400,POOL-s0-b500,0.9775,0.9975,-0.020000000000000018,100,0.2665420282848838,1.0,False
BT-v3,POOL-s0-b400,POOL-s0-b600,0.9775,0.9875,-0.010000000000000009,100,0.4650795019307118,1.0,False
BT-v3,POOL-s0-b400,POOL-s0-b700,0.9775,0.975,0.0025000000000000577,100,0.883518943746145,1.0,False
BT-v3,POOL-s0-b400,POOL-s0-b800,0.9775,0.98,-0.0024999999999999467,100,0.737268256468859,1.0,False
BT-v3,POOL-s0-b400,POOL-s0-b900,0.9775,0.98,-0.0024999999999999467,100,0.8588907420203751,1.0,False
BT-v3,POOL-s0-b400,POOL-s1-b100,0.9775,0.945,0.032500000000000084,100,0.2841740217239004,1.0,False
BT-v3,POOL-s0-b400,POOL-s1-b1000,0.9775,0.96,0.01750000000000007,100,0.4749215502526728,1.0,False
BT-v3,POOL-s0-b400,POOL-s1-b200,0.9775,0.98,-0.0024999999999999467,100,0.8588907420203751,1.0,False
BT-v3,POOL-s0-b400,POOL-s1-b300,0.9775,0.9875,-0.010000000000000009,100,0.4650795019307118,1.0,False
BT-v3,POOL-s0-b400,POOL-s1-b400,0.9775,0.985,-0.007499999999999951,100,0.5871647501311015,1.0,False
BT-v3,POOL-s0-b400,POOL-s1-b500,0.9775,0.915,0.0625,100,0.008786068921808159,1.0,False
BT-v3,POOL-s0-b400,POOL-s1-b600,0.9775,0.94,0.03750000000000009,100,0.09577228357620395,1.0,False
BT-v3,POOL-s0-b400,POOL-s1-b700,0.9775,0.9425,0.03500000000000003,100,0.21515760905968517,1.0,False
BT-v3,POOL-s0-b400,POOL-s1-b800,0.9775,0.89,0.08750000000000002,100,0.003746609054587797,1.0,False
BT-v3,POOL-s0-b400,POOL-s1-b900,0.9775,0.9425,0.03500000000000003,100,0.12730959030495384,1.0,False
BT-v3,POOL-s0-b400,POOL-s2-b100,0.9775,0.9775,0.0,100,0.8657536120992289,1.0,False
BT-v3,POOL-s0-b400,POOL-s2-b1000,0.9775,0.98,-0.0024999999999999467,100,0.7283334043793771,1.0,False
BT-v3,POOL-s0-b400,POOL-s2-b200,0.9775,0.985,-0.007499999999999951,100,0.5871647501311015,1.0,False
BT-v3,POOL-s0-b400,POOL-s2-b300,0.9775,0.9775,0.0,100,0.8678158879132536,1.0,False
BT-v3,POOL-s0-b400,POOL-s2-b400,0.9775,0.9525,0.025000000000000022,100,0.225813767005844,1.0,False
BT-v3,POOL-s0-b400,POOL-s2-b500,0.9775,0.9875,-0.010000000000000009,100,0.5793096865426685,1.0,False
BT-v3,POOL-s0-b400,POOL-s2-b600,0.9775,0.985,-0.007499999999999951,100,0.5871647501311015,1.0,False
BT-v3,POOL-s0-b400,POOL-s2-b700,0.9775,1.0,-0.022499999999999964,100,0.1923838047879869,1.0,False
BT-v3,POOL-s0-b400,POOL-s2-b800,0.9775,0.985,-0.007499999999999951,100,0.7174461776928895,1.0,False
BT-v3,POOL-s0-b400,POOL-s2-b900,0.9775,0.9825,-0.0050000000000000044,100,0.7197898185224116,1.0,False
BT-v3,POOL-s0-b400,POOL-s3-b100,0.9775,0.9775,0.0,100,0.873148943148703,1.0,False
BT-v3,POOL-s0-b400,POOL-s3-b1000,0.9775,0.945,0.032500000000000084,100,0.049839861789860024,1.0,False
BT-v3,POOL-s0-b400,POOL-s3-b200,0.9775,0.99,-0.012499999999999956,100,0.46958317638078007,1.0,False
BT-v3,POOL-s0-b400,POOL-s3-b300,0.9775,0.9775,0.0,100,0.873148943148703,1.0,False
BT-v3,POOL-s0-b400,POOL-s3-b400,0.9775,0.9875,-0.010000000000000009,100,0.5885706083698938,1.0,False
BT-v3,POOL-s0-b400,POOL-s3-b500,0.9775,0.94,0.03750000000000009,100,0.2827353903201394,1.0,False
BT-v3,POOL-s0-b400,POOL-s3-b600,0.9775,0.9775,0.0,100,0.747241650500116,1.0,False
BT-v3,POOL-s0-b400,POOL-s3-b700,0.9775,0.9725,0.0050000000000000044,100,0.7318759642689967,1.0,False
BT-v3,POOL-s0-b400,POOL-s3-b800,0.9775,0.8975,0.08000000000000007,100,0.0017994578175697597,1.0,False
BT-v3,POOL-s0-b400,POOL-s3-b900,0.9775,0.955,0.022500000000000075,100,0.23623121529138902,1.0,False
BT-v3,POOL-s0-b400,POOL-s4-b100,0.9775,0.97,0.007500000000000062,100,0.9686383242730734,1.0,False
BT-v3,POOL-s0-b400,POOL-s4-b1000,0.9775,0.96,0.01750000000000007,100,0.4749215502526728,1.0,False
BT-v3,POOL-s0-b400,POOL-s4-b200,0.9775,0.9425,0.03500000000000003,100,0.3602721779267799,1.0,False
BT-v3,POOL-s0-b400,POOL-s4-b300,0.9775,0.9725,0.0050000000000000044,100,0.8693047427343576,1.0,False
BT-v3,POOL-s0-b400,POOL-s4-b400,0.9775,0.9375,0.040000000000000036,100,0.07014273483192374,1.0,False
BT-v3,POOL-s0-b400,POOL-s4-b500,0.9775,0.9825,-0.0050000000000000044,100,0.8524702028186966,1.0,False
BT-v3,POOL-s0-b400,POOL-s4-b600,0.9775,0.99,-0.012499999999999956,100,0.37059037694017427,1.0,False
BT-v3,POOL-s0-b400,POOL-s4-b700,0.9775,0.9775,0.0,100,0.7559612436042307,1.0,False
BT-v3,POOL-s0-b400,POOL-s4-b800,0.9775,0.98,-0.0024999999999999467,100,0.8588907420203751,1.0,False
BT-v3,POOL-s0-b400,POOL-s4-b900,0.9775,0.9875,-0.010000000000000009,100,0.5793096865426685,1.0,False
BT-v3,POOL-s0-b500,POOL-s0-b600,0.9975,0.9875,0.010000000000000009,100,0.6988726946252064,1.0,False
BT-v3,POOL-s0-b500,POOL-s0-b700,0.9975,0.975,0.022500000000000075,100,0.3478400175171884,1.0,False
BT-v3,POOL-s0-b500,POOL-s0-b800,0.9975,0.98,0.01750000000000007,100,0.44872738571051995,1.0,False
BT-v3,POOL-s0-b500,POOL-s0-b900,0.9975,0.98,0.01750000000000007,100,0.34981221265843265,1.0,False
BT-v3,POOL-s0-b500,POOL-s1-b100,0.9975,0.945,0.0525000000000001,100,0.04811046813442458,1.0,False
BT-v3,POOL-s0-b500,POOL-s1-b1000,0.9975,0.96,0.03750000000000009,100,0.07338221583103027,1.0,False
BT-v3,POOL-s0-b500,POOL-s1-b200,0.9975,0.98,0.01750000000000007,100,0.3428990259140786,1.0,False
BT-v3,POOL-s0-b500,POOL-s1-b300,0.9975,0.9875,0.010000000000000009,100,0.6988726946252064,1.0,False
BT-v3,POOL-s0-b500,POOL-s1-b400,0.9975,0.985,0.012500000000000067,100,0.566683373795419,1.0,False
BT-v3,POOL-s0-b500,POOL-s1-b500,0.9975,0.915,0.08250000000000002,100,0.0001862305894344531,0.31472969614422575,False
BT-v3,POOL-s0-b500,POOL-s1-b600,0.9975,0.94,0.05750000000000011,100,0.0037141039491929042,1.0,False
BT-v3,POOL-s0-b500,POOL-s1-b700,0.9975,0.9425,0.05500000000000005,100,0.014256992896093385,1.0,False
BT-v3,POOL-s0-b500,POOL-s1-b800,0.9975,0.89,0.10750000000000004,100,0.00012383887181838046,0.21139295419397544,False
BT-v3,POOL-s0-b500,POOL-s1-b900,0.9975,0.9425,0.05500000000000005,100,0.010083719375781276,1.0,False
BT-v3,POOL-s0-b500,POOL-s2-b100,0.9975,0.9775,0.020000000000000018,100,0.3428994779750604,1.0,False
BT-v3,POOL-s0-b500,POOL-s2-b1000,0.9975,0.98,0.01750000000000007,100,0.44872738571051995,1.0,False
BT-v3,POOL-s0-b500,POOL-s2-b200,0.9975,0.985,0.012500000000000067,100,0.566683373795419,1.0,False
BT-v3,POOL-s0-b500,POOL-s2-b300,0.9975,0.9775,0.020000000000000018,100,0.3428990259140786,1.0,False
BT-v3,POOL-s0-b500,POOL-s2-b400,0.9975,0.9525,0.04500000000000004,100,0.05054265729853754,1.0,False
BT-v3,POOL-s0-b500,POOL-s2-b500,0.9975,0.9875,0.010000000000000009,100,0.5679929113613116,1.0,False
BT-v3,POOL-s0-b500,POOL-s2-b600,0.9975,0.985,0.012500000000000067,100,0.5619793961056032,1.0,False
BT-v3,POOL-s0-b500,POOL-s2-b700,0.9975,1.0,-0.0024999999999999467,100,0.8437760027082907,1.0,False
BT-v3,POOL-s0-b500,POOL-s2-b800,0.9975,0.985,0.012500000000000067,100,0.45103441700614355,1.0,False
BT-v3,POOL-s0-b500,POOL-s2-b900,0.9975,0.9825,0.015000000000000013,100,0.4437301028719295,1.0,False
BT-v3,POOL-s0-b500,POOL-s3-b100,0.9975,0.9775,0.020000000000000018,100,0.3428990259140786,1.0,False
BT-v3,POOL-s0-b500,POOL-s3-b1000,0.9975,0.945,0.0525000000000001,100,0.002670421847775044,1.0,False
BT-v3,POOL-s0-b500,POOL-s3-b200,0.9975,0.99,0.007500000000000062,100,0.6962947347257182,1.0,False
BT-v3,POOL-s0-b500,POOL-s3-b300,0.9975,0.9775,0.020000000000000018,100,0.3428990259140786,1.0,False
BT-v3,POOL-s0-b500,POOL-s3-b400,0.9975,0.9875,0.010000000000000009,100,0.5619793961056032,1.0,False
BT-v3,POOL-s0-b500,POOL-s3-b500,0.9975,0.94,0.05750000000000011,100,0.03422667701547063,1.0,False
BT-v3,POOL-s0-b500,POOL-s3-b600,0.9975,0.9775,0.020000000000000018,100,0.4475726090646216,1.0,False
BT-v3,POOL-s0-b500,POOL-s3-b700,0.9975,0.9725,0.025000000000000022,100,0.13985925962591622,1.0,False
BT-v3,POOL-s0-b500,POOL-s3-b800,0.9975,0.8975,0.10000000000000009,100,4.3957440894973247e-05,0.0763980322754635,False
BT-v3,POOL-s0-b500,POOL-s3-b900,0.9975,0.955,0.04250000000000009,100,0.023575956559267038,1.0,False
BT-v3,POOL-s0-b500,POOL-s4-b100,0.9975,0.97,0.02750000000000008,100,0.26408588927071663,1.0,False
BT-v3,POOL-s0-b500,POOL-s4-b1000,0.9975,0.96,0.03750000000000009,100,0.07338221583103027,1.0,False
BT-v3,POOL-s0-b500,POOL-s4-b200,0.9975,0.9425,0.05500000000000005,100,0.03258105096062298,1.0,False
BT-v3,POOL-s0-b500,POOL-s4-b300,0.9975,0.9725,0.025000000000000022,100,0.3488281131469233,1.0,False
BT-v3,POOL-s0-b500,POOL-s4-b400,0.9975,0.9375,0.06000000000000005,100,0.006545148611067201,1.0,False
BT-v3,POOL-s0-b500,POOL-s4-b500,0.9975,0.9825,0.015000000000000013,100,0.350796314800906,1.0,False
BT-v3,POOL-s0-b500,POOL-s4-b600,0.9975,0.99,0.007500000000000062,100,0.8436660290336164,1.0,False
BT-v3,POOL-s0-b500,POOL-s4-b700,0.9975,0.9775,0.020000000000000018,100,0.14698934830938082,1.0,False
BT-v3,POOL-s0-b500,POOL-s4-b800,0.9975,0.98,0.01750000000000007,100,0.34981221265843265,1.0,False
BT-v3,POOL-s0-b500,POOL-s4-b900,0.9975,0.9875,0.010000000000000009,100,0.5679929113613116,1.0,False
BT-v3,POOL-s0-b600,POOL-s0-b700,0.9875,0.975,0.012500000000000067,100,0.5832418647568249,1.0,False
BT-v3,POOL-s0-b600,POOL-s0-b800,0.9875,0.98,0.007500000000000062,100,0.7134978245739059,1.0,False
BT-v3,POOL-s0-b600,POOL-s0-b900,0.9875,0.98,0.007500000000000062,100,0.5803257895746691,1.0,False
BT-v3,POOL-s0-b600,POOL-s1-b100,0.9875,0.945,0.04250000000000009,100,0.10952269139029537,1.0,False
BT-v3,POOL-s0-b600,POOL-s1-b1000,0.9875,0.96,0.02750000000000008,100,0.15530256021362995,1.0,False
BT-v3,POOL-s0-b600,POOL-s1-b200,0.9875,0.98,0.007500000000000062,100,0.5803257895746691,1.0,False
BT-v3,POOL-s0-b600,POOL-s1-b300,0.9875,0.9875,0.0,100,1.0,1.0,False
BT-v3,POOL-s0-b600,POOL-s1-b400,0.9875,0.985,0.0025000000000000577,100,0.8467225640289304,1.0,False
BT-v3,POOL-s0-b600,POOL-s1-b500,0.9875,0.915,0.07250000000000001,100,0.000993453840242862,1.0,False
BT-v3,POOL-s0-b600,POOL-s1-b600,0.9875,0.94,0.0475000000000001,100,0.018259792722697416,1.0,False
BT-v3,POOL-s0-b600,POOL-s1-b700,0.9875,0.9425,0.04500000000000004,100,0.07247401809213157,1.0,False
BT-v3,POOL-s0-b600,POOL-s1-b800,0.9875,0.89,0.09750000000000003,100,0.0004538769254401347,0.7493508039016624,False
BT-v3,POOL-s0-b600,POOL-s1-b900,0.9875,0.9425,0.04500000000000004,100,0.02689304630208787,1.0,False
BT-v3,POOL-s0-b600,POOL-s2-b100,0.9875,0.9775,0.010000000000000009,100,0.5790121654824505,1.0,False
BT-v3,POOL-s0-b600,POOL-s2-b1000,0.9875,0.98,0.007500000000000062,100,0.7003119117682883,1.0,False
BT-v3,POOL-s0-b600,POOL-s2-b200,0.9875,0.985,0.0025000000000000577,100,0.8467225640289304,1.0,False
BT-v3,POOL-s0-b600,POOL-s2-b300,0.9875,0.9775,0.010000000000000009,100,0.5679929113613116,1.0,False
BT-v3,POOL-s0-b600,POOL-s2-b400,0.9875,0.9525,0.03500000000000003,100,0.11959057239157789,1.0,False
BT-v3,POOL-s0-b600,POOL-s2-b500,0.9875,0.9875,0.0,100,0.8541040223951054,1.0,False
BT-v3,POOL-s0-b600,POOL-s2-b600,0.9875,0.985,0.0025000000000000577,100,0.8510687692888438,1.0,False
BT-v3,POOL-s0-b600,POOL-s2-b700,0.9875,1.0,-0.012499999999999956,100,0.5619793961056032,1.0,False
BT-v3,POOL-s0-b600,POOL-s2-b800,0.9875,0.985,0.0025000000000000577,100,0.7127452792098794,1.0,False
BT-v3,POOL-s0-b600,POOL-s2-b900,0.9875,0.9825,0.0050000000000000044,100,0.7017511381745211,1.0,False
BT-v3,POOL-s0-b600,POOL-s3-b100,0.9875,0.9775,0.010000000000000009,100,0.5871739081965142,1.0,False
BT-v3,POOL-s0-b600,POOL-s3-b1000,0.9875,0.945,0.04250000000000009,100,0.0073422354933049185,1.0,False
BT-v3,POOL-s0-b600,POOL-s3-b200,0.9875,0.99,-0.0024999999999999467,100,0.9968979337706603,1.0,False
BT-v3,POOL-s0-b600,POOL-s3-b300,0.9875,0.9775,0.010000000000000009,100,0.5777016946650129,1.0,False
BT-v3,POOL-s0-b600,POOL-s3-b400,0.9875,0.9875,0.0,100,0.8598048891012037,1.0,False
BT-v3,POOL-s0-b600,POOL-s3-b500,0.9875,0.94,0.0475000000000001,100,0.0835824497500209,1.0,False
BT-v3,POOL-s0-b600,POOL-s3-b600,0.9875,0.9775,0.010000000000000009,100,0.704142853957993,1.0,False
BT-v3,POOL-s0-b600,POOL-s3-b700,0.9875,0.9725,0.015000000000000013,100,0.28182926576405465,1.0,False
BT-v3,POOL-s0-b600,POOL-s3-b800,0.9875,0.8975,0.09000000000000008,100,0.00017823668742605143,0.3019329484997311,False
BT-v3,POOL-s0-b600,POOL-s3-b900,0.9875,0.955,0.032500000000000084,100,0.05163383949388467,1.0,False
BT-v3,POOL-s0-b600,POOL-s4-b100,0.9875,0.97,0.01750000000000007,100,0.4581029808471452,1.0,False
BT-v3,POOL-s0-b600,POOL-s4-b1000,0.9875,0.96,0.02750000000000008,100,0.1653506927708177,1.0,False
BT-v3,POOL-s0-b600,POOL-s4-b200,0.9875,0.9425,0.04500000000000004,100,0.15207112398139908,1.0,False
BT-v3,POOL-s0-b600,POOL-s4-b300,0.9875,0.9725,0.015000000000000013,100,0.5763915818849131,1.0,False
BT-v3,POOL-s0-b600,POOL-s4-b400,0.9875,0.9375,0.050000000000000044,100,0.01217973343293438,1.0,False
BT-v3,POOL-s0-b600,POOL-s4-b500,0.9875,0.9825,0.0050000000000000044,100,0.5829530596239729,1.0,False
BT-v3,POOL-s0-b600,POOL-s4-b600,0.9875,0.99,-0.0024999999999999467,100,0.8482523492523714,1.0,False
BT-v3,POOL-s0-b600,POOL-s4-b700,0.9875,0.9775,0.010000000000000009,100,0.37707818080519717,1.0,False
BT-v3,POOL-s0-b600,POOL-s4-b800,0.9875,0.98,0.007500000000000062,100,0.7106471481567678,1.0,False
BT-v3,POOL-s0-b600,POOL-s4-b900,0.9875,0.9875,0.0,100,0.8541040223951054,1.0,False
BT-v3,POOL-s0-b700,POOL-s0-b800,0.975,0.98,-0.0050000000000000044,100,0.8507648568529039,1.0,False
BT-v3,POOL-s0-b700,POOL-s0-b900,0.975,0.98,-0.0050000000000000044,100,0.9848568581950804,1.0,False
BT-v3,POOL-s0-b700,POOL-s1-b100,0.975,0.945,0.030000000000000027,100,0.3634154000853703,1.0,False
BT-v3,POOL-s0-b700,POOL-s1-b1000,0.975,0.96,0.015000000000000013,100,0.476213830473577,1.0,False
BT-v3,POOL-s0-b700,POOL-s1-b200,0.975,0.98,-0.0050000000000000044,100,0.9848568581950804,1.0,False
BT-v3,POOL-s0-b700,POOL-s1-b300,0.975,0.9875,-0.012500000000000067,100,0.5832418647568249,1.0,False
BT-v3,POOL-s0-b700,POOL-s1-b400,0.975,0.985,-0.010000000000000009,100,0.5871739081965142,1.0,False
BT-v3,POOL-s0-b700,POOL-s1-b500,0.975,0.915,0.05999999999999994,100,0.008126129555609348,1.0,False
BT-v3,POOL-s0-b700,POOL-s1-b600,0.975,0.94,0.03500000000000003,100,0.07095633740277686,1.0,False
BT-v3,POOL-s0-b700,POOL-s1-b700,0.975,0.9425,0.03249999999999997,100,0.2208282877973301,1.0,False
BT-v3,POOL-s0-b700,POOL-s1-b800,0.975,0.89,0.08499999999999996,100,0.0019240262951042923,1.0,False
BT-v3,POOL-s0-b700,POOL-s1-b900,0.975,0.9425,0.03249999999999997,100,0.16177082594151004,1.0,False
BT-v3,POOL-s0-b700,POOL-s2-b100,0.975,0.9775,-0.0025000000000000577,100,0.8782485517199555,1.0,False
BT-v3,POOL-s0-b700,POOL-s2-b1000,0.975,0.98,-0.0050000000000000044,100,0.7177823268013124,1.0,False
BT-v3,POOL-s0-b700,POOL-s2-b200,0.975,0.985,-0.010000000000000009,100,0.5816411588888287,1.0,False
BT-v3,POOL-s0-b700,POOL-s2-b300,0.975,0.9775,-0.0025000000000000577,100,0.8618706300676168,1.0,False
BT-v3,POOL-s0-b700,POOL-s2-b400,0.975,0.9525,0.022499999999999964,100,0.315185971132788,1.0,False
BT-v3,POOL-s0-b700,POOL-s2-b500,0.975,0.9875,-0.012500000000000067,100,0.7028312530309672,1.0,False
BT-v3,POOL-s0-b700,POOL-s2-b600,0.975,0.985,-0.010000000000000009,100,0.7112968519944216,1.0,False
BT-v3,POOL-s0-b700,POOL-s2-b700,0.975,1.0,-0.025000000000000022,100,0.2594734240190013,1.0,False
BT-v3,POOL-s0-b700,POOL-s2-b800,0.975,0.985,-0.010000000000000009,100,0.5832418647568249,1.0,False
BT-v3,POOL-s0-b700,POOL-s2-b900,0.975,0.9825,-0.007500000000000062,100,0.5911150867489637,1.0,False
BT-v3,POOL-s0-b700,POOL-s3-b100,0.975,0.9775,-0.0025000000000000577,100,0.8782485517199555,1.0,False
BT-v3,POOL-s0-b700,POOL-s3-b1000,0.975,0.945,0.030000000000000027,100,0.05068251846063331,1.0,False
BT-v3,POOL-s0-b700,POOL-s3-b200,0.975,0.99,-0.015000000000000013,100,0.575423993415779,1.0,False
BT-v3,POOL-s0-b700,POOL-s3-b300,0.975,0.9775,-0.0025000000000000577,100,0.8658412418794994,1.0,False
BT-v3,POOL-s0-b700,POOL-s3-b400,0.975,0.9875,-0.012500000000000067,100,0.6992852190908422,1.0,False
BT-v3,POOL-s0-b700,POOL-s3-b500,0.975,0.94,0.03500000000000003,100,0.08398697653260227,1.0,False
BT-v3,POOL-s0-b700,POOL-s3-b600,0.975,0.9775,-0.0025000000000000577,100,0.9938968663096778,1.0,False
BT-v3,POOL-s0-b700,POOL-s3-b700,0.975,0.9725,0.0024999999999999467,100,0.8627988969902922,1.0,False
BT-v3,POOL-s0-b700,POOL-s3-b800,0.975,0.8975,0.07750000000000001,100,0.0013917247444933073,1.0,False
BT-v3,POOL-s0-b700,POOL-s3-b900,0.975,0.955,0.020000000000000018,100,0.29183454007132037,1.0,False
BT-v3,POOL-s0-b700,POOL-s4-b100,0.975,0.97,0.0050000000000000044,100,0.7177823268013124,1.0,False
BT-v3,POOL-s0-b700,POOL-s4-b1000,0.975,0.96,0.015000000000000013,100,0.5807869275109587,1.0,False
BT-v3,POOL-s0-b700,POOL-s4-b200,0.975,0.9425,0.03249999999999997,100,0.21648629262984476,1.0,False
BT-v3,POOL-s0-b700,POOL-s4-b300,0.975,0.9725,0.0024999999999999467,100,0.9954568706150788,1.0,False
BT-v3,POOL-s0-b700,POOL-s4-b400,0.975,0.9375,0.03749999999999998,100,0.09197941233889803,1.0,False
BT-v3,POOL-s0-b700,POOL-s4-b500,0.975,0.9825,-0.007500000000000062,100,0.7070077316798482,1.0,False
BT-v3,POOL-s0-b700,POOL-s4-b600,0.975,0.99,-0.015000000000000013,100,0.4650795019307118,1.0,False
BT-v3,POOL-s0-b700,POOL-s4-b700,0.975,0.9775,-0.0025000000000000577,100,0.7515169594308175,1.0,False
BT-v3,POOL-s0-b700,POOL-s4-b800,0.975,0.98,-0.0050000000000000044,100,0.9848568581950804,1.0,False
BT-v3,POOL-s0-b700,POOL-s4-b900,0.975,0.9875,-0.012500000000000067,100,0.575080766354916,1.0,False
BT-v3,POOL-s0-b800,POOL-s0-b900,0.98,0.98,0.0,100,1.0,1.0,False
BT-v3,POOL-s0-b800,POOL-s1-b100,0.98,0.945,0.03500000000000003,100,0.2718639311429708,1.0,False
BT-v3,POOL-s0-b800,POOL-s1-b1000,0.98,0.96,0.020000000000000018,100,0.3022654321513927,1.0,False
BT-v3,POOL-s0-b800,POOL-s1-b200,0.98,0.98,0.0,100,0.8638661249078681,1.0,False
BT-v3,POOL-s0-b800,POOL-s1-b300,0.98,0.9875,-0.007500000000000062,100,0.7070077316798482,1.0,False
BT-v3,POOL-s0-b800,POOL-s1-b400,0.98,0.985,-0.0050000000000000044,100,0.8519007469114127,1.0,False
BT-v3,POOL-s0-b800,POOL-s1-b500,0.98,0.915,0.06499999999999995,100,0.0033027669908955695,1.0,False
BT-v3,POOL-s0-b800,POOL-s1-b600,0.98,0.94,0.040000000000000036,100,0.05329270206589278,1.0,False
BT-v3,POOL-s0-b800,POOL-s1-b700,0.98,0.9425,0.03749999999999998,100,0.12183765014299665,1.0,False
BT-v3,POOL-s0-b800,POOL-s1-b800,0.98,0.89,0.08999999999999997,100,0.0014702410001686643,1.0,False
BT-v3,POOL-s0-b800,POOL-s1-b900,0.98,0.9425,0.03749999999999998,100,0.09056121582331413,1.0,False
BT-v3,POOL-s0-b800,POOL-s2-b100,0.98,0.9775,0.0024999999999999467,100,0.8648454307141102,1.0,False
BT-v3,POOL-s0-b800,POOL-s2-b1000,0.98,0.98,0.0,100,1.0,1.0,False
BT-v3,POOL-s0-b800,POOL-s2-b200,0.98,0.985,-0.0050000000000000044,100,0.7127475741277484,1.0,False
BT-v3,POOL-s0-b800,POOL-s2-b300,0.98,0.9775,0.0024999999999999467,100,0.8578799040474143,1.0,False
BT-v3,POOL-s0-b800,POOL-s2-b400,0.98,0.9525,0.02749999999999997,100,0.22296637738721237,1.0,False
BT-v3,POOL-s0-b800,POOL-s2-b500,0.98,0.9875,-0.007500000000000062,100,0.8444387929014473,1.0,False
BT-v3,POOL-s0-b800,POOL-s2-b600,0.98,0.985,-0.0050000000000000044,100,0.8492611658368416,1.0,False
BT-v3,POOL-s0-b800,POOL-s2-b700,0.98,1.0,-0.020000000000000018,100,0.3428990259140786,1.0,False
BT-v3,POOL-s0-b800,POOL-s2-b800,0.98,0.985,-0.0050000000000000044,100,0.8504060655669495,1.0,False
BT-v3,POOL-s0-b800,POOL-s2-b900,0.98,0.9825,-0.0025000000000000577,100,0.8578799040474143,1.0,False
BT-v3,POOL-s0-b800,POOL-s3-b100,0.98,0.9775,0.0024999999999999467,100,0.8578799040474143,1.0,False
BT-v3,POOL-s0-b800,POOL-s3-b1000,0.98,0.945,0.03500000000000003,100,0.02490850570735329,1.0,False
BT-v3,POOL-s0-b800,POOL-s3-b200,0.98,0.99,-0.010000000000000009,100,0.7063797471962299,1.0,False
BT-v3,POOL-s0-b800,POOL-s3-b300,0.98,0.9775,0.0024999999999999467,100,0.8552829749116965,1.0,False
BT-v3,POOL-s0-b800,POOL-s3-b400,0.98,0.9875,-0.007500000000000062,100,0.7106471481567678,1.0,False
BT-v3,POOL-s0-b800,POOL-s3-b500,0.98,0.94,0.040000000000000036,100,0.08627517011158513,1.0,False
BT-v3,POOL-s0-b800,POOL-s3-b600,0.98,0.9775,0.0024999999999999467,100,0.9938968663096778,1.0,False
BT-v3,POOL-s0-b800,POOL-s3-b700,0.98,0.9725,0.007499999999999951,100,0.5937849907621063,1.0,False
BT-v3,POOL-s0-b800,POOL-s3-b800,0.98,0.8975,0.08250000000000002,100,0.000827961808742219,1.0,False
BT-v3,POOL-s0-b800,POOL-s3-b900,0.98,0.955,0.025000000000000022,100,0.1624927270640515,1.0,False
BT-v3,POOL-s0-b800,POOL-s4-b100,0.98,0.97,0.010000000000000009,100,0.7112968519944216,1.0,False
BT-v3,POOL-s0-b800,POOL-s4-b1000,0.98,0.96,0.020000000000000018,100,0.30881156599187776,1.0,False
BT-v3,POOL-s0-b800,POOL-s4-b200,0.98,0.9425,0.03749999999999998,100,0.21596054954727262,1.0,False
BT-v3,POOL-s0-b800,POOL-s4-b300,0.98,0.9725,0.007499999999999951,100,0.9893996193469677,1.0,False
BT-v3,POOL-s0-b800,POOL-s4-b400,0.98,0.9375,0.04249999999999998,100,0.06538520287482477,1.0,False
BT-v3,POOL-s0-b800,POOL-s4-b500,0.98,0.9825,-0.0025000000000000577,100,0.9938968663096778,1.0,False
BT-v3,POOL-s0-b800,POOL-s4-b600,0.98,0.99,-0.010000000000000009,100,0.5719374627188797,1.0,False
BT-v3,POOL-s0-b800,POOL-s4-b700,0.98,0.9775,0.0024999999999999467,100,0.5158753791308905,1.0,False
BT-v3,POOL-s0-b800,POOL-s4-b800,0.98,0.98,0.0,100,0.8693082172494204,1.0,False
BT-v3,POOL-s0-b800,POOL-s4-b900,0.98,0.9875,-0.007500000000000062,100,0.8444387929014473,1.0,False
BT-v3,POOL-s0-b900,POOL-s1-b100,0.98,0.945,0.03500000000000003,100,0.2194502866964958,1.0,False
BT-v3,POOL-s0-b900,POOL-s1-b1000,0.98,0.96,0.020000000000000018,100,0.3702665796850051,1.0,False
BT-v3,POOL-s0-b900,POOL-s1-b200,0.98,0.98,0.0,100,0.8623629720148681,1.0,False
BT-v3,POOL-s0-b900,POOL-s1-b300,0.98,0.9875,-0.007500000000000062,100,0.7041404971636049,1.0,False
BT-v3,POOL-s0-b900,POOL-s1-b400,0.98,0.985,-0.0050000000000000044,100,0.7149216763326973,1.0,False
BT-v3,POOL-s0-b900,POOL-s1-b500,0.98,0.915,0.06499999999999995,100,0.003961985968211691,1.0,False
BT-v3,POOL-s0-b900,POOL-s1-b600,0.98,0.94,0.040000000000000036,100,0.0870636458498938,1.0,False
BT-v3,POOL-s0-b900,POOL-s1-b700,0.98,0.9425,0.03749999999999998,100,0.16034959754547995,1.0,False
BT-v3,POOL-s0-b900,POOL-s1-b800,0.98,0.89,0.08999999999999997,100,0.0021652910167076172,1.0,False
BT-v3,POOL-s0-b900,POOL-s1-b900,0.98,0.9425,0.03749999999999998,100,0.0870822117791281,1.0,False
BT-v3,POOL-s0-b900,POOL-s2-b100,0.98,0.9775,0.0024999999999999467,100,0.9969924606624508,1.0,False
BT-v3,POOL-s0-b900,POOL-s2-b1000,0.98,0.98,0.0,100,0.8638661249078681,1.0,False
BT-v3,POOL-s0-b900,POOL-s2-b200,0.98,0.985,-0.0050000000000000044,100,0.7098752052153874,1.0,False
BT-v3,POOL-s0-b900,POOL-s2-b300,0.98,0.9775,0.0024999999999999467,100,0.8563808561857185,1.0,False
BT-v3,POOL-s0-b900,POOL-s2-b400,0.98,0.9525,0.02749999999999997,100,0.22790983305575263,1.0,False
BT-v3,POOL-s0-b900,POOL-s2-b500,0.98,0.9875,-0.007500000000000062,100,0.7077923577751397,1.0,False
BT-v3,POOL-s0-b900,POOL-s2-b600,0.98,0.985,-0.0050000000000000044,100,0.8477541625462588,1.0,False
BT-v3,POOL-s0-b900,POOL-s2-b700,0.98,1.0,-0.020000000000000018,100,0.2594734240190013,1.0,False
BT-v3,POOL-s0-b900,POOL-s2-b800,0.98,0.985,-0.0050000000000000044,100,0.8514743616132829,1.0,False
BT-v3,POOL-s0-b900,POOL-s2-b900,0.98,0.9825,-0.0025000000000000577,100,0.8563808561857185,1.0,False
BT-v3,POOL-s0-b900,POOL-s3-b100,0.98,0.9775,0.0024999999999999467,100,0.8603832000661684,1.0,False
BT-v3,POOL-s0-b900,POOL-s3-b1000,0.98,0.945,0.03500000000000003,100,0.027320156990360438,1.0,False
BT-v3,POOL-s0-b900,POOL-s3-b200,0.98,0.99,-0.010000000000000009,100,0.5832418647568249,1.0,False
BT-v3,POOL-s0-b900,POOL-s3-b300,0.98,0.9775,0.0024999999999999467,100,0.9924281222387973,1.0,False
BT-v3,POOL-s0-b900,POOL-s3-b400,0.98,0.9875,-0.007500000000000062,100,0.7141234448916037,1.0,False
BT-v3,POOL-s0-b900,POOL-s3-b500,0.98,0.94,0.040000000000000036,100,0.1584701245561685,1.0,False
BT-v3,POOL-s0-b900,POOL-s3-b600,0.98,0.9775,0.0024999999999999467,100,0.8782485517199555,1.0,False
BT-v3,POOL-s0-b900,POOL-s3-b700,0.98,0.9725,0.007499999999999951,100,0.49908520303980564,1.0,False
BT-v3,POOL-s0-b900,POOL-s3-b800,0.98,0.8975,0.08250000000000002,100,0.0009575327488616119,1.0,False
BT-v3,POOL-s0-b900,POOL-s3-b900,0.98,0.955,0.025000000000000022,100,0.12088302891935963,1.0,False
BT-v3,POOL-s0-b900,POOL-s4-b100,0.98,0.97,0.010000000000000009,100,0.8363094488292868,1.0,False
BT-v3,POOL-s0-b900,POOL-s4-b1000,0.98,0.96,0.020000000000000018,100,0.375339657475667,1.0,False
BT-v3,POOL-s0-b900,POOL-s4-b200,0.98,0.9425,0.03749999999999998,100,0.28253652800995777,1.0,False
BT-v3,POOL-s0-b900,POOL-s4-b300,0.98,0.9725,0.007499999999999951,100,0.9909136675846268,1.0,False
BT-v3,POOL-s0-b900,POOL-s4-b400,0.98,0.9375,0.04249999999999998,100,0.06538520287482477,1.0,False
BT-v3,POOL-s0-b900,POOL-s4-b500,0.98,0.9825,-0.0025000000000000577,100,0.9924279858519819,1.0,False
BT-v3,POOL-s0-b900,POOL-s4-b600,0.98,0.99,-0.010000000000000009,100,0.5777016946650129,1.0,False
BT-v3,POOL-s0-b900,POOL-s4-b700,0.98,0.9775,0.0024999999999999467,100,0.6261212389695983,1.0,False
BT-v3,POOL-s0-b900,POOL-s4-b800,0.98,0.98,0.0,100,1.0,1.0,False
BT-v3,POOL-s0-b900,POOL-s4-b900,0.98,0.9875,-0.007500000000000062,100,0.7077923577751397,1.0,False
BT-v3,POOL-s1-b100,POOL-s1-b1000,0.945,0.96,-0.015000000000000013,100,0.811491763834323,1.0,False
BT-v3,POOL-s1-b100,POOL-s1-b200,0.945,0.98,-0.03500000000000003,100,0.20822360905303527,1.0,False
BT-v3,POOL-s1-b100,POOL-s1-b300,0.945,0.9875,-0.04250000000000009,100,0.10952269139029537,1.0,False
BT-v3,POOL-s1-b100,POOL-s1-b400,0.945,0.985,-0.040000000000000036,100,0.1536938171197116,1.0,False
BT-v3,POOL-s1-b100,POOL-s1-b500,0.945,0.915,0.029999999999999916,100,0.09965949706032642,1.0,False
BT-v3,POOL-s1-b100,POOL-s1-b600,0.945,0.94,0.0050000000000000044,100,0.44296751128644163,1.0,False
BT-v3,POOL-s1-b100,POOL-s1-b700,0.945,0.9425,0.0024999999999999467,100,0.7724672006165424,1.0,False
BT-v3,POOL-s1-b100,POOL-s1-b800,0.945,0.89,0.05499999999999994,100,0.040733073648360096,1.0,False
BT-v3,POOL-s1-b100,POOL-s1-b900,0.945,0.9425,0.0024999999999999467,100,0.5898425568634397,1.0,False
BT-v3,POOL-s1-b100,POOL-s2-b100,0.945,0.9775,-0.032500000000000084,100,0.21302334444551252,1.0,False
BT-v3,POOL-s1-b100,POOL-s2-b1000,0.945,0.98,-0.03500000000000003,100,0.2742375373565309,1.0,False
BT-v3,POOL-s1-b100,POOL-s2-b200,0.945,0.985,-0.040000000000000036,100,0.15042659505464678,1.0,False
BT-v3,POOL-s1-b100,POOL-s2-b300,0.945,0.9775,-0.032500000000000084,100,0.2743477936976294,1.0,False
BT-v3,POOL-s1-b100,POOL-s2-b400,0.945,0.9525,-0.007500000000000062,100,0.8472354880124617,1.0,False
BT-v3,POOL-s1-b100,POOL-s2-b500,0.945,0.9875,-0.04250000000000009,100,0.15464862722869663,1.0,False
BT-v3,POOL-s1-b100,POOL-s2-b600,0.945,0.985,-0.040000000000000036,100,0.15042659505464678,1.0,False
BT-v3,POOL-s1-b100,POOL-s2-b700,0.945,1.0,-0.05500000000000005,100,0.032577656616103505,1.0,False
BT-v3,POOL-s1-b100,POOL-s2-b800,0.945,0.985,-0.040000000000000036,100,0.200191997234194,1.0,False
BT-v3,POOL-s1-b100,POOL-s2-b900,0.945,0.9825,-0.03750000000000009,100,0.20307700012270014,1.0,False
BT-v3,POOL-s1-b100,POOL-s3-b100,0.945,0.9775,-0.032500000000000084,100,0.28168991899832374,1.0,False
BT-v3,POOL-s1-b100,POOL-s3-b1000,0.945,0.945,0.0,100,0.31447929409335995,1.0,False
BT-v3,POOL-s1-b100,POOL-s3-b200,0.945,0.99,-0.04500000000000004,100,0.10264973025425685,1.0,False
BT-v3,POOL-s1-b100,POOL-s3-b300,0.945,0.9775,-0.032500000000000084,100,0.35346051386791344,1.0,False
BT-v3,POOL-s1-b100,POOL-s3-b400,0.945,0.9875,-0.04250000000000009,100,0.14934809608920138,1.0,False
BT-v3,POOL-s1-b100,POOL-s3-b500,0.945,0.94,0.0050000000000000044,100,0.7654663919590438,1.0,False
BT-v3,POOL-s1-b100,POOL-s3-b600,0.945,0.9775,-0.032500000000000084,100,0.28168991899832374,1.0,False
BT-v3,POOL-s1-b100,POOL-s3-b700,0.945,0.9725,-0.02750000000000008,100,0.5515628410704252,1.0,False
BT-v3,POOL-s1-b100,POOL-s3-b800,0.945,0.8975,0.04749999999999999,100,0.04306751567134912,1.0,False
BT-v3,POOL-s1-b100,POOL-s3-b900,0.945,0.955,-0.010000000000000009,100,0.8099738946287676,1.0,False
BT-v3,POOL-s1-b100,POOL-s4-b100,0.945,0.97,-0.025000000000000022,100,0.4618714981219243,1.0,False
BT-v3,POOL-s1-b100,POOL-s4-b1000,0.945,0.96,-0.015000000000000013,100,0.7089112175090122,1.0,False
BT-v3,POOL-s1-b100,POOL-s4-b200,0.945,0.9425,0.0024999999999999467,100,0.8820310122841223,1.0,False
BT-v3,POOL-s1-b100,POOL-s4-b300,0.945,0.9725,-0.02750000000000008,100,0.2893050604498949,1.0,False
BT-v3,POOL-s1-b100,POOL-s4-b400,0.945,0.9375,0.007499999999999951,100,0.48197412200633594,1.0,False
BT-v3,POOL-s1-b100,POOL-s4-b500,0.945,0.9825,-0.03750000000000009,100,0.20218075878214492,1.0,False
BT-v3,POOL-s1-b100,POOL-s4-b600,0.945,0.99,-0.04500000000000004,100,0.06989286012449775,1.0,False
BT-v3,POOL-s1-b100,POOL-s4-b700,0.945,0.9775,-0.032500000000000084,100,0.35254761754239594,1.0,False
BT-v3,POOL-s1-b100,POOL-s4-b800,0.945,0.98,-0.03500000000000003,100,0.2194502866964958,1.0,False
BT-v3,POOL-s1-b100,POOL-s4-b900,0.945,0.9875,-0.04250000000000009,100,0.15464862722869663,1.0,False
BT-v3,POOL-s1-b1000,POOL-s1-b200,0.96,0.98,-0.020000000000000018,100,0.380405355571271,1.0,False
BT-v3,POOL-s1-b1000,POOL-s1-b300,0.96,0.9875,-0.02750000000000008,100,0.1597326167230354,1.0,False
BT-v3,POOL-s1-b1000,POOL-s1-b400,0.96,0.985,-0.025000000000000022,100,0.20317221546435604,1.0,False
BT-v3,POOL-s1-b1000,POOL-s1-b500,0.96,0.915,0.04499999999999993,100,0.0247368777561196,1.0,False
BT-v3,POOL-s1-b1000,POOL-s1-b600,0.96,0.94,0.020000000000000018,100,0.27412514782873665,1.0,False
BT-v3,POOL-s1-b1000,POOL-s1-b700,0.96,0.9425,0.01749999999999996,100,0.4131994296703837,1.0,False
BT-v3,POOL-s1-b1000,POOL-s1-b800,0.96,0.89,0.06999999999999995,100,0.018712424254077962,1.0,False
BT-v3,POOL-s1-b1000,POOL-s1-b900,0.96,0.9425,0.01749999999999996,100,0.26735723688781776,1.0,False
BT-v3,POOL-s1-b1000,POOL-s2-b100,0.96,0.9775,-0.01750000000000007,100,0.3793781111089012,1.0,False
BT-v3,POOL-s1-b1000,POOL-s2-b1000,0.96,0.98,-0.020000000000000018,100,0.2835474528342711,1.0,False
BT-v3,POOL-s1-b1000,POOL-s2-b200,0.96,0.985,-0.025000000000000022,100,0.2091962425482582,1.0,False
BT-v3,POOL-s1-b1000,POOL-s2-b300,0.96,0.9775,-0.01750000000000007,100,0.37936935229363977,1.0,False
BT-v3,POOL-s1-b1000,POOL-s2-b400,0.96,0.9525,0.007499999999999951,100,0.8465598810142003,1.0,False
BT-v3,POOL-s1-b1000,POOL-s2-b500,0.96,0.9875,-0.02750000000000008,100,0.21803943647465196,1.0,False
BT-v3,POOL-s1-b1000,POOL-s2-b600,0.96,0.985,-0.025000000000000022,100,0.2199917332202057,1.0,False
BT-v3,POOL-s1-b1000,POOL-s2-b700,0.96,1.0,-0.040000000000000036,100,0.048116468656935446,1.0,False
BT-v3,POOL-s1-b1000,POOL-s2-b800,0.96,0.985,-0.025000000000000022,100,0.2701345679599584,1.0,False
BT-v3,POOL-s1-b1000,POOL-s2-b900,0.96,0.9825,-0.022500000000000075,100,0.2827027200522225,1.0,False
BT-v3,POOL-s1-b1000,POOL-s3-b100,0.96,0.9775,-0.01750000000000007,100,0.39658144033394915,1.0,False
BT-v3,POOL-s1-b1000,POOL-s3-b1000,0.96,0.945,0.015000000000000013,100,0.22919265491638552,1.0,False
BT-v3,POOL-s1-b1000,POOL-s3-b200,0.96,0.99,-0.030000000000000027,100,0.14989041262739283,1.0,False
BT-v3,POOL-s1-b1000,POOL-s3-b300,0.96,0.9775,-0.01750000000000007,100,0.37936935229363977,1.0,False
BT-v3,POOL-s1-b1000,POOL-s3-b400,0.96,0.9875,-0.02750000000000008,100,0.21803943647465196,1.0,False
BT-v3,POOL-s1-b1000,POOL-s3-b500,0.96,0.94,0.020000000000000018,100,0.5867874420684188,1.0,False
BT-v3,POOL-s1-b1000,POOL-s3-b600,0.96,0.9775,-0.01750000000000007,100,0.3057916768943475,1.0,False
BT-v3,POOL-s1-b1000,POOL-s3-b700,0.96,0.9725,-0.012500000000000067,100,0.7034218664789598,1.0,False
BT-v3,POOL-s1-b1000,POOL-s3-b800,0.96,0.8975,0.0625,100,0.004127466707482247,1.0,False
BT-v3,POOL-s1-b1000,POOL-s3-b900,0.96,0.955,0.0050000000000000044,100,0.6335429020785641,1.0,False
BT-v3,POOL-s1-b1000,POOL-s4-b100,0.96,0.97,-0.010000000000000009,100,0.6064886352594989,1.0,False
BT-v3,POOL-s1-b1000,POOL-s4-b1000,0.96,0.96,0.0,100,1.0,1.0,False
BT-v3,POOL-s1-b1000,POOL-s4-b200,0.96,0.9425,0.01749999999999996,100,0.9292547328295748,1.0,False
BT-v3,POOL-s1-b1000,POOL-s4-b300,0.96,0.9725,-0.012500000000000067,100,0.4017796258873153,1.0,False
BT-v3,POOL-s1-b1000,POOL-s4-b400,0.96,0.9375,0.022499999999999964,100,0.16412816658035634,1.0,False
BT-v3,POOL-s1-b1000,POOL-s4-b500,0.96,0.9825,-0.022500000000000075,100,0.3570298212312065,1.0,False
BT-v3,POOL-s1-b1000,POOL-s4-b600,0.96,0.99,-0.030000000000000027,100,0.10834935805971012,1.0,False
BT-v3,POOL-s1-b1000,POOL-s4-b700,0.96,0.9775,-0.01750000000000007,100,0.5705270487529369,1.0,False
BT-v3,POOL-s1-b1000,POOL-s4-b800,0.96,0.98,-0.020000000000000018,100,0.27846569854384307,1.0,False
BT-v3,POOL-s1-b1000,POOL-s4-b900,0.96,0.9875,-0.02750000000000008,100,0.2078277382834548,1.0,False
BT-v3,POOL-s1-b200,POOL-s1-b300,0.98,0.9875,-0.007500000000000062,100,0.5619782778679063,1.0,False
BT-v3,POOL-s1-b200,POOL-s1-b400,0.98,0.985,-0.0050000000000000044,100,0.7098752052153874,1.0,False
BT-v3,POOL-s1-b200,POOL-s1-b500,0.98,0.915,0.06499999999999995,100,0.0035882482964456337,1.0,False
BT-v3,POOL-s1-b200,POOL-s1-b600,0.98,0.94,0.040000000000000036,100,0.03978115558560776,1.0,False
BT-v3,POOL-s1-b200,POOL-s1-b700,0.98,0.9425,0.03749999999999998,100,0.08357309093128996,1.0,False
BT-v3,POOL-s1-b200,POOL-s1-b800,0.98,0.89,0.08999999999999997,100,0.0010272609671930187,1.0,False
BT-v3,POOL-s1-b200,POOL-s1-b900,0.98,0.9425,0.03749999999999998,100,0.09767066508627523,1.0,False
BT-v3,POOL-s1-b200,POOL-s2-b100,0.98,0.9775,0.0024999999999999467,100,0.8578799040474143,1.0,False
BT-v3,POOL-s1-b200,POOL-s2-b1000,0.98,0.98,0.0,100,0.8598048891012037,1.0,False
BT-v3,POOL-s1-b200,POOL-s2-b200,0.98,0.985,-0.0050000000000000044,100,0.7149216763326973,1.0,False
BT-v3,POOL-s1-b200,POOL-s2-b300,0.98,0.9775,0.0024999999999999467,100,0.9953860187760867,1.0,False
BT-v3,POOL-s1-b200,POOL-s2-b400,0.98,0.9525,0.02749999999999997,100,0.2855380861886596,1.0,False
BT-v3,POOL-s1-b200,POOL-s2-b500,0.98,0.9875,-0.007500000000000062,100,0.7077923577751397,1.0,False
BT-v3,POOL-s1-b200,POOL-s2-b600,0.98,0.985,-0.0050000000000000044,100,0.6962944571529229,1.0,False
BT-v3,POOL-s1-b200,POOL-s2-b700,0.98,1.0,-0.020000000000000018,100,0.2594734240190013,1.0,False
BT-v3,POOL-s1-b200,POOL-s2-b800,0.98,0.985,-0.0050000000000000044,100,0.8504060655669495,1.0,False
BT-v3,POOL-s1-b200,POOL-s2-b900,0.98,0.9825,-0.0025000000000000577,100,0.8537757854933484,1.0,False
BT-v3,POOL-s1-b200,POOL-s3-b100,0.98,0.9775,0.0024999999999999467,100,0.8537757854933484,1.0,False
BT-v3,POOL-s1-b200,POOL-s3-b1000,0.98,0.945,0.03500000000000003,100,0.03513540226171937,1.0,False
BT-v3,POOL-s1-b200,POOL-s3-b200,0.98,0.99,-0.010000000000000009,100,0.5777016946650129,1.0,False
BT-v3,POOL-s1-b200,POOL-s3-b300,0.98,0.9775,0.0024999999999999467,100,0.8578799040474143,1.0,False
BT-v3,POOL-s1-b200,POOL-s3-b400,0.98,0.9875,-0.007500000000000062,100,0.8432471413556543,1.0,False
BT-v3,POOL-s1-b200,POOL-s3-b500,0.98,0.94,0.040000000000000036,100,0.16179115509499697,1.0,False
BT-v3,POOL-s1-b200,POOL-s3-b600,0.98,0.9775,0.0024999999999999467,100,0.9924281222387973,1.0,False
BT-v3,POOL-s1-b200,POOL-s3-b700,0.98,0.9725,0.007499999999999951,100,0.5871647501311015,1.0,False
BT-v3,POOL-s1-b200,POOL-s3-b800,0.98,0.8975,0.08250000000000002,100,0.0012104553631493264,1.0,False
BT-v3,POOL-s1-b200,POOL-s3-b900,0.98,0.955,0.025000000000000022,100,0.15799300787482573,1.0,False
BT-v3,POOL-s1-b200,POOL-s4-b100,0.98,0.97,0.010000000000000009,100,0.5924984965204009,1.0,False
BT-v3,POOL-s1-b200,POOL-s4-b1000,0.98,0.96,0.020000000000000018,100,0.38530659072124296,1.0,False
BT-v3,POOL-s1-b200,POOL-s4-b200,0.98,0.9425,0.03749999999999998,100,0.12004853789289131,1.0,False
BT-v3,POOL-s1-b200,POOL-s4-b300,0.98,0.9725,0.007499999999999951,100,0.8489135223744423,1.0,False
BT-v3,POOL-s1-b200,POOL-s4-b400,0.98,0.9375,0.04249999999999998,100,0.03390114468735336,1.0,False
BT-v3,POOL-s1-b200,POOL-s4-b500,0.98,0.9825,-0.0025000000000000577,100,0.9938968663096778,1.0,False
BT-v3,POOL-s1-b200,POOL-s4-b600,0.98,0.99,-0.010000000000000009,100,0.45684780194863195,1.0,False
BT-v3,POOL-s1-b200,POOL-s4-b700,0.98,0.9775,0.0024999999999999467,100,0.6082630867337036,1.0,False
BT-v3,POOL-s1-b200,POOL-s4-b800,0.98,0.98,0.0,100,0.8638661249078681,1.0,False
BT-v3,POOL-s1-b200,POOL-s4-b900,0.98,0.9875,-0.007500000000000062,100,0.7003119117682883,1.0,False
BT-v3,POOL-s1-b300,POOL-s1-b400,0.9875,0.985,0.0025000000000000577,100,0.8482523492523714,1.0,False
BT-v3,POOL-s1-b300,POOL-s1-b500,0.9875,0.915,0.07250000000000001,100,0.0011313238614952116,1.0,False
BT-v3,POOL-s1-b300,POOL-s1-b600,0.9875,0.94,0.0475000000000001,100,0.016725005692503677,1.0,False
BT-v3,POOL-s1-b300,POOL-s1-b700,0.9875,0.9425,0.04500000000000004,100,0.03667300935635143,1.0,False
BT-v3,POOL-s1-b300,POOL-s1-b800,0.9875,0.89,0.09750000000000003,100,0.00032381154463899186,0.5394700333685605,False
BT-v3,POOL-s1-b300,POOL-s1-b900,0.9875,0.9425,0.04500000000000004,100,0.030636670692216865,1.0,False
BT-v3,POOL-s1-b300,POOL-s2-b100,0.9875,0.9775,0.010000000000000009,100,0.5884883121633551,1.0,False
BT-v3,POOL-s1-b300,POOL-s2-b1000,0.9875,0.98,0.007500000000000062,100,0.7031946566765941,1.0,False
BT-v3,POOL-s1-b300,POOL-s2-b200,0.9875,0.985,0.0025000000000000577,100,0.8510687692888438,1.0,False
BT-v3,POOL-s1-b300,POOL-s2-b300,0.9875,0.9775,0.010000000000000009,100,0.5679929113613116,1.0,False
BT-v3,POOL-s1-b300,POOL-s2-b400,0.9875,0.9525,0.03500000000000003,100,0.11162166053483484,1.0,False
BT-v3,POOL-s1-b300,POOL-s2-b500,0.9875,0.9875,0.0,100,0.8541040223951054,1.0,False
BT-v3,POOL-s1-b300,POOL-s2-b600,0.9875,0.985,0.0025000000000000577,100,0.8437760027082907,1.0,False
BT-v3,POOL-s1-b300,POOL-s2-b700,0.9875,1.0,-0.012499999999999956,100,0.5619793961056032,1.0,False
BT-v3,POOL-s1-b300,POOL-s2-b800,0.9875,0.985,0.0025000000000000577,100,0.7156247808506339,1.0,False
BT-v3,POOL-s1-b300,POOL-s2-b900,0.9875,0.9825,0.0050000000000000044,100,0.7098752052153874,1.0,False
BT-v3,POOL-s1-b300,POOL-s3-b100,0.9875,0.9775,0.010000000000000009,100,0.5777016946650129,1.0,False
BT-v3,POOL-s1-b300,POOL-s3-b1000,0.9875,0.945,0.04250000000000009,100,0.00908121744010266,1.0,False
BT-v3,POOL-s1-b300,POOL-s3-b200,0.9875,0.99,-0.0024999999999999467,100,0.9953860702063596,1.0,False
BT-v3,POOL-s1-b300,POOL-s3-b300,0.9875,0.9775,0.010000000000000009,100,0.5871739081965142,1.0,False
BT-v3,POOL-s1-b300,POOL-s3-b400,0.9875,0.9875,0.0,100,0.8598048891012037,1.0,False
BT-v3,POOL-s1-b300,POOL-s3-b500,0.9875,0.94,0.0475000000000001,100,0.08067539650723819,1.0,False
BT-v3,POOL-s1-b300,POOL-s3-b600,0.9875,0.9775,0.010000000000000009,100,0.7092202784746786,1.0,False
BT-v3,POOL-s1-b300,POOL-s3-b700,0.9875,0.9725,0.015000000000000013,100,0.27318270271266765,1.0,False
BT-v3,POOL-s1-b300,POOL-s3-b800,0.9875,0.8975,0.09000000000000008,100,0.00021150880322387902,0.3557202495239041,False
BT-v3,POOL-s1-b300,POOL-s3-b900,0.9875,0.955,0.032500000000000084,100,0.04810326769995416,1.0,False
BT-v3,POOL-s1-b300,POOL-s4-b100,0.9875,0.97,0.01750000000000007,100,0.3665282451141313,1.0,False
BT-v3,POOL-s1-b300,POOL-s4-b1000,0.9875,0.96,0.02750000000000008,100,0.1653506927708177,1.0,False
BT-v3,POOL-s1-b300,POOL-s4-b200,0.9875,0.9425,0.04500000000000004,100,0.08198211618142207,1.0,False
BT-v3,POOL-s1-b300,POOL-s4-b300,0.9875,0.9725,0.015000000000000013,100,0.5763915818849131,1.0,False
BT-v3,POOL-s1-b300,POOL-s4-b400,0.9875,0.9375,0.050000000000000044,100,0.013104894554514945,1.0,False
BT-v3,POOL-s1-b300,POOL-s4-b500,0.9875,0.9825,0.0050000000000000044,100,0.5869189359555966,1.0,False
BT-v3,POOL-s1-b300,POOL-s4-b600,0.9875,0.99,-0.0024999999999999467,100,0.8482523492523714,1.0,False
BT-v3,POOL-s1-b300,POOL-s4-b700,0.9875,0.9775,0.010000000000000009,100,0.2904028927361775,1.0,False
BT-v3,POOL-s1-b300,POOL-s4-b800,0.9875,0.98,0.007500000000000062,100,0.5842784948832598,1.0,False
BT-v3,POOL-s1-b300,POOL-s4-b900,0.9875,0.9875,0.0,100,0.8497822731366593,1.0,False
BT-v3,POOL-s1-b400,POOL-s1-b500,0.985,0.915,0.06999999999999995,100,0.0014269204549263285,1.0,False
BT-v3,POOL-s1-b400,POOL-s1-b600,0.985,0.94,0.04500000000000004,100,0.016805736445381383,1.0,False
BT-v3,POOL-s1-b400,POOL-s1-b700,0.985,0.9425,0.04249999999999998,100,0.07561499381284874,1.0,False
BT-v3,POOL-s1-b400,POOL-s1-b800,0.985,0.89,0.09499999999999997,100,0.0004538769254401347,0.7493508039016624,False
BT-v3,POOL-s1-b400,POOL-s1-b900,0.985,0.9425,0.04249999999999998,100,0.0392553912395279,1.0,False
BT-v3,POOL-s1-b400,POOL-s2-b100,0.985,0.9775,0.007499999999999951,100,0.7134950704835119,1.0,False
BT-v3,POOL-s1-b400,POOL-s2-b1000,0.985,0.98,0.0050000000000000044,100,0.8437760027082907,1.0,False
BT-v3,POOL-s1-b400,POOL-s2-b200,0.985,0.985,0.0,100,1.0,1.0,False
BT-v3,POOL-s1-b400,POOL-s2-b300,0.985,0.9775,0.007499999999999951,100,0.7003119117682883,1.0,False
BT-v3,POOL-s1-b400,POOL-s2-b400,0.985,0.9525,0.03249999999999997,100,0.16628004426952203,1.0,False
BT-v3,POOL-s1-b400,POOL-s2-b500,0.985,0.9875,-0.0025000000000000577,100,0.9953860187760867,1.0,False
BT-v3,POOL-s1-b400,POOL-s2-b600,0.985,0.985,0.0,100,1.0,1.0,False
BT-v3,POOL-s1-b400,POOL-s2-b700,0.985,1.0,-0.015000000000000013,100,0.4437301028719295,1.0,False
BT-v3,POOL-s1-b400,POOL-s2-b800,0.985,0.985,0.0,100,0.8497822731366593,1.0,False
BT-v3,POOL-s1-b400,POOL-s2-b900,0.985,0.9825,0.0024999999999999467,100,0.8467225640289304,1.0,False
BT-v3,POOL-s1-b400,POOL-s3-b100,0.985,0.9775,0.007499999999999951,100,0.7169625806271553,1.0,False
BT-v3,POOL-s1-b400,POOL-s3-b1000,0.985,0.945,0.040000000000000036,100,0.011260528769340803,1.0,False
BT-v3,POOL-s1-b400,POOL-s3-b200,0.985,0.99,-0.0050000000000000044,100,0.8465183160073777,1.0,False
BT-v3,POOL-s1-b400,POOL-s3-b300,0.985,0.9775,0.007499999999999951,100,0.7106471481567678,1.0,False
BT-v3,POOL-s1-b400,POOL-s3-b400,0.985,0.9875,-0.0025000000000000577,100,0.9938968663096778,1.0,False
BT-v3,POOL-s1-b400,POOL-s3-b500,0.985,0.94,0.04500000000000004,100,0.11522771248692669,1.0,False
BT-v3,POOL-s1-b400,POOL-s3-b600,0.985,0.9775,0.007499999999999951,100,0.8447505538780876,1.0,False
BT-v3,POOL-s1-b400,POOL-s3-b700,0.985,0.9725,0.012499999999999956,100,0.35678169637503276,1.0,False
BT-v3,POOL-s1-b400,POOL-s3-b800,0.985,0.8975,0.08750000000000002,100,0.00025438049917295494,0.4258329556155266,False
BT-v3,POOL-s1-b400,POOL-s3-b900,0.985,0.955,0.030000000000000027,100,0.06988126987241249,1.0,False
BT-v3,POOL-s1-b400,POOL-s4-b100,0.985,0.97,0.015000000000000013,100,0.4604252049590032,1.0,False
BT-v3,POOL-s1-b400,POOL-s4-b1000,0.985,0.96,0.025000000000000022,100,0.2199917332202057,1.0,False
BT-v3,POOL-s1-b400,POOL-s4-b200,0.985,0.9425,0.04249999999999998,100,0.1536938171197116,1.0,False
BT-v3,POOL-s1-b400,POOL-s4-b300,0.985,0.9725,0.012499999999999956,100,0.7092240846348996,1.0,False
BT-v3,POOL-s1-b400,POOL-s4-b400,0.985,0.9375,0.04749999999999999,100,0.012301447135348805,1.0,False
BT-v3,POOL-s1-b400,POOL-s4-b500,0.985,0.9825,0.0024999999999999467,100,0.7127452792098794,1.0,False
BT-v3,POOL-s1-b400,POOL-s4-b600,0.985,0.99,-0.0050000000000000044,100,0.7046381658499543,1.0,False
BT-v3,POOL-s1-b400,POOL-s4-b700,0.985,0.9775,0.007499999999999951,100,0.46741159085086537,1.0,False
BT-v3,POOL-s1-b400,POOL-s4-b800,0.985,0.98,0.0050000000000000044,100,0.8480350464179841,1.0,False
BT-v3,POOL-s1-b400,POOL-s4-b900,0.985,0.9875,-0.0025000000000000577,100,0.9984349964069155,1.0,False
BT-v3,POOL-s1-b500,POOL-s1-b600,0.915,0.94,-0.02499999999999991,100,0.4596129881740634,1.0,False
BT-v3,POOL-s1-b500,POOL-s1-b700,0.915,0.9425,-0.02749999999999997,100,0.30112957854351596,1.0,False
BT-v3,POOL-s1-b500,POOL-s1-b800,0.915,0.89,0.025000000000000022,100,0.5527446809569156,1.0,False
BT-v3,POOL-s1-b500,POOL-s1-b900,0.915,0.9425,-0.02749999999999997,100,0.20235450631659757,1.0,False
BT-v3,POOL-s1-b500,POOL-s2-b100,0.915,0.9775,-0.0625,100,0.004173413877175511,1.0,False
BT-v3,POOL-s1-b500,POOL-s2-b1000,0.915,0.98,-0.06499999999999995,100,0.002899734710141348,1.0,False
BT-v3,POOL-s1-b500,POOL-s2-b200,0.915,0.985,-0.06999999999999995,100,0.0009994003397933598,1.0,False
BT-v3,POOL-s1-b500,POOL-s2-b300,0.915,0.9775,-0.0625,100,0.0032716269364030694,1.0,False
BT-v3,POOL-s1-b500,POOL-s2-b400,0.915,0.9525,-0.03749999999999998,100,0.1066504531140919,1.0,False
BT-v3,POOL-s1-b500,POOL-s2-b500,0.915,0.9875,-0.07250000000000001,100,0.0019826394919440255,1.0,False
BT-v3,POOL-s1-b500,POOL-s2-b600,0.915,0.985,-0.06999999999999995,100,0.0011385167341699315,1.0,False
BT-v3,POOL-s1-b500,POOL-s2-b700,0.915,1.0,-0.08499999999999996,100,0.00018628361582825545,0.31472969614422575,False
BT-v3,POOL-s1-b500,POOL-s2-b800,0.915,0.985,-0.06999999999999995,100,0.0028373362617678927,1.0,False
BT-v3,POOL-s1-b500,POOL-s2-b900,0.915,0.9825,-0.0675,100,0.0016205514782429962,1.0,False
BT-v3,POOL-s1-b500,POOL-s3-b100,0.915,0.9775,-0.0625,100,0.005490652070915477,1.0,False
BT-v3,POOL-s1-b500,POOL-s3-b1000,0.915,0.945,-0.029999999999999916,100,0.3629122569146688,1.0,False
BT-v3,POOL-s1-b500,POOL-s3-b200,0.915,0.99,-0.07499999999999996,100,0.0006066958023698031,0.9913409410722582,False
BT-v3,POOL-s1-b500,POOL-s3-b300,0.915,0.9775,-0.0625,100,0.0026824549763134384,1.0,False
BT-v3,POOL-s1-b500,POOL-s3-b400,0.915,0.9875,-0.07250000000000001,100,0.0014444428881667758,1.0,False
BT-v3,POOL-s1-b500,POOL-s3-b500,0.915,0.94,-0.02499999999999991,100,0.13956131560401783,1.0,False
BT-v3,POOL-s1-b500,POOL-s3-b600,0.915,0.9775,-0.0625,100,0.0030047430889753694,1.0,False
BT-v3,POOL-s1-b500,POOL-s3-b700,0.915,0.9725,-0.057499999999999996,100,0.014521743582907273,1.0,False
BT-v3,POOL-s1-b500,POOL-s3-b800,0.915,0.8975,0.01750000000000007,100,0.5227066784794081,1.0,False
BT-v3,POOL-s1-b500,POOL-s3-b900,0.915,0.955,-0.039999999999999925,100,0.09855099467151363,1.0,False
BT-v3,POOL-s1-b500,POOL-s4-b100,0.915,0.97,-0.05499999999999994,100,0.018497253805340497,1.0,False
BT-v3,POOL-s1-b500,POOL-s4-b1000,0.915,0.96,-0.04499999999999993,100,0.06346667284734739,1.0,False
BT-v3,POOL-s1-b500,POOL-s4-b200,0.915,0.9425,-0.02749999999999997,100,0.11701179733520954,1.0,False
BT-v3,POOL-s1-b500,POOL-s4-b300,0.915,0.9725,-0.057499999999999996,100,0.00762115587055456,1.0,False
BT-v3,POOL-s1-b500,POOL-s4-b400,0.915,0.9375,-0.022499999999999964,100,0.40178228281781325,1.0,False
BT-v3,POOL-s1-b500,POOL-s4-b500,0.915,0.9825,-0.0675,100,0.0031710269009886383,1.0,False
BT-v3,POOL-s1-b500,POOL-s4-b600,0.915,0.99,-0.07499999999999996,100,0.0006987495982677297,1.0,False
BT-v3,POOL-s1-b500,POOL-s4-b700,0.915,0.9775,-0.0625,100,0.008177313812028306,1.0,False
BT-v3,POOL-s1-b500,POOL-s4-b800,0.915,0.98,-0.06499999999999995,100,0.0032340259092402137,1.0,False
BT-v3,POOL-s1-b500,POOL-s4-b900,0.915,0.9875,-0.07250000000000001,100,0.0016012200019423564,1.0,False
BT-v3,POOL-s1-b600,POOL-s1-b700,0.94,0.9425,-0.0025000000000000577,100,0.6636734772715946,1.0,False
BT-v3,POOL-s1-b600,POOL-s1-b800,0.94,0.89,0.04999999999999993,100,0.06294847796751304,1.0,False
BT-v3,POOL-s1-b600,POOL-s1-b900,0.94,0.9425,-0.0025000000000000577,100,0.781442162592656,1.0,False
BT-v3,POOL-s1-b600,POOL-s2-b100,0.94,0.9775,-0.03750000000000009,100,0.0707093686504345,1.0,False
BT-v3,POOL-s1-b600,POOL-s2-b1000,0.94,0.98,-0.040000000000000036,100,0.02914153122630249,1.0,False
BT-v3,POOL-s1-b600,POOL-s2-b200,0.94,0.985,-0.04500000000000004,100,0.0290923083766822,1.0,False
BT-v3,POOL-s1-b600,POOL-s2-b300,0.94,0.9775,-0.03750000000000009,100,0.03206147971824484,1.0,False
BT-v3,POOL-s1-b600,POOL-s2-b400,0.94,0.9525,-0.012500000000000067,100,0.47375862192858,1.0,False
BT-v3,POOL-s1-b600,POOL-s2-b500,0.94,0.9875,-0.0475000000000001,100,0.027101300890262664,1.0,False
BT-v3,POOL-s1-b600,POOL-s2-b600,0.94,0.985,-0.04500000000000004,100,0.016805736445381383,1.0,False
BT-v3,POOL-s1-b600,POOL-s2-b700,0.94,1.0,-0.06000000000000005,100,0.003715761402534643,1.0,False
BT-v3,POOL-s1-b600,POOL-s2-b800,0.94,0.985,-0.04500000000000004,100,0.0290923083766822,1.0,False
BT-v3,POOL-s1-b600,POOL-s2-b900,0.94,0.9825,-0.04250000000000009,100,0.018611798440512237,1.0,False
BT-v3,POOL-s1-b600,POOL-s3-b100,0.94,0.9775,-0.03750000000000009,100,0.0707093686504345,1.0,False
BT-v3,POOL-s1-b600,POOL-s3-b1000,0.94,0.945,-0.0050000000000000044,100,0.9281815507606989,1.0,False
BT-v3,POOL-s1-b600,POOL-s3-b200,0.94,0.99,-0.050000000000000044,100,0.007230802646007711,1.0,False
BT-v3,POOL-s1-b600,POOL-s3-b300,0.94,0.9775,-0.03750000000000009,100,0.048586781594000115,1.0,False
BT-v3,POOL-s1-b600,POOL-s3-b400,0.94,0.9875,-0.0475000000000001,100,0.027101300890262664,1.0,False
BT-v3,POOL-s1-b600,POOL-s3-b500,0.94,0.94,0.0,100,0.8925389063879384,1.0,False
BT-v3,POOL-s1-b600,POOL-s3-b600,0.94,0.9775,-0.03750000000000009,100,0.0736453937868739,1.0,False
BT-v3,POOL-s1-b600,POOL-s3-b700,0.94,0.9725,-0.032500000000000084,100,0.10368079110524044,1.0,False
BT-v3,POOL-s1-b600,POOL-s3-b800,0.94,0.8975,0.04249999999999998,100,0.1443993728712523,1.0,False
BT-v3,POOL-s1-b600,POOL-s3-b900,0.94,0.955,-0.015000000000000013,100,0.5178355169752051,1.0,False
BT-v3,POOL-s1-b600,POOL-s4-b100,0.94,0.97,-0.030000000000000027,100,0.19008702447199477,1.0,False
BT-v3,POOL-s1-b600,POOL-s4-b1000,0.94,0.96,-0.020000000000000018,100,0.3503866870945257,1.0,False
BT-v3,POOL-s1-b600,POOL-s4-b200,0.94,0.9425,-0.0025000000000000577,100,0.5568885221667272,1.0,False
BT-v3,POOL-s1-b600,POOL-s4-b300,0.94,0.9725,-0.032500000000000084,100,0.06922067501804989,1.0,False
BT-v3,POOL-s1-b600,POOL-s4-b400,0.94,0.9375,0.0024999999999999467,100,0.6732210790905823,1.0,False
BT-v3,POOL-s1-b600,POOL-s4-b500,0.94,0.9825,-0.04250000000000009,100,0.06220216841661632,1.0,False
BT-v3,POOL-s1-b600,POOL-s4-b600,0.94,0.99,-0.050000000000000044,100,0.01310729962516236,1.0,False
BT-v3,POOL-s1-b600,POOL-s4-b700,0.94,0.9775,-0.03750000000000009,100,0.08124350660739181,1.0,False
BT-v3,POOL-s1-b600,POOL-s4-b800,0.94,0.98,-0.040000000000000036,100,0.06322964965228002,1.0,False
BT-v3,POOL-s1-b600,POOL-s4-b900,0.94,0.9875,-0.0475000000000001,100,0.01425274054064848,1.0,False
BT-v3,POOL-s1-b700,POOL-s1-b800,0.9425,0.89,0.05249999999999999,100,0.02972530993140732,1.0,False
BT-v3,POOL-s1-b700,POOL-s1-b900,0.9425,0.9425,0.0,100,0.8905526428836703,1.0,False
BT-v3,POOL-s1-b700,POOL-s2-b100,0.9425,0.9775,-0.03500000000000003,100,0.16481552462334692,1.0,False
BT-v3,POOL-s1-b700,POOL-s2-b1000,0.9425,0.98,-0.03749999999999998,100,0.10704728081319508,1.0,False
BT-v3,POOL-s1-b700,POOL-s2-b200,0.9425,0.985,-0.04249999999999998,100,0.07561499381284874,1.0,False
BT-v3,POOL-s1-b700,POOL-s2-b300,0.9425,0.9775,-0.03500000000000003,100,0.15955401565174865,1.0,False
BT-v3,POOL-s1-b700,POOL-s2-b400,0.9425,0.9525,-0.010000000000000009,100,0.7372918819801659,1.0,False
BT-v3,POOL-s1-b700,POOL-s2-b500,0.9425,0.9875,-0.04500000000000004,100,0.07745314989419197,1.0,False
BT-v3,POOL-s1-b700,POOL-s2-b600,0.9425,0.985,-0.04249999999999998,100,0.03684289102778435,1.0,False
BT-v3,POOL-s1-b700,POOL-s2-b700,0.9425,1.0,-0.057499999999999996,100,0.014255206838581141,1.0,False
BT-v3,POOL-s1-b700,POOL-s2-b800,0.9425,0.985,-0.04249999999999998,100,0.07839270037256599,1.0,False
BT-v3,POOL-s1-b700,POOL-s2-b900,0.9425,0.9825,-0.040000000000000036,100,0.07623162559999223,1.0,False
BT-v3,POOL-s1-b700,POOL-s3-b100,0.9425,0.9775,-0.03500000000000003,100,0.09560149061588824,1.0,False
BT-v3,POOL-s1-b700,POOL-s3-b1000,0.9425,0.945,-0.0024999999999999467,100,0.5455406251443439,1.0,False
BT-v3,POOL-s1-b700,POOL-s3-b200,0.9425,0.99,-0.04749999999999999,100,0.052493956294321485,1.0,False
BT-v3,POOL-s1-b700,POOL-s3-b300,0.9425,0.9775,-0.03500000000000003,100,0.15955401565174865,1.0,False
BT-v3,POOL-s1-b700,POOL-s3-b400,0.9425,0.9875,-0.04500000000000004,100,0.03890346301692036,1.0,False
BT-v3,POOL-s1-b700,POOL-s3-b500,0.9425,0.94,0.0025000000000000577,100,0.7978005448982775,1.0,False
BT-v3,POOL-s1-b700,POOL-s3-b600,0.9425,0.9775,-0.03500000000000003,100,0.16400500243996585,1.0,False
BT-v3,POOL-s1-b700,POOL-s3-b700,0.9425,0.9725,-0.030000000000000027,100,0.2234397144907374,1.0,False
BT-v3,POOL-s1-b700,POOL-s3-b800,0.9425,0.8975,0.04500000000000004,100,0.08207948695935266,1.0,False
BT-v3,POOL-s1-b700,POOL-s3-b900,0.9425,0.955,-0.012499999999999956,100,0.8128754387491478,1.0,False
BT-v3,POOL-s1-b700,POOL-s4-b100,0.9425,0.97,-0.02749999999999997,100,0.3604672163460978,1.0,False
BT-v3,POOL-s1-b700,POOL-s4-b1000,0.9425,0.96,-0.01749999999999996,100,0.5939679203846907,1.0,False
BT-v3,POOL-s1-b700,POOL-s4-b200,0.9425,0.9425,0.0,100,0.8798413625814853,1.0,False
BT-v3,POOL-s1-b700,POOL-s4-b300,0.9425,0.9725,-0.030000000000000027,100,0.1268527762095304,1.0,False
BT-v3,POOL-s1-b700,POOL-s4-b400,0.9425,0.9375,0.0050000000000000044,100,0.6597115954586545,1.0,False
BT-v3,POOL-s1-b700,POOL-s4-b500,0.9425,0.9825,-0.040000000000000036,100,0.10931830516008384,1.0,False
BT-v3,POOL-s1-b700,POOL-s4-b600,0.9425,0.99,-0.04749999999999999,100,0.05503411796577041,1.0,False
BT-v3,POOL-s1-b700,POOL-s4-b700,0.9425,0.9775,-0.03500000000000003,100,0.2103950950981439,1.0,False
BT-v3,POOL-s1-b700,POOL-s4-b800,0.9425,0.98,-0.03749999999999998,100,0.12183765014299665,1.0,False
BT-v3,POOL-s1-b700,POOL-s4-b900,0.9425,0.9875,-0.04500000000000004,100,0.05295004925912145,1.0,False
BT-v3,POOL-s1-b800,POOL-s1-b900,0.89,0.9425,-0.05249999999999999,100,0.15486577191277356,1.0,False
BT-v3,POOL-s1-b800,POOL-s2-b100,0.89,0.9775,-0.08750000000000002,100,0.0032170309519031705,1.0,False
BT-v3,POOL-s1-b800,POOL-s2-b1000,0.89,0.98,-0.08999999999999997,100,0.0007447846995217785,1.0,False
BT-v3,POOL-s1-b800,POOL-s2-b200,0.89,0.985,-0.09499999999999997,100,0.0004102623665986781,0.6785739543542136,False
BT-v3,POOL-s1-b800,POOL-s2-b300,0.89,0.9775,-0.08750000000000002,100,0.0026517177467786338,1.0,False
BT-v3,POOL-s1-b800,POOL-s2-b400,0.89,0.9525,-0.0625,100,0.04640071263475509,1.0,False
BT-v3,POOL-s1-b800,POOL-s2-b500,0.89,0.9875,-0.09750000000000003,100,0.0008579037152682393,1.0,False
BT-v3,POOL-s1-b800,POOL-s2-b600,0.89,0.985,-0.09499999999999997,100,0.0005782795094709355,0.9472218365133923,False
BT-v3,POOL-s1-b800,POOL-s2-b700,0.89,1.0,-0.10999999999999999,100,6.390715976628691e-05,0.11023985059684492,False
BT-v3,POOL-s1-b800,POOL-s2-b800,0.89,0.985,-0.09499999999999997,100,0.0003936449348084577,0.6522696569776144,False
BT-v3,POOL-s1-b800,POOL-s2-b900,0.89,0.9825,-0.09250000000000003,100,0.0008228013373194103,1.0,False
BT-v3,POOL-s1-b800,POOL-s3-b100,0.89,0.9775,-0.08750000000000002,100,0.0026517177467786338,1.0,False
BT-v3,POOL-s1-b800,POOL-s3-b1000,0.89,0.945,-0.05499999999999994,100,0.06805975597341926,1.0,False
BT-v3,POOL-s1-b800,POOL-s3-b200,0.89,0.99,-0.09999999999999998,100,0.00021148647415214272,0.3557202495239041,False
BT-v3,POOL-s1-b800,POOL-s3-b300,0.89,0.9775,-0.08750000000000002,100,0.000968644682890311,1.0,False
BT-v3,POOL-s1-b800,POOL-s3-b400,0.89,0.9875,-0.09750000000000003,100,0.0002131000166021325,0.35800802789158265,False
BT-v3,POOL-s1-b800,POOL-s3-b500,0.89,0.94,-0.04999999999999993,100,0.05329042196275848,1.0,False
BT-v3,POOL-s1-b800,POOL-s3-b600,0.89,0.9775,-0.08750000000000002,100,0.0012107740536681903,1.0,False
BT-v3,POOL-s1-b800,POOL-s3-b700,0.89,0.9725,-0.08250000000000002,100,0.0038783951497418654,1.0,False
BT-v3,POOL-s1-b800,POOL-s3-b800,0.89,0.8975,-0.007499999999999951,100,0.8860265243794901,1.0,False
BT-v3,POOL-s1-b800,POOL-s3-b900,0.89,0.955,-0.06499999999999995,100,0.03283771614004372,1.0,False
BT-v3,POOL-s1-b800,POOL-s4-b100,0.89,0.97,-0.07999999999999996,100,0.000974547925825058,1.0,False
BT-v3,POOL-s1-b800,POOL-s4-b1000,0.89,0.96,-0.06999999999999995,100,0.02270861027509054,1.0,False
BT-v3,POOL-s1-b800,POOL-s4-b200,0.89,0.9425,-0.05249999999999999,100,0.01367818344731276,1.0,False
BT-v3,POOL-s1-b800,POOL-s4-b300,0.89,0.9725,-0.08250000000000002,100,0.001936162303972749,1.0,False
BT-v3,POOL-s1-b800,POOL-s4-b400,0.89,0.9375,-0.04749999999999999,100,0.09261286515077294,1.0,False
BT-v3,POOL-s1-b800,POOL-s4-b500,0.89,0.9825,-0.09250000000000003,100,0.00018641046325872869,0.31472969614422575,False
BT-v3,POOL-s1-b800,POOL-s4-b600,0.89,0.99,-0.09999999999999998,100,0.0002470037792030769,0.4137313301651538,False
BT-v3,POOL-s1-b800,POOL-s4-b700,0.89,0.9775,-0.08750000000000002,100,0.0013702468472868762,1.0,False
BT-v3,POOL-s1-b800,POOL-s4-b800,0.89,0.98,-0.08999999999999997,100,0.0011369743990212082,1.0,False
BT-v3,POOL-s1-b800,POOL-s4-b900,0.89,0.9875,-0.09750000000000003,100,0.00027835180040450876,0.46540421027633866,False
BT-v3,POOL-s1-b900,POOL-s2-b100,0.9425,0.9775,-0.03500000000000003,100,0.09268269707529295,1.0,False
BT-v3,POOL-s1-b900,POOL-s2-b1000,0.9425,0.98,-0.03749999999999998,100,0.08357309093128996,1.0,False
BT-v3,POOL-s1-b900,POOL-s2-b200,0.9425,0.985,-0.04249999999999998,100,0.03684289102778435,1.0,False
BT-v3,POOL-s1-b900,POOL-s2-b300,0.9425,0.9775,-0.03500000000000003,100,0.09197718797750565,1.0,False
BT-v3,POOL-s1-b900,POOL-s2-b400,0.9425,0.9525,-0.010000000000000009,100,0.5658875935742038,1.0,False
BT-v3,POOL-s1-b900,POOL-s2-b500,0.9425,0.9875,-0.04500000000000004,100,0.04339856067133745,1.0,False
BT-v3,POOL-s1-b900,POOL-s2-b600,0.9425,0.985,-0.04249999999999998,100,0.04655018979534951,1.0,False
BT-v3,POOL-s1-b900,POOL-s2-b700,0.9425,1.0,-0.057499999999999996,100,0.005893875935759347,1.0,False
BT-v3,POOL-s1-b900,POOL-s2-b800,0.9425,0.985,-0.04249999999999998,100,0.053406332474105714,1.0,False
BT-v3,POOL-s1-b900,POOL-s2-b900,0.9425,0.9825,-0.040000000000000036,100,0.05647735820544915,1.0,False
BT-v3,POOL-s1-b900,POOL-s3-b100,0.9425,0.9775,-0.03500000000000003,100,0.07066642337618863,1.0,False
BT-v3,POOL-s1-b900,POOL-s3-b1000,0.9425,0.945,-0.0024999999999999467,100,0.6488695230264522,1.0,False
BT-v3,POOL-s1-b900,POOL-s3-b200,0.9425,0.99,-0.04749999999999999,100,0.02502880109308009,1.0,False
BT-v3,POOL-s1-b900,POOL-s3-b300,0.9425,0.9775,-0.03500000000000003,100,0.11961743229851018,1.0,False
BT-v3,POOL-s1-b900,POOL-s3-b400,0.9425,0.9875,-0.04500000000000004,100,0.04114683409488871,1.0,False
BT-v3,POOL-s1-b900,POOL-s3-b500,0.9425,0.94,0.0025000000000000577,100,0.8043870969281817,1.0,False
BT-v3,POOL-s1-b900,POOL-s3-b600,0.9425,0.9775,-0.03500000000000003,100,0.11961743229851018,1.0,False
BT-v3,POOL-s1-b900,POOL-s3-b700,0.9425,0.9725,-0.030000000000000027,100,0.2152687836239029,1.0,False
BT-v3,POOL-s1-b900,POOL-s3-b800,0.9425,0.8975,0.04500000000000004,100,0.08214058338666588,1.0,False
BT-v3,POOL-s1-b900,POOL-s3-b900,0.9425,0.955,-0.012499999999999956,100,0.7102554562621664,1.0,False
BT-v3,POOL-s1-b900,POOL-s4-b100,0.9425,0.97,-0.02749999999999997,100,0.18657420155252524,1.0,False
BT-v3,POOL-s1-b900,POOL-s4-b1000,0.9425,0.96,-0.01749999999999996,100,0.38626026653706,1.0,False
BT-v3,POOL-s1-b900,POOL-s4-b200,0.9425,0.9425,0.0,100,0.41980491164551126,1.0,False
BT-v3,POOL-s1-b900,POOL-s4-b300,0.9425,0.9725,-0.030000000000000027,100,0.102379545844953,1.0,False
BT-v3,POOL-s1-b900,POOL-s4-b400,0.9425,0.9375,0.0050000000000000044,100,0.7693423962969961,1.0,False
BT-v3,POOL-s1-b900,POOL-s4-b500,0.9425,0.9825,-0.040000000000000036,100,0.07933736037947832,1.0,False
BT-v3,POOL-s1-b900,POOL-s4-b600,0.9425,0.99,-0.04749999999999999,100,0.016725855147153336,1.0,False
BT-v3,POOL-s1-b900,POOL-s4-b700,0.9425,0.9775,-0.03500000000000003,100,0.12318130534336268,1.0,False
BT-v3,POOL-s1-b900,POOL-s4-b800,0.9425,0.98,-0.03749999999999998,100,0.060215294870483924,1.0,False
BT-v3,POOL-s1-b900,POOL-s4-b900,0.9425,0.9875,-0.04500000000000004,100,0.04114683409488871,1.0,False
BT-v3,POOL-s2-b100,POOL-s2-b1000,0.9775,0.98,-0.0024999999999999467,100,0.8608718156723925,1.0,False
BT-v3,POOL-s2-b100,POOL-s2-b200,0.9775,0.985,-0.007499999999999951,100,0.7134950704835119,1.0,False
BT-v3,POOL-s2-b100,POOL-s2-b300,0.9775,0.9775,0.0,100,0.996948419205725,1.0,False
BT-v3,POOL-s2-b100,POOL-s2-b400,0.9775,0.9525,0.025000000000000022,100,0.30030420388480317,1.0,False
BT-v3,POOL-s2-b100,POOL-s2-b500,0.9775,0.9875,-0.010000000000000009,100,0.7092240846348996,1.0,False
BT-v3,POOL-s2-b100,POOL-s2-b600,0.9775,0.985,-0.007499999999999951,100,0.7149271595990387,1.0,False
BT-v3,POOL-s2-b100,POOL-s2-b700,0.9775,1.0,-0.022499999999999964,100,0.25947386656538707,1.0,False
BT-v3,POOL-s2-b100,POOL-s2-b800,0.9775,0.985,-0.007499999999999951,100,0.8489070212737091,1.0,False
BT-v3,POOL-s2-b100,POOL-s2-b900,0.9775,0.9825,-0.0050000000000000044,100,0.852270186616694,1.0,False
BT-v3,POOL-s2-b100,POOL-s3-b100,0.9775,0.9775,0.0,100,0.8638661249078681,1.0,False
BT-v3,POOL-s2-b100,POOL-s3-b1000,0.9775,0.945,0.032500000000000084,100,0.047276174395703384,1.0,False
BT-v3,POOL-s2-b100,POOL-s3-b200,0.9775,0.99,-0.012499999999999956,100,0.5679929113613116,1.0,False
BT-v3,POOL-s2-b100,POOL-s3-b300,0.9775,0.9775,0.0,100,0.8582943528490322,1.0,False
BT-v3,POOL-s2-b100,POOL-s3-b400,0.9775,0.9875,-0.010000000000000009,100,0.5737649999071313,1.0,False
BT-v3,POOL-s2-b100,POOL-s3-b500,0.9775,0.94,0.03750000000000009,100,0.2776136706963812,1.0,False
BT-v3,POOL-s2-b100,POOL-s3-b600,0.9775,0.9775,0.0,100,0.7263720358929193,1.0,False
BT-v3,POOL-s2-b100,POOL-s3-b700,0.9775,0.9725,0.0050000000000000044,100,0.5950949759467772,1.0,False
BT-v3,POOL-s2-b100,POOL-s3-b800,0.9775,0.8975,0.08000000000000007,100,0.0010415702799390233,1.0,False
BT-v3,POOL-s2-b100,POOL-s3-b900,0.9775,0.955,0.022500000000000075,100,0.17626036028581893,1.0,False
BT-v3,POOL-s2-b100,POOL-s4-b100,0.9775,0.97,0.007500000000000062,100,0.9772866851202963,1.0,False
BT-v3,POOL-s2-b100,POOL-s4-b1000,0.9775,0.96,0.01750000000000007,100,0.39041248794461125,1.0,False
BT-v3,POOL-s2-b100,POOL-s4-b200,0.9775,0.9425,0.03500000000000003,100,0.273416693807255,1.0,False
BT-v3,POOL-s2-b100,POOL-s4-b300,0.9775,0.9725,0.0050000000000000044,100,0.7197898185224116,1.0,False
BT-v3,POOL-s2-b100,POOL-s4-b400,0.9775,0.9375,0.040000000000000036,100,0.06377837557875721,1.0,False
BT-v3,POOL-s2-b100,POOL-s4-b500,0.9775,0.9825,-0.0050000000000000044,100,0.8489070212737091,1.0,False
BT-v3,POOL-s2-b100,POOL-s4-b600,0.9775,0.99,-0.012499999999999956,100,0.4556829478723936,1.0,False
BT-v3,POOL-s2-b100,POOL-s4-b700,0.9775,0.9775,0.0,100,0.8701697232991202,1.0,False
BT-v3,POOL-s2-b100,POOL-s4-b800,0.9775,0.98,-0.0024999999999999467,100,0.7254695130061334,1.0,False
BT-v3,POOL-s2-b100,POOL-s4-b900,0.9775,0.9875,-0.010000000000000009,100,0.5832418647568249,1.0,False
BT-v3,POOL-s2-b1000,POOL-s2-b200,0.98,0.985,-0.0050000000000000044,100,0.7017511381745211,1.0,False
BT-v3,POOL-s2-b1000,POOL-s2-b300,0.98,0.9775,0.0024999999999999467,100,0.8510687692888438,1.0,False
BT-v3,POOL-s2-b1000,POOL-s2-b400,0.98,0.9525,0.02749999999999997,100,0.23295050143135265,1.0,False
BT-v3,POOL-s2-b1000,POOL-s2-b500,0.98,0.9875,-0.007500000000000062,100,0.8432471413556543,1.0,False
BT-v3,POOL-s2-b1000,POOL-s2-b600,0.98,0.985,-0.0050000000000000044,100,0.8480350464179841,1.0,False
BT-v3,POOL-s2-b1000,POOL-s2-b700,0.98,1.0,-0.020000000000000018,100,0.3428990259140786,1.0,False
BT-v3,POOL-s2-b1000,POOL-s2-b800,0.98,0.985,-0.0050000000000000044,100,0.845194221589267,1.0,False
BT-v3,POOL-s2-b1000,POOL-s2-b900,0.98,0.9825,-0.0025000000000000577,100,0.8467225640289304,1.0,False
BT-v3,POOL-s2-b1000,POOL-s3-b100,0.98,0.9775,0.0024999999999999467,100,0.8618706300676168,1.0,False
BT-v3,POOL-s2-b1000,POOL-s3-b1000,0.98,0.945,0.03500000000000003,100,0.017127733278607882,1.0,False
BT-v3,POOL-s2-b1000,POOL-s3-b200,0.98,0.99,-0.010000000000000009,100,0.7012829447715466,1.0,False
BT-v3,POOL-s2-b1000,POOL-s3-b300,0.98,0.9775,0.0024999999999999467,100,0.8537757854933484,1.0,False
BT-v3,POOL-s2-b1000,POOL-s3-b400,0.98,0.9875,-0.007500000000000062,100,0.7106471481567678,1.0,False
BT-v3,POOL-s2-b1000,POOL-s3-b500,0.98,0.94,0.040000000000000036,100,0.11739416920859715,1.0,False
BT-v3,POOL-s2-b1000,POOL-s3-b600,0.98,0.9775,0.0024999999999999467,100,0.9953860702063596,1.0,False
BT-v3,POOL-s2-b1000,POOL-s3-b700,0.98,0.9725,0.007499999999999951,100,0.5803257895746691,1.0,False
BT-v3,POOL-s2-b1000,POOL-s3-b800,0.98,0.8975,0.08250000000000002,100,0.0005598961787265348,0.9176698369327906,False
BT-v3,POOL-s2-b1000,POOL-s3-b900,0.98,0.955,0.025000000000000022,100,0.14596300318220862,1.0,False
BT-v3,POOL-s2-b1000,POOL-s4-b100,0.98,0.97,0.010000000000000009,100,0.5777016946650129,1.0,False
BT-v3,POOL-s2-b1000,POOL-s4-b1000,0.98,0.96,0.020000000000000018,100,0.3022654321513927,1.0,False
BT-v3,POOL-s2-b1000,POOL-s4-b200,0.98,0.9425,0.03749999999999998,100,0.20822360905303527,1.0,False
BT-v3,POOL-s2-b1000,POOL-s4-b300,0.98,0.9725,0.007499999999999951,100,0.9923711456567977,1.0,False
BT-v3,POOL-s2-b1000,POOL-s4-b400,0.98,0.9375,0.04249999999999998,100,0.02949180109124642,1.0,False
BT-v3,POOL-s2-b1000,POOL-s4-b500,0.98,0.9825,-0.0025000000000000577,100,0.9953860187760867,1.0,False
BT-v3,POOL-s2-b1000,POOL-s4-b600,0.98,0.99,-0.010000000000000009,100,0.5719374627188797,1.0,False
BT-v3,POOL-s2-b1000,POOL-s4-b700,0.98,0.9775,0.0024999999999999467,100,0.5990247583446885,1.0,False
BT-v3,POOL-s2-b1000,POOL-s4-b800,0.98,0.98,0.0,100,1.0,1.0,False
BT-v3,POOL-s2-b1000,POOL-s4-b900,0.98,0.9875,-0.007500000000000062,100,0.8436660290336164,1.0,False
BT-v3,POOL-s2-b200,POOL-s2-b300,0.985,0.9775,0.007499999999999951,100,0.7041404971636049,1.0,False
BT-v3,POOL-s2-b200,POOL-s2-b400,0.985,0.9525,0.03249999999999997,100,0.16628004426952203,1.0,False
BT-v3,POOL-s2-b200,POOL-s2-b500,0.985,0.9875,-0.0025000000000000577,100,0.9953860187760867,1.0,False
BT-v3,POOL-s2-b200,POOL-s2-b600,0.985,0.985,0.0,100,1.0,1.0,False
BT-v3,POOL-s2-b200,POOL-s2-b700,0.985,1.0,-0.015000000000000013,100,0.4437301028719295,1.0,False
BT-v3,POOL-s2-b200,POOL-s2-b800,0.985,0.985,0.0,100,0.8541040223951054,1.0,False
BT-v3,POOL-s2-b200,POOL-s2-b900,0.985,0.9825,0.0024999999999999467,100,0.8467225640289304,1.0,False
BT-v3,POOL-s2-b200,POOL-s3-b100,0.985,0.9775,0.007499999999999951,100,0.7169625806271553,1.0,False
BT-v3,POOL-s2-b200,POOL-s3-b1000,0.985,0.945,0.040000000000000036,100,0.008398617385385533,1.0,False
BT-v3,POOL-s2-b200,POOL-s3-b200,0.985,0.99,-0.0050000000000000044,100,0.8465183160073777,1.0,False
BT-v3,POOL-s2-b200,POOL-s3-b300,0.985,0.9775,0.007499999999999951,100,0.5732545937266411,1.0,False
BT-v3,POOL-s2-b200,POOL-s3-b400,0.985,0.9875,-0.0025000000000000577,100,0.9953860702063596,1.0,False
BT-v3,POOL-s2-b200,POOL-s3-b500,0.985,0.94,0.04500000000000004,100,0.05818918010394141,1.0,False
BT-v3,POOL-s2-b200,POOL-s3-b600,0.985,0.9775,0.007499999999999951,100,0.7070077316798482,1.0,False
BT-v3,POOL-s2-b200,POOL-s3-b700,0.985,0.9725,0.012499999999999956,100,0.36551020541030643,1.0,False
BT-v3,POOL-s2-b200,POOL-s3-b800,0.985,0.8975,0.08750000000000002,100,0.00029243063766334123,0.48777430362245316,False
BT-v3,POOL-s2-b200,POOL-s3-b900,0.985,0.955,0.030000000000000027,100,0.06988126987241249,1.0,False
BT-v3,POOL-s2-b200,POOL-s4-b100,0.985,0.97,0.015000000000000013,100,0.4604252049590032,1.0,False
BT-v3,POOL-s2-b200,POOL-s4-b1000,0.985,0.96,0.025000000000000022,100,0.225813767005844,1.0,False
BT-v3,POOL-s2-b200,POOL-s4-b200,0.985,0.9425,0.04249999999999998,100,0.1536938171197116,1.0,False
BT-v3,POOL-s2-b200,POOL-s4-b300,0.985,0.9725,0.012499999999999956,100,0.7055759463309567,1.0,False
BT-v3,POOL-s2-b200,POOL-s4-b400,0.985,0.9375,0.04749999999999999,100,0.016725005692503677,1.0,False
BT-v3,POOL-s2-b200,POOL-s4-b500,0.985,0.9825,0.0024999999999999467,100,0.7060816750252279,1.0,False
BT-v3,POOL-s2-b200,POOL-s4-b600,0.985,0.99,-0.0050000000000000044,100,0.7046381658499543,1.0,False
BT-v3,POOL-s2-b200,POOL-s4-b700,0.985,0.9775,0.007499999999999951,100,0.48553945841740376,1.0,False
BT-v3,POOL-s2-b200,POOL-s4-b800,0.985,0.98,0.0050000000000000044,100,0.8504060655669495,1.0,False
BT-v3,POOL-s2-b200,POOL-s4-b900,0.985,0.9875,-0.0025000000000000577,100,0.9953860187760867,1.0,False
BT-v3,POOL-s2-b300,POOL-s2-b400,0.9775,0.9525,0.025000000000000022,100,0.2948747316924799,1.0,False
BT-v3,POOL-s2-b300,POOL-s2-b500,0.9775,0.9875,-0.010000000000000009,100,0.7012829447715466,1.0,False
BT-v3,POOL-s2-b300,POOL-s2-b600,0.9775,0.985,-0.007499999999999951,100,0.7003119117682883,1.0,False
BT-v3,POOL-s2-b300,POOL-s2-b700,0.9775,1.0,-0.022499999999999964,100,0.2594747516560273,1.0,False
BT-v3,POOL-s2-b300,POOL-s2-b800,0.9775,0.985,-0.007499999999999951,100,0.8432471413556543,1.0,False
BT-v3,POOL-s2-b300,POOL-s2-b900,0.9775,0.9825,-0.0050000000000000044,100,0.845194221589267,1.0,False
BT-v3,POOL-s2-b300,POOL-s3-b100,0.9775,0.9775,0.0,100,0.8598048891012037,1.0,False
BT-v3,POOL-s2-b300,POOL-s3-b1000,0.9775,0.945,0.032500000000000084,100,0.03575731252013747,1.0,False
BT-v3,POOL-s2-b300,POOL-s3-b200,0.9775,0.99,-0.012499999999999956,100,0.566683373795419,1.0,False
BT-v3,POOL-s2-b300,POOL-s3-b300,0.9775,0.9775,0.0,100,1.0,1.0,False
BT-v3,POOL-s2-b300,POOL-s3-b400,0.9775,0.9875,-0.010000000000000009,100,0.7063797471962299,1.0,False
BT-v3,POOL-s2-b300,POOL-s3-b500,0.9775,0.94,0.03750000000000009,100,0.2248930923639606,1.0,False
BT-v3,POOL-s2-b300,POOL-s3-b600,0.9775,0.9775,0.0,100,0.8653652923340311,1.0,False
BT-v3,POOL-s2-b300,POOL-s3-b700,0.9775,0.9725,0.0050000000000000044,100,0.5829530596239729,1.0,False
BT-v3,POOL-s2-b300,POOL-s3-b800,0.9775,0.8975,0.08000000000000007,100,0.0011233060513814819,1.0,False
BT-v3,POOL-s2-b300,POOL-s3-b900,0.9775,0.955,0.022500000000000075,100,0.15307027113034985,1.0,False
BT-v3,POOL-s2-b300,POOL-s4-b100,0.9775,0.97,0.007500000000000062,100,0.8455518820049458,1.0,False
BT-v3,POOL-s2-b300,POOL-s4-b1000,0.9775,0.96,0.01750000000000007,100,0.3906236614490469,1.0,False
BT-v3,POOL-s2-b300,POOL-s4-b200,0.9775,0.9425,0.03500000000000003,100,0.28470837098965796,1.0,False
BT-v3,POOL-s2-b300,POOL-s4-b300,0.9775,0.9725,0.0050000000000000044,100,0.9969712134348833,1.0,False
BT-v3,POOL-s2-b300,POOL-s4-b400,0.9775,0.9375,0.040000000000000036,100,0.05082995911090106,1.0,False
BT-v3,POOL-s2-b300,POOL-s4-b500,0.9775,0.9825,-0.0050000000000000044,100,0.9848563126994087,1.0,False
BT-v3,POOL-s2-b300,POOL-s4-b600,0.9775,0.99,-0.012499999999999956,100,0.44372924174185957,1.0,False
BT-v3,POOL-s2-b300,POOL-s4-b700,0.9775,0.9775,0.0,100,0.7415167876773125,1.0,False
BT-v3,POOL-s2-b300,POOL-s4-b800,0.9775,0.98,-0.0024999999999999467,100,0.8578799040474143,1.0,False
BT-v3,POOL-s2-b300,POOL-s4-b900,0.9775,0.9875,-0.010000000000000009,100,0.7012829447715466,1.0,False
BT-v3,POOL-s2-b400,POOL-s2-b500,0.9525,0.9875,-0.03500000000000003,100,0.15955401565174865,1.0,False
BT-v3,POOL-s2-b400,POOL-s2-b600,0.9525,0.985,-0.03249999999999997,100,0.15750597194037996,1.0,False
BT-v3,POOL-s2-b400,POOL-s2-b700,0.9525,1.0,-0.04749999999999999,100,0.032579508063862735,1.0,False
BT-v3,POOL-s2-b400,POOL-s2-b800,0.9525,0.985,-0.03249999999999997,100,0.2159772793252902,1.0,False
BT-v3,POOL-s2-b400,POOL-s2-b900,0.9525,0.9825,-0.030000000000000027,100,0.22435250432696896,1.0,False
BT-v3,POOL-s2-b400,POOL-s3-b100,0.9525,0.9775,-0.025000000000000022,100,0.2948747316924799,1.0,False
BT-v3,POOL-s2-b400,POOL-s3-b1000,0.9525,0.945,0.007500000000000062,100,0.4164109025354752,1.0,False
BT-v3,POOL-s2-b400,POOL-s3-b200,0.9525,0.99,-0.03749999999999998,100,0.11436601967779733,1.0,False
BT-v3,POOL-s2-b400,POOL-s3-b300,0.9525,0.9775,-0.025000000000000022,100,0.30462170515929377,1.0,False
BT-v3,POOL-s2-b400,POOL-s3-b400,0.9525,0.9875,-0.03500000000000003,100,0.15955401565174865,1.0,False
BT-v3,POOL-s2-b400,POOL-s3-b500,0.9525,0.94,0.012500000000000067,100,0.8308799162571839,1.0,False
BT-v3,POOL-s2-b400,POOL-s3-b600,0.9525,0.9775,-0.025000000000000022,100,0.24177303168184694,1.0,False
BT-v3,POOL-s2-b400,POOL-s3-b700,0.9525,0.9725,-0.020000000000000018,100,0.5674409837864749,1.0,False
BT-v3,POOL-s2-b400,POOL-s3-b800,0.9525,0.8975,0.05500000000000005,100,0.03428331989913621,1.0,False
BT-v3,POOL-s2-b400,POOL-s3-b900,0.9525,0.955,-0.0024999999999999467,100,0.8100018859232379,1.0,False
BT-v3,POOL-s2-b400,POOL-s4-b100,0.9525,0.97,-0.01749999999999996,100,0.3314961289679452,1.0,False
BT-v3,POOL-s2-b400,POOL-s4-b1000,0.9525,0.96,-0.007499999999999951,100,0.8472354880124617,1.0,False
BT-v3,POOL-s2-b400,POOL-s4-b200,0.9525,0.9425,0.010000000000000009,100,0.9549742192942465,1.0,False
BT-v3,POOL-s2-b400,POOL-s4-b300,0.9525,0.9725,-0.020000000000000018,100,0.3107803676284925,1.0,False
BT-v3,POOL-s2-b400,POOL-s4-b400,0.9525,0.9375,0.015000000000000013,100,0.45410960361982244,1.0,False
BT-v3,POOL-s2-b400,POOL-s4-b500,0.9525,0.9825,-0.030000000000000027,100,0.2841851431726423,1.0,False
BT-v3,POOL-s2-b400,POOL-s4-b600,0.9525,0.99,-0.03749999999999998,100,0.07646108688986941,1.0,False
BT-v3,POOL-s2-b400,POOL-s4-b700,0.9525,0.9775,-0.025000000000000022,100,0.4506676147132659,1.0,False
BT-v3,POOL-s2-b400,POOL-s4-b800,0.9525,0.98,-0.02749999999999997,100,0.22790983305575263,1.0,False
BT-v3,POOL-s2-b400,POOL-s4-b900,0.9525,0.9875,-0.03500000000000003,100,0.15955401565174865,1.0,False
BT-v3,POOL-s2-b500,POOL-s2-b600,0.9875,0.985,0.0025000000000000577,100,0.9953860187760867,1.0,False
BT-v3,POOL-s2-b500,POOL-s2-b700,0.9875,1.0,-0.012499999999999956,100,0.44372924174185957,1.0,False
BT-v3,POOL-s2-b500,POOL-s2-b800,0.9875,0.985,0.0025000000000000577,100,0.8563808561857185,1.0,False
BT-v3,POOL-s2-b500,POOL-s2-b900,0.9875,0.9825,0.0050000000000000044,100,0.8477541625462588,1.0,False
BT-v3,POOL-s2-b500,POOL-s3-b100,0.9875,0.9775,0.010000000000000009,100,0.5832418647568249,1.0,False
BT-v3,POOL-s2-b500,POOL-s3-b1000,0.9875,0.945,0.04250000000000009,100,0.01384551610462289,1.0,False
BT-v3,POOL-s2-b500,POOL-s3-b200,0.9875,0.99,-0.0024999999999999467,100,0.8537757854933484,1.0,False
BT-v3,POOL-s2-b500,POOL-s3-b300,0.9875,0.9775,0.010000000000000009,100,0.7084705404194196,1.0,False
BT-v3,POOL-s2-b500,POOL-s3-b400,0.9875,0.9875,0.0,100,1.0,1.0,False
BT-v3,POOL-s2-b500,POOL-s3-b500,0.9875,0.94,0.0475000000000001,100,0.11359408788459932,1.0,False
BT-v3,POOL-s2-b500,POOL-s3-b600,0.9875,0.9775,0.010000000000000009,100,0.8384792305862447,1.0,False
BT-v3,POOL-s2-b500,POOL-s3-b700,0.9875,0.9725,0.015000000000000013,100,0.3783189982105307,1.0,False
BT-v3,POOL-s2-b500,POOL-s3-b800,0.9875,0.8975,0.09000000000000008,100,0.0003690204219588382,0.6129429208736303,False
BT-v3,POOL-s2-b500,POOL-s3-b900,0.9875,0.955,0.032500000000000084,100,0.07808429334011208,1.0,False
BT-v3,POOL-s2-b500,POOL-s4-b100,0.9875,0.97,0.01750000000000007,100,0.5730349665292374,1.0,False
BT-v3,POOL-s2-b500,POOL-s4-b1000,0.9875,0.96,0.02750000000000008,100,0.21803943647465196,1.0,False
BT-v3,POOL-s2-b500,POOL-s4-b200,0.9875,0.9425,0.04500000000000004,100,0.15464862722869663,1.0,False
BT-v3,POOL-s2-b500,POOL-s4-b300,0.9875,0.9725,0.015000000000000013,100,0.7035353785342393,1.0,False
BT-v3,POOL-s2-b500,POOL-s4-b400,0.9875,0.9375,0.050000000000000044,100,0.03051986090565573,1.0,False
BT-v3,POOL-s2-b500,POOL-s4-b500,0.9875,0.9825,0.0050000000000000044,100,0.7197898185224116,1.0,False
BT-v3,POOL-s2-b500,POOL-s4-b600,0.9875,0.99,-0.0024999999999999467,100,0.7156247808506339,1.0,False
BT-v3,POOL-s2-b500,POOL-s4-b700,0.9875,0.9775,0.010000000000000009,100,0.38645751479513735,1.0,False
BT-v3,POOL-s2-b500,POOL-s4-b800,0.9875,0.98,0.007500000000000062,100,0.7141234448916037,1.0,False
BT-v3,POOL-s2-b500,POOL-s4-b900,0.9875,0.9875,0.0,100,1.0,1.0,False
BT-v3,POOL-s2-b600,POOL-s2-b700,0.985,1.0,-0.015000000000000013,100,0.4437301028719295,1.0,False
BT-v3,POOL-s2-b600,POOL-s2-b800,0.985,0.985,0.0,100,0.8598048891012037,1.0,False
BT-v3,POOL-s2-b600,POOL-s2-b900,0.985,0.9825,0.0024999999999999467,100,0.8510687692888438,1.0,False
BT-v3,POOL-s2-b600,POOL-s3-b100,0.985,0.9775,0.007499999999999951,100,0.7070077316798482,1.0,False
BT-v3,POOL-s2-b600,POOL-s3-b1000,0.985,0.945,0.040000000000000036,100,0.015184347687372016,1.0,False
BT-v3,POOL-s2-b600,POOL-s3-b200,0.985,0.99,-0.0050000000000000044,100,0.8480350464179841,1.0,False
BT-v3,POOL-s2-b600,POOL-s3-b300,0.985,0.9775,0.007499999999999951,100,0.7134978245739059,1.0,False
BT-v3,POOL-s2-b600,POOL-s3-b400,0.985,0.9875,-0.0025000000000000577,100,0.9953860702063596,1.0,False
BT-v3,POOL-s2-b600,POOL-s3-b500,0.985,0.94,0.04500000000000004,100,0.11522771248692669,1.0,False
BT-v3,POOL-s2-b600,POOL-s3-b600,0.985,0.9775,0.007499999999999951,100,0.8459288475064841,1.0,False
BT-v3,POOL-s2-b600,POOL-s3-b700,0.985,0.9725,0.012499999999999956,100,0.35678169637503276,1.0,False
BT-v3,POOL-s2-b600,POOL-s3-b800,0.985,0.8975,0.08750000000000002,100,0.00039106120087427875,0.6483794710495542,False
BT-v3,POOL-s2-b600,POOL-s3-b900,0.985,0.955,0.030000000000000027,100,0.07427189731835751,1.0,False
BT-v3,POOL-s2-b600,POOL-s4-b100,0.985,0.97,0.015000000000000013,100,0.4707559453933887,1.0,False
BT-v3,POOL-s2-b600,POOL-s4-b1000,0.985,0.96,0.025000000000000022,100,0.225813767005844,1.0,False
BT-v3,POOL-s2-b600,POOL-s4-b200,0.985,0.9425,0.04249999999999998,100,0.08264955898117252,1.0,False
BT-v3,POOL-s2-b600,POOL-s4-b300,0.985,0.9725,0.012499999999999956,100,0.7092240846348996,1.0,False
BT-v3,POOL-s2-b600,POOL-s4-b400,0.985,0.9375,0.04749999999999999,100,0.02126885400285058,1.0,False
BT-v3,POOL-s2-b600,POOL-s4-b500,0.985,0.9825,0.0024999999999999467,100,0.7220737441810922,1.0,False
BT-v3,POOL-s2-b600,POOL-s4-b600,0.985,0.99,-0.0050000000000000044,100,0.7046381658499543,1.0,False
BT-v3,POOL-s2-b600,POOL-s4-b700,0.985,0.9775,0.007499999999999951,100,0.38532474380865633,1.0,False
BT-v3,POOL-s2-b600,POOL-s4-b800,0.985,0.98,0.0050000000000000044,100,0.7177823268013124,1.0,False
BT-v3,POOL-s2-b600,POOL-s4-b900,0.985,0.9875,-0.0025000000000000577,100,0.9968979337706603,1.0,False
BT-v3,POOL-s2-b700,POOL-s2-b800,1.0,0.985,0.015000000000000013,100,0.34289676559582893,1.0,False
BT-v3,POOL-s2-b700,POOL-s2-b900,1.0,0.9825,0.01749999999999996,100,0.3428990259140786,1.0,False
BT-v3,POOL-s2-b700,POOL-s3-b100,1.0,0.9775,0.022499999999999964,100,0.2594747516560273,1.0,False
BT-v3,POOL-s2-b700,POOL-s3-b1000,1.0,0.945,0.05500000000000005,100,0.0014215843414343004,1.0,False
BT-v3,POOL-s2-b700,POOL-s3-b200,1.0,0.99,0.010000000000000009,100,0.5619793961056032,1.0,False
BT-v3,POOL-s2-b700,POOL-s3-b300,1.0,0.9775,0.022499999999999964,100,0.2594747516560273,1.0,False
BT-v3,POOL-s2-b700,POOL-s3-b400,1.0,0.9875,0.012499999999999956,100,0.44372924174185957,1.0,False
BT-v3,POOL-s2-b700,POOL-s3-b500,1.0,0.94,0.06000000000000005,100,0.021717551618941528,1.0,False
BT-v3,POOL-s2-b700,POOL-s3-b600,1.0,0.9775,0.022499999999999964,100,0.34289676559582893,1.0,False
BT-v3,POOL-s2-b700,POOL-s3-b700,1.0,0.9725,0.02749999999999997,100,0.09976509853930395,1.0,False
BT-v3,POOL-s2-b700,POOL-s3-b800,1.0,0.8975,0.10250000000000004,100,2.140674834591728e-05,0.03761165684377666,True
BT-v3,POOL-s2-b700,POOL-s3-b900,1.0,0.955,0.04500000000000004,100,0.014252230295637833,1.0,False
BT-v3,POOL-s2-b700,POOL-s4-b100,1.0,0.97,0.030000000000000027,100,0.1923838047879869,1.0,False
BT-v3,POOL-s2-b700,POOL-s4-b1000,1.0,0.96,0.040000000000000036,100,0.048116468656935446,1.0,False
BT-v3,POOL-s2-b700,POOL-s4-b200,1.0,0.9425,0.057499999999999996,100,0.032577656616103505,1.0,False
BT-v3,POOL-s2-b700,POOL-s4-b300,1.0,0.9725,0.02749999999999997,100,0.2594760792866584,1.0,False
BT-v3,POOL-s2-b700,POOL-s4-b400,1.0,0.9375,0.0625,100,0.0037160278193212066,1.0,False
BT-v3,POOL-s2-b700,POOL-s4-b500,1.0,0.9825,0.01749999999999996,100,0.2594694410695555,1.0,False
BT-v3,POOL-s2-b700,POOL-s4-b600,1.0,0.99,0.010000000000000009,100,0.6962944571529229,1.0,False
BT-v3,POOL-s2-b700,POOL-s4-b700,1.0,0.9775,0.022499999999999964,100,0.09974572695052403,1.0,False
BT-v3,POOL-s2-b700,POOL-s4-b800,1.0,0.98,0.020000000000000018,100,0.2594734240190013,1.0,False
BT-v3,POOL-s2-b700,POOL-s4-b900,1.0,0.9875,0.012499999999999956,100,0.44372924174185957,1.0,False
BT-v3,POOL-s2-b800,POOL-s2-b900,0.985,0.9825,0.0024999999999999467,100,0.9968979337706603,1.0,False
BT-v3,POOL-s2-b800,POOL-s3-b100,0.985,0.9775,0.007499999999999951,100,0.8440700160007083,1.0,False
BT-v3,POOL-s2-b800,POOL-s3-b1000,0.985,0.945,0.040000000000000036,100,0.010382374758504656,1.0,False
BT-v3,POOL-s2-b800,POOL-s3-b200,0.985,0.99,-0.0050000000000000044,100,0.707000722764522,1.0,False
BT-v3,POOL-s2-b800,POOL-s3-b300,0.985,0.9775,0.007499999999999951,100,0.7077923577751397,1.0,False
BT-v3,POOL-s2-b800,POOL-s3-b400,0.985,0.9875,-0.0025000000000000577,100,0.8537757854933484,1.0,False
BT-v3,POOL-s2-b800,POOL-s3-b500,0.985,0.94,0.04500000000000004,100,0.11139968887362674,1.0,False
BT-v3,POOL-s2-b800,POOL-s3-b600,0.985,0.9775,0.007499999999999951,100,0.8432471413556543,1.0,False
BT-v3,POOL-s2-b800,POOL-s3-b700,0.985,0.9725,0.012499999999999956,100,0.45103441700614355,1.0,False
BT-v3,POOL-s2-b800,POOL-s3-b800,0.985,0.8975,0.08750000000000002,100,0.00040437742534874313,0.6696490163775186,False
BT-v3,POOL-s2-b800,POOL-s3-b900,0.985,0.955,0.030000000000000027,100,0.10464805724296355,1.0,False
BT-v3,POOL-s2-b800,POOL-s4-b100,0.985,0.97,0.015000000000000013,100,0.4557840294352833,1.0,False
BT-v3,POOL-s2-b800,POOL-s4-b1000,0.985,0.96,0.025000000000000022,100,0.2850554224260968,1.0,False
BT-v3,POOL-s2-b800,POOL-s4-b200,0.985,0.9425,0.04249999999999998,100,0.1499540559211865,1.0,False
BT-v3,POOL-s2-b800,POOL-s4-b300,0.985,0.9725,0.012499999999999956,100,0.8429488971243564,1.0,False
BT-v3,POOL-s2-b800,POOL-s4-b400,0.985,0.9375,0.04749999999999999,100,0.017094604271447957,1.0,False
BT-v3,POOL-s2-b800,POOL-s4-b500,0.985,0.9825,0.0024999999999999467,100,0.84954954079851,1.0,False
BT-v3,POOL-s2-b800,POOL-s4-b600,0.985,0.99,-0.0050000000000000044,100,0.5745713697431363,1.0,False
BT-v3,POOL-s2-b800,POOL-s4-b700,0.985,0.9775,0.007499999999999951,100,0.5832141853871445,1.0,False
BT-v3,POOL-s2-b800,POOL-s4-b800,0.985,0.98,0.0050000000000000044,100,0.9907722689861445,1.0,False
BT-v3,POOL-s2-b800,POOL-s4-b900,0.985,0.9875,-0.0025000000000000577,100,0.8510687692888438,1.0,False
BT-v3,POOL-s2-b900,POOL-s3-b100,0.9825,0.9775,0.0050000000000000044,100,0.8519007469114127,1.0,False
BT-v3,POOL-s2-b900,POOL-s3-b1000,0.9825,0.945,0.03750000000000009,100,0.012730900561417957,1.0,False
BT-v3,POOL-s2-b900,POOL-s3-b200,0.9825,0.99,-0.007499999999999951,100,0.7003119117682883,1.0,False
BT-v3,POOL-s2-b900,POOL-s3-b300,0.9825,0.9775,0.0050000000000000044,100,0.7098752052153874,1.0,False
BT-v3,POOL-s2-b900,POOL-s3-b400,0.9825,0.9875,-0.0050000000000000044,100,0.8480350464179841,1.0,False
BT-v3,POOL-s2-b900,POOL-s3-b500,0.9825,0.94,0.04250000000000009,100,0.11918388665758244,1.0,False
BT-v3,POOL-s2-b900,POOL-s3-b600,0.9825,0.9775,0.0050000000000000044,100,0.8492611658368416,1.0,False
BT-v3,POOL-s2-b900,POOL-s3-b700,0.9825,0.9725,0.010000000000000009,100,0.45684780194863195,1.0,False
BT-v3,POOL-s2-b900,POOL-s3-b800,0.9825,0.8975,0.08500000000000008,100,0.0005382531227667758,0.8832733744602792,False
BT-v3,POOL-s2-b900,POOL-s3-b900,0.9825,0.955,0.02750000000000008,100,0.10504289779592177,1.0,False
BT-v3,POOL-s2-b900,POOL-s4-b100,0.9825,0.97,0.012500000000000067,100,0.5793282719709116,1.0,False
BT-v3,POOL-s2-b900,POOL-s4-b1000,0.9825,0.96,0.022500000000000075,100,0.2935787892197981,1.0,False
BT-v3,POOL-s2-b900,POOL-s4-b200,0.9825,0.9425,0.040000000000000036,100,0.15532485969121634,1.0,False
BT-v3,POOL-s2-b900,POOL-s4-b300,0.9825,0.9725,0.010000000000000009,100,0.8477574881732546,1.0,False
BT-v3,POOL-s2-b900,POOL-s4-b400,0.9825,0.9375,0.04500000000000004,100,0.0290923083766822,1.0,False
BT-v3,POOL-s2-b900,POOL-s4-b500,0.9825,0.9825,0.0,100,0.8582943528490322,1.0,False
BT-v3,POOL-s2-b900,POOL-s4-b600,0.9825,0.99,-0.007499999999999951,100,0.5732545937266411,1.0,False
BT-v3,POOL-s2-b900,POOL-s4-b700,0.9825,0.9775,0.0050000000000000044,100,0.5990171261720852,1.0,False
BT-v3,POOL-s2-b900,POOL-s4-b800,0.9825,0.98,0.0025000000000000577,100,0.9938968663096778,1.0,False
BT-v3,POOL-s2-b900,POOL-s4-b900,0.9825,0.9875,-0.0050000000000000044,100,0.8465183160073777,1.0,False
BT-v3,POOL-s3-b100,POOL-s3-b1000,0.9775,0.945,0.032500000000000084,100,0.057133312545551984,1.0,False
BT-v3,POOL-s3-b100,POOL-s3-b200,0.9775,0.99,-0.012499999999999956,100,0.575080766354916,1.0,False
BT-v3,POOL-s3-b100,POOL-s3-b300,0.9775,0.9775,0.0,100,1.0,1.0,False
BT-v3,POOL-s3-b100,POOL-s3-b400,0.9775,0.9875,-0.010000000000000009,100,0.7012829447715466,1.0,False
BT-v3,POOL-s3-b100,POOL-s3-b500,0.9775,0.94,0.03750000000000009,100,0.21807461542391215,1.0,False
BT-v3,POOL-s3-b100,POOL-s3-b600,0.9775,0.9775,0.0,100,1.0,1.0,False
BT-v3,POOL-s3-b100,POOL-s3-b700,0.9775,0.9725,0.0050000000000000044,100,0.5950653776186354,1.0,False
BT-v3,POOL-s3-b100,POOL-s3-b800,0.9775,0.8975,0.08000000000000007,100,0.0012816364928637037,1.0,False
BT-v3,POOL-s3-b100,POOL-s3-b900,0.9775,0.955,0.022500000000000075,100,0.18227802796413495,1.0,False
BT-v3,POOL-s3-b100,POOL-s4-b100,0.9775,0.97,0.007500000000000062,100,0.8455518820049458,1.0,False
BT-v3,POOL-s3-b100,POOL-s4-b1000,0.9775,0.96,0.01750000000000007,100,0.39658144033394915,1.0,False
BT-v3,POOL-s3-b100,POOL-s4-b200,0.9775,0.9425,0.03500000000000003,100,0.21875204150209948,1.0,False
BT-v3,POOL-s3-b100,POOL-s4-b300,0.9775,0.9725,0.0050000000000000044,100,0.8529617216928957,1.0,False
BT-v3,POOL-s3-b100,POOL-s4-b400,0.9775,0.9375,0.040000000000000036,100,0.07014273483192374,1.0,False
BT-v3,POOL-s3-b100,POOL-s4-b500,0.9775,0.9825,-0.0050000000000000044,100,0.8514743616132829,1.0,False
BT-v3,POOL-s3-b100,POOL-s4-b600,0.9775,0.99,-0.012499999999999956,100,0.4556837850568197,1.0,False
BT-v3,POOL-s3-b100,POOL-s4-b700,0.9775,0.9775,0.0,100,0.7488205403546994,1.0,False
BT-v3,POOL-s3-b100,POOL-s4-b800,0.9775,0.98,-0.0024999999999999467,100,0.9924279858519819,1.0,False
BT-v3,POOL-s3-b100,POOL-s4-b900,0.9775,0.9875,-0.010000000000000009,100,0.5832418647568249,1.0,False
BT-v3,POOL-s3-b1000,POOL-s3-b200,0.945,0.99,-0.04500000000000004,100,0.0075306261176132944,1.0,False
BT-v3,POOL-s3-b1000,POOL-s3-b300,0.945,0.9775,-0.032500000000000084,100,0.04480883196722213,1.0,False
BT-v3,POOL-s3-b1000,POOL-s3-b400,0.945,0.9875,-0.04250000000000009,100,0.011528050755673517,1.0,False
BT-v3,POOL-s3-b1000,POOL-s3-b500,0.945,0.94,0.0050000000000000044,100,0.6308581418232586,1.0,False
BT-v3,POOL-s3-b1000,POOL-s3-b600,0.945,0.9775,-0.032500000000000084,100,0.030846420999914387,1.0,False
BT-v3,POOL-s3-b1000,POOL-s3-b700,0.945,0.9725,-0.02750000000000008,100,0.0677167594969817,1.0,False
BT-v3,POOL-s3-b1000,POOL-s3-b800,0.945,0.8975,0.04749999999999999,100,0.12621545816449606,1.0,False
BT-v3,POOL-s3-b1000,POOL-s3-b900,0.945,0.955,-0.010000000000000009,100,0.3670130912049009,1.0,False
BT-v3,POOL-s3-b1000,POOL-s4-b100,0.945,0.97,-0.025000000000000022,100,0.09950537325327684,1.0,False
BT-v3,POOL-s3-b1000,POOL-s4-b1000,0.945,0.96,-0.015000000000000013,100,0.2536684228236118,1.0,False
BT-v3,POOL-s3-b1000,POOL-s4-b200,0.945,0.9425,0.0024999999999999467,100,0.4965898410116376,1.0,False
BT-v3,POOL-s3-b1000,POOL-s4-b300,0.945,0.9725,-0.02750000000000008,100,0.04245833725462903,1.0,False
BT-v3,POOL-s3-b1000,POOL-s4-b400,0.945,0.9375,0.007499999999999951,100,0.8562619243478208,1.0,False
BT-v3,POOL-s3-b1000,POOL-s4-b500,0.945,0.9825,-0.03750000000000009,100,0.017582643166293606,1.0,False
BT-v3,POOL-s3-b1000,POOL-s4-b600,0.945,0.99,-0.04500000000000004,100,0.004729591373139365,1.0,False
BT-v3,POOL-s3-b1000,POOL-s4-b700,0.945,0.9775,-0.032500000000000084,100,0.06637709335599139,1.0,False
BT-v3,POOL-s3-b1000,POOL-s4-b800,0.945,0.98,-0.03500000000000003,100,0.030438321488330894,1.0,False
BT-v3,POOL-s3-b1000,POOL-s4-b900,0.945,0.9875,-0.04250000000000009,100,0.011206971947595299,1.0,False
BT-v3,POOL-s3-b200,POOL-s3-b300,0.99,0.9775,0.012499999999999956,100,0.5619793961056032,1.0,False
BT-v3,POOL-s3-b200,POOL-s3-b400,0.99,0.9875,0.0024999999999999467,100,0.8510687692888438,1.0,False
BT-v3,POOL-s3-b200,POOL-s3-b500,0.99,0.94,0.050000000000000044,100,0.05480766263555541,1.0,False
BT-v3,POOL-s3-b200,POOL-s3-b600,0.99,0.9775,0.012499999999999956,100,0.6984280608596748,1.0,False
BT-v3,POOL-s3-b200,POOL-s3-b700,0.99,0.9725,0.01749999999999996,100,0.26735723688781776,1.0,False
BT-v3,POOL-s3-b200,POOL-s3-b800,0.99,0.8975,0.09250000000000003,100,0.0001476417311188225,0.25113858463311706,False
BT-v3,POOL-s3-b200,POOL-s3-b900,0.99,0.955,0.03500000000000003,100,0.054776005521596026,1.0,False
BT-v3,POOL-s3-b200,POOL-s4-b100,0.99,0.97,0.020000000000000018,100,0.4511823998267559,1.0,False
BT-v3,POOL-s3-b200,POOL-s4-b1000,0.99,0.96,0.030000000000000027,100,0.15916022829281773,1.0,False
BT-v3,POOL-s3-b200,POOL-s4-b200,0.99,0.9425,0.04749999999999999,100,0.07278411478127755,1.0,False
BT-v3,POOL-s3-b200,POOL-s4-b300,0.99,0.9725,0.01749999999999996,100,0.5737745319629937,1.0,False
BT-v3,POOL-s3-b200,POOL-s4-b400,0.99,0.9375,0.05249999999999999,100,0.006577823427675914,1.0,False
BT-v3,POOL-s3-b200,POOL-s4-b500,0.99,0.9825,0.007499999999999951,100,0.576375769098417,1.0,False
BT-v3,POOL-s3-b200,POOL-s4-b600,0.99,0.99,0.0,100,0.8497822731366593,1.0,False
BT-v3,POOL-s3-b200,POOL-s4-b700,0.99,0.9775,0.012499999999999956,100,0.36893599899921514,1.0,False
BT-v3,POOL-s3-b200,POOL-s4-b800,0.99,0.98,0.010000000000000009,100,0.7035351203256321,1.0,False
BT-v3,POOL-s3-b200,POOL-s4-b900,0.99,0.9875,0.0024999999999999467,100,0.8537757854933484,1.0,False
BT-v3,POOL-s3-b300,POOL-s3-b400,0.9775,0.9875,-0.010000000000000009,100,0.5679929113613116,1.0,False
BT-v3,POOL-s3-b300,POOL-s3-b500,0.9775,0.94,0.03750000000000009,100,0.08003118893000018,1.0,False
BT-v3,POOL-s3-b300,POOL-s3-b600,0.9775,0.9775,0.0,100,0.8541040223951054,1.0,False
BT-v3,POOL-s3-b300,POOL-s3-b700,0.9775,0.9725,0.0050000000000000044,100,0.7197898185224116,1.0,False
BT-v3,POOL-s3-b300,POOL-s3-b800,0.9775,0.8975,0.08000000000000007,100,0.0011233060513814819,1.0,False
BT-v3,POOL-s3-b300,POOL-s3-b900,0.9775,0.955,0.022500000000000075,100,0.22363951249384184,1.0,False
BT-v3,POOL-s3-b300,POOL-s4-b100,0.9775,0.97,0.007500000000000062,100,0.8432471413556543,1.0,False
BT-v3,POOL-s3-b300,POOL-s4-b1000,0.9775,0.96,0.01750000000000007,100,0.39658144033394915,1.0,False
BT-v3,POOL-s3-b300,POOL-s4-b200,0.9775,0.9425,0.03500000000000003,100,0.20175382542927844,1.0,False
BT-v3,POOL-s3-b300,POOL-s4-b300,0.9775,0.9725,0.0050000000000000044,100,0.9877941343369959,1.0,False
BT-v3,POOL-s3-b300,POOL-s4-b400,0.9775,0.9375,0.040000000000000036,100,0.03749606733306222,1.0,False
BT-v3,POOL-s3-b300,POOL-s4-b500,0.9775,0.9825,-0.0050000000000000044,100,0.707000722764522,1.0,False
BT-v3,POOL-s3-b300,POOL-s4-b600,0.9775,0.99,-0.012499999999999956,100,0.4556837850568197,1.0,False
BT-v3,POOL-s3-b300,POOL-s4-b700,0.9775,0.9775,0.0,100,0.8701697232991202,1.0,False
BT-v3,POOL-s3-b300,POOL-s4-b800,0.9775,0.98,-0.0024999999999999467,100,0.8563808561857185,1.0,False
BT-v3,POOL-s3-b300,POOL-s4-b900,0.9775,0.9875,-0.010000000000000009,100,0.5832418647568249,1.0,False
BT-v3,POOL-s3-b400,POOL-s3-b500,0.9875,0.94,0.0475000000000001,100,0.0750060180704524,1.0,False
BT-v3,POOL-s3-b400,POOL-s3-b600,0.9875,0.9775,0.010000000000000009,100,0.7012829447715466,1.0,False
BT-v3,POOL-s3-b400,POOL-s3-b700,0.9875,0.9725,0.015000000000000013,100,0.3635028368294525,1.0,False
BT-v3,POOL-s3-b400,POOL-s3-b800,0.9875,0.8975,0.09000000000000008,100,0.0003690204219588382,0.6129429208736303,False
BT-v3,POOL-s3-b400,POOL-s3-b900,0.9875,0.955,0.032500000000000084,100,0.08556849173469795,1.0,False
BT-v3,POOL-s3-b400,POOL-s4-b100,0.9875,0.97,0.01750000000000007,100,0.45348155578095783,1.0,False
BT-v3,POOL-s3-b400,POOL-s4-b1000,0.9875,0.96,0.02750000000000008,100,0.21803943647465196,1.0,False
BT-v3,POOL-s3-b400,POOL-s4-b200,0.9875,0.9425,0.04500000000000004,100,0.07308533733204814,1.0,False
BT-v3,POOL-s3-b400,POOL-s4-b300,0.9875,0.9725,0.015000000000000013,100,0.5685531575939173,1.0,False
BT-v3,POOL-s3-b400,POOL-s4-b400,0.9875,0.9375,0.050000000000000044,100,0.02526562774398616,1.0,False
BT-v3,POOL-s3-b400,POOL-s4-b500,0.9875,0.9825,0.0050000000000000044,100,0.8477541625462588,1.0,False
BT-v3,POOL-s3-b400,POOL-s4-b600,0.9875,0.99,-0.0024999999999999467,100,0.7156247808506339,1.0,False
BT-v3,POOL-s3-b400,POOL-s4-b700,0.9875,0.9775,0.010000000000000009,100,0.476129219122154,1.0,False
BT-v3,POOL-s3-b400,POOL-s4-b800,0.9875,0.98,0.007500000000000062,100,0.7077923577751397,1.0,False
BT-v3,POOL-s3-b400,POOL-s4-b900,0.9875,0.9875,0.0,100,0.8582943528490322,1.0,False
BT-v3,POOL-s3-b500,POOL-s3-b600,0.94,0.9775,-0.03750000000000009,100,0.11871780012733689,1.0,False
BT-v3,POOL-s3-b500,POOL-s3-b700,0.94,0.9725,-0.032500000000000084,100,0.3602721779267799,1.0,False
BT-v3,POOL-s3-b500,POOL-s3-b800,0.94,0.8975,0.04249999999999998,100,0.039595465319764774,1.0,False
BT-v3,POOL-s3-b500,POOL-s3-b900,0.94,0.955,-0.015000000000000013,100,0.8147961805452482,1.0,False
BT-v3,POOL-s3-b500,POOL-s4-b100,0.94,0.97,-0.030000000000000027,100,0.2808703615514817,1.0,False
BT-v3,POOL-s3-b500,POOL-s4-b1000,0.94,0.96,-0.020000000000000018,100,0.5876425203147413,1.0,False
BT-v3,POOL-s3-b500,POOL-s4-b200,0.94,0.9425,-0.0025000000000000577,100,0.8534197879795412,1.0,False
BT-v3,POOL-s3-b500,POOL-s4-b300,0.94,0.9725,-0.032500000000000084,100,0.17085943525188896,1.0,False
BT-v3,POOL-s3-b500,POOL-s4-b400,0.94,0.9375,0.0024999999999999467,100,0.7630236173393852,1.0,False
BT-v3,POOL-s3-b500,POOL-s4-b500,0.94,0.9825,-0.04250000000000009,100,0.05326493992988031,1.0,False
BT-v3,POOL-s3-b500,POOL-s4-b600,0.94,0.99,-0.050000000000000044,100,0.05720774278460642,1.0,False
BT-v3,POOL-s3-b500,POOL-s4-b700,0.94,0.9775,-0.03750000000000009,100,0.27233693339874854,1.0,False
BT-v3,POOL-s3-b500,POOL-s4-b800,0.94,0.98,-0.040000000000000036,100,0.2084578142700967,1.0,False
BT-v3,POOL-s3-b500,POOL-s4-b900,0.94,0.9875,-0.0475000000000001,100,0.07812265312723488,1.0,False
BT-v3,POOL-s3-b600,POOL-s3-b700,0.9775,0.9725,0.0050000000000000044,100,0.7197898185224116,1.0,False
BT-v3,POOL-s3-b600,POOL-s3-b800,0.9775,0.8975,0.08000000000000007,100,0.0011233060513814819,1.0,False
BT-v3,POOL-s3-b600,POOL-s3-b900,0.9775,0.955,0.022500000000000075,100,0.17555708350154986,1.0,False
BT-v3,POOL-s3-b600,POOL-s4-b100,0.9775,0.97,0.007500000000000062,100,0.7070077316798482,1.0,False
BT-v3,POOL-s3-b600,POOL-s4-b1000,0.9775,0.96,0.01750000000000007,100,0.318638427486985,1.0,False
BT-v3,POOL-s3-b600,POOL-s4-b200,0.9775,0.9425,0.03500000000000003,100,0.2743477936976294,1.0,False
BT-v3,POOL-s3-b600,POOL-s4-b300,0.9775,0.9725,0.0050000000000000044,100,0.8519007469114127,1.0,False
BT-v3,POOL-s3-b600,POOL-s4-b400,0.9775,0.9375,0.040000000000000036,100,0.04261470745146875,1.0,False
BT-v3,POOL-s3-b600,POOL-s4-b500,0.9775,0.9825,-0.0050000000000000044,100,0.8477541625462588,1.0,False
BT-v3,POOL-s3-b600,POOL-s4-b600,0.9775,0.99,-0.012499999999999956,100,0.5706199674695034,1.0,False
BT-v3,POOL-s3-b600,POOL-s4-b700,0.9775,0.9775,0.0,100,0.7415167876773125,1.0,False
BT-v3,POOL-s3-b600,POOL-s4-b800,0.9775,0.98,-0.0024999999999999467,100,0.9938968663096778,1.0,False
BT-v3,POOL-s3-b600,POOL-s4-b900,0.9775,0.9875,-0.010000000000000009,100,0.7063797471962299,1.0,False
BT-v3,POOL-s3-b700,POOL-s3-b800,0.9725,0.8975,0.07500000000000007,100,0.00389130453898634,1.0,False
BT-v3,POOL-s3-b700,POOL-s3-b900,0.9725,0.955,0.01750000000000007,100,0.3692147889581556,1.0,False
BT-v3,POOL-s3-b700,POOL-s4-b100,0.9725,0.97,0.0025000000000000577,100,0.9909772644743214,1.0,False
BT-v3,POOL-s3-b700,POOL-s4-b1000,0.9725,0.96,0.012500000000000067,100,0.7072932352518385,1.0,False
BT-v3,POOL-s3-b700,POOL-s4-b200,0.9725,0.9425,0.030000000000000027,100,0.3673040495696115,1.0,False
BT-v3,POOL-s3-b700,POOL-s4-b300,0.9725,0.9725,0.0,100,0.6173304525189922,1.0,False
BT-v3,POOL-s3-b700,POOL-s4-b400,0.9725,0.9375,0.03500000000000003,100,0.09371140392571893,1.0,False
BT-v3,POOL-s3-b700,POOL-s4-b500,0.9725,0.9825,-0.010000000000000009,100,0.5793096865426685,1.0,False
BT-v3,POOL-s3-b700,POOL-s4-b600,0.9725,0.99,-0.01749999999999996,100,0.1923694624799297,1.0,False
BT-v3,POOL-s3-b700,POOL-s4-b700,0.9725,0.9775,-0.0050000000000000044,100,0.8509821597540337,1.0,False
BT-v3,POOL-s3-b700,POOL-s4-b800,0.9725,0.98,-0.007499999999999951,100,0.481322609388113,1.0,False
BT-v3,POOL-s3-b700,POOL-s4-b900,0.9725,0.9875,-0.015000000000000013,100,0.3635028368294525,1.0,False
BT-v3,POOL-s3-b800,POOL-s3-b900,0.8975,0.955,-0.057499999999999996,100,0.024476935617348244,1.0,False
BT-v3,POOL-s3-b800,POOL-s4-b100,0.8975,0.97,-0.07250000000000001,100,0.0030191853477440716,1.0,False
BT-v3,POOL-s3-b800,POOL-s4-b1000,0.8975,0.96,-0.0625,100,0.0065737249644564014,1.0,False
BT-v3,POOL-s3-b800,POOL-s4-b200,0.8975,0.9425,-0.04500000000000004,100,0.02726680521493318,1.0,False
BT-v3,POOL-s3-b800,POOL-s4-b300,0.8975,0.9725,-0.07500000000000007,100,0.0022126196094648695,1.0,False
BT-v3,POOL-s3-b800,POOL-s4-b400,0.8975,0.9375,-0.040000000000000036,100,0.14350478457605495,1.0,False
BT-v3,POOL-s3-b800,POOL-s4-b500,0.8975,0.9825,-0.08500000000000008,100,0.00040990674290266763,0.6783956595039149,False
BT-v3,POOL-s3-b800,POOL-s4-b600,0.8975,0.99,-0.09250000000000003,100,9.177088373078931e-05,0.15757060736576525,False
BT-v3,POOL-s3-b800,POOL-s4-b700,0.8975,0.9775,-0.08000000000000007,100,0.0014555291355259458,1.0,False
BT-v3,POOL-s3-b800,POOL-s4-b800,0.8975,0.98,-0.08250000000000002,100,0.0004828908908139138,0.795321297170516,False
BT-v3,POOL-s3-b800,POOL-s4-b900,0.8975,0.9875,-0.09000000000000008,100,0.0002882767765149326,0.4811339400034225,False
BT-v3,POOL-s3-b900,POOL-s4-b100,0.955,0.97,-0.015000000000000013,100,0.3854317521992332,1.0,False
BT-v3,POOL-s3-b900,POOL-s4-b1000,0.955,0.96,-0.0050000000000000044,100,0.5581018226132339,1.0,False
BT-v3,POOL-s3-b900,POOL-s4-b200,0.955,0.9425,0.012499999999999956,100,0.8276953710952717,1.0,False
BT-v3,POOL-s3-b900,POOL-s4-b300,0.955,0.9725,-0.01750000000000007,100,0.17734707199928557,1.0,False
BT-v3,POOL-s3-b900,POOL-s4-b400,0.955,0.9375,0.01749999999999996,100,0.49823816923099395,1.0,False
BT-v3,POOL-s3-b900,POOL-s4-b500,0.955,0.9825,-0.02750000000000008,100,0.10504289779592177,1.0,False
BT-v3,POOL-s3-b900,POOL-s4-b600,0.955,0.99,-0.03500000000000003,100,0.032565622959740005,1.0,False
BT-v3,POOL-s3-b900,POOL-s4-b700,0.955,0.9775,-0.022500000000000075,100,0.2888285040710653,1.0,False
BT-v3,POOL-s3-b900,POOL-s4-b800,0.955,0.98,-0.025000000000000022,100,0.12499549065018586,1.0,False
BT-v3,POOL-s3-b900,POOL-s4-b900,0.955,0.9875,-0.032500000000000084,100,0.07397742578560063,1.0,False
BT-v3,POOL-s4-b100,POOL-s4-b1000,0.97,0.96,0.010000000000000009,100,0.6104018216806972,1.0,False
BT-v3,POOL-s4-b100,POOL-s4-b200,0.97,0.9425,0.02749999999999997,100,0.4511459823784171,1.0,False
BT-v3,POOL-s4-b100,POOL-s4-b300,0.97,0.9725,-0.0025000000000000577,100,0.8618706300676168,1.0,False
BT-v3,POOL-s4-b100,POOL-s4-b400,0.97,0.9375,0.03249999999999997,100,0.11910256073638067,1.0,False
BT-v3,POOL-s4-b100,POOL-s4-b500,0.97,0.9825,-0.012500000000000067,100,0.35177908914969513,1.0,False
BT-v3,POOL-s4-b100,POOL-s4-b600,0.97,0.99,-0.020000000000000018,100,0.3537841297088352,1.0,False
BT-v3,POOL-s4-b100,POOL-s4-b700,0.97,0.9775,-0.007500000000000062,100,0.8421642512269554,1.0,False
BT-v3,POOL-s4-b100,POOL-s4-b800,0.97,0.98,-0.010000000000000009,100,0.5832418647568249,1.0,False
BT-v3,POOL-s4-b100,POOL-s4-b900,0.97,0.9875,-0.01750000000000007,100,0.36149852395361615,1.0,False
BT-v3,POOL-s4-b1000,POOL-s4-b200,0.96,0.9425,0.01749999999999996,100,0.811491763834323,1.0,False
BT-v3,POOL-s4-b1000,POOL-s4-b300,0.96,0.9725,-0.012500000000000067,100,0.4017796258873153,1.0,False
BT-v3,POOL-s4-b1000,POOL-s4-b400,0.96,0.9375,0.022499999999999964,100,0.4156233652225537,1.0,False
BT-v3,POOL-s4-b1000,POOL-s4-b500,0.96,0.9825,-0.022500000000000075,100,0.3703467070715424,1.0,False
BT-v3,POOL-s4-b1000,POOL-s4-b600,0.96,0.99,-0.030000000000000027,100,0.11722505833892978,1.0,False
BT-v3,POOL-s4-b1000,POOL-s4-b700,0.96,0.9775,-0.01750000000000007,100,0.6799536306360192,1.0,False
BT-v3,POOL-s4-b1000,POOL-s4-b800,0.96,0.98,-0.020000000000000018,100,0.3702665796850051,1.0,False
BT-v3,POOL-s4-b1000,POOL-s4-b900,0.96,0.9875,-0.02750000000000008,100,0.21300921892978963,1.0,False
BT-v3,POOL-s4-b200,POOL-s4-b300,0.9425,0.9725,-0.030000000000000027,100,0.21859078260388187,1.0,False
BT-v3,POOL-s4-b200,POOL-s4-b400,0.9425,0.9375,0.0050000000000000044,100,0.42655330442830175,1.0,False
BT-v3,POOL-s4-b200,POOL-s4-b500,0.9425,0.9825,-0.040000000000000036,100,0.10786682171696121,1.0,False
BT-v3,POOL-s4-b200,POOL-s4-b600,0.9425,0.99,-0.04749999999999999,100,0.10868290720596027,1.0,False
BT-v3,POOL-s4-b200,POOL-s4-b700,0.9425,0.9775,-0.03500000000000003,100,0.3507575640136158,1.0,False
BT-v3,POOL-s4-b200,POOL-s4-b800,0.9425,0.98,-0.03749999999999998,100,0.20822360905303527,1.0,False
BT-v3,POOL-s4-b200,POOL-s4-b900,0.9425,0.9875,-0.04500000000000004,100,0.07907314247449132,1.0,False
BT-v3,POOL-s4-b300,POOL-s4-b400,0.9725,0.9375,0.03500000000000003,100,0.07095633740277686,1.0,False
BT-v3,POOL-s4-b300,POOL-s4-b500,0.9725,0.9825,-0.010000000000000009,100,0.8429488971243564,1.0,False
BT-v3,POOL-s4-b300,POOL-s4-b600,0.9725,0.99,-0.01749999999999996,100,0.46508847956360544,1.0,False
BT-v3,POOL-s4-b300,POOL-s4-b700,0.9725,0.9775,-0.0050000000000000044,100,0.7602157919252301,1.0,False
BT-v3,POOL-s4-b300,POOL-s4-b800,0.9725,0.98,-0.007499999999999951,100,0.8440700160007083,1.0,False
BT-v3,POOL-s4-b300,POOL-s4-b900,0.9725,0.9875,-0.015000000000000013,100,0.5711578202620945,1.0,False
BT-v3,POOL-s4-b400,POOL-s4-b500,0.9375,0.9825,-0.04500000000000004,100,0.01424831868522716,1.0,False
BT-v3,POOL-s4-b400,POOL-s4-b600,0.9375,0.99,-0.05249999999999999,100,0.007194235819774875,1.0,False
BT-v3,POOL-s4-b400,POOL-s4-b700,0.9375,0.9775,-0.040000000000000036,100,0.04614213016393514,1.0,False
BT-v3,POOL-s4-b400,POOL-s4-b800,0.9375,0.98,-0.04249999999999998,100,0.02949180109124642,1.0,False
BT-v3,POOL-s4-b400,POOL-s4-b900,0.9375,0.9875,-0.050000000000000044,100,0.012237835840178759,1.0,False
BT-v3,POOL-s4-b500,POOL-s4-b600,0.9825,0.99,-0.007499999999999951,100,0.45801098838521903,1.0,False
BT-v3,POOL-s4-b500,POOL-s4-b700,0.9825,0.9775,0.0050000000000000044,100,0.7169320837141662,1.0,False
BT-v3,POOL-s4-b500,POOL-s4-b800,0.9825,0.98,0.0025000000000000577,100,0.9938966877564976,1.0,False
BT-v3,POOL-s4-b500,POOL-s4-b900,0.9825,0.9875,-0.0050000000000000044,100,0.7098752052153874,1.0,False
BT-v3,POOL-s4-b600,POOL-s4-b700,0.99,0.9775,0.012499999999999956,100,0.2835149289925759,1.0,False
BT-v3,POOL-s4-b600,POOL-s4-b800,0.99,0.98,0.010000000000000009,100,0.5777016946650129,1.0,False
BT-v3,POOL-s4-b600,POOL-s4-b900,0.99,0.9875,0.0024999999999999467,100,0.7156247808506339,1.0,False
BT-v3,POOL-s4-b700,POOL-s4-b800,0.9775,0.98,-0.0024999999999999467,100,0.7127452792098794,1.0,False
BT-v3,POOL-s4-b700,POOL-s4-b900,0.9775,0.9875,-0.010000000000000009,100,0.3577782292549032,1.0,False
BT-v3,POOL-s4-b800,POOL-s4-b900,0.98,0.9875,-0.007500000000000062,100,0.5732545937266411,1.0,False
